{
  "type": "FeatureCollection",
  "features": [
    {
      "type": "Feature",
      "properties": {
        "id": "mount-5000-0001",
        "type": "five_thousander",
        "longitude": 43.213466,
        "latitude": 43.050027,
        "elevation_m": 5105,
        "name": "Коштантау",
        "point_id": "mount-5000-0001",
        "icon_id": "mount-11",
        "icon_scale": 0.6429,
        "base_shift": -0.071,
        "priority": 8105
      },
      "geometry": {
        "type": "Point",
        "coordinates": [
          43.213466,
          43.050027
        ]
      }
    },
    {
      "type": "Feature",
      "properties": {
        "id": "mount-5000-0002",
        "type": "five_thousander",
        "longitude": 43.05748,
        "latitude": 43.018313,
        "elevation_m": 5034,
        "name": "Джанги-Тау Восточная",
        "point_id": "mount-5000-0002",
        "icon_id": "mount-15",
        "icon_scale": 0.5943,
        "base_shift": -0.0586,
        "priority": 8034
      },
      "geometry": {
        "type": "Point",
        "coordinates": [
          43.05748,
          43.018313
        ]
      }
    },
    {
      "type": "Feature",
      "properties": {
        "id": "mount-5000-0003",
        "type": "five_thousander",
        "longitude": 43.133183,
        "latitude": 43.052215,
        "elevation_m": 5001,
        "name": "Дыхтау",
        "point_id": "mount-5000-0003",
        "icon_id": "mount-25",
        "icon_scale": 0.576,
        "base_shift": 0.0705,
        "priority": 8001
      },
      "geometry": {
        "type": "Point",
        "coordinates": [
          43.133183,
          43.052215
        ]
      }
    },
    {
      "type": "Feature",
      "properties": {
        "id": "mount-5000-0004",
        "type": "five_thousander",
        "longitude": 43.11313,
        "latitude": 42.999312,
        "elevation_m": 5022,
        "name": "Шхара",
        "point_id": "mount-5000-0004",
        "icon_id": "mount-21",
        "icon_scale": 0.5876,
        "base_shift": -0.0594,
        "priority": 8022
      },
      "geometry": {
        "type": "Point",
        "coordinates": [
          43.11313,
          42.999312
        ]
      }
    },
    {
      "type": "Feature",
      "properties": {
        "id": "mount-main-0001",
        "type": "main_mountain",
        "longitude": 43.15419,
        "latitude": 43.0445,
        "elevation_m": 4757,
        "name": "Восточный Мижирги",
        "point_id": "mount-main-0001",
        "icon_id": "mount-5",
        "icon_scale": 0.475,
        "base_shift": 0.0594,
        "priority": 6957
      },
      "geometry": {
        "type": "Point",
        "coordinates": [
          43.15419,
          43.0445
        ]
      }
    },
    {
      "type": "Feature",
      "properties": {
        "id": "mount-main-0002",
        "type": "main_mountain",
        "longitude": 43.145092,
        "latitude": 43.033216,
        "elevation_m": 4409,
        "name": "Башхаузбаши",
        "point_id": "mount-main-0002",
        "icon_id": "mount-19",
        "icon_scale": 0.4615,
        "base_shift": 0.0587,
        "priority": 6609
      },
      "geometry": {
        "type": "Point",
        "coordinates": [
          43.145092,
          43.033216
        ]
      }
    },
    {
      "type": "Feature",
      "properties": {
        "id": "mount-main-0003",
        "type": "main_mountain",
        "longitude": 43.135478,
        "latitude": 43.049384,
        "elevation_m": 4963,
        "name": "Восточная Дыхтау",
        "point_id": "mount-main-0003",
        "icon_id": "mount-16",
        "icon_scale": 0.483,
        "base_shift": 0.07,
        "priority": 7163
      },
      "geometry": {
        "type": "Point",
        "coordinates": [
          43.135478,
          43.049384
        ]
      }
    },
    {
      "type": "Feature",
      "properties": {
        "id": "mount-main-0004",
        "type": "main_mountain",
        "longitude": 43.150295,
        "latitude": 43.044923,
        "elevation_m": 4853,
        "name": "Мижирги",
        "point_id": "mount-main-0004",
        "icon_id": "mount-12",
        "icon_scale": 0.4787,
        "base_shift": 0.0582,
        "priority": 7053
      },
      "geometry": {
        "type": "Point",
        "coordinates": [
          43.150295,
          43.044923
        ]
      }
    },
    {
      "type": "Feature",
      "properties": {
        "id": "mount-main-0005",
        "type": "main_mountain",
        "longitude": 43.201042,
        "latitude": 43.048875,
        "elevation_m": 4663,
        "name": "Тихонова",
        "point_id": "mount-main-0005",
        "icon_id": "mount-5",
        "icon_scale": 0.4713,
        "base_shift": 0.0694,
        "priority": 6863
      },
      "geometry": {
        "type": "Point",
        "coordinates": [
          43.201042,
          43.048875
        ]
      }
    },
    {
      "type": "Feature",
      "properties": {
        "id": "mount-main-0006",
        "type": "main_mountain",
        "longitude": 43.217597,
        "latitude": 43.061528,
        "elevation_m": 4371,
        "name": "Птица",
        "point_id": "mount-main-0006",
        "icon_id": "mount-25",
        "icon_scale": 0.4722,
        "base_shift": -0.0668,
        "priority": 6571
      },
      "geometry": {
        "type": "Point",
        "coordinates": [
          43.217597,
          43.061528
        ]
      }
    },
    {
      "type": "Feature",
      "properties": {
        "id": "mount-main-0007",
        "type": "main_mountain",
        "longitude": 43.139695,
        "latitude": 43.048679,
        "elevation_m": 4864,
        "name": "Пушкина",
        "point_id": "mount-main-0007",
        "icon_id": "mount-15",
        "icon_scale": 0.4792,
        "base_shift": 0.07,
        "priority": 7064
      },
      "geometry": {
        "type": "Point",
        "coordinates": [
          43.139695,
          43.048679
        ]
      }
    },
    {
      "type": "Feature",
      "properties": {
        "id": "mount-main-0008",
        "type": "main_mountain",
        "longitude": 43.148031,
        "latitude": 43.045448,
        "elevation_m": 4894,
        "name": "Боровикова",
        "point_id": "mount-main-0008",
        "icon_id": "mount-21",
        "icon_scale": 0.4803,
        "base_shift": 0.0575,
        "priority": 7094
      },
      "geometry": {
        "type": "Point",
        "coordinates": [
          43.148031,
          43.045448
        ]
      }
    },
    {
      "type": "Feature",
      "properties": {
        "id": "mount-main-0009",
        "type": "main_mountain",
        "longitude": 43.051482,
        "latitude": 43.019035,
        "elevation_m": 4970,
        "name": "Западная Джанги",
        "point_id": "mount-main-0009",
        "icon_id": "mount-19",
        "icon_scale": 0.4919,
        "base_shift": -0.0582,
        "priority": 7170
      },
      "geometry": {
        "type": "Point",
        "coordinates": [
          43.051482,
          43.019035
        ]
      }
    },
    {
      "type": "Feature",
      "properties": {
        "id": "mount-main-0010",
        "type": "main_mountain",
        "longitude": 43.217887,
        "latitude": 43.055891,
        "elevation_m": 4641,
        "name": "Ледовый Купол",
        "point_id": "mount-main-0010",
        "icon_id": "mount-16",
        "icon_scale": 0.483,
        "base_shift": -0.0692,
        "priority": 6841
      },
      "geometry": {
        "type": "Point",
        "coordinates": [
          43.217887,
          43.055891
        ]
      }
    },
    {
      "type": "Feature",
      "properties": {
        "id": "mount-main-0011",
        "type": "main_mountain",
        "longitude": 43.120458,
        "latitude": 42.989126,
        "elevation_m": 4523,
        "name": "Ушгули",
        "point_id": "mount-main-0011",
        "icon_id": "mount-12",
        "icon_scale": 0.491,
        "base_shift": -0.0606,
        "priority": 6723
      },
      "geometry": {
        "type": "Point",
        "coordinates": [
          43.120458,
          42.989126
        ]
      }
    },
    {
      "type": "Feature",
      "properties": {
        "id": "mount-main-0012",
        "type": "main_mountain",
        "longitude": 43.025765,
        "latitude": 43.048012,
        "elevation_m": 4799,
        "name": "Гестола",
        "point_id": "mount-main-0012",
        "icon_id": "mount-5",
        "icon_scale": 0.5444,
        "base_shift": -0.0601,
        "priority": 6999
      },
      "geometry": {
        "type": "Point",
        "coordinates": [
          43.025765,
          43.048012
        ]
      }
    },
    {
      "type": "Feature",
      "properties": {
        "id": "mount-main-0013",
        "type": "main_mountain",
        "longitude": 43.044444,
        "latitude": 43.024808,
        "elevation_m": 4766,
        "name": "Пик 4859",
        "point_id": "mount-main-0013",
        "icon_id": "mount-25",
        "icon_scale": 0.5135,
        "base_shift": -0.0585,
        "priority": 6966
      },
      "geometry": {
        "type": "Point",
        "coordinates": [
          43.044444,
          43.024808
        ]
      }
    },
    {
      "type": "Feature",
      "properties": {
        "id": "mount-main-0014",
        "type": "main_mountain",
        "longitude": 43.070773,
        "latitude": 43.012799,
        "elevation_m": 4943,
        "name": "Восточная Джанги",
        "point_id": "mount-main-0014",
        "icon_id": "mount-15",
        "icon_scale": 0.4909,
        "base_shift": 0.0587,
        "priority": 7143
      },
      "geometry": {
        "type": "Point",
        "coordinates": [
          43.070773,
          43.012799
        ]
      }
    },
    {
      "type": "Feature",
      "properties": {
        "id": "mount-main-0015",
        "type": "main_mountain",
        "longitude": 43.089699,
        "latitude": 42.998872,
        "elevation_m": 4978,
        "name": "Шхара Западная",
        "point_id": "mount-main-0015",
        "icon_id": "mount-21",
        "icon_scale": 0.4836,
        "base_shift": 0.0573,
        "priority": 7178
      },
      "geometry": {
        "type": "Point",
        "coordinates": [
          43.089699,
          42.998872
        ]
      }
    },
    {
      "type": "Feature",
      "properties": {
        "id": "mount-main-0016",
        "type": "main_mountain",
        "longitude": 43.126767,
        "latitude": 43.003141,
        "elevation_m": 4726,
        "name": "Шхара Восточная",
        "point_id": "mount-main-0016",
        "icon_id": "mount-19",
        "icon_scale": 0.4738,
        "base_shift": -0.0615,
        "priority": 6926
      },
      "geometry": {
        "type": "Point",
        "coordinates": [
          43.126767,
          43.003141
        ]
      }
    },
    {
      "type": "Feature",
      "properties": {
        "id": "mount-main-0017",
        "type": "main_mountain",
        "longitude": 43.22544,
        "latitude": 43.055405,
        "elevation_m": 4410,
        "name": "Коштан Малый",
        "point_id": "mount-main-0017",
        "icon_id": "mount-16",
        "icon_scale": 0.486,
        "base_shift": -0.07,
        "priority": 6610
      },
      "geometry": {
        "type": "Point",
        "coordinates": [
          43.22544,
          43.055405
        ]
      }
    },
    {
      "type": "Feature",
      "properties": {
        "id": "mount-main-0018",
        "type": "main_mountain",
        "longitude": 41.720935,
        "latitude": 43.251361,
        "elevation_m": 3558,
        "name": "Малый Домбай-Ульген",
        "point_id": "mount-main-0018",
        "icon_id": "mount-12",
        "icon_scale": 0.6372,
        "base_shift": 0.0784,
        "priority": 5758
      },
      "geometry": {
        "type": "Point",
        "coordinates": [
          41.720935,
          43.251361
        ]
      }
    },
    {
      "type": "Feature",
      "properties": {
        "id": "mount-main-0019",
        "type": "main_mountain",
        "longitude": 41.721815,
        "latitude": 43.239841,
        "elevation_m": 3636,
        "name": "Западная Домбай-Ульген",
        "point_id": "mount-main-0019",
        "icon_id": "mount-5",
        "icon_scale": 0.634,
        "base_shift": -0.0753,
        "priority": 5836
      },
      "geometry": {
        "type": "Point",
        "coordinates": [
          41.721815,
          43.239841
        ]
      }
    },
    {
      "type": "Feature",
      "properties": {
        "id": "mount-main-0020",
        "type": "main_mountain",
        "longitude": 41.713607,
        "latitude": 43.225341,
        "elevation_m": 3384,
        "name": "Южный Домбай-Ульген",
        "point_id": "mount-main-0020",
        "icon_id": "mount-25",
        "icon_scale": 0.6196,
        "base_shift": -0.0717,
        "priority": 5584
      },
      "geometry": {
        "type": "Point",
        "coordinates": [
          41.713607,
          43.225341
        ]
      }
    },
    {
      "type": "Feature",
      "properties": {
        "id": "mount-main-0021",
        "type": "main_mountain",
        "longitude": 41.725774,
        "latitude": 43.243898,
        "elevation_m": 3806,
        "name": "Домбай-Ульген главная",
        "point_id": "mount-main-0021",
        "icon_id": "mount-15",
        "icon_scale": 0.6594,
        "base_shift": 0.0754,
        "priority": 6006
      },
      "geometry": {
        "type": "Point",
        "coordinates": [
          41.725774,
          43.243898
        ]
      }
    },
    {
      "type": "Feature",
      "properties": {
        "id": "ridge-0001",
        "type": "ridge",
        "longitude": 41.519522,
        "latitude": 43.583953,
        "elevation_m": 2542,
        "name": "",
        "point_id": "ridge-0001",
        "icon_id": "mount-20",
        "icon_scale": 0.3956,
        "base_shift": -0.0725,
        "priority": 1263
      },
      "geometry": {
        "type": "Point",
        "coordinates": [
          41.519522,
          43.583953
        ]
      }
    },
    {
      "type": "Feature",
      "properties": {
        "id": "ridge-0002",
        "type": "ridge",
        "longitude": 41.562095,
        "latitude": 43.629201,
        "elevation_m": 2253,
        "name": "",
        "point_id": "ridge-0002",
        "icon_id": "mount-14",
        "icon_scale": 0.4109,
        "base_shift": -0.0648,
        "priority": 1252
      },
      "geometry": {
        "type": "Point",
        "coordinates": [
          41.562095,
          43.629201
        ]
      }
    },
    {
      "type": "Feature",
      "properties": {
        "id": "ridge-0003",
        "type": "ridge",
        "longitude": 41.68146,
        "latitude": 43.572102,
        "elevation_m": 2435,
        "name": "",
        "point_id": "ridge-0003",
        "icon_id": "mount-2",
        "icon_scale": 0.3994,
        "base_shift": 0.0736,
        "priority": 1259
      },
      "geometry": {
        "type": "Point",
        "coordinates": [
          41.68146,
          43.572102
        ]
      }
    },
    {
      "type": "Feature",
      "properties": {
        "id": "ridge-0004",
        "type": "ridge",
        "longitude": 42.844707,
        "latitude": 43.404188,
        "elevation_m": 2689,
        "name": "",
        "point_id": "ridge-0004",
        "icon_id": "mount-7",
        "icon_scale": 0.4109,
        "base_shift": -0.0779,
        "priority": 1268
      },
      "geometry": {
        "type": "Point",
        "coordinates": [
          42.844707,
          43.404188
        ]
      }
    },
    {
      "type": "Feature",
      "properties": {
        "id": "ridge-0005",
        "type": "ridge",
        "longitude": 42.990519,
        "latitude": 43.33672,
        "elevation_m": 3558,
        "name": "",
        "point_id": "ridge-0005",
        "icon_id": "mount-24",
        "icon_scale": 0.4185,
        "base_shift": 0.0699,
        "priority": 1300
      },
      "geometry": {
        "type": "Point",
        "coordinates": [
          42.990519,
          43.33672
        ]
      }
    },
    {
      "type": "Feature",
      "properties": {
        "id": "ridge-0006",
        "type": "ridge",
        "longitude": 41.413002,
        "latitude": 43.748589,
        "elevation_m": 1269,
        "name": "",
        "point_id": "ridge-0006",
        "icon_id": "mount-20",
        "icon_scale": 0.4185,
        "base_shift": -0.0743,
        "priority": 1217
      },
      "geometry": {
        "type": "Point",
        "coordinates": [
          41.413002,
          43.748589
        ]
      }
    },
    {
      "type": "Feature",
      "properties": {
        "id": "ridge-0007",
        "type": "ridge",
        "longitude": 41.467422,
        "latitude": 43.855278,
        "elevation_m": 1063,
        "name": "",
        "point_id": "ridge-0007",
        "icon_id": "mount-14",
        "icon_scale": 0.4109,
        "base_shift": -0.0718,
        "priority": 1209
      },
      "geometry": {
        "type": "Point",
        "coordinates": [
          41.467422,
          43.855278
        ]
      }
    },
    {
      "type": "Feature",
      "properties": {
        "id": "ridge-0008",
        "type": "ridge",
        "longitude": 41.448769,
        "latitude": 43.845272,
        "elevation_m": 1058,
        "name": "",
        "point_id": "ridge-0008",
        "icon_id": "mount-2",
        "icon_scale": 0.4109,
        "base_shift": -0.07,
        "priority": 1209
      },
      "geometry": {
        "type": "Point",
        "coordinates": [
          41.448769,
          43.845272
        ]
      }
    },
    {
      "type": "Feature",
      "properties": {
        "id": "ridge-0009",
        "type": "ridge",
        "longitude": 41.525413,
        "latitude": 44.034048,
        "elevation_m": 788,
        "name": "",
        "point_id": "ridge-0009",
        "icon_id": "mount-7",
        "icon_scale": 0.43,
        "base_shift": -0.0804,
        "priority": 1200
      },
      "geometry": {
        "type": "Point",
        "coordinates": [
          41.525413,
          44.034048
        ]
      }
    },
    {
      "type": "Feature",
      "properties": {
        "id": "ridge-0010",
        "type": "ridge",
        "longitude": 41.391729,
        "latitude": 43.610709,
        "elevation_m": 2272,
        "name": "",
        "point_id": "ridge-0010",
        "icon_id": "mount-24",
        "icon_scale": 0.4032,
        "base_shift": 0.0762,
        "priority": 1253
      },
      "geometry": {
        "type": "Point",
        "coordinates": [
          41.391729,
          43.610709
        ]
      }
    },
    {
      "type": "Feature",
      "properties": {
        "id": "ridge-0011",
        "type": "ridge",
        "longitude": 43.095158,
        "latitude": 43.291109,
        "elevation_m": 3046,
        "name": "",
        "point_id": "ridge-0011",
        "icon_id": "mount-14",
        "icon_scale": 0.4109,
        "base_shift": -0.0785,
        "priority": 1281
      },
      "geometry": {
        "type": "Point",
        "coordinates": [
          43.095158,
          43.291109
        ]
      }
    },
    {
      "type": "Feature",
      "properties": {
        "id": "ridge-0012",
        "type": "ridge",
        "longitude": 43.308134,
        "latitude": 43.312025,
        "elevation_m": 1376,
        "name": "",
        "point_id": "ridge-0012",
        "icon_id": "mount-20",
        "icon_scale": 0.4109,
        "base_shift": 0.0648,
        "priority": 1221
      },
      "geometry": {
        "type": "Point",
        "coordinates": [
          43.308134,
          43.312025
        ]
      }
    },
    {
      "type": "Feature",
      "properties": {
        "id": "ridge-0013",
        "type": "ridge",
        "longitude": 43.344638,
        "latitude": 43.358514,
        "elevation_m": 1331,
        "name": "",
        "point_id": "ridge-0013",
        "icon_id": "mount-2",
        "icon_scale": 0.4262,
        "base_shift": 0.0648,
        "priority": 1219
      },
      "geometry": {
        "type": "Point",
        "coordinates": [
          43.344638,
          43.358514
        ]
      }
    },
    {
      "type": "Feature",
      "properties": {
        "id": "ridge-0014",
        "type": "ridge",
        "longitude": 43.377723,
        "latitude": 43.249512,
        "elevation_m": 1318,
        "name": "",
        "point_id": "ridge-0014",
        "icon_id": "mount-7",
        "icon_scale": 0.4224,
        "base_shift": -0.0648,
        "priority": 1219
      },
      "geometry": {
        "type": "Point",
        "coordinates": [
          43.377723,
          43.249512
        ]
      }
    },
    {
      "type": "Feature",
      "properties": {
        "id": "ridge-0015",
        "type": "ridge",
        "longitude": 43.493573,
        "latitude": 43.393695,
        "elevation_m": 1286,
        "name": "",
        "point_id": "ridge-0015",
        "icon_id": "mount-24",
        "icon_scale": 0.43,
        "base_shift": -0.0648,
        "priority": 1217
      },
      "geometry": {
        "type": "Point",
        "coordinates": [
          43.493573,
          43.393695
        ]
      }
    },
    {
      "type": "Feature",
      "properties": {
        "id": "ridge-0016",
        "type": "ridge",
        "longitude": 43.625051,
        "latitude": 43.444416,
        "elevation_m": 840,
        "name": "",
        "point_id": "ridge-0016",
        "icon_id": "mount-14",
        "icon_scale": 0.4224,
        "base_shift": -0.0659,
        "priority": 1201
      },
      "geometry": {
        "type": "Point",
        "coordinates": [
          43.625051,
          43.444416
        ]
      }
    },
    {
      "type": "Feature",
      "properties": {
        "id": "ridge-0017",
        "type": "ridge",
        "longitude": 43.661134,
        "latitude": 43.212515,
        "elevation_m": 1149,
        "name": "",
        "point_id": "ridge-0017",
        "icon_id": "mount-20",
        "icon_scale": 0.43,
        "base_shift": 0.0685,
        "priority": 1213
      },
      "geometry": {
        "type": "Point",
        "coordinates": [
          43.661134,
          43.212515
        ]
      }
    },
    {
      "type": "Feature",
      "properties": {
        "id": "ridge-0018",
        "type": "ridge",
        "longitude": 43.316365,
        "latitude": 43.304949,
        "elevation_m": 1986,
        "name": "",
        "point_id": "ridge-0018",
        "icon_id": "mount-2",
        "icon_scale": 0.4147,
        "base_shift": -0.0787,
        "priority": 1243
      },
      "geometry": {
        "type": "Point",
        "coordinates": [
          43.316365,
          43.304949
        ]
      }
    },
    {
      "type": "Feature",
      "properties": {
        "id": "ridge-0019",
        "type": "ridge",
        "longitude": 43.525279,
        "latitude": 43.339814,
        "elevation_m": 1286,
        "name": "",
        "point_id": "ridge-0019",
        "icon_id": "mount-7",
        "icon_scale": 0.43,
        "base_shift": -0.0784,
        "priority": 1217
      },
      "geometry": {
        "type": "Point",
        "coordinates": [
          43.525279,
          43.339814
        ]
      }
    },
    {
      "type": "Feature",
      "properties": {
        "id": "ridge-0020",
        "type": "ridge",
        "longitude": 43.430455,
        "latitude": 43.186681,
        "elevation_m": 2862,
        "name": "",
        "point_id": "ridge-0020",
        "icon_id": "mount-24",
        "icon_scale": 0.4071,
        "base_shift": 0.0709,
        "priority": 1274
      },
      "geometry": {
        "type": "Point",
        "coordinates": [
          43.430455,
          43.186681
        ]
      }
    },
    {
      "type": "Feature",
      "properties": {
        "id": "ridge-0021",
        "type": "ridge",
        "longitude": 43.448301,
        "latitude": 43.22452,
        "elevation_m": 1413,
        "name": "",
        "point_id": "ridge-0021",
        "icon_id": "mount-14",
        "icon_scale": 0.4147,
        "base_shift": 0.0735,
        "priority": 1222
      },
      "geometry": {
        "type": "Point",
        "coordinates": [
          43.448301,
          43.22452
        ]
      }
    },
    {
      "type": "Feature",
      "properties": {
        "id": "ridge-0022",
        "type": "ridge",
        "longitude": 43.451037,
        "latitude": 43.22076,
        "elevation_m": 1413,
        "name": "",
        "point_id": "ridge-0022",
        "icon_id": "mount-20",
        "icon_scale": 0.4185,
        "base_shift": 0.0735,
        "priority": 1222
      },
      "geometry": {
        "type": "Point",
        "coordinates": [
          43.451037,
          43.22076
        ]
      }
    },
    {
      "type": "Feature",
      "properties": {
        "id": "ridge-0023",
        "type": "ridge",
        "longitude": 43.366161,
        "latitude": 43.01207,
        "elevation_m": 3506,
        "name": "",
        "point_id": "ridge-0023",
        "icon_id": "mount-2",
        "icon_scale": 0.4032,
        "base_shift": 0.0747,
        "priority": 1298
      },
      "geometry": {
        "type": "Point",
        "coordinates": [
          43.366161,
          43.01207
        ]
      }
    },
    {
      "type": "Feature",
      "properties": {
        "id": "ridge-0024",
        "type": "ridge",
        "longitude": 43.541627,
        "latitude": 43.133116,
        "elevation_m": 2285,
        "name": "",
        "point_id": "ridge-0024",
        "icon_id": "mount-7",
        "icon_scale": 0.4185,
        "base_shift": 0.0686,
        "priority": 1254
      },
      "geometry": {
        "type": "Point",
        "coordinates": [
          43.541627,
          43.133116
        ]
      }
    },
    {
      "type": "Feature",
      "properties": {
        "id": "ridge-0025",
        "type": "ridge",
        "longitude": 43.578276,
        "latitude": 43.178345,
        "elevation_m": 2246,
        "name": "",
        "point_id": "ridge-0025",
        "icon_id": "mount-24",
        "icon_scale": 0.43,
        "base_shift": 0.0682,
        "priority": 1252
      },
      "geometry": {
        "type": "Point",
        "coordinates": [
          43.578276,
          43.178345
        ]
      }
    },
    {
      "type": "Feature",
      "properties": {
        "id": "ridge-0026",
        "type": "ridge",
        "longitude": 43.461054,
        "latitude": 43.283593,
        "elevation_m": 3036,
        "name": "",
        "point_id": "ridge-0026",
        "icon_id": "mount-14",
        "icon_scale": 0.4262,
        "base_shift": -0.0648,
        "priority": 1281
      },
      "geometry": {
        "type": "Point",
        "coordinates": [
          43.461054,
          43.283593
        ]
      }
    },
    {
      "type": "Feature",
      "properties": {
        "id": "ridge-0027",
        "type": "ridge",
        "longitude": 43.47188,
        "latitude": 43.183987,
        "elevation_m": 1725,
        "name": "",
        "point_id": "ridge-0027",
        "icon_id": "mount-20",
        "icon_scale": 0.4109,
        "base_shift": 0.0749,
        "priority": 1233
      },
      "geometry": {
        "type": "Point",
        "coordinates": [
          43.47188,
          43.183987
        ]
      }
    },
    {
      "type": "Feature",
      "properties": {
        "id": "ridge-0028",
        "type": "ridge",
        "longitude": 42.083517,
        "latitude": 43.563685,
        "elevation_m": 2900,
        "name": "",
        "point_id": "ridge-0028",
        "icon_id": "mount-2",
        "icon_scale": 0.4032,
        "base_shift": -0.0693,
        "priority": 1276
      },
      "geometry": {
        "type": "Point",
        "coordinates": [
          42.083517,
          43.563685
        ]
      }
    },
    {
      "type": "Feature",
      "properties": {
        "id": "ridge-0029",
        "type": "ridge",
        "longitude": 41.855289,
        "latitude": 43.966364,
        "elevation_m": 1250,
        "name": "",
        "point_id": "ridge-0029",
        "icon_id": "mount-7",
        "icon_scale": 0.43,
        "base_shift": -0.0811,
        "priority": 1216
      },
      "geometry": {
        "type": "Point",
        "coordinates": [
          41.855289,
          43.966364
        ]
      }
    },
    {
      "type": "Feature",
      "properties": {
        "id": "ridge-0030",
        "type": "ridge",
        "longitude": 42.18068,
        "latitude": 43.514192,
        "elevation_m": 2545,
        "name": "",
        "point_id": "ridge-0030",
        "icon_id": "mount-24",
        "icon_scale": 0.4109,
        "base_shift": 0.0728,
        "priority": 1263
      },
      "geometry": {
        "type": "Point",
        "coordinates": [
          42.18068,
          43.514192
        ]
      }
    },
    {
      "type": "Feature",
      "properties": {
        "id": "ridge-0031",
        "type": "ridge",
        "longitude": 41.949936,
        "latitude": 43.737597,
        "elevation_m": 1538,
        "name": "",
        "point_id": "ridge-0031",
        "icon_id": "mount-14",
        "icon_scale": 0.4071,
        "base_shift": 0.083,
        "priority": 1227
      },
      "geometry": {
        "type": "Point",
        "coordinates": [
          41.949936,
          43.737597
        ]
      }
    },
    {
      "type": "Feature",
      "properties": {
        "id": "ridge-0032",
        "type": "ridge",
        "longitude": 42.954069,
        "latitude": 43.798591,
        "elevation_m": 1346,
        "name": "",
        "point_id": "ridge-0032",
        "icon_id": "mount-20",
        "icon_scale": 0.4147,
        "base_shift": -0.0752,
        "priority": 1220
      },
      "geometry": {
        "type": "Point",
        "coordinates": [
          42.954069,
          43.798591
        ]
      }
    },
    {
      "type": "Feature",
      "properties": {
        "id": "ridge-0033",
        "type": "ridge",
        "longitude": 42.738164,
        "latitude": 43.526519,
        "elevation_m": 2530,
        "name": "",
        "point_id": "ridge-0033",
        "icon_id": "mount-2",
        "icon_scale": 0.43,
        "base_shift": 0.0671,
        "priority": 1262
      },
      "geometry": {
        "type": "Point",
        "coordinates": [
          42.738164,
          43.526519
        ]
      }
    },
    {
      "type": "Feature",
      "properties": {
        "id": "ridge-0034",
        "type": "ridge",
        "longitude": 42.751107,
        "latitude": 43.638048,
        "elevation_m": 2230,
        "name": "",
        "point_id": "ridge-0034",
        "icon_id": "mount-7",
        "icon_scale": 0.4262,
        "base_shift": 0.0786,
        "priority": 1252
      },
      "geometry": {
        "type": "Point",
        "coordinates": [
          42.751107,
          43.638048
        ]
      }
    },
    {
      "type": "Feature",
      "properties": {
        "id": "ridge-0035",
        "type": "ridge",
        "longitude": 42.994348,
        "latitude": 43.794374,
        "elevation_m": 1167,
        "name": "",
        "point_id": "ridge-0035",
        "icon_id": "mount-24",
        "icon_scale": 0.4147,
        "base_shift": -0.0819,
        "priority": 1213
      },
      "geometry": {
        "type": "Point",
        "coordinates": [
          42.994348,
          43.794374
        ]
      }
    },
    {
      "type": "Feature",
      "properties": {
        "id": "ridge-0036",
        "type": "ridge",
        "longitude": 43.004773,
        "latitude": 43.791502,
        "elevation_m": 1080,
        "name": "",
        "point_id": "ridge-0036",
        "icon_id": "mount-20",
        "icon_scale": 0.4147,
        "base_shift": -0.0843,
        "priority": 1210
      },
      "geometry": {
        "type": "Point",
        "coordinates": [
          43.004773,
          43.791502
        ]
      }
    },
    {
      "type": "Feature",
      "properties": {
        "id": "ridge-0037",
        "type": "ridge",
        "longitude": 42.961602,
        "latitude": 43.767229,
        "elevation_m": 1475,
        "name": "",
        "point_id": "ridge-0037",
        "icon_id": "mount-14",
        "icon_scale": 0.4185,
        "base_shift": 0.0839,
        "priority": 1224
      },
      "geometry": {
        "type": "Point",
        "coordinates": [
          42.961602,
          43.767229
        ]
      }
    },
    {
      "type": "Feature",
      "properties": {
        "id": "ridge-0038",
        "type": "ridge",
        "longitude": 42.951113,
        "latitude": 43.757749,
        "elevation_m": 1397,
        "name": "",
        "point_id": "ridge-0038",
        "icon_id": "mount-2",
        "icon_scale": 0.4185,
        "base_shift": 0.0846,
        "priority": 1221
      },
      "geometry": {
        "type": "Point",
        "coordinates": [
          42.951113,
          43.757749
        ]
      }
    },
    {
      "type": "Feature",
      "properties": {
        "id": "ridge-0039",
        "type": "ridge",
        "longitude": 42.576251,
        "latitude": 43.661533,
        "elevation_m": 2274,
        "name": "",
        "point_id": "ridge-0039",
        "icon_id": "mount-7",
        "icon_scale": 0.4109,
        "base_shift": 0.0648,
        "priority": 1253
      },
      "geometry": {
        "type": "Point",
        "coordinates": [
          42.576251,
          43.661533
        ]
      }
    },
    {
      "type": "Feature",
      "properties": {
        "id": "ridge-0040",
        "type": "ridge",
        "longitude": 41.572358,
        "latitude": 43.988513,
        "elevation_m": 1125,
        "name": "",
        "point_id": "ridge-0040",
        "icon_id": "mount-24",
        "icon_scale": 0.43,
        "base_shift": -0.0648,
        "priority": 1212
      },
      "geometry": {
        "type": "Point",
        "coordinates": [
          41.572358,
          43.988513
        ]
      }
    },
    {
      "type": "Feature",
      "properties": {
        "id": "ridge-0041",
        "type": "ridge",
        "longitude": 41.586463,
        "latitude": 43.970346,
        "elevation_m": 1073,
        "name": "",
        "point_id": "ridge-0041",
        "icon_id": "mount-20",
        "icon_scale": 0.4262,
        "base_shift": -0.0648,
        "priority": 1210
      },
      "geometry": {
        "type": "Point",
        "coordinates": [
          41.586463,
          43.970346
        ]
      }
    },
    {
      "type": "Feature",
      "properties": {
        "id": "ridge-0042",
        "type": "ridge",
        "longitude": 41.733379,
        "latitude": 44.176516,
        "elevation_m": 800,
        "name": "",
        "point_id": "ridge-0042",
        "icon_id": "mount-14",
        "icon_scale": 0.4262,
        "base_shift": -0.0695,
        "priority": 1200
      },
      "geometry": {
        "type": "Point",
        "coordinates": [
          41.733379,
          44.176516
        ]
      }
    },
    {
      "type": "Feature",
      "properties": {
        "id": "ridge-0043",
        "type": "ridge",
        "longitude": 43.625702,
        "latitude": 43.114552,
        "elevation_m": 3042,
        "name": "",
        "point_id": "ridge-0043",
        "icon_id": "mount-2",
        "icon_scale": 0.43,
        "base_shift": 0.0743,
        "priority": 1281
      },
      "geometry": {
        "type": "Point",
        "coordinates": [
          43.625702,
          43.114552
        ]
      }
    },
    {
      "type": "Feature",
      "properties": {
        "id": "ridge-0044",
        "type": "ridge",
        "longitude": 43.678307,
        "latitude": 43.153687,
        "elevation_m": 2995,
        "name": "",
        "point_id": "ridge-0044",
        "icon_id": "mount-7",
        "icon_scale": 0.43,
        "base_shift": 0.0695,
        "priority": 1279
      },
      "geometry": {
        "type": "Point",
        "coordinates": [
          43.678307,
          43.153687
        ]
      }
    },
    {
      "type": "Feature",
      "properties": {
        "id": "ridge-0045",
        "type": "ridge",
        "longitude": 41.949608,
        "latitude": 43.704618,
        "elevation_m": 1508,
        "name": "",
        "point_id": "ridge-0045",
        "icon_id": "mount-24",
        "icon_scale": 0.3994,
        "base_shift": 0.0738,
        "priority": 1225
      },
      "geometry": {
        "type": "Point",
        "coordinates": [
          41.949608,
          43.704618
        ]
      }
    },
    {
      "type": "Feature",
      "properties": {
        "id": "ridge-0046",
        "type": "ridge",
        "longitude": 41.54653,
        "latitude": 43.628385,
        "elevation_m": 2096,
        "name": "",
        "point_id": "ridge-0046",
        "icon_id": "mount-20",
        "icon_scale": 0.4071,
        "base_shift": -0.0693,
        "priority": 1247
      },
      "geometry": {
        "type": "Point",
        "coordinates": [
          41.54653,
          43.628385
        ]
      }
    },
    {
      "type": "Feature",
      "properties": {
        "id": "ridge-0047",
        "type": "ridge",
        "longitude": 41.535606,
        "latitude": 43.795712,
        "elevation_m": 1388,
        "name": "",
        "point_id": "ridge-0047",
        "icon_id": "mount-14",
        "icon_scale": 0.43,
        "base_shift": -0.0648,
        "priority": 1221
      },
      "geometry": {
        "type": "Point",
        "coordinates": [
          41.535606,
          43.795712
        ]
      }
    },
    {
      "type": "Feature",
      "properties": {
        "id": "ridge-0048",
        "type": "ridge",
        "longitude": 41.693856,
        "latitude": 43.567205,
        "elevation_m": 2343,
        "name": "",
        "point_id": "ridge-0048",
        "icon_id": "mount-2",
        "icon_scale": 0.3956,
        "base_shift": 0.0759,
        "priority": 1256
      },
      "geometry": {
        "type": "Point",
        "coordinates": [
          41.693856,
          43.567205
        ]
      }
    },
    {
      "type": "Feature",
      "properties": {
        "id": "ridge-0049",
        "type": "ridge",
        "longitude": 41.782764,
        "latitude": 43.679677,
        "elevation_m": 1996,
        "name": "",
        "point_id": "ridge-0049",
        "icon_id": "mount-7",
        "icon_scale": 0.43,
        "base_shift": 0.0712,
        "priority": 1243
      },
      "geometry": {
        "type": "Point",
        "coordinates": [
          41.782764,
          43.679677
        ]
      }
    },
    {
      "type": "Feature",
      "properties": {
        "id": "ridge-0050",
        "type": "ridge",
        "longitude": 41.823822,
        "latitude": 43.707892,
        "elevation_m": 1756,
        "name": "",
        "point_id": "ridge-0050",
        "icon_id": "mount-24",
        "icon_scale": 0.4185,
        "base_shift": 0.0653,
        "priority": 1234
      },
      "geometry": {
        "type": "Point",
        "coordinates": [
          41.823822,
          43.707892
        ]
      }
    },
    {
      "type": "Feature",
      "properties": {
        "id": "ridge-0051",
        "type": "ridge",
        "longitude": 41.774317,
        "latitude": 44.013874,
        "elevation_m": 1202,
        "name": "",
        "point_id": "ridge-0051",
        "icon_id": "mount-20",
        "icon_scale": 0.43,
        "base_shift": -0.0648,
        "priority": 1214
      },
      "geometry": {
        "type": "Point",
        "coordinates": [
          41.774317,
          44.013874
        ]
      }
    },
    {
      "type": "Feature",
      "properties": {
        "id": "ridge-0052",
        "type": "ridge",
        "longitude": 41.725502,
        "latitude": 43.93106,
        "elevation_m": 1576,
        "name": "",
        "point_id": "ridge-0052",
        "icon_id": "mount-14",
        "icon_scale": 0.43,
        "base_shift": -0.0688,
        "priority": 1228
      },
      "geometry": {
        "type": "Point",
        "coordinates": [
          41.725502,
          43.93106
        ]
      }
    },
    {
      "type": "Feature",
      "properties": {
        "id": "ridge-0053",
        "type": "ridge",
        "longitude": 41.795697,
        "latitude": 43.909439,
        "elevation_m": 1250,
        "name": "",
        "point_id": "ridge-0053",
        "icon_id": "mount-2",
        "icon_scale": 0.43,
        "base_shift": -0.0754,
        "priority": 1216
      },
      "geometry": {
        "type": "Point",
        "coordinates": [
          41.795697,
          43.909439
        ]
      }
    },
    {
      "type": "Feature",
      "properties": {
        "id": "ridge-0054",
        "type": "ridge",
        "longitude": 41.861575,
        "latitude": 43.763347,
        "elevation_m": 1334,
        "name": "",
        "point_id": "ridge-0054",
        "icon_id": "mount-7",
        "icon_scale": 0.4224,
        "base_shift": 0.0648,
        "priority": 1219
      },
      "geometry": {
        "type": "Point",
        "coordinates": [
          41.861575,
          43.763347
        ]
      }
    },
    {
      "type": "Feature",
      "properties": {
        "id": "ridge-0055",
        "type": "ridge",
        "longitude": 41.816912,
        "latitude": 43.725619,
        "elevation_m": 1315,
        "name": "",
        "point_id": "ridge-0055",
        "icon_id": "mount-24",
        "icon_scale": 0.4185,
        "base_shift": 0.0648,
        "priority": 1219
      },
      "geometry": {
        "type": "Point",
        "coordinates": [
          41.816912,
          43.725619
        ]
      }
    },
    {
      "type": "Feature",
      "properties": {
        "id": "ridge-0056",
        "type": "ridge",
        "longitude": 43.631374,
        "latitude": 43.405732,
        "elevation_m": 918,
        "name": "",
        "point_id": "ridge-0056",
        "icon_id": "mount-14",
        "icon_scale": 0.4262,
        "base_shift": -0.0648,
        "priority": 1204
      },
      "geometry": {
        "type": "Point",
        "coordinates": [
          43.631374,
          43.405732
        ]
      }
    },
    {
      "type": "Feature",
      "properties": {
        "id": "mount-0003",
        "type": "mountain",
        "longitude": 41.934804,
        "latitude": 43.215975,
        "elevation_m": 2977,
        "name": "",
        "point_id": "mount-0003",
        "icon_id": "mount-30",
        "icon_scale": 0.3749,
        "base_shift": -0.0829,
        "priority": 797
      },
      "geometry": {
        "type": "Point",
        "coordinates": [
          41.934804,
          43.215975
        ]
      }
    },
    {
      "type": "Feature",
      "properties": {
        "id": "mount-0007",
        "type": "mountain",
        "longitude": 41.932358,
        "latitude": 43.188446,
        "elevation_m": 3060,
        "name": "",
        "point_id": "mount-0007",
        "icon_id": "mount-18",
        "icon_scale": 0.3872,
        "base_shift": -0.0785,
        "priority": 800
      },
      "geometry": {
        "type": "Point",
        "coordinates": [
          41.932358,
          43.188446
        ]
      }
    },
    {
      "type": "Feature",
      "properties": {
        "id": "mount-0011",
        "type": "mountain",
        "longitude": 41.790222,
        "latitude": 43.473446,
        "elevation_m": 2000,
        "name": "",
        "point_id": "mount-0011",
        "icon_id": "mount-9",
        "icon_scale": 0.3883,
        "base_shift": 0.088,
        "priority": 766
      },
      "geometry": {
        "type": "Point",
        "coordinates": [
          41.790222,
          43.473446
        ]
      }
    },
    {
      "type": "Feature",
      "properties": {
        "id": "mount-0014",
        "type": "mountain",
        "longitude": 40.735492,
        "latitude": 43.713526,
        "elevation_m": 2114,
        "name": "",
        "point_id": "mount-0014",
        "icon_id": "mount-4",
        "icon_scale": 0.3864,
        "base_shift": -0.0061,
        "priority": 709
      },
      "geometry": {
        "type": "Point",
        "coordinates": [
          40.735492,
          43.713526
        ]
      }
    },
    {
      "type": "Feature",
      "properties": {
        "id": "mount-0021",
        "type": "mountain",
        "longitude": 40.72516,
        "latitude": 43.675003,
        "elevation_m": 2689,
        "name": "",
        "point_id": "mount-0021",
        "icon_id": "mount-27",
        "icon_scale": 0.3984,
        "base_shift": 0.014,
        "priority": 728
      },
      "geometry": {
        "type": "Point",
        "coordinates": [
          40.72516,
          43.675003
        ]
      }
    },
    {
      "type": "Feature",
      "properties": {
        "id": "mount-0022",
        "type": "mountain",
        "longitude": 40.730138,
        "latitude": 43.792899,
        "elevation_m": 2881,
        "name": "",
        "point_id": "mount-0022",
        "icon_id": "mount-6",
        "icon_scale": 0.4023,
        "base_shift": -0.009,
        "priority": 734
      },
      "geometry": {
        "type": "Point",
        "coordinates": [
          40.730138,
          43.792899
        ]
      }
    },
    {
      "type": "Feature",
      "properties": {
        "id": "mount-0023",
        "type": "mountain",
        "longitude": 41.895171,
        "latitude": 43.466454,
        "elevation_m": 3173,
        "name": "",
        "point_id": "mount-0023",
        "icon_id": "mount-30",
        "icon_scale": 0.3784,
        "base_shift": 0.0741,
        "priority": 803
      },
      "geometry": {
        "type": "Point",
        "coordinates": [
          41.895171,
          43.466454
        ]
      }
    },
    {
      "type": "Feature",
      "properties": {
        "id": "mount-0043",
        "type": "mountain",
        "longitude": 42.902631,
        "latitude": 43.332725,
        "elevation_m": 3104,
        "name": "",
        "point_id": "mount-0043",
        "icon_id": "mount-18",
        "icon_scale": 0.388,
        "base_shift": 0.0822,
        "priority": 801
      },
      "geometry": {
        "type": "Point",
        "coordinates": [
          42.902631,
          43.332725
        ]
      }
    },
    {
      "type": "Feature",
      "properties": {
        "id": "mount-0044",
        "type": "mountain",
        "longitude": 42.898479,
        "latitude": 43.377534,
        "elevation_m": 2045,
        "name": "",
        "point_id": "mount-0044",
        "icon_id": "mount-9",
        "icon_scale": 0.3994,
        "base_shift": -0.0884,
        "priority": 767
      },
      "geometry": {
        "type": "Point",
        "coordinates": [
          42.898479,
          43.377534
        ]
      }
    },
    {
      "type": "Feature",
      "properties": {
        "id": "mount-0047",
        "type": "mountain",
        "longitude": 41.96448,
        "latitude": 43.233096,
        "elevation_m": 3146,
        "name": "",
        "point_id": "mount-0047",
        "icon_id": "mount-4",
        "icon_scale": 0.3671,
        "base_shift": -0.0865,
        "priority": 802
      },
      "geometry": {
        "type": "Point",
        "coordinates": [
          41.96448,
          43.233096
        ]
      }
    },
    {
      "type": "Feature",
      "properties": {
        "id": "mount-0050",
        "type": "mountain",
        "longitude": 41.067495,
        "latitude": 43.529159,
        "elevation_m": 2627,
        "name": "",
        "point_id": "mount-0050",
        "icon_id": "mount-27",
        "icon_scale": 0.3581,
        "base_shift": 0.0762,
        "priority": 786
      },
      "geometry": {
        "type": "Point",
        "coordinates": [
          41.067495,
          43.529159
        ]
      }
    },
    {
      "type": "Feature",
      "properties": {
        "id": "mount-0056",
        "type": "mountain",
        "longitude": 41.617541,
        "latitude": 43.632814,
        "elevation_m": 2349,
        "name": "",
        "point_id": "mount-0056",
        "icon_id": "mount-6",
        "icon_scale": 0.4263,
        "base_shift": -0.0849,
        "priority": 777
      },
      "geometry": {
        "type": "Point",
        "coordinates": [
          41.617541,
          43.632814
        ]
      }
    },
    {
      "type": "Feature",
      "properties": {
        "id": "mount-0057",
        "type": "mountain",
        "longitude": 41.565195,
        "latitude": 43.687744,
        "elevation_m": 1807,
        "name": "",
        "point_id": "mount-0057",
        "icon_id": "mount-30",
        "icon_scale": 0.415,
        "base_shift": -0.0855,
        "priority": 760
      },
      "geometry": {
        "type": "Point",
        "coordinates": [
          41.565195,
          43.687744
        ]
      }
    },
    {
      "type": "Feature",
      "properties": {
        "id": "mount-0066",
        "type": "mountain",
        "longitude": 42.595561,
        "latitude": 43.597502,
        "elevation_m": 2272,
        "name": "",
        "point_id": "mount-0066",
        "icon_id": "mount-18",
        "icon_scale": 0.3935,
        "base_shift": -0.0856,
        "priority": 774
      },
      "geometry": {
        "type": "Point",
        "coordinates": [
          42.595561,
          43.597502
        ]
      }
    },
    {
      "type": "Feature",
      "properties": {
        "id": "mount-0067",
        "type": "mountain",
        "longitude": 41.194257,
        "latitude": 43.586507,
        "elevation_m": 3145,
        "name": "",
        "point_id": "mount-0067",
        "icon_id": "mount-9",
        "icon_scale": 0.3779,
        "base_shift": -0.0775,
        "priority": 802
      },
      "geometry": {
        "type": "Point",
        "coordinates": [
          41.194257,
          43.586507
        ]
      }
    },
    {
      "type": "Feature",
      "properties": {
        "id": "mount-0069",
        "type": "mountain",
        "longitude": 41.15736,
        "latitude": 43.594216,
        "elevation_m": 3035,
        "name": "",
        "point_id": "mount-0069",
        "icon_id": "mount-4",
        "icon_scale": 0.3652,
        "base_shift": -0.0787,
        "priority": 799
      },
      "geometry": {
        "type": "Point",
        "coordinates": [
          41.15736,
          43.594216
        ]
      }
    },
    {
      "type": "Feature",
      "properties": {
        "id": "mount-0071",
        "type": "mountain",
        "longitude": 41.244586,
        "latitude": 43.547312,
        "elevation_m": 2231,
        "name": "",
        "point_id": "mount-0071",
        "icon_id": "mount-27",
        "icon_scale": 0.3617,
        "base_shift": -0.0867,
        "priority": 773
      },
      "geometry": {
        "type": "Point",
        "coordinates": [
          41.244586,
          43.547312
        ]
      }
    },
    {
      "type": "Feature",
      "properties": {
        "id": "mount-0080",
        "type": "mountain",
        "longitude": 41.096077,
        "latitude": 43.506643,
        "elevation_m": 3000,
        "name": "",
        "point_id": "mount-0080",
        "icon_id": "mount-6",
        "icon_scale": 0.3646,
        "base_shift": -0.0729,
        "priority": 798
      },
      "geometry": {
        "type": "Point",
        "coordinates": [
          41.096077,
          43.506643
        ]
      }
    },
    {
      "type": "Feature",
      "properties": {
        "id": "mount-0084",
        "type": "mountain",
        "longitude": 43.302462,
        "latitude": 43.405328,
        "elevation_m": 2259,
        "name": "",
        "point_id": "mount-0084",
        "icon_id": "mount-30",
        "icon_scale": 0.4244,
        "base_shift": 0.0781,
        "priority": 774
      },
      "geometry": {
        "type": "Point",
        "coordinates": [
          43.302462,
          43.405328
        ]
      }
    },
    {
      "type": "Feature",
      "properties": {
        "id": "mount-0092",
        "type": "mountain",
        "longitude": 43.648467,
        "latitude": 43.069852,
        "elevation_m": 2995,
        "name": "",
        "point_id": "mount-0092",
        "icon_id": "mount-18",
        "icon_scale": 0.4397,
        "base_shift": 0.0581,
        "priority": 798
      },
      "geometry": {
        "type": "Point",
        "coordinates": [
          43.648467,
          43.069852
        ]
      }
    },
    {
      "type": "Feature",
      "properties": {
        "id": "mount-0096",
        "type": "mountain",
        "longitude": 41.276107,
        "latitude": 43.601613,
        "elevation_m": 2918,
        "name": "",
        "point_id": "mount-0096",
        "icon_id": "mount-9",
        "icon_scale": 0.3846,
        "base_shift": -0.0814,
        "priority": 795
      },
      "geometry": {
        "type": "Point",
        "coordinates": [
          41.276107,
          43.601613
        ]
      }
    },
    {
      "type": "Feature",
      "properties": {
        "id": "mount-0097",
        "type": "mountain",
        "longitude": 40.982373,
        "latitude": 43.775223,
        "elevation_m": 2305,
        "name": "",
        "point_id": "mount-0097",
        "icon_id": "mount-4",
        "icon_scale": 0.3904,
        "base_shift": 0.0131,
        "priority": 715
      },
      "geometry": {
        "type": "Point",
        "coordinates": [
          40.982373,
          43.775223
        ]
      }
    },
    {
      "type": "Feature",
      "properties": {
        "id": "mount-0100",
        "type": "mountain",
        "longitude": 41.055007,
        "latitude": 43.504745,
        "elevation_m": 2843,
        "name": "",
        "point_id": "mount-0100",
        "icon_id": "mount-27",
        "icon_scale": 0.3832,
        "base_shift": 0.0688,
        "priority": 793
      },
      "geometry": {
        "type": "Point",
        "coordinates": [
          41.055007,
          43.504745
        ]
      }
    },
    {
      "type": "Feature",
      "properties": {
        "id": "mount-0108",
        "type": "mountain",
        "longitude": 43.109375,
        "latitude": 43.407464,
        "elevation_m": 2691,
        "name": "",
        "point_id": "mount-0108",
        "icon_id": "mount-6",
        "icon_scale": 0.4334,
        "base_shift": -0.0779,
        "priority": 788
      },
      "geometry": {
        "type": "Point",
        "coordinates": [
          43.109375,
          43.407464
        ]
      }
    },
    {
      "type": "Feature",
      "properties": {
        "id": "mount-0110",
        "type": "mountain",
        "longitude": 43.095106,
        "latitude": 42.937747,
        "elevation_m": 3004,
        "name": "",
        "point_id": "mount-0110",
        "icon_id": "mount-30",
        "icon_scale": 0.4049,
        "base_shift": 0.0065,
        "priority": 738
      },
      "geometry": {
        "type": "Point",
        "coordinates": [
          43.095106,
          42.937747
        ]
      }
    },
    {
      "type": "Feature",
      "properties": {
        "id": "mount-0125",
        "type": "mountain",
        "longitude": 41.668997,
        "latitude": 43.432868,
        "elevation_m": 3027,
        "name": "",
        "point_id": "mount-0125",
        "icon_id": "mount-18",
        "icon_scale": 0.3866,
        "base_shift": -0.0801,
        "priority": 799
      },
      "geometry": {
        "type": "Point",
        "coordinates": [
          41.668997,
          43.432868
        ]
      }
    },
    {
      "type": "Feature",
      "properties": {
        "id": "mount-0132",
        "type": "mountain",
        "longitude": 41.707213,
        "latitude": 43.49051,
        "elevation_m": 2590,
        "name": "",
        "point_id": "mount-0132",
        "icon_id": "mount-9",
        "icon_scale": 0.3997,
        "base_shift": -0.0834,
        "priority": 785
      },
      "geometry": {
        "type": "Point",
        "coordinates": [
          41.707213,
          43.49051
        ]
      }
    },
    {
      "type": "Feature",
      "properties": {
        "id": "mount-0139",
        "type": "mountain",
        "longitude": 40.910028,
        "latitude": 43.529081,
        "elevation_m": 2715,
        "name": "",
        "point_id": "mount-0139",
        "icon_id": "mount-4",
        "icon_scale": 0.3989,
        "base_shift": -0.0022,
        "priority": 729
      },
      "geometry": {
        "type": "Point",
        "coordinates": [
          40.910028,
          43.529081
        ]
      }
    },
    {
      "type": "Feature",
      "properties": {
        "id": "mount-0152",
        "type": "mountain",
        "longitude": 40.809628,
        "latitude": 43.567255,
        "elevation_m": 2663,
        "name": "",
        "point_id": "mount-0152",
        "icon_id": "mount-27",
        "icon_scale": 0.3881,
        "base_shift": -0.0061,
        "priority": 727
      },
      "geometry": {
        "type": "Point",
        "coordinates": [
          40.809628,
          43.567255
        ]
      }
    },
    {
      "type": "Feature",
      "properties": {
        "id": "mount-0172",
        "type": "mountain",
        "longitude": 41.130044,
        "latitude": 43.497865,
        "elevation_m": 3113,
        "name": "",
        "point_id": "mount-0172",
        "icon_id": "mount-6",
        "icon_scale": 0.3557,
        "base_shift": -0.0808,
        "priority": 801
      },
      "geometry": {
        "type": "Point",
        "coordinates": [
          41.130044,
          43.497865
        ]
      }
    },
    {
      "type": "Feature",
      "properties": {
        "id": "mount-0176",
        "type": "mountain",
        "longitude": 41.075156,
        "latitude": 43.478647,
        "elevation_m": 2955,
        "name": "",
        "point_id": "mount-0176",
        "icon_id": "mount-30",
        "icon_scale": 0.3745,
        "base_shift": -0.0705,
        "priority": 796
      },
      "geometry": {
        "type": "Point",
        "coordinates": [
          41.075156,
          43.478647
        ]
      }
    },
    {
      "type": "Feature",
      "properties": {
        "id": "mount-0178",
        "type": "mountain",
        "longitude": 41.095862,
        "latitude": 43.459103,
        "elevation_m": 2969,
        "name": "",
        "point_id": "mount-0178",
        "icon_id": "mount-18",
        "icon_scale": 0.3748,
        "base_shift": -0.0753,
        "priority": 797
      },
      "geometry": {
        "type": "Point",
        "coordinates": [
          41.095862,
          43.459103
        ]
      }
    },
    {
      "type": "Feature",
      "properties": {
        "id": "mount-0179",
        "type": "mountain",
        "longitude": 41.031489,
        "latitude": 43.537241,
        "elevation_m": 3018,
        "name": "",
        "point_id": "mount-0179",
        "icon_id": "mount-9",
        "icon_scale": 0.3864,
        "base_shift": 0.0711,
        "priority": 798
      },
      "geometry": {
        "type": "Point",
        "coordinates": [
          41.031489,
          43.537241
        ]
      }
    },
    {
      "type": "Feature",
      "properties": {
        "id": "mount-0189",
        "type": "mountain",
        "longitude": 41.774397,
        "latitude": 43.434379,
        "elevation_m": 2812,
        "name": "",
        "point_id": "mount-0189",
        "icon_id": "mount-4",
        "icon_scale": 0.372,
        "base_shift": 0.0847,
        "priority": 792
      },
      "geometry": {
        "type": "Point",
        "coordinates": [
          41.774397,
          43.434379
        ]
      }
    },
    {
      "type": "Feature",
      "properties": {
        "id": "mount-0191",
        "type": "mountain",
        "longitude": 41.959941,
        "latitude": 43.400519,
        "elevation_m": 2945,
        "name": "",
        "point_id": "mount-0191",
        "icon_id": "mount-27",
        "icon_scale": 0.3743,
        "base_shift": -0.0832,
        "priority": 796
      },
      "geometry": {
        "type": "Point",
        "coordinates": [
          41.959941,
          43.400519
        ]
      }
    },
    {
      "type": "Feature",
      "properties": {
        "id": "mount-0192",
        "type": "mountain",
        "longitude": 41.815714,
        "latitude": 43.488891,
        "elevation_m": 3050,
        "name": "",
        "point_id": "mount-0192",
        "icon_id": "mount-6",
        "icon_scale": 0.387,
        "base_shift": 0.081,
        "priority": 799
      },
      "geometry": {
        "type": "Point",
        "coordinates": [
          41.815714,
          43.488891
        ]
      }
    },
    {
      "type": "Feature",
      "properties": {
        "id": "mount-0199",
        "type": "mountain",
        "longitude": 41.808289,
        "latitude": 43.522788,
        "elevation_m": 2153,
        "name": "",
        "point_id": "mount-0199",
        "icon_id": "mount-30",
        "icon_scale": 0.3809,
        "base_shift": 0.0853,
        "priority": 771
      },
      "geometry": {
        "type": "Point",
        "coordinates": [
          41.808289,
          43.522788
        ]
      }
    },
    {
      "type": "Feature",
      "properties": {
        "id": "mount-0201",
        "type": "mountain",
        "longitude": 41.922809,
        "latitude": 43.412561,
        "elevation_m": 3178,
        "name": "",
        "point_id": "mount-0201",
        "icon_id": "mount-18",
        "icon_scale": 0.3893,
        "base_shift": -0.0745,
        "priority": 803
      },
      "geometry": {
        "type": "Point",
        "coordinates": [
          41.922809,
          43.412561
        ]
      }
    },
    {
      "type": "Feature",
      "properties": {
        "id": "mount-0209",
        "type": "mountain",
        "longitude": 41.556655,
        "latitude": 43.475501,
        "elevation_m": 2795,
        "name": "",
        "point_id": "mount-0209",
        "icon_id": "mount-9",
        "icon_scale": 0.3397,
        "base_shift": 0.0847,
        "priority": 791
      },
      "geometry": {
        "type": "Point",
        "coordinates": [
          41.556655,
          43.475501
        ]
      }
    },
    {
      "type": "Feature",
      "properties": {
        "id": "mount-0210",
        "type": "mountain",
        "longitude": 41.567223,
        "latitude": 43.501593,
        "elevation_m": 2730,
        "name": "",
        "point_id": "mount-0210",
        "icon_id": "mount-4",
        "icon_scale": 0.3705,
        "base_shift": 0.0863,
        "priority": 789
      },
      "geometry": {
        "type": "Point",
        "coordinates": [
          41.567223,
          43.501593
        ]
      }
    },
    {
      "type": "Feature",
      "properties": {
        "id": "mount-0212",
        "type": "mountain",
        "longitude": 41.508032,
        "latitude": 43.445036,
        "elevation_m": 2865,
        "name": "",
        "point_id": "mount-0212",
        "icon_id": "mount-27",
        "icon_scale": 0.3409,
        "base_shift": 0.0854,
        "priority": 793
      },
      "geometry": {
        "type": "Point",
        "coordinates": [
          41.508032,
          43.445036
        ]
      }
    },
    {
      "type": "Feature",
      "properties": {
        "id": "mount-0213",
        "type": "mountain",
        "longitude": 41.531818,
        "latitude": 43.451517,
        "elevation_m": 2995,
        "name": "",
        "point_id": "mount-0213",
        "icon_id": "mount-6",
        "icon_scale": 0.3537,
        "base_shift": 0.0832,
        "priority": 798
      },
      "geometry": {
        "type": "Point",
        "coordinates": [
          41.531818,
          43.451517
        ]
      }
    },
    {
      "type": "Feature",
      "properties": {
        "id": "mount-0214",
        "type": "mountain",
        "longitude": 41.530874,
        "latitude": 43.425598,
        "elevation_m": 3170,
        "name": "",
        "point_id": "mount-0214",
        "icon_id": "mount-30",
        "icon_scale": 0.3458,
        "base_shift": 0.0822,
        "priority": 803
      },
      "geometry": {
        "type": "Point",
        "coordinates": [
          41.530874,
          43.425598
        ]
      }
    },
    {
      "type": "Feature",
      "properties": {
        "id": "mount-0220",
        "type": "mountain",
        "longitude": 41.428982,
        "latitude": 43.552164,
        "elevation_m": 2965,
        "name": "",
        "point_id": "mount-0220",
        "icon_id": "mount-18",
        "icon_scale": 0.3747,
        "base_shift": -0.0849,
        "priority": 797
      },
      "geometry": {
        "type": "Point",
        "coordinates": [
          41.428982,
          43.552164
        ]
      }
    },
    {
      "type": "Feature",
      "properties": {
        "id": "mount-0222",
        "type": "mountain",
        "longitude": 41.327176,
        "latitude": 43.531874,
        "elevation_m": 2906,
        "name": "",
        "point_id": "mount-0222",
        "icon_id": "mount-9",
        "icon_scale": 0.3736,
        "base_shift": 0.0771,
        "priority": 795
      },
      "geometry": {
        "type": "Point",
        "coordinates": [
          41.327176,
          43.531874
        ]
      }
    },
    {
      "type": "Feature",
      "properties": {
        "id": "mount-0225",
        "type": "mountain",
        "longitude": 41.369458,
        "latitude": 43.517614,
        "elevation_m": 2998,
        "name": "",
        "point_id": "mount-0225",
        "icon_id": "mount-4",
        "icon_scale": 0.3968,
        "base_shift": -0.0817,
        "priority": 798
      },
      "geometry": {
        "type": "Point",
        "coordinates": [
          41.369458,
          43.517614
        ]
      }
    },
    {
      "type": "Feature",
      "properties": {
        "id": "mount-0230",
        "type": "mountain",
        "longitude": 41.047926,
        "latitude": 43.609389,
        "elevation_m": 2795,
        "name": "",
        "point_id": "mount-0230",
        "icon_id": "mount-27",
        "icon_scale": 0.3717,
        "base_shift": 0.0867,
        "priority": 791
      },
      "geometry": {
        "type": "Point",
        "coordinates": [
          41.047926,
          43.609389
        ]
      }
    },
    {
      "type": "Feature",
      "properties": {
        "id": "mount-0236",
        "type": "mountain",
        "longitude": 41.189235,
        "latitude": 43.61057,
        "elevation_m": 2941,
        "name": "",
        "point_id": "mount-0236",
        "icon_id": "mount-6",
        "icon_scale": 0.385,
        "base_shift": -0.0711,
        "priority": 796
      },
      "geometry": {
        "type": "Point",
        "coordinates": [
          41.189235,
          43.61057
        ]
      }
    },
    {
      "type": "Feature",
      "properties": {
        "id": "mount-0238",
        "type": "mountain",
        "longitude": 41.115818,
        "latitude": 43.61071,
        "elevation_m": 2965,
        "name": "",
        "point_id": "mount-0238",
        "icon_id": "mount-30",
        "icon_scale": 0.3747,
        "base_shift": -0.0857,
        "priority": 797
      },
      "geometry": {
        "type": "Point",
        "coordinates": [
          41.115818,
          43.61071
        ]
      }
    },
    {
      "type": "Feature",
      "properties": {
        "id": "mount-0244",
        "type": "mountain",
        "longitude": 41.004131,
        "latitude": 43.677091,
        "elevation_m": 2628,
        "name": "",
        "point_id": "mount-0244",
        "icon_id": "mount-18",
        "icon_scale": 0.4004,
        "base_shift": -0.0684,
        "priority": 786
      },
      "geometry": {
        "type": "Point",
        "coordinates": [
          41.004131,
          43.677091
        ]
      }
    },
    {
      "type": "Feature",
      "properties": {
        "id": "mount-0254",
        "type": "mountain",
        "longitude": 41.631092,
        "latitude": 43.351131,
        "elevation_m": 3005,
        "name": "",
        "point_id": "mount-0254",
        "icon_id": "mount-9",
        "icon_scale": 0.3969,
        "base_shift": -0.0836,
        "priority": 798
      },
      "geometry": {
        "type": "Point",
        "coordinates": [
          41.631092,
          43.351131
        ]
      }
    },
    {
      "type": "Feature",
      "properties": {
        "id": "mount-0255",
        "type": "mountain",
        "longitude": 41.624794,
        "latitude": 43.453947,
        "elevation_m": 3184,
        "name": "",
        "point_id": "mount-0255",
        "icon_id": "mount-4",
        "icon_scale": 0.346,
        "base_shift": 0.0733,
        "priority": 804
      },
      "geometry": {
        "type": "Point",
        "coordinates": [
          41.624794,
          43.453947
        ]
      }
    },
    {
      "type": "Feature",
      "properties": {
        "id": "mount-0257",
        "type": "mountain",
        "longitude": 40.845194,
        "latitude": 43.487474,
        "elevation_m": 2639,
        "name": "",
        "point_id": "mount-0257",
        "icon_id": "mount-27",
        "icon_scale": 0.3973,
        "base_shift": 0.0104,
        "priority": 726
      },
      "geometry": {
        "type": "Point",
        "coordinates": [
          40.845194,
          43.487474
        ]
      }
    },
    {
      "type": "Feature",
      "properties": {
        "id": "mount-0262",
        "type": "mountain",
        "longitude": 42.227046,
        "latitude": 43.43607,
        "elevation_m": 2756,
        "name": "",
        "point_id": "mount-0262",
        "icon_id": "mount-6",
        "icon_scale": 0.371,
        "base_shift": 0.0799,
        "priority": 790
      },
      "geometry": {
        "type": "Point",
        "coordinates": [
          42.227046,
          43.43607
        ]
      }
    },
    {
      "type": "Feature",
      "properties": {
        "id": "mount-0268",
        "type": "mountain",
        "longitude": 42.16733,
        "latitude": 43.464133,
        "elevation_m": 3038,
        "name": "",
        "point_id": "mount-0268",
        "icon_id": "mount-30",
        "icon_scale": 0.3544,
        "base_shift": 0.0823,
        "priority": 799
      },
      "geometry": {
        "type": "Point",
        "coordinates": [
          42.16733,
          43.464133
        ]
      }
    },
    {
      "type": "Feature",
      "properties": {
        "id": "mount-0272",
        "type": "mountain",
        "longitude": 42.403772,
        "latitude": 43.494884,
        "elevation_m": 2480,
        "name": "",
        "point_id": "mount-0272",
        "icon_id": "mount-18",
        "icon_scale": 0.3871,
        "base_shift": -0.0676,
        "priority": 781
      },
      "geometry": {
        "type": "Point",
        "coordinates": [
          42.403772,
          43.494884
        ]
      }
    },
    {
      "type": "Feature",
      "properties": {
        "id": "mount-0299",
        "type": "mountain",
        "longitude": 41.044986,
        "latitude": 43.64908,
        "elevation_m": 3069,
        "name": "",
        "point_id": "mount-0299",
        "icon_id": "mount-9",
        "icon_scale": 0.3765,
        "base_shift": -0.0801,
        "priority": 800
      },
      "geometry": {
        "type": "Point",
        "coordinates": [
          41.044986,
          43.64908
        ]
      }
    },
    {
      "type": "Feature",
      "properties": {
        "id": "mount-0303",
        "type": "mountain",
        "longitude": 41.746438,
        "latitude": 43.338132,
        "elevation_m": 3141,
        "name": "",
        "point_id": "mount-0303",
        "icon_id": "mount-4",
        "icon_scale": 0.367,
        "base_shift": 0.0795,
        "priority": 802
      },
      "geometry": {
        "type": "Point",
        "coordinates": [
          41.746438,
          43.338132
        ]
      }
    },
    {
      "type": "Feature",
      "properties": {
        "id": "mount-0320",
        "type": "mountain",
        "longitude": 42.441162,
        "latitude": 43.704794,
        "elevation_m": 2554,
        "name": "",
        "point_id": "mount-0320",
        "icon_id": "mount-27",
        "icon_scale": 0.42,
        "base_shift": -0.0839,
        "priority": 783
      },
      "geometry": {
        "type": "Point",
        "coordinates": [
          42.441162,
          43.704794
        ]
      }
    },
    {
      "type": "Feature",
      "properties": {
        "id": "mount-0322",
        "type": "mountain",
        "longitude": 41.418704,
        "latitude": 43.379187,
        "elevation_m": 3123,
        "name": "",
        "point_id": "mount-0322",
        "icon_id": "mount-6",
        "icon_scale": 0.3451,
        "base_shift": 0.0817,
        "priority": 802
      },
      "geometry": {
        "type": "Point",
        "coordinates": [
          41.418704,
          43.379187
        ]
      }
    },
    {
      "type": "Feature",
      "properties": {
        "id": "mount-0325",
        "type": "mountain",
        "longitude": 41.457853,
        "latitude": 43.369782,
        "elevation_m": 2763,
        "name": "",
        "point_id": "mount-0325",
        "icon_id": "mount-30",
        "icon_scale": 0.3392,
        "base_shift": -0.0874,
        "priority": 790
      },
      "geometry": {
        "type": "Point",
        "coordinates": [
          41.457853,
          43.369782
        ]
      }
    },
    {
      "type": "Feature",
      "properties": {
        "id": "mount-0326",
        "type": "mountain",
        "longitude": 41.268961,
        "latitude": 43.531469,
        "elevation_m": 2104,
        "name": "",
        "point_id": "mount-0326",
        "icon_id": "mount-18",
        "icon_scale": 0.3491,
        "base_shift": -0.0862,
        "priority": 769
      },
      "geometry": {
        "type": "Point",
        "coordinates": [
          41.268961,
          43.531469
        ]
      }
    },
    {
      "type": "Feature",
      "properties": {
        "id": "mount-0361",
        "type": "mountain",
        "longitude": 40.793964,
        "latitude": 43.826539,
        "elevation_m": 2555,
        "name": "",
        "point_id": "mount-0361",
        "icon_id": "mount-9",
        "icon_scale": 0.3956,
        "base_shift": -0.0135,
        "priority": 723
      },
      "geometry": {
        "type": "Point",
        "coordinates": [
          40.793964,
          43.826539
        ]
      }
    },
    {
      "type": "Feature",
      "properties": {
        "id": "mount-0367",
        "type": "mountain",
        "longitude": 41.207678,
        "latitude": 43.760014,
        "elevation_m": 1809,
        "name": "",
        "point_id": "mount-0367",
        "icon_id": "mount-4",
        "icon_scale": 0.38,
        "base_shift": -0.0119,
        "priority": 700
      },
      "geometry": {
        "type": "Point",
        "coordinates": [
          41.207678,
          43.760014
        ]
      }
    },
    {
      "type": "Feature",
      "properties": {
        "id": "mount-0377",
        "type": "mountain",
        "longitude": 40.900115,
        "latitude": 43.756356,
        "elevation_m": 2217,
        "name": "",
        "point_id": "mount-0377",
        "icon_id": "mount-27",
        "icon_scale": 0.379,
        "base_shift": 0.0027,
        "priority": 713
      },
      "geometry": {
        "type": "Point",
        "coordinates": [
          40.900115,
          43.756356
        ]
      }
    },
    {
      "type": "Feature",
      "properties": {
        "id": "mount-0389",
        "type": "mountain",
        "longitude": 41.18018,
        "latitude": 43.731391,
        "elevation_m": 2015,
        "name": "",
        "point_id": "mount-0389",
        "icon_id": "mount-6",
        "icon_scale": 0.3749,
        "base_shift": 0.0124,
        "priority": 706
      },
      "geometry": {
        "type": "Point",
        "coordinates": [
          41.18018,
          43.731391
        ]
      }
    },
    {
      "type": "Feature",
      "properties": {
        "id": "mount-0399",
        "type": "mountain",
        "longitude": 41.042583,
        "latitude": 43.680264,
        "elevation_m": 2613,
        "name": "",
        "point_id": "mount-0399",
        "icon_id": "mount-30",
        "icon_scale": 0.3896,
        "base_shift": -0.0711,
        "priority": 785
      },
      "geometry": {
        "type": "Point",
        "coordinates": [
          41.042583,
          43.680264
        ]
      }
    },
    {
      "type": "Feature",
      "properties": {
        "id": "mount-0405",
        "type": "mountain",
        "longitude": 41.075971,
        "latitude": 43.621297,
        "elevation_m": 3026,
        "name": "",
        "point_id": "mount-0405",
        "icon_id": "mount-18",
        "icon_scale": 0.365,
        "base_shift": -0.0874,
        "priority": 799
      },
      "geometry": {
        "type": "Point",
        "coordinates": [
          41.075971,
          43.621297
        ]
      }
    },
    {
      "type": "Feature",
      "properties": {
        "id": "mount-0408",
        "type": "mountain",
        "longitude": 41.085112,
        "latitude": 43.574585,
        "elevation_m": 2092,
        "name": "",
        "point_id": "mount-0408",
        "icon_id": "mount-9",
        "icon_scale": 0.3283,
        "base_shift": 0.086,
        "priority": 769
      },
      "geometry": {
        "type": "Point",
        "coordinates": [
          41.085112,
          43.574585
        ]
      }
    },
    {
      "type": "Feature",
      "properties": {
        "id": "mount-0409",
        "type": "mountain",
        "longitude": 41.106527,
        "latitude": 43.595746,
        "elevation_m": 2211,
        "name": "",
        "point_id": "mount-0409",
        "icon_id": "mount-4",
        "icon_scale": 0.3406,
        "base_shift": -0.0893,
        "priority": 772
      },
      "geometry": {
        "type": "Point",
        "coordinates": [
          41.106527,
          43.595746
        ]
      }
    },
    {
      "type": "Feature",
      "properties": {
        "id": "mount-0412",
        "type": "mountain",
        "longitude": 41.018411,
        "latitude": 43.623409,
        "elevation_m": 2707,
        "name": "",
        "point_id": "mount-0412",
        "icon_id": "mount-27",
        "icon_scale": 0.3913,
        "base_shift": 0.0802,
        "priority": 788
      },
      "geometry": {
        "type": "Point",
        "coordinates": [
          41.018411,
          43.623409
        ]
      }
    },
    {
      "type": "Feature",
      "properties": {
        "id": "mount-0418",
        "type": "mountain",
        "longitude": 40.800776,
        "latitude": 43.659878,
        "elevation_m": 2409,
        "name": "",
        "point_id": "mount-0418",
        "icon_id": "mount-6",
        "icon_scale": 0.3925,
        "base_shift": -0.0047,
        "priority": 719
      },
      "geometry": {
        "type": "Point",
        "coordinates": [
          40.800776,
          43.659878
        ]
      }
    },
    {
      "type": "Feature",
      "properties": {
        "id": "mount-0425",
        "type": "mountain",
        "longitude": 41.145376,
        "latitude": 43.680295,
        "elevation_m": 2541,
        "name": "",
        "point_id": "mount-0425",
        "icon_id": "mount-30",
        "icon_scale": 0.3987,
        "base_shift": -0.0644,
        "priority": 783
      },
      "geometry": {
        "type": "Point",
        "coordinates": [
          41.145376,
          43.680295
        ]
      }
    },
    {
      "type": "Feature",
      "properties": {
        "id": "mount-0433",
        "type": "mountain",
        "longitude": 41.153122,
        "latitude": 43.562209,
        "elevation_m": 1994,
        "name": "",
        "point_id": "mount-0433",
        "icon_id": "mount-18",
        "icon_scale": 0.337,
        "base_shift": -0.0874,
        "priority": 765
      },
      "geometry": {
        "type": "Point",
        "coordinates": [
          41.153122,
          43.562209
        ]
      }
    },
    {
      "type": "Feature",
      "properties": {
        "id": "mount-0443",
        "type": "mountain",
        "longitude": 41.18018,
        "latitude": 43.640905,
        "elevation_m": 2906,
        "name": "",
        "point_id": "mount-0443",
        "icon_id": "mount-9",
        "icon_scale": 0.3843,
        "base_shift": -0.0692,
        "priority": 795
      },
      "geometry": {
        "type": "Point",
        "coordinates": [
          41.18018,
          43.640905
        ]
      }
    },
    {
      "type": "Feature",
      "properties": {
        "id": "mount-0446",
        "type": "mountain",
        "longitude": 43.069657,
        "latitude": 43.353105,
        "elevation_m": 2581,
        "name": "",
        "point_id": "mount-0446",
        "icon_id": "mount-4",
        "icon_scale": 0.3995,
        "base_shift": -0.0765,
        "priority": 784
      },
      "geometry": {
        "type": "Point",
        "coordinates": [
          43.069657,
          43.353105
        ]
      }
    },
    {
      "type": "Feature",
      "properties": {
        "id": "mount-0460",
        "type": "mountain",
        "longitude": 40.872799,
        "latitude": 43.46119,
        "elevation_m": 2269,
        "name": "",
        "point_id": "mount-0460",
        "icon_id": "mount-27",
        "icon_scale": 0.3896,
        "base_shift": -0.0075,
        "priority": 714
      },
      "geometry": {
        "type": "Point",
        "coordinates": [
          40.872799,
          43.46119
        ]
      }
    },
    {
      "type": "Feature",
      "properties": {
        "id": "mount-0466",
        "type": "mountain",
        "longitude": 41.008111,
        "latitude": 43.43903,
        "elevation_m": 2782,
        "name": "",
        "point_id": "mount-0466",
        "icon_id": "mount-6",
        "icon_scale": 0.4034,
        "base_shift": -0.0554,
        "priority": 791
      },
      "geometry": {
        "type": "Point",
        "coordinates": [
          41.008111,
          43.43903
        ]
      }
    },
    {
      "type": "Feature",
      "properties": {
        "id": "mount-0470",
        "type": "mountain",
        "longitude": 41.117556,
        "latitude": 43.440098,
        "elevation_m": 3111,
        "name": "",
        "point_id": "mount-0470",
        "icon_id": "mount-30",
        "icon_scale": 0.3881,
        "base_shift": -0.0782,
        "priority": 801
      },
      "geometry": {
        "type": "Point",
        "coordinates": [
          41.117556,
          43.440098
        ]
      }
    },
    {
      "type": "Feature",
      "properties": {
        "id": "mount-0472",
        "type": "mountain",
        "longitude": 41.123521,
        "latitude": 43.543206,
        "elevation_m": 2164,
        "name": "",
        "point_id": "mount-0472",
        "icon_id": "mount-18",
        "icon_scale": 0.3295,
        "base_shift": 0.0848,
        "priority": 771
      },
      "geometry": {
        "type": "Point",
        "coordinates": [
          41.123521,
          43.543206
        ]
      }
    },
    {
      "type": "Feature",
      "properties": {
        "id": "mount-0474",
        "type": "mountain",
        "longitude": 41.057292,
        "latitude": 43.437823,
        "elevation_m": 2308,
        "name": "",
        "point_id": "mount-0474",
        "icon_id": "mount-9",
        "icon_scale": 0.3734,
        "base_shift": -0.0657,
        "priority": 776
      },
      "geometry": {
        "type": "Point",
        "coordinates": [
          41.057292,
          43.437823
        ]
      }
    },
    {
      "type": "Feature",
      "properties": {
        "id": "mount-0482",
        "type": "mountain",
        "longitude": 40.991567,
        "latitude": 43.499009,
        "elevation_m": 2410,
        "name": "",
        "point_id": "mount-0482",
        "icon_id": "mount-4",
        "icon_scale": 0.4066,
        "base_shift": 0.0578,
        "priority": 779
      },
      "geometry": {
        "type": "Point",
        "coordinates": [
          40.991567,
          43.499009
        ]
      }
    },
    {
      "type": "Feature",
      "properties": {
        "id": "mount-0486",
        "type": "mountain",
        "longitude": 41.156899,
        "latitude": 43.515654,
        "elevation_m": 2497,
        "name": "",
        "point_id": "mount-0486",
        "icon_id": "mount-27",
        "icon_scale": 0.3454,
        "base_shift": -0.0815,
        "priority": 782
      },
      "geometry": {
        "type": "Point",
        "coordinates": [
          41.156899,
          43.515654
        ]
      }
    },
    {
      "type": "Feature",
      "properties": {
        "id": "mount-0488",
        "type": "mountain",
        "longitude": 41.12483,
        "latitude": 43.526055,
        "elevation_m": 2626,
        "name": "",
        "point_id": "mount-0488",
        "icon_id": "mount-6",
        "icon_scale": 0.3687,
        "base_shift": 0.0802,
        "priority": 786
      },
      "geometry": {
        "type": "Point",
        "coordinates": [
          41.12483,
          43.526055
        ]
      }
    },
    {
      "type": "Feature",
      "properties": {
        "id": "mount-0495",
        "type": "mountain",
        "longitude": 41.051037,
        "latitude": 43.403855,
        "elevation_m": 2651,
        "name": "",
        "point_id": "mount-0495",
        "icon_id": "mount-30",
        "icon_scale": 0.4114,
        "base_shift": -0.0619,
        "priority": 787
      },
      "geometry": {
        "type": "Point",
        "coordinates": [
          41.051037,
          43.403855
        ]
      }
    },
    {
      "type": "Feature",
      "properties": {
        "id": "mount-0507",
        "type": "mountain",
        "longitude": 40.944167,
        "latitude": 43.425747,
        "elevation_m": 2797,
        "name": "",
        "point_id": "mount-0507",
        "icon_id": "mount-18",
        "icon_scale": 0.3908,
        "base_shift": 0.0048,
        "priority": 731
      },
      "geometry": {
        "type": "Point",
        "coordinates": [
          40.944167,
          43.425747
        ]
      }
    },
    {
      "type": "Feature",
      "properties": {
        "id": "mount-0509",
        "type": "mountain",
        "longitude": 40.984089,
        "latitude": 43.46439,
        "elevation_m": 2804,
        "name": "",
        "point_id": "mount-0509",
        "icon_id": "mount-9",
        "icon_scale": 0.3714,
        "base_shift": -0.0086,
        "priority": 731
      },
      "geometry": {
        "type": "Point",
        "coordinates": [
          40.984089,
          43.46439
        ]
      }
    },
    {
      "type": "Feature",
      "properties": {
        "id": "mount-0514",
        "type": "mountain",
        "longitude": 41.168615,
        "latitude": 43.382688,
        "elevation_m": 2926,
        "name": "",
        "point_id": "mount-0514",
        "icon_id": "mount-4",
        "icon_scale": 0.3847,
        "base_shift": 0.086,
        "priority": 795
      },
      "geometry": {
        "type": "Point",
        "coordinates": [
          41.168615,
          43.382688
        ]
      }
    },
    {
      "type": "Feature",
      "properties": {
        "id": "mount-0516",
        "type": "mountain",
        "longitude": 41.204803,
        "latitude": 43.374329,
        "elevation_m": 3018,
        "name": "",
        "point_id": "mount-0516",
        "icon_id": "mount-27",
        "icon_scale": 0.4079,
        "base_shift": 0.0821,
        "priority": 798
      },
      "geometry": {
        "type": "Point",
        "coordinates": [
          41.204803,
          43.374329
        ]
      }
    },
    {
      "type": "Feature",
      "properties": {
        "id": "mount-0525",
        "type": "mountain",
        "longitude": 41.030706,
        "latitude": 43.462537,
        "elevation_m": 2424,
        "name": "",
        "point_id": "mount-0525",
        "icon_id": "mount-6",
        "icon_scale": 0.3755,
        "base_shift": -0.0612,
        "priority": 779
      },
      "geometry": {
        "type": "Point",
        "coordinates": [
          41.030706,
          43.462537
        ]
      }
    },
    {
      "type": "Feature",
      "properties": {
        "id": "mount-0534",
        "type": "mountain",
        "longitude": 41.18503,
        "latitude": 43.348962,
        "elevation_m": 2185,
        "name": "",
        "point_id": "mount-0534",
        "icon_id": "mount-30",
        "icon_scale": 0.4125,
        "base_shift": 0.0766,
        "priority": 772
      },
      "geometry": {
        "type": "Point",
        "coordinates": [
          41.18503,
          43.348962
        ]
      }
    },
    {
      "type": "Feature",
      "properties": {
        "id": "mount-0537",
        "type": "mountain",
        "longitude": 41.200887,
        "latitude": 43.488183,
        "elevation_m": 2547,
        "name": "",
        "point_id": "mount-0537",
        "icon_id": "mount-18",
        "icon_scale": 0.3568,
        "base_shift": 0.0859,
        "priority": 783
      },
      "geometry": {
        "type": "Point",
        "coordinates": [
          41.200887,
          43.488183
        ]
      }
    },
    {
      "type": "Feature",
      "properties": {
        "id": "mount-0543",
        "type": "mountain",
        "longitude": 41.288756,
        "latitude": 43.378392,
        "elevation_m": 2740,
        "name": "",
        "point_id": "mount-0543",
        "icon_id": "mount-9",
        "icon_scale": 0.3707,
        "base_shift": 0.0849,
        "priority": 789
      },
      "geometry": {
        "type": "Point",
        "coordinates": [
          41.288756,
          43.378392
        ]
      }
    },
    {
      "type": "Feature",
      "properties": {
        "id": "mount-0549",
        "type": "mountain",
        "longitude": 41.401098,
        "latitude": 43.455754,
        "elevation_m": 2950,
        "name": "",
        "point_id": "mount-0549",
        "icon_id": "mount-4",
        "icon_scale": 0.3422,
        "base_shift": 0.0858,
        "priority": 796
      },
      "geometry": {
        "type": "Point",
        "coordinates": [
          41.401098,
          43.455754
        ]
      }
    },
    {
      "type": "Feature",
      "properties": {
        "id": "mount-0554",
        "type": "mountain",
        "longitude": 41.23523,
        "latitude": 43.39705,
        "elevation_m": 2959,
        "name": "",
        "point_id": "mount-0554",
        "icon_id": "mount-27",
        "icon_scale": 0.3746,
        "base_shift": -0.0784,
        "priority": 796
      },
      "geometry": {
        "type": "Point",
        "coordinates": [
          41.23523,
          43.39705
        ]
      }
    },
    {
      "type": "Feature",
      "properties": {
        "id": "mount-0556",
        "type": "mountain",
        "longitude": 41.323099,
        "latitude": 43.335604,
        "elevation_m": 2958,
        "name": "",
        "point_id": "mount-0556",
        "icon_id": "mount-6",
        "icon_scale": 0.3853,
        "base_shift": 0.065,
        "priority": 796
      },
      "geometry": {
        "type": "Point",
        "coordinates": [
          41.323099,
          43.335604
        ]
      }
    },
    {
      "type": "Feature",
      "properties": {
        "id": "mount-0561",
        "type": "mountain",
        "longitude": 41.420828,
        "latitude": 43.478016,
        "elevation_m": 3149,
        "name": "",
        "point_id": "mount-0561",
        "icon_id": "mount-30",
        "icon_scale": 0.378,
        "base_shift": 0.0827,
        "priority": 802
      },
      "geometry": {
        "type": "Point",
        "coordinates": [
          41.420828,
          43.478016
        ]
      }
    },
    {
      "type": "Feature",
      "properties": {
        "id": "mount-0563",
        "type": "mountain",
        "longitude": 41.194289,
        "latitude": 43.54798,
        "elevation_m": 1936,
        "name": "",
        "point_id": "mount-0563",
        "icon_id": "mount-18",
        "icon_scale": 0.3462,
        "base_shift": -0.0871,
        "priority": 764
      },
      "geometry": {
        "type": "Point",
        "coordinates": [
          41.194289,
          43.54798
        ]
      }
    },
    {
      "type": "Feature",
      "properties": {
        "id": "mount-0565",
        "type": "mountain",
        "longitude": 41.365371,
        "latitude": 43.59514,
        "elevation_m": 2155,
        "name": "",
        "point_id": "mount-0565",
        "icon_id": "mount-9",
        "icon_scale": 0.35,
        "base_shift": -0.0868,
        "priority": 771
      },
      "geometry": {
        "type": "Point",
        "coordinates": [
          41.365371,
          43.59514
        ]
      }
    },
    {
      "type": "Feature",
      "properties": {
        "id": "mount-0569",
        "type": "mountain",
        "longitude": 41.378814,
        "latitude": 43.56102,
        "elevation_m": 2290,
        "name": "",
        "point_id": "mount-0569",
        "icon_id": "mount-4",
        "icon_scale": 0.3731,
        "base_shift": 0.0863,
        "priority": 775
      },
      "geometry": {
        "type": "Point",
        "coordinates": [
          41.378814,
          43.56102
        ]
      }
    },
    {
      "type": "Feature",
      "properties": {
        "id": "mount-0571",
        "type": "mountain",
        "longitude": 41.282308,
        "latitude": 43.632309,
        "elevation_m": 2307,
        "name": "",
        "point_id": "mount-0571",
        "icon_id": "mount-27",
        "icon_scale": 0.3734,
        "base_shift": -0.0749,
        "priority": 776
      },
      "geometry": {
        "type": "Point",
        "coordinates": [
          41.282308,
          43.632309
        ]
      }
    },
    {
      "type": "Feature",
      "properties": {
        "id": "mount-0575",
        "type": "mountain",
        "longitude": 41.337529,
        "latitude": 43.633847,
        "elevation_m": 2350,
        "name": "",
        "point_id": "mount-0575",
        "icon_id": "mount-6",
        "icon_scale": 0.3638,
        "base_shift": -0.0819,
        "priority": 777
      },
      "geometry": {
        "type": "Point",
        "coordinates": [
          41.337529,
          43.633847
        ]
      }
    },
    {
      "type": "Feature",
      "properties": {
        "id": "mount-0589",
        "type": "mountain",
        "longitude": 41.298476,
        "latitude": 43.598994,
        "elevation_m": 2815,
        "name": "",
        "point_id": "mount-0589",
        "icon_id": "mount-30",
        "icon_scale": 0.372,
        "base_shift": -0.0819,
        "priority": 792
      },
      "geometry": {
        "type": "Point",
        "coordinates": [
          41.298476,
          43.598994
        ]
      }
    },
    {
      "type": "Feature",
      "properties": {
        "id": "mount-0590",
        "type": "mountain",
        "longitude": 41.238395,
        "latitude": 43.617747,
        "elevation_m": 2860,
        "name": "",
        "point_id": "mount-0590",
        "icon_id": "mount-18",
        "icon_scale": 0.3728,
        "base_shift": -0.0761,
        "priority": 793
      },
      "geometry": {
        "type": "Point",
        "coordinates": [
          41.238395,
          43.617747
        ]
      }
    },
    {
      "type": "Feature",
      "properties": {
        "id": "mount-0591",
        "type": "mountain",
        "longitude": 41.276128,
        "latitude": 43.485412,
        "elevation_m": 2910,
        "name": "",
        "point_id": "mount-0591",
        "icon_id": "mount-9",
        "icon_scale": 0.3737,
        "base_shift": 0.0804,
        "priority": 795
      },
      "geometry": {
        "type": "Point",
        "coordinates": [
          41.276128,
          43.485412
        ]
      }
    },
    {
      "type": "Feature",
      "properties": {
        "id": "mount-0593",
        "type": "mountain",
        "longitude": 41.224576,
        "latitude": 43.580842,
        "elevation_m": 3032,
        "name": "",
        "point_id": "mount-0593",
        "icon_id": "mount-4",
        "icon_scale": 0.3651,
        "base_shift": -0.0809,
        "priority": 799
      },
      "geometry": {
        "type": "Point",
        "coordinates": [
          41.224576,
          43.580842
        ]
      }
    },
    {
      "type": "Feature",
      "properties": {
        "id": "mount-0597",
        "type": "mountain",
        "longitude": 41.545604,
        "latitude": 43.607012,
        "elevation_m": 1957,
        "name": "",
        "point_id": "mount-0597",
        "icon_id": "mount-27",
        "icon_scale": 0.3568,
        "base_shift": 0.0872,
        "priority": 764
      },
      "geometry": {
        "type": "Point",
        "coordinates": [
          41.545604,
          43.607012
        ]
      }
    },
    {
      "type": "Feature",
      "properties": {
        "id": "mount-0600",
        "type": "mountain",
        "longitude": 41.533288,
        "latitude": 43.592739,
        "elevation_m": 2157,
        "name": "",
        "point_id": "mount-0600",
        "icon_id": "mount-6",
        "icon_scale": 0.3397,
        "base_shift": 0.084,
        "priority": 771
      },
      "geometry": {
        "type": "Point",
        "coordinates": [
          41.533288,
          43.592739
        ]
      }
    },
    {
      "type": "Feature",
      "properties": {
        "id": "mount-0602",
        "type": "mountain",
        "longitude": 41.568822,
        "latitude": 43.591504,
        "elevation_m": 2552,
        "name": "",
        "point_id": "mount-0602",
        "icon_id": "mount-30",
        "icon_scale": 0.3674,
        "base_shift": -0.0833,
        "priority": 783
      },
      "geometry": {
        "type": "Point",
        "coordinates": [
          41.568822,
          43.591504
        ]
      }
    },
    {
      "type": "Feature",
      "properties": {
        "id": "mount-0603",
        "type": "mountain",
        "longitude": 41.462435,
        "latitude": 43.702537,
        "elevation_m": 1833,
        "name": "",
        "point_id": "mount-0603",
        "icon_id": "mount-18",
        "icon_scale": 0.4054,
        "base_shift": -0.0862,
        "priority": 760
      },
      "geometry": {
        "type": "Point",
        "coordinates": [
          41.462435,
          43.702537
        ]
      }
    },
    {
      "type": "Feature",
      "properties": {
        "id": "mount-0605",
        "type": "mountain",
        "longitude": 41.464055,
        "latitude": 43.594729,
        "elevation_m": 2128,
        "name": "",
        "point_id": "mount-0605",
        "icon_id": "mount-9",
        "icon_scale": 0.3289,
        "base_shift": 0.0876,
        "priority": 770
      },
      "geometry": {
        "type": "Point",
        "coordinates": [
          41.464055,
          43.594729
        ]
      }
    },
    {
      "type": "Feature",
      "properties": {
        "id": "mount-0607",
        "type": "mountain",
        "longitude": 41.459162,
        "latitude": 43.578549,
        "elevation_m": 2130,
        "name": "",
        "point_id": "mount-0607",
        "icon_id": "mount-4",
        "icon_scale": 0.3393,
        "base_shift": 0.0878,
        "priority": 770
      },
      "geometry": {
        "type": "Point",
        "coordinates": [
          41.459162,
          43.578549
        ]
      }
    },
    {
      "type": "Feature",
      "properties": {
        "id": "mount-0614",
        "type": "mountain",
        "longitude": 41.473689,
        "latitude": 43.54466,
        "elevation_m": 2547,
        "name": "",
        "point_id": "mount-0614",
        "icon_id": "mount-27",
        "icon_scale": 0.3357,
        "base_shift": 0.0863,
        "priority": 783
      },
      "geometry": {
        "type": "Point",
        "coordinates": [
          41.473689,
          43.54466
        ]
      }
    },
    {
      "type": "Feature",
      "properties": {
        "id": "mount-0616",
        "type": "mountain",
        "longitude": 41.229275,
        "latitude": 43.65328,
        "elevation_m": 2649,
        "name": "",
        "point_id": "mount-0616",
        "icon_id": "mount-6",
        "icon_scale": 0.3902,
        "base_shift": -0.0686,
        "priority": 786
      },
      "geometry": {
        "type": "Point",
        "coordinates": [
          41.229275,
          43.65328
        ]
      }
    },
    {
      "type": "Feature",
      "properties": {
        "id": "mount-0617",
        "type": "mountain",
        "longitude": 41.480083,
        "latitude": 43.554489,
        "elevation_m": 2723,
        "name": "",
        "point_id": "mount-0617",
        "icon_id": "mount-30",
        "icon_scale": 0.3386,
        "base_shift": 0.0844,
        "priority": 789
      },
      "geometry": {
        "type": "Point",
        "coordinates": [
          41.480083,
          43.554489
        ]
      }
    },
    {
      "type": "Feature",
      "properties": {
        "id": "mount-0619",
        "type": "mountain",
        "longitude": 41.407127,
        "latitude": 43.524585,
        "elevation_m": 2785,
        "name": "",
        "point_id": "mount-0619",
        "icon_id": "mount-18",
        "icon_scale": 0.3821,
        "base_shift": -0.0842,
        "priority": 791
      },
      "geometry": {
        "type": "Point",
        "coordinates": [
          41.407127,
          43.524585
        ]
      }
    },
    {
      "type": "Feature",
      "properties": {
        "id": "mount-0623",
        "type": "mountain",
        "longitude": 41.821915,
        "latitude": 43.419809,
        "elevation_m": 3038,
        "name": "",
        "point_id": "mount-0623",
        "icon_id": "mount-9",
        "icon_scale": 0.3868,
        "base_shift": -0.081,
        "priority": 799
      },
      "geometry": {
        "type": "Point",
        "coordinates": [
          41.821915,
          43.419809
        ]
      }
    },
    {
      "type": "Feature",
      "properties": {
        "id": "mount-0628",
        "type": "mountain",
        "longitude": 42.705842,
        "latitude": 43.311713,
        "elevation_m": 2905,
        "name": "",
        "point_id": "mount-0628",
        "icon_id": "mount-4",
        "icon_scale": 0.3736,
        "base_shift": -0.0858,
        "priority": 795
      },
      "geometry": {
        "type": "Point",
        "coordinates": [
          42.705842,
          43.311713
        ]
      }
    },
    {
      "type": "Feature",
      "properties": {
        "id": "mount-0629",
        "type": "mountain",
        "longitude": 41.242021,
        "latitude": 43.359463,
        "elevation_m": 3141,
        "name": "",
        "point_id": "mount-0629",
        "icon_id": "mount-27",
        "icon_scale": 0.4103,
        "base_shift": 0.079,
        "priority": 802
      },
      "geometry": {
        "type": "Point",
        "coordinates": [
          41.242021,
          43.359463
        ]
      }
    },
    {
      "type": "Feature",
      "properties": {
        "id": "mount-0630",
        "type": "mountain",
        "longitude": 43.013041,
        "latitude": 43.187898,
        "elevation_m": 3177,
        "name": "",
        "point_id": "mount-0630",
        "icon_id": "mount-6",
        "icon_scale": 0.3893,
        "base_shift": -0.0819,
        "priority": 803
      },
      "geometry": {
        "type": "Point",
        "coordinates": [
          43.013041,
          43.187898
        ]
      }
    },
    {
      "type": "Feature",
      "properties": {
        "id": "mount-0637",
        "type": "mountain",
        "longitude": 41.300268,
        "latitude": 43.446929,
        "elevation_m": 2706,
        "name": "",
        "point_id": "mount-0637",
        "icon_id": "mount-30",
        "icon_scale": 0.3701,
        "base_shift": 0.0844,
        "priority": 788
      },
      "geometry": {
        "type": "Point",
        "coordinates": [
          41.300268,
          43.446929
        ]
      }
    },
    {
      "type": "Feature",
      "properties": {
        "id": "mount-0640",
        "type": "mountain",
        "longitude": 41.596824,
        "latitude": 43.318715,
        "elevation_m": 3099,
        "name": "",
        "point_id": "mount-0640",
        "icon_id": "mount-18",
        "icon_scale": 0.3771,
        "base_shift": -0.0781,
        "priority": 801
      },
      "geometry": {
        "type": "Point",
        "coordinates": [
          41.596824,
          43.318715
        ]
      }
    },
    {
      "type": "Feature",
      "properties": {
        "id": "mount-0648",
        "type": "mountain",
        "longitude": 41.567169,
        "latitude": 43.283665,
        "elevation_m": 2691,
        "name": "",
        "point_id": "mount-0648",
        "icon_id": "mount-9",
        "icon_scale": 0.3698,
        "base_shift": 0.0848,
        "priority": 788
      },
      "geometry": {
        "type": "Point",
        "coordinates": [
          41.567169,
          43.283665
        ]
      }
    },
    {
      "type": "Feature",
      "properties": {
        "id": "mount-0653",
        "type": "mountain",
        "longitude": 41.523331,
        "latitude": 43.371396,
        "elevation_m": 3147,
        "name": "",
        "point_id": "mount-0653",
        "icon_id": "mount-4",
        "icon_scale": 0.3671,
        "base_shift": 0.0873,
        "priority": 802
      },
      "geometry": {
        "type": "Point",
        "coordinates": [
          41.523331,
          43.371396
        ]
      }
    },
    {
      "type": "Feature",
      "properties": {
        "id": "mount-0656",
        "type": "mountain",
        "longitude": 41.525391,
        "latitude": 43.506885,
        "elevation_m": 2280,
        "name": "",
        "point_id": "mount-0656",
        "icon_id": "mount-27",
        "icon_scale": 0.3521,
        "base_shift": -0.0877,
        "priority": 775
      },
      "geometry": {
        "type": "Point",
        "coordinates": [
          41.525391,
          43.506885
        ]
      }
    },
    {
      "type": "Feature",
      "properties": {
        "id": "mount-0657",
        "type": "mountain",
        "longitude": 41.702203,
        "latitude": 43.532488,
        "elevation_m": 2346,
        "name": "",
        "point_id": "mount-0657",
        "icon_id": "mount-6",
        "icon_scale": 0.3324,
        "base_shift": -0.0794,
        "priority": 777
      },
      "geometry": {
        "type": "Point",
        "coordinates": [
          41.702203,
          43.532488
        ]
      }
    },
    {
      "type": "Feature",
      "properties": {
        "id": "mount-0658",
        "type": "mountain",
        "longitude": 41.744485,
        "latitude": 43.530015,
        "elevation_m": 2340,
        "name": "",
        "point_id": "mount-0658",
        "icon_id": "mount-30",
        "icon_scale": 0.3844,
        "base_shift": -0.0851,
        "priority": 777
      },
      "geometry": {
        "type": "Point",
        "coordinates": [
          41.744485,
          43.530015
        ]
      }
    },
    {
      "type": "Feature",
      "properties": {
        "id": "mount-0663",
        "type": "mountain",
        "longitude": 41.606426,
        "latitude": 43.531189,
        "elevation_m": 2674,
        "name": "",
        "point_id": "mount-0663",
        "icon_id": "mount-18",
        "icon_scale": 0.3695,
        "base_shift": 0.0851,
        "priority": 787
      },
      "geometry": {
        "type": "Point",
        "coordinates": [
          41.606426,
          43.531189
        ]
      }
    },
    {
      "type": "Feature",
      "properties": {
        "id": "mount-0664",
        "type": "mountain",
        "longitude": 41.913968,
        "latitude": 43.508106,
        "elevation_m": 2819,
        "name": "",
        "point_id": "mount-0664",
        "icon_id": "mount-9",
        "icon_scale": 0.3508,
        "base_shift": 0.0641,
        "priority": 792
      },
      "geometry": {
        "type": "Point",
        "coordinates": [
          41.913968,
          43.508106
        ]
      }
    },
    {
      "type": "Feature",
      "properties": {
        "id": "mount-0665",
        "type": "mountain",
        "longitude": 41.875827,
        "latitude": 43.519676,
        "elevation_m": 2887,
        "name": "",
        "point_id": "mount-0665",
        "icon_id": "mount-4",
        "icon_scale": 0.3412,
        "base_shift": 0.0771,
        "priority": 794
      },
      "geometry": {
        "type": "Point",
        "coordinates": [
          41.875827,
          43.519676
        ]
      }
    },
    {
      "type": "Feature",
      "properties": {
        "id": "mount-0671",
        "type": "mountain",
        "longitude": 41.61678,
        "latitude": 43.511359,
        "elevation_m": 3092,
        "name": "",
        "point_id": "mount-0671",
        "icon_id": "mount-27",
        "icon_scale": 0.3877,
        "base_shift": 0.0815,
        "priority": 801
      },
      "geometry": {
        "type": "Point",
        "coordinates": [
          41.61678,
          43.511359
        ]
      }
    },
    {
      "type": "Feature",
      "properties": {
        "id": "mount-0682",
        "type": "mountain",
        "longitude": 41.5133,
        "latitude": 43.252916,
        "elevation_m": 2557,
        "name": "",
        "point_id": "mount-0682",
        "icon_id": "mount-6",
        "icon_scale": 0.4096,
        "base_shift": 0.069,
        "priority": 784
      },
      "geometry": {
        "type": "Point",
        "coordinates": [
          41.5133,
          43.252916
        ]
      }
    },
    {
      "type": "Feature",
      "properties": {
        "id": "mount-0683",
        "type": "mountain",
        "longitude": 41.57998,
        "latitude": 43.277682,
        "elevation_m": 2747,
        "name": "",
        "point_id": "mount-0683",
        "icon_id": "mount-30",
        "icon_scale": 0.3708,
        "base_shift": 0.0834,
        "priority": 790
      },
      "geometry": {
        "type": "Point",
        "coordinates": [
          41.57998,
          43.277682
        ]
      }
    },
    {
      "type": "Feature",
      "properties": {
        "id": "mount-0685",
        "type": "mountain",
        "longitude": 41.598648,
        "latitude": 43.2733,
        "elevation_m": 2830,
        "name": "",
        "point_id": "mount-0685",
        "icon_id": "mount-18",
        "icon_scale": 0.383,
        "base_shift": 0.083,
        "priority": 792
      },
      "geometry": {
        "type": "Point",
        "coordinates": [
          41.598648,
          43.2733
        ]
      }
    },
    {
      "type": "Feature",
      "properties": {
        "id": "mount-0686",
        "type": "mountain",
        "longitude": 41.549027,
        "latitude": 43.317926,
        "elevation_m": 2975,
        "name": "",
        "point_id": "mount-0686",
        "icon_id": "mount-9",
        "icon_scale": 0.3749,
        "base_shift": -0.0858,
        "priority": 797
      },
      "geometry": {
        "type": "Point",
        "coordinates": [
          41.549027,
          43.317926
        ]
      }
    },
    {
      "type": "Feature",
      "properties": {
        "id": "mount-0699",
        "type": "mountain",
        "longitude": 41.648258,
        "latitude": 43.310393,
        "elevation_m": 2044,
        "name": "",
        "point_id": "mount-0699",
        "icon_id": "mount-4",
        "icon_scale": 0.3789,
        "base_shift": 0.0795,
        "priority": 767
      },
      "geometry": {
        "type": "Point",
        "coordinates": [
          41.648258,
          43.310393
        ]
      }
    },
    {
      "type": "Feature",
      "properties": {
        "id": "mount-0704",
        "type": "mountain",
        "longitude": 41.677612,
        "latitude": 43.317177,
        "elevation_m": 2195,
        "name": "",
        "point_id": "mount-0704",
        "icon_id": "mount-27",
        "icon_scale": 0.392,
        "base_shift": 0.0856,
        "priority": 772
      },
      "geometry": {
        "type": "Point",
        "coordinates": [
          41.677612,
          43.317177
        ]
      }
    },
    {
      "type": "Feature",
      "properties": {
        "id": "mount-0707",
        "type": "mountain",
        "longitude": 41.705207,
        "latitude": 43.356959,
        "elevation_m": 2414,
        "name": "",
        "point_id": "mount-0707",
        "icon_id": "mount-6",
        "icon_scale": 0.3963,
        "base_shift": 0.087,
        "priority": 779
      },
      "geometry": {
        "type": "Point",
        "coordinates": [
          41.705207,
          43.356959
        ]
      }
    },
    {
      "type": "Feature",
      "properties": {
        "id": "mount-0710",
        "type": "mountain",
        "longitude": 41.70261,
        "latitude": 43.325466,
        "elevation_m": 2442,
        "name": "",
        "point_id": "mount-0710",
        "icon_id": "mount-30",
        "icon_scale": 0.3759,
        "base_shift": 0.0839,
        "priority": 780
      },
      "geometry": {
        "type": "Point",
        "coordinates": [
          41.70261,
          43.325466
        ]
      }
    },
    {
      "type": "Feature",
      "properties": {
        "id": "mount-0723",
        "type": "mountain",
        "longitude": 41.74574,
        "latitude": 43.388864,
        "elevation_m": 2722,
        "name": "",
        "point_id": "mount-0723",
        "icon_id": "mount-18",
        "icon_scale": 0.3598,
        "base_shift": 0.0851,
        "priority": 789
      },
      "geometry": {
        "type": "Point",
        "coordinates": [
          41.74574,
          43.388864
        ]
      }
    },
    {
      "type": "Feature",
      "properties": {
        "id": "mount-0734",
        "type": "mountain",
        "longitude": 41.814383,
        "latitude": 43.291217,
        "elevation_m": 2852,
        "name": "",
        "point_id": "mount-0734",
        "icon_id": "mount-9",
        "icon_scale": 0.3727,
        "base_shift": -0.0629,
        "priority": 793
      },
      "geometry": {
        "type": "Point",
        "coordinates": [
          41.814383,
          43.291217
        ]
      }
    },
    {
      "type": "Feature",
      "properties": {
        "id": "mount-0736",
        "type": "mountain",
        "longitude": 41.842214,
        "latitude": 43.259112,
        "elevation_m": 2850,
        "name": "",
        "point_id": "mount-0736",
        "icon_id": "mount-4",
        "icon_scale": 0.362,
        "base_shift": -0.072,
        "priority": 793
      },
      "geometry": {
        "type": "Point",
        "coordinates": [
          41.842214,
          43.259112
        ]
      }
    },
    {
      "type": "Feature",
      "properties": {
        "id": "mount-0738",
        "type": "mountain",
        "longitude": 41.669394,
        "latitude": 43.205997,
        "elevation_m": 2878,
        "name": "",
        "point_id": "mount-0738",
        "icon_id": "mount-27",
        "icon_scale": 0.3945,
        "base_shift": -0.0646,
        "priority": 794
      },
      "geometry": {
        "type": "Point",
        "coordinates": [
          41.669394,
          43.205997
        ]
      }
    },
    {
      "type": "Feature",
      "properties": {
        "id": "mount-0742",
        "type": "mountain",
        "longitude": 41.793022,
        "latitude": 43.319698,
        "elevation_m": 2958,
        "name": "",
        "point_id": "mount-0742",
        "icon_id": "mount-6",
        "icon_scale": 0.3531,
        "base_shift": 0.0712,
        "priority": 796
      },
      "geometry": {
        "type": "Point",
        "coordinates": [
          41.793022,
          43.319698
        ]
      }
    },
    {
      "type": "Feature",
      "properties": {
        "id": "mount-0743",
        "type": "mountain",
        "longitude": 41.689049,
        "latitude": 43.284126,
        "elevation_m": 3002,
        "name": "",
        "point_id": "mount-0743",
        "icon_id": "mount-30",
        "icon_scale": 0.3754,
        "base_shift": 0.0827,
        "priority": 798
      },
      "geometry": {
        "type": "Point",
        "coordinates": [
          41.689049,
          43.284126
        ]
      }
    },
    {
      "type": "Feature",
      "properties": {
        "id": "mount-0775",
        "type": "mountain",
        "longitude": 41.768475,
        "latitude": 43.406903,
        "elevation_m": 2631,
        "name": "",
        "point_id": "mount-0775",
        "icon_id": "mount-18",
        "icon_scale": 0.3688,
        "base_shift": 0.0845,
        "priority": 786
      },
      "geometry": {
        "type": "Point",
        "coordinates": [
          41.768475,
          43.406903
        ]
      }
    },
    {
      "type": "Feature",
      "properties": {
        "id": "mount-0776",
        "type": "mountain",
        "longitude": 41.982794,
        "latitude": 43.331929,
        "elevation_m": 2838,
        "name": "",
        "point_id": "mount-0776",
        "icon_id": "mount-9",
        "icon_scale": 0.3724,
        "base_shift": -0.0856,
        "priority": 793
      },
      "geometry": {
        "type": "Point",
        "coordinates": [
          41.982794,
          43.331929
        ]
      }
    },
    {
      "type": "Feature",
      "properties": {
        "id": "mount-0780",
        "type": "mountain",
        "longitude": 41.973492,
        "latitude": 43.346161,
        "elevation_m": 2838,
        "name": "",
        "point_id": "mount-0780",
        "icon_id": "mount-4",
        "icon_scale": 0.3724,
        "base_shift": -0.0845,
        "priority": 793
      },
      "geometry": {
        "type": "Point",
        "coordinates": [
          41.973492,
          43.346161
        ]
      }
    },
    {
      "type": "Feature",
      "properties": {
        "id": "mount-0782",
        "type": "mountain",
        "longitude": 41.856827,
        "latitude": 43.45119,
        "elevation_m": 2879,
        "name": "",
        "point_id": "mount-0782",
        "icon_id": "mount-27",
        "icon_scale": 0.3732,
        "base_shift": 0.0832,
        "priority": 794
      },
      "geometry": {
        "type": "Point",
        "coordinates": [
          41.856827,
          43.45119
        ]
      }
    },
    {
      "type": "Feature",
      "properties": {
        "id": "mount-0787",
        "type": "mountain",
        "longitude": 41.93284,
        "latitude": 43.381316,
        "elevation_m": 2887,
        "name": "",
        "point_id": "mount-0787",
        "icon_id": "mount-6",
        "icon_scale": 0.3733,
        "base_shift": -0.0774,
        "priority": 794
      },
      "geometry": {
        "type": "Point",
        "coordinates": [
          41.93284,
          43.381316
        ]
      }
    },
    {
      "type": "Feature",
      "properties": {
        "id": "mount-0793",
        "type": "mountain",
        "longitude": 41.95521,
        "latitude": 43.362411,
        "elevation_m": 2964,
        "name": "",
        "point_id": "mount-0793",
        "icon_id": "mount-30",
        "icon_scale": 0.3639,
        "base_shift": -0.0817,
        "priority": 797
      },
      "geometry": {
        "type": "Point",
        "coordinates": [
          41.95521,
          43.362411
        ]
      }
    },
    {
      "type": "Feature",
      "properties": {
        "id": "mount-0803",
        "type": "mountain",
        "longitude": 41.939288,
        "latitude": 43.315296,
        "elevation_m": 3180,
        "name": "",
        "point_id": "mount-0803",
        "icon_id": "mount-18",
        "icon_scale": 0.346,
        "base_shift": -0.0827,
        "priority": 803
      },
      "geometry": {
        "type": "Point",
        "coordinates": [
          41.939288,
          43.315296
        ]
      }
    },
    {
      "type": "Feature",
      "properties": {
        "id": "mount-0806",
        "type": "mountain",
        "longitude": 41.776189,
        "latitude": 43.382688,
        "elevation_m": 3170,
        "name": "",
        "point_id": "mount-0806",
        "icon_id": "mount-9",
        "icon_scale": 0.3458,
        "base_shift": 0.0807,
        "priority": 803
      },
      "geometry": {
        "type": "Point",
        "coordinates": [
          41.776189,
          43.382688
        ]
      }
    },
    {
      "type": "Feature",
      "properties": {
        "id": "mount-0807",
        "type": "mountain",
        "longitude": 41.905589,
        "latitude": 43.602452,
        "elevation_m": 1814,
        "name": "",
        "point_id": "mount-0807",
        "icon_id": "mount-4",
        "icon_scale": 0.3746,
        "base_shift": 0.0849,
        "priority": 760
      },
      "geometry": {
        "type": "Point",
        "coordinates": [
          41.905589,
          43.602452
        ]
      }
    },
    {
      "type": "Feature",
      "properties": {
        "id": "mount-0811",
        "type": "mountain",
        "longitude": 41.993469,
        "latitude": 43.565568,
        "elevation_m": 1937,
        "name": "",
        "point_id": "mount-0811",
        "icon_id": "mount-27",
        "icon_scale": 0.4075,
        "base_shift": -0.0704,
        "priority": 764
      },
      "geometry": {
        "type": "Point",
        "coordinates": [
          41.993469,
          43.565568
        ]
      }
    },
    {
      "type": "Feature",
      "properties": {
        "id": "mount-0816",
        "type": "mountain",
        "longitude": 42.203443,
        "latitude": 43.6581,
        "elevation_m": 1949,
        "name": "",
        "point_id": "mount-0816",
        "icon_id": "mount-6",
        "icon_scale": 0.3873,
        "base_shift": 0.0733,
        "priority": 764
      },
      "geometry": {
        "type": "Point",
        "coordinates": [
          42.203443,
          43.6581
        ]
      }
    },
    {
      "type": "Feature",
      "properties": {
        "id": "mount-0819",
        "type": "mountain",
        "longitude": 41.907864,
        "latitude": 43.631921,
        "elevation_m": 1816,
        "name": "",
        "point_id": "mount-0819",
        "icon_id": "mount-30",
        "icon_scale": 0.3644,
        "base_shift": 0.0846,
        "priority": 760
      },
      "geometry": {
        "type": "Point",
        "coordinates": [
          41.907864,
          43.631921
        ]
      }
    },
    {
      "type": "Feature",
      "properties": {
        "id": "mount-0820",
        "type": "mountain",
        "longitude": 41.740783,
        "latitude": 43.620986,
        "elevation_m": 1845,
        "name": "",
        "point_id": "mount-0820",
        "icon_id": "mount-18",
        "icon_scale": 0.365,
        "base_shift": 0.0798,
        "priority": 761
      },
      "geometry": {
        "type": "Point",
        "coordinates": [
          41.740783,
          43.620986
        ]
      }
    },
    {
      "type": "Feature",
      "properties": {
        "id": "mount-0822",
        "type": "mountain",
        "longitude": 42.075351,
        "latitude": 43.72225,
        "elevation_m": 1880,
        "name": "",
        "point_id": "mount-0822",
        "icon_id": "mount-9",
        "icon_scale": 0.3962,
        "base_shift": 0.0751,
        "priority": 762
      },
      "geometry": {
        "type": "Point",
        "coordinates": [
          42.075351,
          43.72225
        ]
      }
    },
    {
      "type": "Feature",
      "properties": {
        "id": "mount-0823",
        "type": "mountain",
        "longitude": 41.824769,
        "latitude": 43.589095,
        "elevation_m": 1932,
        "name": "",
        "point_id": "mount-0823",
        "icon_id": "mount-4",
        "icon_scale": 0.3768,
        "base_shift": -0.0866,
        "priority": 764
      },
      "geometry": {
        "type": "Point",
        "coordinates": [
          41.824769,
          43.589095
        ]
      }
    },
    {
      "type": "Feature",
      "properties": {
        "id": "mount-0830",
        "type": "mountain",
        "longitude": 41.773968,
        "latitude": 43.58709,
        "elevation_m": 2033,
        "name": "",
        "point_id": "mount-0830",
        "icon_id": "mount-27",
        "icon_scale": 0.3581,
        "base_shift": -0.0814,
        "priority": 767
      },
      "geometry": {
        "type": "Point",
        "coordinates": [
          41.773968,
          43.58709
        ]
      }
    },
    {
      "type": "Feature",
      "properties": {
        "id": "mount-0831",
        "type": "mountain",
        "longitude": 41.916136,
        "latitude": 43.556744,
        "elevation_m": 2025,
        "name": "",
        "point_id": "mount-0831",
        "icon_id": "mount-6",
        "icon_scale": 0.3683,
        "base_shift": 0.0783,
        "priority": 766
      },
      "geometry": {
        "type": "Point",
        "coordinates": [
          41.916136,
          43.556744
        ]
      }
    },
    {
      "type": "Feature",
      "properties": {
        "id": "mount-0834",
        "type": "mountain",
        "longitude": 41.613529,
        "latitude": 43.546573,
        "elevation_m": 2081,
        "name": "",
        "point_id": "mount-0834",
        "icon_id": "mount-30",
        "icon_scale": 0.3796,
        "base_shift": 0.0863,
        "priority": 768
      },
      "geometry": {
        "type": "Point",
        "coordinates": [
          41.613529,
          43.546573
        ]
      }
    },
    {
      "type": "Feature",
      "properties": {
        "id": "mount-0836",
        "type": "mountain",
        "longitude": 41.769644,
        "latitude": 43.596422,
        "elevation_m": 2202,
        "name": "",
        "point_id": "mount-0836",
        "icon_id": "mount-18",
        "icon_scale": 0.3611,
        "base_shift": -0.0795,
        "priority": 772
      },
      "geometry": {
        "type": "Point",
        "coordinates": [
          41.769644,
          43.596422
        ]
      }
    },
    {
      "type": "Feature",
      "properties": {
        "id": "mount-0845",
        "type": "mountain",
        "longitude": 42.060889,
        "latitude": 43.503297,
        "elevation_m": 2371,
        "name": "",
        "point_id": "mount-0845",
        "icon_id": "mount-9",
        "icon_scale": 0.3641,
        "base_shift": -0.0827,
        "priority": 778
      },
      "geometry": {
        "type": "Point",
        "coordinates": [
          42.060889,
          43.503297
        ]
      }
    },
    {
      "type": "Feature",
      "properties": {
        "id": "mount-0846",
        "type": "mountain",
        "longitude": 41.721536,
        "latitude": 43.56151,
        "elevation_m": 2421,
        "name": "",
        "point_id": "mount-0846",
        "icon_id": "mount-4",
        "icon_scale": 0.3337,
        "base_shift": -0.0787,
        "priority": 779
      },
      "geometry": {
        "type": "Point",
        "coordinates": [
          41.721536,
          43.56151
        ]
      }
    },
    {
      "type": "Feature",
      "properties": {
        "id": "mount-0847",
        "type": "mountain",
        "longitude": 41.673406,
        "latitude": 43.57209,
        "elevation_m": 2449,
        "name": "",
        "point_id": "mount-0847",
        "icon_id": "mount-27",
        "icon_scale": 0.3446,
        "base_shift": 0.0801,
        "priority": 780
      },
      "geometry": {
        "type": "Point",
        "coordinates": [
          41.673406,
          43.57209
        ]
      }
    },
    {
      "type": "Feature",
      "properties": {
        "id": "mount-0851",
        "type": "mountain",
        "longitude": 41.646413,
        "latitude": 43.563407,
        "elevation_m": 2637,
        "name": "",
        "point_id": "mount-0851",
        "icon_id": "mount-6",
        "icon_scale": 0.3583,
        "base_shift": 0.0834,
        "priority": 786
      },
      "geometry": {
        "type": "Point",
        "coordinates": [
          41.646413,
          43.563407
        ]
      }
    },
    {
      "type": "Feature",
      "properties": {
        "id": "mount-0856",
        "type": "mountain",
        "longitude": 41.871053,
        "latitude": 43.56825,
        "elevation_m": 1956,
        "name": "",
        "point_id": "mount-0856",
        "icon_id": "mount-30",
        "icon_scale": 0.3466,
        "base_shift": 0.0851,
        "priority": 764
      },
      "geometry": {
        "type": "Point",
        "coordinates": [
          41.871053,
          43.56825
        ]
      }
    },
    {
      "type": "Feature",
      "properties": {
        "id": "mount-0857",
        "type": "mountain",
        "longitude": 42.072433,
        "latitude": 43.47628,
        "elevation_m": 2409,
        "name": "",
        "point_id": "mount-0857",
        "icon_id": "mount-18",
        "icon_scale": 0.3648,
        "base_shift": -0.0859,
        "priority": 779
      },
      "geometry": {
        "type": "Point",
        "coordinates": [
          42.072433,
          43.47628
        ]
      }
    },
    {
      "type": "Feature",
      "properties": {
        "id": "mount-0858",
        "type": "mountain",
        "longitude": 42.183326,
        "latitude": 43.278502,
        "elevation_m": 2591,
        "name": "",
        "point_id": "mount-0858",
        "icon_id": "mount-9",
        "icon_scale": 0.3575,
        "base_shift": -0.0768,
        "priority": 785
      },
      "geometry": {
        "type": "Point",
        "coordinates": [
          42.183326,
          43.278502
        ]
      }
    },
    {
      "type": "Feature",
      "properties": {
        "id": "mount-0859",
        "type": "mountain",
        "longitude": 42.020109,
        "latitude": 43.31994,
        "elevation_m": 2571,
        "name": "",
        "point_id": "mount-0859",
        "icon_id": "mount-4",
        "icon_scale": 0.3782,
        "base_shift": 0.0862,
        "priority": 784
      },
      "geometry": {
        "type": "Point",
        "coordinates": [
          42.020109,
          43.31994
        ]
      }
    },
    {
      "type": "Feature",
      "properties": {
        "id": "mount-0866",
        "type": "mountain",
        "longitude": 42.011826,
        "latitude": 43.246609,
        "elevation_m": 2392,
        "name": "",
        "point_id": "mount-0866",
        "icon_id": "mount-27",
        "icon_scale": 0.3645,
        "base_shift": 0.0865,
        "priority": 778
      },
      "geometry": {
        "type": "Point",
        "coordinates": [
          42.011826,
          43.246609
        ]
      }
    },
    {
      "type": "Feature",
      "properties": {
        "id": "mount-0870",
        "type": "mountain",
        "longitude": 41.992053,
        "latitude": 43.299752,
        "elevation_m": 2809,
        "name": "",
        "point_id": "mount-0870",
        "icon_id": "mount-6",
        "icon_scale": 0.3613,
        "base_shift": 0.0862,
        "priority": 792
      },
      "geometry": {
        "type": "Point",
        "coordinates": [
          41.992053,
          43.299752
        ]
      }
    },
    {
      "type": "Feature",
      "properties": {
        "id": "mount-0872",
        "type": "mountain",
        "longitude": 41.98082,
        "latitude": 43.253627,
        "elevation_m": 2851,
        "name": "",
        "point_id": "mount-0872",
        "icon_id": "mount-30",
        "icon_scale": 0.3406,
        "base_shift": -0.0867,
        "priority": 793
      },
      "geometry": {
        "type": "Point",
        "coordinates": [
          41.98082,
          43.253627
        ]
      }
    },
    {
      "type": "Feature",
      "properties": {
        "id": "mount-0875",
        "type": "mountain",
        "longitude": 42.962798,
        "latitude": 43.216241,
        "elevation_m": 3136,
        "name": "",
        "point_id": "mount-0875",
        "icon_id": "mount-18",
        "icon_scale": 0.3453,
        "base_shift": -0.0868,
        "priority": 802
      },
      "geometry": {
        "type": "Point",
        "coordinates": [
          42.962798,
          43.216241
        ]
      }
    },
    {
      "type": "Feature",
      "properties": {
        "id": "mount-0876",
        "type": "mountain",
        "longitude": 43.162966,
        "latitude": 43.241139,
        "elevation_m": 2172,
        "name": "",
        "point_id": "mount-0876",
        "icon_id": "mount-9",
        "icon_scale": 0.4019,
        "base_shift": 0.0864,
        "priority": 771
      },
      "geometry": {
        "type": "Point",
        "coordinates": [
          43.162966,
          43.241139
        ]
      }
    },
    {
      "type": "Feature",
      "properties": {
        "id": "mount-0881",
        "type": "mountain",
        "longitude": 43.017558,
        "latitude": 43.221526,
        "elevation_m": 2872,
        "name": "",
        "point_id": "mount-0881",
        "icon_id": "mount-4",
        "icon_scale": 0.373,
        "base_shift": -0.0846,
        "priority": 794
      },
      "geometry": {
        "type": "Point",
        "coordinates": [
          43.017558,
          43.221526
        ]
      }
    },
    {
      "type": "Feature",
      "properties": {
        "id": "mount-0882",
        "type": "mountain",
        "longitude": 41.413329,
        "latitude": 43.440417,
        "elevation_m": 3134,
        "name": "",
        "point_id": "mount-0882",
        "icon_id": "mount-27",
        "icon_scale": 0.3452,
        "base_shift": 0.0825,
        "priority": 802
      },
      "geometry": {
        "type": "Point",
        "coordinates": [
          41.413329,
          43.440417
        ]
      }
    },
    {
      "type": "Feature",
      "properties": {
        "id": "mount-0884",
        "type": "mountain",
        "longitude": 41.404799,
        "latitude": 43.421882,
        "elevation_m": 2976,
        "name": "",
        "point_id": "mount-0884",
        "icon_id": "mount-6",
        "icon_scale": 0.3427,
        "base_shift": 0.0856,
        "priority": 797
      },
      "geometry": {
        "type": "Point",
        "coordinates": [
          41.404799,
          43.421882
        ]
      }
    },
    {
      "type": "Feature",
      "properties": {
        "id": "mount-0886",
        "type": "mountain",
        "longitude": 42.965416,
        "latitude": 43.140264,
        "elevation_m": 2945,
        "name": "",
        "point_id": "mount-0886",
        "icon_id": "mount-30",
        "icon_scale": 0.3636,
        "base_shift": -0.072,
        "priority": 796
      },
      "geometry": {
        "type": "Point",
        "coordinates": [
          42.965416,
          43.140264
        ]
      }
    },
    {
      "type": "Feature",
      "properties": {
        "id": "mount-0889",
        "type": "mountain",
        "longitude": 41.418736,
        "latitude": 43.578813,
        "elevation_m": 2739,
        "name": "",
        "point_id": "mount-0889",
        "icon_id": "mount-18",
        "icon_scale": 0.3494,
        "base_shift": -0.0834,
        "priority": 789
      },
      "geometry": {
        "type": "Point",
        "coordinates": [
          41.418736,
          43.578813
        ]
      }
    },
    {
      "type": "Feature",
      "properties": {
        "id": "mount-0890",
        "type": "mountain",
        "longitude": 41.034719,
        "latitude": 43.566446,
        "elevation_m": 2524,
        "name": "",
        "point_id": "mount-0890",
        "icon_id": "mount-9",
        "icon_scale": 0.3879,
        "base_shift": 0.0757,
        "priority": 782
      },
      "geometry": {
        "type": "Point",
        "coordinates": [
          41.034719,
          43.566446
        ]
      }
    },
    {
      "type": "Feature",
      "properties": {
        "id": "mount-0895",
        "type": "mountain",
        "longitude": 42.352338,
        "latitude": 43.658791,
        "elevation_m": 2286,
        "name": "",
        "point_id": "mount-0895",
        "icon_id": "mount-4",
        "icon_scale": 0.3834,
        "base_shift": -0.0671,
        "priority": 775
      },
      "geometry": {
        "type": "Point",
        "coordinates": [
          42.352338,
          43.658791
        ]
      }
    },
    {
      "type": "Feature",
      "properties": {
        "id": "mount-0896",
        "type": "mountain",
        "longitude": 42.257828,
        "latitude": 43.627448,
        "elevation_m": 1871,
        "name": "",
        "point_id": "mount-0896",
        "icon_id": "mount-27",
        "icon_scale": 0.3858,
        "base_shift": 0.0696,
        "priority": 762
      },
      "geometry": {
        "type": "Point",
        "coordinates": [
          42.257828,
          43.627448
        ]
      }
    },
    {
      "type": "Feature",
      "properties": {
        "id": "mount-0898",
        "type": "mountain",
        "longitude": 42.298758,
        "latitude": 43.630663,
        "elevation_m": 2069,
        "name": "",
        "point_id": "mount-0898",
        "icon_id": "mount-6",
        "icon_scale": 0.3793,
        "base_shift": 0.0632,
        "priority": 768
      },
      "geometry": {
        "type": "Point",
        "coordinates": [
          42.298758,
          43.630663
        ]
      }
    },
    {
      "type": "Feature",
      "properties": {
        "id": "mount-0902",
        "type": "mountain",
        "longitude": 42.484936,
        "latitude": 43.652325,
        "elevation_m": 2238,
        "name": "",
        "point_id": "mount-0902",
        "icon_id": "mount-30",
        "icon_scale": 0.3929,
        "base_shift": 0.0733,
        "priority": 773
      },
      "geometry": {
        "type": "Point",
        "coordinates": [
          42.484936,
          43.652325
        ]
      }
    },
    {
      "type": "Feature",
      "properties": {
        "id": "mount-0903",
        "type": "mountain",
        "longitude": 42.626266,
        "latitude": 43.524383,
        "elevation_m": 2344,
        "name": "",
        "point_id": "mount-0903",
        "icon_id": "mount-18",
        "icon_scale": 0.3845,
        "base_shift": 0.0836,
        "priority": 777
      },
      "geometry": {
        "type": "Point",
        "coordinates": [
          42.626266,
          43.524383
        ]
      }
    },
    {
      "type": "Feature",
      "properties": {
        "id": "mount-0905",
        "type": "mountain",
        "longitude": 42.612383,
        "latitude": 43.475564,
        "elevation_m": 2724,
        "name": "",
        "point_id": "mount-0905",
        "icon_id": "mount-9",
        "icon_scale": 0.3704,
        "base_shift": 0.0816,
        "priority": 789
      },
      "geometry": {
        "type": "Point",
        "coordinates": [
          42.612383,
          43.475564
        ]
      }
    },
    {
      "type": "Feature",
      "properties": {
        "id": "mount-0908",
        "type": "mountain",
        "longitude": 42.340375,
        "latitude": 43.739902,
        "elevation_m": 2479,
        "name": "",
        "point_id": "mount-0908",
        "icon_id": "mount-4",
        "icon_scale": 0.408,
        "base_shift": -0.0712,
        "priority": 781
      },
      "geometry": {
        "type": "Point",
        "coordinates": [
          42.340375,
          43.739902
        ]
      }
    },
    {
      "type": "Feature",
      "properties": {
        "id": "mount-0910",
        "type": "mountain",
        "longitude": 41.702288,
        "latitude": 43.431598,
        "elevation_m": 2506,
        "name": "",
        "point_id": "mount-0910",
        "icon_id": "mount-27",
        "icon_scale": 0.3875,
        "base_shift": -0.085,
        "priority": 782
      },
      "geometry": {
        "type": "Point",
        "coordinates": [
          41.702288,
          43.431598
        ]
      }
    },
    {
      "type": "Feature",
      "properties": {
        "id": "mount-0916",
        "type": "mountain",
        "longitude": 43.422121,
        "latitude": 43.058055,
        "elevation_m": 2989,
        "name": "",
        "point_id": "mount-0916",
        "icon_id": "mount-6",
        "icon_scale": 0.3966,
        "base_shift": 0.0843,
        "priority": 797
      },
      "geometry": {
        "type": "Point",
        "coordinates": [
          43.422121,
          43.058055
        ]
      }
    },
    {
      "type": "Feature",
      "properties": {
        "id": "mount-0920",
        "type": "mountain",
        "longitude": 43.141336,
        "latitude": 42.933969,
        "elevation_m": 2670,
        "name": "",
        "point_id": "mount-0920",
        "icon_id": "mount-30",
        "icon_scale": 0.4118,
        "base_shift": -0.0609,
        "priority": 787
      },
      "geometry": {
        "type": "Point",
        "coordinates": [
          43.141336,
          42.933969
        ]
      }
    },
    {
      "type": "Feature",
      "properties": {
        "id": "mount-0923",
        "type": "mountain",
        "longitude": 43.271681,
        "latitude": 42.880155,
        "elevation_m": 2754,
        "name": "",
        "point_id": "mount-0923",
        "icon_id": "mount-18",
        "icon_scale": 0.4028,
        "base_shift": 0.0649,
        "priority": 790
      },
      "geometry": {
        "type": "Point",
        "coordinates": [
          43.271681,
          42.880155
        ]
      }
    },
    {
      "type": "Feature",
      "properties": {
        "id": "mount-0931",
        "type": "mountain",
        "longitude": 42.055063,
        "latitude": 43.166046,
        "elevation_m": 2866,
        "name": "",
        "point_id": "mount-0931",
        "icon_id": "mount-9",
        "icon_scale": 0.4157,
        "base_shift": 0.0656,
        "priority": 793
      },
      "geometry": {
        "type": "Point",
        "coordinates": [
          42.055063,
          43.166046
        ]
      }
    },
    {
      "type": "Feature",
      "properties": {
        "id": "mount-0932",
        "type": "mountain",
        "longitude": 40.987769,
        "latitude": 43.356678,
        "elevation_m": 2196,
        "name": "",
        "point_id": "mount-0932",
        "icon_id": "mount-4",
        "icon_scale": 0.3881,
        "base_shift": 0.0109,
        "priority": 712
      },
      "geometry": {
        "type": "Point",
        "coordinates": [
          40.987769,
          43.356678
        ]
      }
    },
    {
      "type": "Feature",
      "properties": {
        "id": "mount-0939",
        "type": "mountain",
        "longitude": 42.860498,
        "latitude": 43.321252,
        "elevation_m": 2796,
        "name": "",
        "point_id": "mount-0939",
        "icon_id": "mount-27",
        "icon_scale": 0.3823,
        "base_shift": 0.0847,
        "priority": 791
      },
      "geometry": {
        "type": "Point",
        "coordinates": [
          42.860498,
          43.321252
        ]
      }
    },
    {
      "type": "Feature",
      "properties": {
        "id": "mount-0944",
        "type": "mountain",
        "longitude": 41.142951,
        "latitude": 43.455232,
        "elevation_m": 2663,
        "name": "",
        "point_id": "mount-0944",
        "icon_id": "mount-6",
        "icon_scale": 0.3588,
        "base_shift": -0.085,
        "priority": 787
      },
      "geometry": {
        "type": "Point",
        "coordinates": [
          41.142951,
          43.455232
        ]
      }
    },
    {
      "type": "Feature",
      "properties": {
        "id": "mount-0945",
        "type": "mountain",
        "longitude": 41.173217,
        "latitude": 43.425115,
        "elevation_m": 2744,
        "name": "",
        "point_id": "mount-0945",
        "icon_id": "mount-30",
        "icon_scale": 0.3495,
        "base_shift": -0.0861,
        "priority": 789
      },
      "geometry": {
        "type": "Point",
        "coordinates": [
          41.173217,
          43.425115
        ]
      }
    },
    {
      "type": "Feature",
      "properties": {
        "id": "mount-0947",
        "type": "mountain",
        "longitude": 42.126925,
        "latitude": 43.469078,
        "elevation_m": 2342,
        "name": "",
        "point_id": "mount-0947",
        "icon_id": "mount-18",
        "icon_scale": 0.3532,
        "base_shift": 0.0858,
        "priority": 777
      },
      "geometry": {
        "type": "Point",
        "coordinates": [
          42.126925,
          43.469078
        ]
      }
    },
    {
      "type": "Feature",
      "properties": {
        "id": "mount-0949",
        "type": "mountain",
        "longitude": 42.13362,
        "latitude": 43.480313,
        "elevation_m": 2340,
        "name": "",
        "point_id": "mount-0949",
        "icon_id": "mount-9",
        "icon_scale": 0.3532,
        "base_shift": 0.0859,
        "priority": 777
      },
      "geometry": {
        "type": "Point",
        "coordinates": [
          42.13362,
          43.480313
        ]
      }
    },
    {
      "type": "Feature",
      "properties": {
        "id": "mount-0950",
        "type": "mountain",
        "longitude": 42.856668,
        "latitude": 43.097983,
        "elevation_m": 3194,
        "name": "",
        "point_id": "mount-0950",
        "icon_id": "mount-4",
        "icon_scale": 0.433,
        "base_shift": 0.0659,
        "priority": 804
      },
      "geometry": {
        "type": "Point",
        "coordinates": [
          42.856668,
          43.097983
        ]
      }
    },
    {
      "type": "Feature",
      "properties": {
        "id": "mount-0951",
        "type": "mountain",
        "longitude": 43.242284,
        "latitude": 43.1512,
        "elevation_m": 2710,
        "name": "",
        "point_id": "mount-0951",
        "icon_id": "mount-27",
        "icon_scale": 0.402,
        "base_shift": 0.0865,
        "priority": 788
      },
      "geometry": {
        "type": "Point",
        "coordinates": [
          43.242284,
          43.1512
        ]
      }
    },
    {
      "type": "Feature",
      "properties": {
        "id": "mount-0952",
        "type": "mountain",
        "longitude": 42.994233,
        "latitude": 43.187257,
        "elevation_m": 3195,
        "name": "",
        "point_id": "mount-0952",
        "icon_id": "mount-6",
        "icon_scale": 0.3571,
        "base_shift": 0.0819,
        "priority": 804
      },
      "geometry": {
        "type": "Point",
        "coordinates": [
          42.994233,
          43.187257
        ]
      }
    },
    {
      "type": "Feature",
      "properties": {
        "id": "mount-0953",
        "type": "mountain",
        "longitude": 43.10474,
        "latitude": 43.201406,
        "elevation_m": 2931,
        "name": "",
        "point_id": "mount-0953",
        "icon_id": "mount-30",
        "icon_scale": 0.3741,
        "base_shift": 0.0857,
        "priority": 795
      },
      "geometry": {
        "type": "Point",
        "coordinates": [
          43.10474,
          43.201406
        ]
      }
    },
    {
      "type": "Feature",
      "properties": {
        "id": "mount-0957",
        "type": "mountain",
        "longitude": 42.562205,
        "latitude": 43.469413,
        "elevation_m": 2355,
        "name": "",
        "point_id": "mount-0957",
        "icon_id": "mount-18",
        "icon_scale": 0.3639,
        "base_shift": 0.0885,
        "priority": 777
      },
      "geometry": {
        "type": "Point",
        "coordinates": [
          42.562205,
          43.469413
        ]
      }
    },
    {
      "type": "Feature",
      "properties": {
        "id": "mount-0959",
        "type": "mountain",
        "longitude": 42.588834,
        "latitude": 43.435392,
        "elevation_m": 2951,
        "name": "",
        "point_id": "mount-0959",
        "icon_id": "mount-9",
        "icon_scale": 0.3637,
        "base_shift": 0.0836,
        "priority": 796
      },
      "geometry": {
        "type": "Point",
        "coordinates": [
          42.588834,
          43.435392
        ]
      }
    },
    {
      "type": "Feature",
      "properties": {
        "id": "mount-0961",
        "type": "mountain",
        "longitude": 41.979382,
        "latitude": 43.172236,
        "elevation_m": 2201,
        "name": "",
        "point_id": "mount-0961",
        "icon_id": "mount-4",
        "icon_scale": 0.3922,
        "base_shift": 0.0763,
        "priority": 772
      },
      "geometry": {
        "type": "Point",
        "coordinates": [
          41.979382,
          43.172236
        ]
      }
    },
    {
      "type": "Feature",
      "properties": {
        "id": "mount-0962",
        "type": "mountain",
        "longitude": 41.973749,
        "latitude": 43.1973,
        "elevation_m": 2825,
        "name": "",
        "point_id": "mount-0962",
        "icon_id": "mount-27",
        "icon_scale": 0.3829,
        "base_shift": 0.0839,
        "priority": 792
      },
      "geometry": {
        "type": "Point",
        "coordinates": [
          41.973749,
          43.1973
        ]
      }
    },
    {
      "type": "Feature",
      "properties": {
        "id": "mount-0965",
        "type": "mountain",
        "longitude": 42.035494,
        "latitude": 43.610477,
        "elevation_m": 1939,
        "name": "",
        "point_id": "mount-0965",
        "icon_id": "mount-6",
        "icon_scale": 0.3769,
        "base_shift": -0.0807,
        "priority": 764
      },
      "geometry": {
        "type": "Point",
        "coordinates": [
          42.035494,
          43.610477
        ]
      }
    },
    {
      "type": "Feature",
      "properties": {
        "id": "mount-0979",
        "type": "mountain",
        "longitude": 42.025366,
        "latitude": 43.182899,
        "elevation_m": 2893,
        "name": "",
        "point_id": "mount-0979",
        "icon_id": "mount-30",
        "icon_scale": 0.3948,
        "base_shift": 0.0738,
        "priority": 794
      },
      "geometry": {
        "type": "Point",
        "coordinates": [
          42.025366,
          43.182899
        ]
      }
    },
    {
      "type": "Feature",
      "properties": {
        "id": "mount-0981",
        "type": "mountain",
        "longitude": 42.265778,
        "latitude": 43.311986,
        "elevation_m": 2858,
        "name": "",
        "point_id": "mount-0981",
        "icon_id": "mount-18",
        "icon_scale": 0.3408,
        "base_shift": -0.0877,
        "priority": 793
      },
      "geometry": {
        "type": "Point",
        "coordinates": [
          42.265778,
          43.311986
        ]
      }
    },
    {
      "type": "Feature",
      "properties": {
        "id": "mount-0982",
        "type": "mountain",
        "longitude": 42.241852,
        "latitude": 43.270753,
        "elevation_m": 2964,
        "name": "",
        "point_id": "mount-0982",
        "icon_id": "mount-9",
        "icon_scale": 0.3639,
        "base_shift": -0.0782,
        "priority": 797
      },
      "geometry": {
        "type": "Point",
        "coordinates": [
          42.241852,
          43.270753
        ]
      }
    },
    {
      "type": "Feature",
      "properties": {
        "id": "mount-0983",
        "type": "mountain",
        "longitude": 42.208529,
        "latitude": 43.31343,
        "elevation_m": 3130,
        "name": "",
        "point_id": "mount-0983",
        "icon_id": "mount-4",
        "icon_scale": 0.3668,
        "base_shift": -0.0852,
        "priority": 802
      },
      "geometry": {
        "type": "Point",
        "coordinates": [
          42.208529,
          43.31343
        ]
      }
    },
    {
      "type": "Feature",
      "properties": {
        "id": "mount-0987",
        "type": "mountain",
        "longitude": 42.175173,
        "latitude": 43.370967,
        "elevation_m": 2060,
        "name": "",
        "point_id": "mount-0987",
        "icon_id": "mount-27",
        "icon_scale": 0.3586,
        "base_shift": -0.0857,
        "priority": 768
      },
      "geometry": {
        "type": "Point",
        "coordinates": [
          42.175173,
          43.370967
        ]
      }
    },
    {
      "type": "Feature",
      "properties": {
        "id": "mount-0988",
        "type": "mountain",
        "longitude": 42.004262,
        "latitude": 43.391,
        "elevation_m": 2266,
        "name": "",
        "point_id": "mount-0988",
        "icon_id": "mount-6",
        "icon_scale": 0.3415,
        "base_shift": 0.0871,
        "priority": 774
      },
      "geometry": {
        "type": "Point",
        "coordinates": [
          42.004262,
          43.391
        ]
      }
    },
    {
      "type": "Feature",
      "properties": {
        "id": "mount-0991",
        "type": "mountain",
        "longitude": 42.043605,
        "latitude": 43.41412,
        "elevation_m": 2386,
        "name": "",
        "point_id": "mount-0991",
        "icon_id": "mount-30",
        "icon_scale": 0.354,
        "base_shift": 0.084,
        "priority": 778
      },
      "geometry": {
        "type": "Point",
        "coordinates": [
          42.043605,
          43.41412
        ]
      }
    },
    {
      "type": "Feature",
      "properties": {
        "id": "mount-0993",
        "type": "mountain",
        "longitude": 42.013296,
        "latitude": 43.392099,
        "elevation_m": 2681,
        "name": "",
        "point_id": "mount-0993",
        "icon_id": "mount-18",
        "icon_scale": 0.3697,
        "base_shift": 0.0851,
        "priority": 787
      },
      "geometry": {
        "type": "Point",
        "coordinates": [
          42.013296,
          43.392099
        ]
      }
    },
    {
      "type": "Feature",
      "properties": {
        "id": "mount-0995",
        "type": "mountain",
        "longitude": 42.112033,
        "latitude": 43.417822,
        "elevation_m": 2795,
        "name": "",
        "point_id": "mount-0995",
        "icon_id": "mount-9",
        "icon_scale": 0.3397,
        "base_shift": 0.0862,
        "priority": 791
      },
      "geometry": {
        "type": "Point",
        "coordinates": [
          42.112033,
          43.417822
        ]
      }
    },
    {
      "type": "Feature",
      "properties": {
        "id": "mount-0997",
        "type": "mountain",
        "longitude": 42.166675,
        "latitude": 43.32997,
        "elevation_m": 2946,
        "name": "",
        "point_id": "mount-0997",
        "icon_id": "mount-4",
        "icon_scale": 0.3636,
        "base_shift": -0.0842,
        "priority": 796
      },
      "geometry": {
        "type": "Point",
        "coordinates": [
          42.166675,
          43.32997
        ]
      }
    },
    {
      "type": "Feature",
      "properties": {
        "id": "mount-1001",
        "type": "mountain",
        "longitude": 42.129639,
        "latitude": 43.20559,
        "elevation_m": 3103,
        "name": "",
        "point_id": "mount-1001",
        "icon_id": "mount-27",
        "icon_scale": 0.3879,
        "base_shift": 0.0585,
        "priority": 801
      },
      "geometry": {
        "type": "Point",
        "coordinates": [
          42.129639,
          43.20559
        ]
      }
    },
    {
      "type": "Feature",
      "properties": {
        "id": "mount-1002",
        "type": "mountain",
        "longitude": 42.104008,
        "latitude": 43.343329,
        "elevation_m": 3164,
        "name": "",
        "point_id": "mount-1002",
        "icon_id": "mount-6",
        "icon_scale": 0.3891,
        "base_shift": 0.0872,
        "priority": 803
      },
      "geometry": {
        "type": "Point",
        "coordinates": [
          42.104008,
          43.343329
        ]
      }
    },
    {
      "type": "Feature",
      "properties": {
        "id": "mount-1006",
        "type": "mountain",
        "longitude": 42.219268,
        "latitude": 43.496643,
        "elevation_m": 2110,
        "name": "",
        "point_id": "mount-1006",
        "icon_id": "mount-30",
        "icon_scale": 0.3492,
        "base_shift": 0.0735,
        "priority": 769
      },
      "geometry": {
        "type": "Point",
        "coordinates": [
          42.219268,
          43.496643
        ]
      }
    },
    {
      "type": "Feature",
      "properties": {
        "id": "mount-1008",
        "type": "mountain",
        "longitude": 42.158489,
        "latitude": 43.446812,
        "elevation_m": 2321,
        "name": "",
        "point_id": "mount-1008",
        "icon_id": "mount-18",
        "icon_scale": 0.3529,
        "base_shift": 0.0861,
        "priority": 776
      },
      "geometry": {
        "type": "Point",
        "coordinates": [
          42.158489,
          43.446812
        ]
      }
    },
    {
      "type": "Feature",
      "properties": {
        "id": "mount-1009",
        "type": "mountain",
        "longitude": 42.03455,
        "latitude": 43.488315,
        "elevation_m": 2376,
        "name": "",
        "point_id": "mount-1009",
        "icon_id": "mount-9",
        "icon_scale": 0.3851,
        "base_shift": -0.0758,
        "priority": 778
      },
      "geometry": {
        "type": "Point",
        "coordinates": [
          42.03455,
          43.488315
        ]
      }
    },
    {
      "type": "Feature",
      "properties": {
        "id": "mount-1011",
        "type": "mountain",
        "longitude": 42.096144,
        "latitude": 43.43173,
        "elevation_m": 2556,
        "name": "",
        "point_id": "mount-1011",
        "icon_id": "mount-4",
        "icon_scale": 0.3464,
        "base_shift": 0.0867,
        "priority": 783
      },
      "geometry": {
        "type": "Point",
        "coordinates": [
          42.096144,
          43.43173
        ]
      }
    },
    {
      "type": "Feature",
      "properties": {
        "id": "mount-1015",
        "type": "mountain",
        "longitude": 42.272505,
        "latitude": 43.338187,
        "elevation_m": 2784,
        "name": "",
        "point_id": "mount-1015",
        "icon_id": "mount-27",
        "icon_scale": 0.3396,
        "base_shift": 0.087,
        "priority": 791
      },
      "geometry": {
        "type": "Point",
        "coordinates": [
          42.272505,
          43.338187
        ]
      }
    },
    {
      "type": "Feature",
      "properties": {
        "id": "mount-1019",
        "type": "mountain",
        "longitude": 42.295336,
        "latitude": 43.450785,
        "elevation_m": 3088,
        "name": "",
        "point_id": "mount-1019",
        "icon_id": "mount-6",
        "icon_scale": 0.3769,
        "base_shift": 0.0689,
        "priority": 801
      },
      "geometry": {
        "type": "Point",
        "coordinates": [
          42.295336,
          43.450785
        ]
      }
    },
    {
      "type": "Feature",
      "properties": {
        "id": "mount-1021",
        "type": "mountain",
        "longitude": 42.340246,
        "latitude": 43.428497,
        "elevation_m": 3184,
        "name": "",
        "point_id": "mount-1021",
        "icon_id": "mount-30",
        "icon_scale": 0.3786,
        "base_shift": 0.0659,
        "priority": 804
      },
      "geometry": {
        "type": "Point",
        "coordinates": [
          42.340246,
          43.428497
        ]
      }
    },
    {
      "type": "Feature",
      "properties": {
        "id": "mount-1022",
        "type": "mountain",
        "longitude": 42.328885,
        "latitude": 43.398796,
        "elevation_m": 3129,
        "name": "",
        "point_id": "mount-1022",
        "icon_id": "mount-18",
        "icon_scale": 0.3776,
        "base_shift": 0.0713,
        "priority": 802
      },
      "geometry": {
        "type": "Point",
        "coordinates": [
          42.328885,
          43.398796
        ]
      }
    },
    {
      "type": "Feature",
      "properties": {
        "id": "mount-1026",
        "type": "mountain",
        "longitude": 42.768252,
        "latitude": 43.333443,
        "elevation_m": 2499,
        "name": "",
        "point_id": "mount-1026",
        "icon_id": "mount-9",
        "icon_scale": 0.3664,
        "base_shift": -0.0866,
        "priority": 782
      },
      "geometry": {
        "type": "Point",
        "coordinates": [
          42.768252,
          43.333443
        ]
      }
    },
    {
      "type": "Feature",
      "properties": {
        "id": "mount-1027",
        "type": "mountain",
        "longitude": 42.742964,
        "latitude": 43.33853,
        "elevation_m": 2542,
        "name": "",
        "point_id": "mount-1027",
        "icon_id": "mount-4",
        "icon_scale": 0.3567,
        "base_shift": -0.0834,
        "priority": 783
      },
      "geometry": {
        "type": "Point",
        "coordinates": [
          42.742964,
          43.33853
        ]
      }
    },
    {
      "type": "Feature",
      "properties": {
        "id": "mount-1029",
        "type": "mountain",
        "longitude": 42.736645,
        "latitude": 43.371303,
        "elevation_m": 2741,
        "name": "",
        "point_id": "mount-1029",
        "icon_id": "mount-27",
        "icon_scale": 0.3495,
        "base_shift": -0.0771,
        "priority": 789
      },
      "geometry": {
        "type": "Point",
        "coordinates": [
          42.736645,
          43.371303
        ]
      }
    },
    {
      "type": "Feature",
      "properties": {
        "id": "mount-1038",
        "type": "mountain",
        "longitude": 42.598457,
        "latitude": 43.271784,
        "elevation_m": 3155,
        "name": "",
        "point_id": "mount-1038",
        "icon_id": "mount-6",
        "icon_scale": 0.3781,
        "base_shift": -0.0846,
        "priority": 803
      },
      "geometry": {
        "type": "Point",
        "coordinates": [
          42.598457,
          43.271784
        ]
      }
    },
    {
      "type": "Feature",
      "properties": {
        "id": "mount-1040",
        "type": "mountain",
        "longitude": 42.141581,
        "latitude": 43.443907,
        "elevation_m": 1813,
        "name": "",
        "point_id": "mount-1040",
        "icon_id": "mount-30",
        "icon_scale": 0.3441,
        "base_shift": 0.0882,
        "priority": 760
      },
      "geometry": {
        "type": "Point",
        "coordinates": [
          42.141581,
          43.443907
        ]
      }
    },
    {
      "type": "Feature",
      "properties": {
        "id": "mount-1043",
        "type": "mountain",
        "longitude": 42.139682,
        "latitude": 43.449367,
        "elevation_m": 2058,
        "name": "",
        "point_id": "mount-1043",
        "icon_id": "mount-18",
        "icon_scale": 0.3483,
        "base_shift": 0.0874,
        "priority": 768
      },
      "geometry": {
        "type": "Point",
        "coordinates": [
          42.139682,
          43.449367
        ]
      }
    },
    {
      "type": "Feature",
      "properties": {
        "id": "mount-1045",
        "type": "mountain",
        "longitude": 42.291462,
        "latitude": 43.494503,
        "elevation_m": 2221,
        "name": "",
        "point_id": "mount-1045",
        "icon_id": "mount-9",
        "icon_scale": 0.3718,
        "base_shift": 0.0646,
        "priority": 773
      },
      "geometry": {
        "type": "Point",
        "coordinates": [
          42.291462,
          43.494503
        ]
      }
    },
    {
      "type": "Feature",
      "properties": {
        "id": "mount-1048",
        "type": "mountain",
        "longitude": 42.441784,
        "latitude": 43.529914,
        "elevation_m": 2349,
        "name": "",
        "point_id": "mount-1048",
        "icon_id": "mount-4",
        "icon_scale": 0.3742,
        "base_shift": -0.0708,
        "priority": 777
      },
      "geometry": {
        "type": "Point",
        "coordinates": [
          42.441784,
          43.529914
        ]
      }
    },
    {
      "type": "Feature",
      "properties": {
        "id": "mount-1051",
        "type": "mountain",
        "longitude": 42.484957,
        "latitude": 43.492705,
        "elevation_m": 2267,
        "name": "",
        "point_id": "mount-1051",
        "icon_id": "mount-27",
        "icon_scale": 0.3415,
        "base_shift": -0.0802,
        "priority": 774
      },
      "geometry": {
        "type": "Point",
        "coordinates": [
          42.484957,
          43.492705
        ]
      }
    },
    {
      "type": "Feature",
      "properties": {
        "id": "mount-1059",
        "type": "mountain",
        "longitude": 42.495836,
        "latitude": 43.456416,
        "elevation_m": 2662,
        "name": "",
        "point_id": "mount-1059",
        "icon_id": "mount-6",
        "icon_scale": 0.3799,
        "base_shift": -0.0823,
        "priority": 787
      },
      "geometry": {
        "type": "Point",
        "coordinates": [
          42.495836,
          43.456416
        ]
      }
    },
    {
      "type": "Feature",
      "properties": {
        "id": "mount-1062",
        "type": "mountain",
        "longitude": 42.374986,
        "latitude": 43.438999,
        "elevation_m": 2865,
        "name": "",
        "point_id": "mount-1062",
        "icon_id": "mount-30",
        "icon_scale": 0.3516,
        "base_shift": 0.0649,
        "priority": 793
      },
      "geometry": {
        "type": "Point",
        "coordinates": [
          42.374986,
          43.438999
        ]
      }
    },
    {
      "type": "Feature",
      "properties": {
        "id": "mount-1065",
        "type": "mountain",
        "longitude": 42.340289,
        "latitude": 43.454126,
        "elevation_m": 2968,
        "name": "",
        "point_id": "mount-1065",
        "icon_id": "mount-18",
        "icon_scale": 0.3747,
        "base_shift": 0.0623,
        "priority": 797
      },
      "geometry": {
        "type": "Point",
        "coordinates": [
          42.340289,
          43.454126
        ]
      }
    },
    {
      "type": "Feature",
      "properties": {
        "id": "mount-1076",
        "type": "mountain",
        "longitude": 42.683494,
        "latitude": 43.486634,
        "elevation_m": 2610,
        "name": "",
        "point_id": "mount-1076",
        "icon_id": "mount-9",
        "icon_scale": 0.3895,
        "base_shift": 0.073,
        "priority": 785
      },
      "geometry": {
        "type": "Point",
        "coordinates": [
          42.683494,
          43.486634
        ]
      }
    },
    {
      "type": "Feature",
      "properties": {
        "id": "mount-1079",
        "type": "mountain",
        "longitude": 42.793819,
        "latitude": 43.568724,
        "elevation_m": 2722,
        "name": "",
        "point_id": "mount-1079",
        "icon_id": "mount-4",
        "icon_scale": 0.434,
        "base_shift": 0.065,
        "priority": 789
      },
      "geometry": {
        "type": "Point",
        "coordinates": [
          42.793819,
          43.568724
        ]
      }
    },
    {
      "type": "Feature",
      "properties": {
        "id": "mount-1080",
        "type": "mountain",
        "longitude": 42.734435,
        "latitude": 43.581013,
        "elevation_m": 2826,
        "name": "",
        "point_id": "mount-1080",
        "icon_id": "mount-27",
        "icon_scale": 0.4255,
        "base_shift": 0.0747,
        "priority": 792
      },
      "geometry": {
        "type": "Point",
        "coordinates": [
          42.734435,
          43.581013
        ]
      }
    },
    {
      "type": "Feature",
      "properties": {
        "id": "mount-1081",
        "type": "mountain",
        "longitude": 42.865359,
        "latitude": 43.523371,
        "elevation_m": 2874,
        "name": "",
        "point_id": "mount-1081",
        "icon_id": "mount-6",
        "icon_scale": 0.4158,
        "base_shift": -0.0654,
        "priority": 794
      },
      "geometry": {
        "type": "Point",
        "coordinates": [
          42.865359,
          43.523371
        ]
      }
    },
    {
      "type": "Feature",
      "properties": {
        "id": "mount-1082",
        "type": "mountain",
        "longitude": 42.878544,
        "latitude": 43.494503,
        "elevation_m": 2897,
        "name": "",
        "point_id": "mount-1082",
        "icon_id": "mount-30",
        "icon_scale": 0.4163,
        "base_shift": -0.0719,
        "priority": 794
      },
      "geometry": {
        "type": "Point",
        "coordinates": [
          42.878544,
          43.494503
        ]
      }
    },
    {
      "type": "Feature",
      "properties": {
        "id": "mount-1083",
        "type": "mountain",
        "longitude": 42.780075,
        "latitude": 43.434496,
        "elevation_m": 2860,
        "name": "",
        "point_id": "mount-1083",
        "icon_id": "mount-18",
        "icon_scale": 0.3835,
        "base_shift": -0.0688,
        "priority": 793
      },
      "geometry": {
        "type": "Point",
        "coordinates": [
          42.780075,
          43.434496
        ]
      }
    },
    {
      "type": "Feature",
      "properties": {
        "id": "mount-1085",
        "type": "mountain",
        "longitude": 42.678773,
        "latitude": 43.570838,
        "elevation_m": 2393,
        "name": "",
        "point_id": "mount-1085",
        "icon_id": "mount-9",
        "icon_scale": 0.4272,
        "base_shift": 0.0809,
        "priority": 778
      },
      "geometry": {
        "type": "Point",
        "coordinates": [
          42.678773,
          43.570838
        ]
      }
    },
    {
      "type": "Feature",
      "properties": {
        "id": "mount-1086",
        "type": "mountain",
        "longitude": 42.868931,
        "latitude": 43.423705,
        "elevation_m": 2712,
        "name": "",
        "point_id": "mount-1086",
        "icon_id": "mount-4",
        "icon_scale": 0.3914,
        "base_shift": -0.0804,
        "priority": 788
      },
      "geometry": {
        "type": "Point",
        "coordinates": [
          42.868931,
          43.423705
        ]
      }
    },
    {
      "type": "Feature",
      "properties": {
        "id": "mount-1087",
        "type": "mountain",
        "longitude": 42.801147,
        "latitude": 43.33814,
        "elevation_m": 2196,
        "name": "",
        "point_id": "mount-1087",
        "icon_id": "mount-27",
        "icon_scale": 0.3817,
        "base_shift": -0.0875,
        "priority": 772
      },
      "geometry": {
        "type": "Point",
        "coordinates": [
          42.801147,
          43.33814
        ]
      }
    },
    {
      "type": "Feature",
      "properties": {
        "id": "mount-1095",
        "type": "mountain",
        "longitude": 42.914325,
        "latitude": 43.438212,
        "elevation_m": 2293,
        "name": "",
        "point_id": "mount-1095",
        "icon_id": "mount-6",
        "icon_scale": 0.4251,
        "base_shift": -0.0849,
        "priority": 775
      },
      "geometry": {
        "type": "Point",
        "coordinates": [
          42.914325,
          43.438212
        ]
      }
    },
    {
      "type": "Feature",
      "properties": {
        "id": "mount-1098",
        "type": "mountain",
        "longitude": 42.43451,
        "latitude": 43.563857,
        "elevation_m": 2344,
        "name": "",
        "point_id": "mount-1098",
        "icon_id": "mount-30",
        "icon_scale": 0.3845,
        "base_shift": -0.0659,
        "priority": 777
      },
      "geometry": {
        "type": "Point",
        "coordinates": [
          42.43451,
          43.563857
        ]
      }
    },
    {
      "type": "Feature",
      "properties": {
        "id": "mount-1099",
        "type": "mountain",
        "longitude": 42.491566,
        "latitude": 43.549512,
        "elevation_m": 2343,
        "name": "",
        "point_id": "mount-1099",
        "icon_id": "mount-18",
        "icon_scale": 0.3741,
        "base_shift": -0.0752,
        "priority": 777
      },
      "geometry": {
        "type": "Point",
        "coordinates": [
          42.491566,
          43.549512
        ]
      }
    },
    {
      "type": "Feature",
      "properties": {
        "id": "mount-1100",
        "type": "mountain",
        "longitude": 42.559737,
        "latitude": 43.514899,
        "elevation_m": 2362,
        "name": "",
        "point_id": "mount-1100",
        "icon_id": "mount-9",
        "icon_scale": 0.3744,
        "base_shift": -0.0868,
        "priority": 777
      },
      "geometry": {
        "type": "Point",
        "coordinates": [
          42.559737,
          43.514899
        ]
      }
    },
    {
      "type": "Feature",
      "properties": {
        "id": "mount-1101",
        "type": "mountain",
        "longitude": 42.479249,
        "latitude": 43.522765,
        "elevation_m": 2386,
        "name": "",
        "point_id": "mount-1101",
        "icon_id": "mount-4",
        "icon_scale": 0.3749,
        "base_shift": -0.0767,
        "priority": 778
      },
      "geometry": {
        "type": "Point",
        "coordinates": [
          42.479249,
          43.522765
        ]
      }
    },
    {
      "type": "Feature",
      "properties": {
        "id": "mount-1103",
        "type": "mountain",
        "longitude": 42.526735,
        "latitude": 43.481379,
        "elevation_m": 2405,
        "name": "",
        "point_id": "mount-1103",
        "icon_id": "mount-27",
        "icon_scale": 0.3543,
        "base_shift": -0.0871,
        "priority": 779
      },
      "geometry": {
        "type": "Point",
        "coordinates": [
          42.526735,
          43.481379
        ]
      }
    },
    {
      "type": "Feature",
      "properties": {
        "id": "mount-1108",
        "type": "mountain",
        "longitude": 42.672079,
        "latitude": 43.521792,
        "elevation_m": 2530,
        "name": "",
        "point_id": "mount-1108",
        "icon_id": "mount-6",
        "icon_scale": 0.388,
        "base_shift": 0.0774,
        "priority": 783
      },
      "geometry": {
        "type": "Point",
        "coordinates": [
          42.672079,
          43.521792
        ]
      }
    },
    {
      "type": "Feature",
      "properties": {
        "id": "mount-1113",
        "type": "mountain",
        "longitude": 42.827196,
        "latitude": 43.360539,
        "elevation_m": 2799,
        "name": "",
        "point_id": "mount-1113",
        "icon_id": "mount-30",
        "icon_scale": 0.3611,
        "base_shift": -0.0854,
        "priority": 791
      },
      "geometry": {
        "type": "Point",
        "coordinates": [
          42.827196,
          43.360539
        ]
      }
    },
    {
      "type": "Feature",
      "properties": {
        "id": "mount-1117",
        "type": "mountain",
        "longitude": 42.833848,
        "latitude": 43.412171,
        "elevation_m": 2956,
        "name": "",
        "point_id": "mount-1117",
        "icon_id": "mount-18",
        "icon_scale": 0.3745,
        "base_shift": -0.0779,
        "priority": 796
      },
      "geometry": {
        "type": "Point",
        "coordinates": [
          42.833848,
          43.412171
        ]
      }
    },
    {
      "type": "Feature",
      "properties": {
        "id": "mount-1119",
        "type": "mountain",
        "longitude": 42.6378,
        "latitude": 43.450286,
        "elevation_m": 3155,
        "name": "",
        "point_id": "mount-1119",
        "icon_id": "mount-9",
        "icon_scale": 0.3997,
        "base_shift": 0.0769,
        "priority": 803
      },
      "geometry": {
        "type": "Point",
        "coordinates": [
          42.6378,
          43.450286
        ]
      }
    },
    {
      "type": "Feature",
      "properties": {
        "id": "mount-1127",
        "type": "mountain",
        "longitude": 42.509172,
        "latitude": 43.58057,
        "elevation_m": 2147,
        "name": "",
        "point_id": "mount-1127",
        "icon_id": "mount-4",
        "icon_scale": 0.3602,
        "base_shift": -0.0752,
        "priority": 770
      },
      "geometry": {
        "type": "Point",
        "coordinates": [
          42.509172,
          43.58057
        ]
      }
    },
    {
      "type": "Feature",
      "properties": {
        "id": "mount-1135",
        "type": "mountain",
        "longitude": 42.68505,
        "latitude": 43.245515,
        "elevation_m": 3194,
        "name": "",
        "point_id": "mount-1135",
        "icon_id": "mount-27",
        "icon_scale": 0.4005,
        "base_shift": 0.0844,
        "priority": 804
      },
      "geometry": {
        "type": "Point",
        "coordinates": [
          42.68505,
          43.245515
        ]
      }
    },
    {
      "type": "Feature",
      "properties": {
        "id": "mount-1136",
        "type": "mountain",
        "longitude": 42.723781,
        "latitude": 43.26537,
        "elevation_m": 3155,
        "name": "",
        "point_id": "mount-1136",
        "icon_id": "mount-6",
        "icon_scale": 0.4214,
        "base_shift": 0.0852,
        "priority": 803
      },
      "geometry": {
        "type": "Point",
        "coordinates": [
          42.723781,
          43.26537
        ]
      }
    },
    {
      "type": "Feature",
      "properties": {
        "id": "mount-1137",
        "type": "mountain",
        "longitude": 42.461343,
        "latitude": 43.780801,
        "elevation_m": 2149,
        "name": "",
        "point_id": "mount-1137",
        "icon_id": "mount-30",
        "icon_scale": 0.4221,
        "base_shift": -0.0838,
        "priority": 770
      },
      "geometry": {
        "type": "Point",
        "coordinates": [
          42.461343,
          43.780801
        ]
      }
    },
    {
      "type": "Feature",
      "properties": {
        "id": "mount-1138",
        "type": "mountain",
        "longitude": 42.461375,
        "latitude": 43.753574,
        "elevation_m": 2327,
        "name": "",
        "point_id": "mount-1138",
        "icon_id": "mount-18",
        "icon_scale": 0.4154,
        "base_shift": -0.0886,
        "priority": 776
      },
      "geometry": {
        "type": "Point",
        "coordinates": [
          42.461375,
          43.753574
        ]
      }
    },
    {
      "type": "Feature",
      "properties": {
        "id": "mount-1139",
        "type": "mountain",
        "longitude": 42.84668,
        "latitude": 43.66455,
        "elevation_m": 1913,
        "name": "",
        "point_id": "mount-1139",
        "icon_id": "mount-9",
        "icon_scale": 0.407,
        "base_shift": 0.0789,
        "priority": 763
      },
      "geometry": {
        "type": "Point",
        "coordinates": [
          42.84668,
          43.66455
        ]
      }
    },
    {
      "type": "Feature",
      "properties": {
        "id": "mount-1140",
        "type": "mountain",
        "longitude": 42.795782,
        "latitude": 43.68561,
        "elevation_m": 1947,
        "name": "",
        "point_id": "mount-1140",
        "icon_id": "mount-4",
        "icon_scale": 0.4179,
        "base_shift": 0.0851,
        "priority": 764
      },
      "geometry": {
        "type": "Point",
        "coordinates": [
          42.795782,
          43.68561
        ]
      }
    },
    {
      "type": "Feature",
      "properties": {
        "id": "mount-1141",
        "type": "mountain",
        "longitude": 42.589842,
        "latitude": 43.623075,
        "elevation_m": 2392,
        "name": "",
        "point_id": "mount-1141",
        "icon_id": "mount-27",
        "icon_scale": 0.3854,
        "base_shift": -0.0815,
        "priority": 778
      },
      "geometry": {
        "type": "Point",
        "coordinates": [
          42.589842,
          43.623075
        ]
      }
    },
    {
      "type": "Feature",
      "properties": {
        "id": "mount-1142",
        "type": "mountain",
        "longitude": 42.705638,
        "latitude": 43.632068,
        "elevation_m": 2134,
        "name": "",
        "point_id": "mount-1142",
        "icon_id": "mount-6",
        "icon_scale": 0.4218,
        "base_shift": 0.0833,
        "priority": 770
      },
      "geometry": {
        "type": "Point",
        "coordinates": [
          42.705638,
          43.632068
        ]
      }
    },
    {
      "type": "Feature",
      "properties": {
        "id": "mount-1143",
        "type": "mountain",
        "longitude": 42.706711,
        "latitude": 43.705825,
        "elevation_m": 2047,
        "name": "",
        "point_id": "mount-1143",
        "icon_id": "mount-30",
        "icon_scale": 0.42,
        "base_shift": -0.0853,
        "priority": 767
      },
      "geometry": {
        "type": "Point",
        "coordinates": [
          42.706711,
          43.705825
        ]
      }
    },
    {
      "type": "Feature",
      "properties": {
        "id": "mount-1145",
        "type": "mountain",
        "longitude": 42.357466,
        "latitude": 43.633691,
        "elevation_m": 2183,
        "name": "",
        "point_id": "mount-1145",
        "icon_id": "mount-18",
        "icon_scale": 0.4022,
        "base_shift": -0.0638,
        "priority": 772
      },
      "geometry": {
        "type": "Point",
        "coordinates": [
          42.357466,
          43.633691
        ]
      }
    },
    {
      "type": "Feature",
      "properties": {
        "id": "mount-1147",
        "type": "mountain",
        "longitude": 42.576152,
        "latitude": 43.729949,
        "elevation_m": 2218,
        "name": "",
        "point_id": "mount-1147",
        "icon_id": "mount-9",
        "icon_scale": 0.4028,
        "base_shift": 0.0854,
        "priority": 773
      },
      "geometry": {
        "type": "Point",
        "coordinates": [
          42.576152,
          43.729949
        ]
      }
    },
    {
      "type": "Feature",
      "properties": {
        "id": "mount-1148",
        "type": "mountain",
        "longitude": 42.402248,
        "latitude": 43.629281,
        "elevation_m": 2321,
        "name": "",
        "point_id": "mount-1148",
        "icon_id": "mount-4",
        "icon_scale": 0.4049,
        "base_shift": -0.0667,
        "priority": 776
      },
      "geometry": {
        "type": "Point",
        "coordinates": [
          42.402248,
          43.629281
        ]
      }
    },
    {
      "type": "Feature",
      "properties": {
        "id": "mount-1150",
        "type": "mountain",
        "longitude": 42.992045,
        "latitude": 43.356623,
        "elevation_m": 2987,
        "name": "",
        "point_id": "mount-1150",
        "icon_id": "mount-27",
        "icon_scale": 0.4181,
        "base_shift": 0.0764,
        "priority": 797
      },
      "geometry": {
        "type": "Point",
        "coordinates": [
          42.992045,
          43.356623
        ]
      }
    },
    {
      "type": "Feature",
      "properties": {
        "id": "mount-1151",
        "type": "mountain",
        "longitude": 42.989244,
        "latitude": 43.217687,
        "elevation_m": 2658,
        "name": "",
        "point_id": "mount-1151",
        "icon_id": "mount-6",
        "icon_scale": 0.3375,
        "base_shift": -0.0855,
        "priority": 787
      },
      "geometry": {
        "type": "Point",
        "coordinates": [
          42.989244,
          43.217687
        ]
      }
    },
    {
      "type": "Feature",
      "properties": {
        "id": "mount-1152",
        "type": "mountain",
        "longitude": 43.051118,
        "latitude": 43.218453,
        "elevation_m": 2552,
        "name": "",
        "point_id": "mount-1152",
        "icon_id": "mount-30",
        "icon_scale": 0.3568,
        "base_shift": -0.0867,
        "priority": 783
      },
      "geometry": {
        "type": "Point",
        "coordinates": [
          43.051118,
          43.218453
        ]
      }
    },
    {
      "type": "Feature",
      "properties": {
        "id": "mount-1153",
        "type": "mountain",
        "longitude": 42.906858,
        "latitude": 43.351061,
        "elevation_m": 2758,
        "name": "",
        "point_id": "mount-1153",
        "icon_id": "mount-18",
        "icon_scale": 0.4029,
        "base_shift": 0.0857,
        "priority": 790
      },
      "geometry": {
        "type": "Point",
        "coordinates": [
          42.906858,
          43.351061
        ]
      }
    },
    {
      "type": "Feature",
      "properties": {
        "id": "mount-1155",
        "type": "mountain",
        "longitude": 43.038661,
        "latitude": 43.322454,
        "elevation_m": 2535,
        "name": "",
        "point_id": "mount-1155",
        "icon_id": "mount-9",
        "icon_scale": 0.3565,
        "base_shift": -0.0725,
        "priority": 783
      },
      "geometry": {
        "type": "Point",
        "coordinates": [
          43.038661,
          43.322454
        ]
      }
    },
    {
      "type": "Feature",
      "properties": {
        "id": "mount-1156",
        "type": "mountain",
        "longitude": 43.108281,
        "latitude": 43.280876,
        "elevation_m": 3104,
        "name": "",
        "point_id": "mount-1156",
        "icon_id": "mount-4",
        "icon_scale": 0.4096,
        "base_shift": -0.0828,
        "priority": 801
      },
      "geometry": {
        "type": "Point",
        "coordinates": [
          43.108281,
          43.280876
        ]
      }
    },
    {
      "type": "Feature",
      "properties": {
        "id": "mount-1158",
        "type": "mountain",
        "longitude": 43.114568,
        "latitude": 43.317099,
        "elevation_m": 2947,
        "name": "",
        "point_id": "mount-1158",
        "icon_id": "mount-27",
        "icon_scale": 0.3958,
        "base_shift": -0.0844,
        "priority": 796
      },
      "geometry": {
        "type": "Point",
        "coordinates": [
          43.114568,
          43.317099
        ]
      }
    },
    {
      "type": "Feature",
      "properties": {
        "id": "mount-1159",
        "type": "mountain",
        "longitude": 43.095235,
        "latitude": 43.339006,
        "elevation_m": 2856,
        "name": "",
        "point_id": "mount-1159",
        "icon_id": "mount-6",
        "icon_scale": 0.3834,
        "base_shift": -0.0811,
        "priority": 793
      },
      "geometry": {
        "type": "Point",
        "coordinates": [
          43.095235,
          43.339006
        ]
      }
    },
    {
      "type": "Feature",
      "properties": {
        "id": "mount-1161",
        "type": "mountain",
        "longitude": 43.170143,
        "latitude": 43.46256,
        "elevation_m": 2071,
        "name": "",
        "point_id": "mount-1161",
        "icon_id": "mount-30",
        "icon_scale": 0.4205,
        "base_shift": 0.0795,
        "priority": 768
      },
      "geometry": {
        "type": "Point",
        "coordinates": [
          43.170143,
          43.46256
        ]
      }
    },
    {
      "type": "Feature",
      "properties": {
        "id": "mount-1168",
        "type": "mountain",
        "longitude": 41.460664,
        "latitude": 43.358581,
        "elevation_m": 2486,
        "name": "",
        "point_id": "mount-1168",
        "icon_id": "mount-18",
        "icon_scale": 0.3347,
        "base_shift": -0.0876,
        "priority": 781
      },
      "geometry": {
        "type": "Point",
        "coordinates": [
          41.460664,
          43.358581
        ]
      }
    },
    {
      "type": "Feature",
      "properties": {
        "id": "mount-1169",
        "type": "mountain",
        "longitude": 41.345125,
        "latitude": 43.310206,
        "elevation_m": 2477,
        "name": "",
        "point_id": "mount-1169",
        "icon_id": "mount-9",
        "icon_scale": 0.387,
        "base_shift": 0.0678,
        "priority": 781
      },
      "geometry": {
        "type": "Point",
        "coordinates": [
          41.345125,
          43.310206
        ]
      }
    },
    {
      "type": "Feature",
      "properties": {
        "id": "mount-1170",
        "type": "mountain",
        "longitude": 41.384543,
        "latitude": 43.318317,
        "elevation_m": 2474,
        "name": "",
        "point_id": "mount-1170",
        "icon_id": "mount-4",
        "icon_scale": 0.366,
        "base_shift": 0.0766,
        "priority": 781
      },
      "geometry": {
        "type": "Point",
        "coordinates": [
          41.384543,
          43.318317
        ]
      }
    },
    {
      "type": "Feature",
      "properties": {
        "id": "mount-1171",
        "type": "mountain",
        "longitude": 41.459248,
        "latitude": 43.408384,
        "elevation_m": 2543,
        "name": "",
        "point_id": "mount-1171",
        "icon_id": "mount-27",
        "icon_scale": 0.3356,
        "base_shift": -0.0875,
        "priority": 783
      },
      "geometry": {
        "type": "Point",
        "coordinates": [
          41.459248,
          43.408384
        ]
      }
    },
    {
      "type": "Feature",
      "properties": {
        "id": "mount-1172",
        "type": "mountain",
        "longitude": 41.347786,
        "latitude": 43.449321,
        "elevation_m": 2640,
        "name": "",
        "point_id": "mount-1172",
        "icon_id": "mount-6",
        "icon_scale": 0.3689,
        "base_shift": 0.083,
        "priority": 786
      },
      "geometry": {
        "type": "Point",
        "coordinates": [
          41.347786,
          43.449321
        ]
      }
    },
    {
      "type": "Feature",
      "properties": {
        "id": "mount-1174",
        "type": "mountain",
        "longitude": 41.461115,
        "latitude": 43.462116,
        "elevation_m": 2697,
        "name": "",
        "point_id": "mount-1174",
        "icon_id": "mount-30",
        "icon_scale": 0.3381,
        "base_shift": -0.0864,
        "priority": 788
      },
      "geometry": {
        "type": "Point",
        "coordinates": [
          41.461115,
          43.462116
        ]
      }
    },
    {
      "type": "Feature",
      "properties": {
        "id": "mount-1179",
        "type": "mountain",
        "longitude": 41.338109,
        "latitude": 43.472986,
        "elevation_m": 2793,
        "name": "",
        "point_id": "mount-1179",
        "icon_id": "mount-18",
        "icon_scale": 0.3503,
        "base_shift": 0.0829,
        "priority": 791
      },
      "geometry": {
        "type": "Point",
        "coordinates": [
          41.338109,
          43.472986
        ]
      }
    },
    {
      "type": "Feature",
      "properties": {
        "id": "mount-1183",
        "type": "mountain",
        "longitude": 41.357507,
        "latitude": 43.436654,
        "elevation_m": 2909,
        "name": "",
        "point_id": "mount-1183",
        "icon_id": "mount-9",
        "icon_scale": 0.3737,
        "base_shift": -0.0855,
        "priority": 795
      },
      "geometry": {
        "type": "Point",
        "coordinates": [
          41.357507,
          43.436654
        ]
      }
    },
    {
      "type": "Feature",
      "properties": {
        "id": "mount-1184",
        "type": "mountain",
        "longitude": 41.450483,
        "latitude": 43.402686,
        "elevation_m": 2999,
        "name": "",
        "point_id": "mount-1184",
        "icon_id": "mount-4",
        "icon_scale": 0.343,
        "base_shift": -0.0864,
        "priority": 798
      },
      "geometry": {
        "type": "Point",
        "coordinates": [
          41.450483,
          43.402686
        ]
      }
    },
    {
      "type": "Feature",
      "properties": {
        "id": "mount-1188",
        "type": "mountain",
        "longitude": 41.452618,
        "latitude": 43.42404,
        "elevation_m": 3023,
        "name": "",
        "point_id": "mount-1188",
        "icon_id": "mount-27",
        "icon_scale": 0.3434,
        "base_shift": -0.0859,
        "priority": 798
      },
      "geometry": {
        "type": "Point",
        "coordinates": [
          41.452618,
          43.42404
        ]
      }
    },
    {
      "type": "Feature",
      "properties": {
        "id": "mount-1190",
        "type": "mountain",
        "longitude": 41.41335,
        "latitude": 43.30827,
        "elevation_m": 3100,
        "name": "",
        "point_id": "mount-1190",
        "icon_id": "mount-6",
        "icon_scale": 0.3879,
        "base_shift": 0.0796,
        "priority": 801
      },
      "geometry": {
        "type": "Point",
        "coordinates": [
          41.41335,
          43.30827
        ]
      }
    },
    {
      "type": "Feature",
      "properties": {
        "id": "mount-1192",
        "type": "mountain",
        "longitude": 43.078144,
        "latitude": 43.517404,
        "elevation_m": 2258,
        "name": "",
        "point_id": "mount-1192",
        "icon_id": "mount-30",
        "icon_scale": 0.4244,
        "base_shift": -0.0836,
        "priority": 774
      },
      "geometry": {
        "type": "Point",
        "coordinates": [
          43.078144,
          43.517404
        ]
      }
    },
    {
      "type": "Feature",
      "properties": {
        "id": "mount-1194",
        "type": "mountain",
        "longitude": 42.451633,
        "latitude": 43.175475,
        "elevation_m": 2817,
        "name": "",
        "point_id": "mount-1194",
        "icon_id": "mount-18",
        "icon_scale": 0.3827,
        "base_shift": 0.0713,
        "priority": 792
      },
      "geometry": {
        "type": "Point",
        "coordinates": [
          42.451633,
          43.175475
        ]
      }
    },
    {
      "type": "Feature",
      "properties": {
        "id": "mount-1199",
        "type": "mountain",
        "longitude": 43.402809,
        "latitude": 43.102385,
        "elevation_m": 2515,
        "name": "",
        "point_id": "mount-1199",
        "icon_id": "mount-9",
        "icon_scale": 0.3982,
        "base_shift": -0.0865,
        "priority": 782
      },
      "geometry": {
        "type": "Point",
        "coordinates": [
          43.402809,
          43.102385
        ]
      }
    },
    {
      "type": "Feature",
      "properties": {
        "id": "mount-1202",
        "type": "mountain",
        "longitude": 43.490753,
        "latitude": 43.12877,
        "elevation_m": 2042,
        "name": "",
        "point_id": "mount-1202",
        "icon_id": "mount-4",
        "icon_scale": 0.3891,
        "base_shift": 0.086,
        "priority": 767
      },
      "geometry": {
        "type": "Point",
        "coordinates": [
          43.490753,
          43.12877
        ]
      }
    },
    {
      "type": "Feature",
      "properties": {
        "id": "mount-1209",
        "type": "mountain",
        "longitude": 43.120673,
        "latitude": 43.357325,
        "elevation_m": 2011,
        "name": "",
        "point_id": "mount-1209",
        "icon_id": "mount-27",
        "icon_scale": 0.3885,
        "base_shift": -0.0835,
        "priority": 766
      },
      "geometry": {
        "type": "Point",
        "coordinates": [
          43.120673,
          43.357325
        ]
      }
    },
    {
      "type": "Feature",
      "properties": {
        "id": "mount-1212",
        "type": "mountain",
        "longitude": 41.193055,
        "latitude": 43.469491,
        "elevation_m": 2992,
        "name": "",
        "point_id": "mount-1212",
        "icon_id": "mount-6",
        "icon_scale": 0.3537,
        "base_shift": 0.0847,
        "priority": 797
      },
      "geometry": {
        "type": "Point",
        "coordinates": [
          41.193055,
          43.469491
        ]
      }
    },
    {
      "type": "Feature",
      "properties": {
        "id": "mount-1216",
        "type": "mountain",
        "longitude": 41.915653,
        "latitude": 43.168996,
        "elevation_m": 3004,
        "name": "",
        "point_id": "mount-1216",
        "icon_id": "mount-30",
        "icon_scale": 0.3969,
        "base_shift": 0.0718,
        "priority": 798
      },
      "geometry": {
        "type": "Point",
        "coordinates": [
          41.915653,
          43.168996
        ]
      }
    },
    {
      "type": "Feature",
      "properties": {
        "id": "mount-1218",
        "type": "mountain",
        "longitude": 41.935769,
        "latitude": 43.449266,
        "elevation_m": 3147,
        "name": "",
        "point_id": "mount-1218",
        "icon_id": "mount-18",
        "icon_scale": 0.3888,
        "base_shift": -0.0723,
        "priority": 802
      },
      "geometry": {
        "type": "Point",
        "coordinates": [
          41.935769,
          43.449266
        ]
      }
    },
    {
      "type": "Feature",
      "properties": {
        "id": "mount-1219",
        "type": "mountain",
        "longitude": 41.980326,
        "latitude": 43.433374,
        "elevation_m": 2925,
        "name": "",
        "point_id": "mount-1219",
        "icon_id": "mount-9",
        "icon_scale": 0.3847,
        "base_shift": -0.0827,
        "priority": 795
      },
      "geometry": {
        "type": "Point",
        "coordinates": [
          41.980326,
          43.433374
        ]
      }
    },
    {
      "type": "Feature",
      "properties": {
        "id": "mount-1220",
        "type": "mountain",
        "longitude": 42.025859,
        "latitude": 43.456618,
        "elevation_m": 2752,
        "name": "",
        "point_id": "mount-1220",
        "icon_id": "mount-4",
        "icon_scale": 0.4028,
        "base_shift": -0.0839,
        "priority": 790
      },
      "geometry": {
        "type": "Point",
        "coordinates": [
          42.025859,
          43.456618
        ]
      }
    },
    {
      "type": "Feature",
      "properties": {
        "id": "mount-1225",
        "type": "mountain",
        "longitude": 43.09634,
        "latitude": 43.376325,
        "elevation_m": 2181,
        "name": "",
        "point_id": "mount-1225",
        "icon_id": "mount-27",
        "icon_scale": 0.4021,
        "base_shift": -0.0791,
        "priority": 771
      },
      "geometry": {
        "type": "Point",
        "coordinates": [
          43.09634,
          43.376325
        ]
      }
    },
    {
      "type": "Feature",
      "properties": {
        "id": "mount-1226",
        "type": "mountain",
        "longitude": 43.014811,
        "latitude": 43.424274,
        "elevation_m": 1957,
        "name": "",
        "point_id": "mount-1226",
        "icon_id": "mount-6",
        "icon_scale": 0.4181,
        "base_shift": 0.0853,
        "priority": 764
      },
      "geometry": {
        "type": "Point",
        "coordinates": [
          43.014811,
          43.424274
        ]
      }
    },
    {
      "type": "Feature",
      "properties": {
        "id": "mount-1228",
        "type": "mountain",
        "longitude": 41.273414,
        "latitude": 43.30553,
        "elevation_m": 2399,
        "name": "",
        "point_id": "mount-1228",
        "icon_id": "mount-30",
        "icon_scale": 0.4169,
        "base_shift": 0.058,
        "priority": 778
      },
      "geometry": {
        "type": "Point",
        "coordinates": [
          41.273414,
          43.30553
        ]
      }
    },
    {
      "type": "Feature",
      "properties": {
        "id": "mount-1234",
        "type": "mountain",
        "longitude": 43.5278,
        "latitude": 43.124284,
        "elevation_m": 3094,
        "name": "",
        "point_id": "mount-1234",
        "icon_id": "mount-18",
        "icon_scale": 0.4094,
        "base_shift": -0.0783,
        "priority": 801
      },
      "geometry": {
        "type": "Point",
        "coordinates": [
          43.5278,
          43.124284
        ]
      }
    },
    {
      "type": "Feature",
      "properties": {
        "id": "mount-1236",
        "type": "mountain",
        "longitude": 41.965907,
        "latitude": 43.273261,
        "elevation_m": 3127,
        "name": "",
        "point_id": "mount-1236",
        "icon_id": "mount-9",
        "icon_scale": 0.3559,
        "base_shift": 0.0846,
        "priority": 802
      },
      "geometry": {
        "type": "Point",
        "coordinates": [
          41.965907,
          43.273261
        ]
      }
    },
    {
      "type": "Feature",
      "properties": {
        "id": "mount-1238",
        "type": "mountain",
        "longitude": 41.850046,
        "latitude": 43.518027,
        "elevation_m": 2894,
        "name": "",
        "point_id": "mount-1238",
        "icon_id": "mount-4",
        "icon_scale": 0.3734,
        "base_shift": 0.0796,
        "priority": 794
      },
      "geometry": {
        "type": "Point",
        "coordinates": [
          41.850046,
          43.518027
        ]
      }
    },
    {
      "type": "Feature",
      "properties": {
        "id": "mount-1239",
        "type": "mountain",
        "longitude": 42.88128,
        "latitude": 43.113555,
        "elevation_m": 3151,
        "name": "",
        "point_id": "mount-1239",
        "icon_id": "mount-27",
        "icon_scale": 0.3997,
        "base_shift": 0.0581,
        "priority": 803
      },
      "geometry": {
        "type": "Point",
        "coordinates": [
          42.88128,
          43.113555
        ]
      }
    },
    {
      "type": "Feature",
      "properties": {
        "id": "mount-1241",
        "type": "mountain",
        "longitude": 42.151709,
        "latitude": 43.626803,
        "elevation_m": 2030,
        "name": "",
        "point_id": "mount-1241",
        "icon_id": "mount-6",
        "icon_scale": 0.3478,
        "base_shift": 0.0838,
        "priority": 767
      },
      "geometry": {
        "type": "Point",
        "coordinates": [
          42.151709,
          43.626803
        ]
      }
    },
    {
      "type": "Feature",
      "properties": {
        "id": "mount-1245",
        "type": "mountain",
        "longitude": 42.562494,
        "latitude": 43.663836,
        "elevation_m": 2171,
        "name": "",
        "point_id": "mount-1245",
        "icon_id": "mount-30",
        "icon_scale": 0.3709,
        "base_shift": -0.0745,
        "priority": 771
      },
      "geometry": {
        "type": "Point",
        "coordinates": [
          42.562494,
          43.663836
        ]
      }
    },
    {
      "type": "Feature",
      "properties": {
        "id": "mount-1246",
        "type": "mountain",
        "longitude": 42.539685,
        "latitude": 43.699527,
        "elevation_m": 1933,
        "name": "",
        "point_id": "mount-1246",
        "icon_id": "mount-18",
        "icon_scale": 0.387,
        "base_shift": 0.0806,
        "priority": 764
      },
      "geometry": {
        "type": "Point",
        "coordinates": [
          42.539685,
          43.699527
        ]
      }
    },
    {
      "type": "Feature",
      "properties": {
        "id": "mount-1248",
        "type": "mountain",
        "longitude": 42.179314,
        "latitude": 43.728608,
        "elevation_m": 1912,
        "name": "",
        "point_id": "mount-1248",
        "icon_id": "mount-9",
        "icon_scale": 0.407,
        "base_shift": 0.0663,
        "priority": 763
      },
      "geometry": {
        "type": "Point",
        "coordinates": [
          42.179314,
          43.728608
        ]
      }
    },
    {
      "type": "Feature",
      "properties": {
        "id": "mount-1254",
        "type": "mountain",
        "longitude": 42.551529,
        "latitude": 43.614617,
        "elevation_m": 2131,
        "name": "",
        "point_id": "mount-1254",
        "icon_id": "mount-4",
        "icon_scale": 0.3393,
        "base_shift": -0.078,
        "priority": 770
      },
      "geometry": {
        "type": "Point",
        "coordinates": [
          42.551529,
          43.614617
        ]
      }
    },
    {
      "type": "Feature",
      "properties": {
        "id": "mount-1256",
        "type": "mountain",
        "longitude": 42.981477,
        "latitude": 43.570527,
        "elevation_m": 1970,
        "name": "",
        "point_id": "mount-1256",
        "icon_id": "mount-27",
        "icon_scale": 0.4082,
        "base_shift": -0.0666,
        "priority": 765
      },
      "geometry": {
        "type": "Point",
        "coordinates": [
          42.981477,
          43.570527
        ]
      }
    },
    {
      "type": "Feature",
      "properties": {
        "id": "mount-1258",
        "type": "mountain",
        "longitude": 42.955062,
        "latitude": 43.496682,
        "elevation_m": 2610,
        "name": "",
        "point_id": "mount-1258",
        "icon_id": "mount-6",
        "icon_scale": 0.4,
        "base_shift": -0.0778,
        "priority": 785
      },
      "geometry": {
        "type": "Point",
        "coordinates": [
          42.955062,
          43.496682
        ]
      }
    },
    {
      "type": "Feature",
      "properties": {
        "id": "mount-1259",
        "type": "mountain",
        "longitude": 42.985843,
        "latitude": 43.497351,
        "elevation_m": 2496,
        "name": "",
        "point_id": "mount-1259",
        "icon_id": "mount-30",
        "icon_scale": 0.3874,
        "base_shift": -0.081,
        "priority": 782
      },
      "geometry": {
        "type": "Point",
        "coordinates": [
          42.985843,
          43.497351
        ]
      }
    },
    {
      "type": "Feature",
      "properties": {
        "id": "mount-1261",
        "type": "mountain",
        "longitude": 42.920215,
        "latitude": 43.500791,
        "elevation_m": 2703,
        "name": "",
        "point_id": "mount-1261",
        "icon_id": "mount-18",
        "icon_scale": 0.3912,
        "base_shift": -0.0741,
        "priority": 788
      },
      "geometry": {
        "type": "Point",
        "coordinates": [
          42.920215,
          43.500791
        ]
      }
    },
    {
      "type": "Feature",
      "properties": {
        "id": "mount-1262",
        "type": "mountain",
        "longitude": 42.738565,
        "latitude": 43.483621,
        "elevation_m": 2562,
        "name": "",
        "point_id": "mount-1262",
        "icon_id": "mount-9",
        "icon_scale": 0.3991,
        "base_shift": 0.0646,
        "priority": 784
      },
      "geometry": {
        "type": "Point",
        "coordinates": [
          42.738565,
          43.483621
        ]
      }
    },
    {
      "type": "Feature",
      "properties": {
        "id": "mount-1263",
        "type": "mountain",
        "longitude": 42.648046,
        "latitude": 43.506285,
        "elevation_m": 2456,
        "name": "",
        "point_id": "mount-1263",
        "icon_id": "mount-4",
        "icon_scale": 0.3971,
        "base_shift": 0.0796,
        "priority": 780
      },
      "geometry": {
        "type": "Point",
        "coordinates": [
          42.648046,
          43.506285
        ]
      }
    },
    {
      "type": "Feature",
      "properties": {
        "id": "mount-1264",
        "type": "mountain",
        "longitude": 42.617705,
        "latitude": 43.517583,
        "elevation_m": 2377,
        "name": "",
        "point_id": "mount-1264",
        "icon_id": "mount-27",
        "icon_scale": 0.3747,
        "base_shift": 0.0846,
        "priority": 778
      },
      "geometry": {
        "type": "Point",
        "coordinates": [
          42.617705,
          43.517583
        ]
      }
    },
    {
      "type": "Feature",
      "properties": {
        "id": "mount-1272",
        "type": "mountain",
        "longitude": 43.243411,
        "latitude": 42.898926,
        "elevation_m": 2366,
        "name": "",
        "point_id": "mount-1272",
        "icon_id": "mount-6",
        "icon_scale": 0.3849,
        "base_shift": -0.0672,
        "priority": 777
      },
      "geometry": {
        "type": "Point",
        "coordinates": [
          43.243411,
          42.898926
        ]
      }
    },
    {
      "type": "Feature",
      "properties": {
        "id": "mount-1279",
        "type": "mountain",
        "longitude": 43.344272,
        "latitude": 42.858051,
        "elevation_m": 2475,
        "name": "",
        "point_id": "mount-1279",
        "icon_id": "mount-30",
        "icon_scale": 0.4289,
        "base_shift": 0.0602,
        "priority": 781
      },
      "geometry": {
        "type": "Point",
        "coordinates": [
          43.344272,
          42.858051
        ]
      }
    },
    {
      "type": "Feature",
      "properties": {
        "id": "mount-1283",
        "type": "mountain",
        "longitude": 43.322096,
        "latitude": 42.880115,
        "elevation_m": 3014,
        "name": "",
        "point_id": "mount-1283",
        "icon_id": "mount-18",
        "icon_scale": 0.4078,
        "base_shift": -0.0581,
        "priority": 798
      },
      "geometry": {
        "type": "Point",
        "coordinates": [
          43.322096,
          42.880115
        ]
      }
    },
    {
      "type": "Feature",
      "properties": {
        "id": "mount-1286",
        "type": "mountain",
        "longitude": 43.292795,
        "latitude": 42.900034,
        "elevation_m": 3124,
        "name": "",
        "point_id": "mount-1286",
        "icon_id": "mount-9",
        "icon_scale": 0.3775,
        "base_shift": -0.063,
        "priority": 802
      },
      "geometry": {
        "type": "Point",
        "coordinates": [
          43.292795,
          42.900034
        ]
      }
    },
    {
      "type": "Feature",
      "properties": {
        "id": "mount-1292",
        "type": "mountain",
        "longitude": 42.335322,
        "latitude": 43.798684,
        "elevation_m": 2146,
        "name": "",
        "point_id": "mount-1292",
        "icon_id": "mount-4",
        "icon_scale": 0.4221,
        "base_shift": -0.0669,
        "priority": 770
      },
      "geometry": {
        "type": "Point",
        "coordinates": [
          42.335322,
          43.798684
        ]
      }
    },
    {
      "type": "Feature",
      "properties": {
        "id": "mount-1293",
        "type": "mountain",
        "longitude": 42.295089,
        "latitude": 43.777136,
        "elevation_m": 1999,
        "name": "",
        "point_id": "mount-1293",
        "icon_id": "mount-27",
        "icon_scale": 0.3985,
        "base_shift": -0.063,
        "priority": 766
      },
      "geometry": {
        "type": "Point",
        "coordinates": [
          42.295089,
          43.777136
        ]
      }
    },
    {
      "type": "Feature",
      "properties": {
        "id": "mount-1294",
        "type": "mountain",
        "longitude": 42.264276,
        "latitude": 43.811103,
        "elevation_m": 2062,
        "name": "",
        "point_id": "mount-1294",
        "icon_id": "mount-6",
        "icon_scale": 0.4203,
        "base_shift": -0.0558,
        "priority": 768
      },
      "geometry": {
        "type": "Point",
        "coordinates": [
          42.264276,
          43.811103
        ]
      }
    },
    {
      "type": "Feature",
      "properties": {
        "id": "mount-1314",
        "type": "mountain",
        "longitude": 41.751813,
        "latitude": 43.23104,
        "elevation_m": 3130,
        "name": "",
        "point_id": "mount-1314",
        "icon_id": "mount-30",
        "icon_scale": 0.356,
        "base_shift": 0.0656,
        "priority": 802
      },
      "geometry": {
        "type": "Point",
        "coordinates": [
          41.751813,
          43.23104
        ]
      }
    },
    {
      "type": "Feature",
      "properties": {
        "id": "mount-1318",
        "type": "mountain",
        "longitude": 41.172928,
        "latitude": 43.515677,
        "elevation_m": 2475,
        "name": "",
        "point_id": "mount-1318",
        "icon_id": "mount-18",
        "icon_scale": 0.3555,
        "base_shift": -0.0841,
        "priority": 781
      },
      "geometry": {
        "type": "Point",
        "coordinates": [
          41.172928,
          43.515677
        ]
      }
    },
    {
      "type": "Feature",
      "properties": {
        "id": "mount-1319",
        "type": "mountain",
        "longitude": 42.02911,
        "latitude": 43.279689,
        "elevation_m": 2929,
        "name": "",
        "point_id": "mount-1319",
        "icon_id": "mount-9",
        "icon_scale": 0.3633,
        "base_shift": 0.086,
        "priority": 795
      },
      "geometry": {
        "type": "Point",
        "coordinates": [
          42.02911,
          43.279689
        ]
      }
    },
    {
      "type": "Feature",
      "properties": {
        "id": "mount-1320",
        "type": "mountain",
        "longitude": 43.176699,
        "latitude": 43.081302,
        "elevation_m": 3069,
        "name": "",
        "point_id": "mount-1320",
        "icon_id": "mount-4",
        "icon_scale": 0.3442,
        "base_shift": 0.0776,
        "priority": 800
      },
      "geometry": {
        "type": "Point",
        "coordinates": [
          43.176699,
          43.081302
        ]
      }
    },
    {
      "type": "Feature",
      "properties": {
        "id": "mount-1326",
        "type": "mountain",
        "longitude": 43.294158,
        "latitude": 43.02142,
        "elevation_m": 2985,
        "name": "",
        "point_id": "mount-1326",
        "icon_id": "mount-27",
        "icon_scale": 0.3536,
        "base_shift": -0.0863,
        "priority": 797
      },
      "geometry": {
        "type": "Point",
        "coordinates": [
          43.294158,
          43.02142
        ]
      }
    },
    {
      "type": "Feature",
      "properties": {
        "id": "mount-1331",
        "type": "mountain",
        "longitude": 41.122588,
        "latitude": 43.586328,
        "elevation_m": 2592,
        "name": "",
        "point_id": "mount-1331",
        "icon_id": "mount-6",
        "icon_scale": 0.3575,
        "base_shift": -0.0856,
        "priority": 785
      },
      "geometry": {
        "type": "Point",
        "coordinates": [
          41.122588,
          43.586328
        ]
      }
    },
    {
      "type": "Feature",
      "properties": {
        "id": "mount-1340",
        "type": "mountain",
        "longitude": 41.064738,
        "latitude": 43.552708,
        "elevation_m": 2336,
        "name": "",
        "point_id": "mount-1340",
        "icon_id": "mount-30",
        "icon_scale": 0.3323,
        "base_shift": 0.0795,
        "priority": 776
      },
      "geometry": {
        "type": "Point",
        "coordinates": [
          41.064738,
          43.552708
        ]
      }
    },
    {
      "type": "Feature",
      "properties": {
        "id": "mount-1346",
        "type": "mountain",
        "longitude": 42.766181,
        "latitude": 43.720048,
        "elevation_m": 1880,
        "name": "",
        "point_id": "mount-1346",
        "icon_id": "mount-18",
        "icon_scale": 0.4165,
        "base_shift": -0.0862,
        "priority": 762
      },
      "geometry": {
        "type": "Point",
        "coordinates": [
          42.766181,
          43.720048
        ]
      }
    },
    {
      "type": "Feature",
      "properties": {
        "id": "mount-1348",
        "type": "mountain",
        "longitude": 43.318287,
        "latitude": 42.950211,
        "elevation_m": 2885,
        "name": "",
        "point_id": "mount-1348",
        "icon_id": "mount-9",
        "icon_scale": 0.3412,
        "base_shift": -0.0845,
        "priority": 794
      },
      "geometry": {
        "type": "Point",
        "coordinates": [
          43.318287,
          42.950211
        ]
      }
    },
    {
      "type": "Feature",
      "properties": {
        "id": "mount-1349",
        "type": "mountain",
        "longitude": 43.408602,
        "latitude": 42.930851,
        "elevation_m": 3024,
        "name": "",
        "point_id": "mount-1349",
        "icon_id": "mount-4",
        "icon_scale": 0.408,
        "base_shift": 0.0837,
        "priority": 798
      },
      "geometry": {
        "type": "Point",
        "coordinates": [
          43.408602,
          42.930851
        ]
      }
    },
    {
      "type": "Feature",
      "properties": {
        "id": "mount-1357",
        "type": "mountain",
        "longitude": 43.348424,
        "latitude": 42.965279,
        "elevation_m": 2941,
        "name": "",
        "point_id": "mount-1357",
        "icon_id": "mount-27",
        "icon_scale": 0.3421,
        "base_shift": 0.0849,
        "priority": 796
      },
      "geometry": {
        "type": "Point",
        "coordinates": [
          43.348424,
          42.965279
        ]
      }
    },
    {
      "type": "Feature",
      "properties": {
        "id": "mount-1362",
        "type": "mountain",
        "longitude": 43.253099,
        "latitude": 42.978036,
        "elevation_m": 2267,
        "name": "",
        "point_id": "mount-1362",
        "icon_id": "mount-6",
        "icon_scale": 0.3312,
        "base_shift": 0.0887,
        "priority": 774
      },
      "geometry": {
        "type": "Point",
        "coordinates": [
          43.253099,
          42.978036
        ]
      }
    },
    {
      "type": "Feature",
      "properties": {
        "id": "mount-1364",
        "type": "mountain",
        "longitude": 43.287946,
        "latitude": 42.989369,
        "elevation_m": 2734,
        "name": "",
        "point_id": "mount-1364",
        "icon_id": "mount-30",
        "icon_scale": 0.3494,
        "base_shift": -0.086,
        "priority": 789
      },
      "geometry": {
        "type": "Point",
        "coordinates": [
          43.287946,
          42.989369
        ]
      }
    },
    {
      "type": "Feature",
      "properties": {
        "id": "mount-1366",
        "type": "mountain",
        "longitude": 41.322348,
        "latitude": 43.61318,
        "elevation_m": 2455,
        "name": "",
        "point_id": "mount-1366",
        "icon_id": "mount-18",
        "icon_scale": 0.3656,
        "base_shift": -0.0805,
        "priority": 780
      },
      "geometry": {
        "type": "Point",
        "coordinates": [
          41.322348,
          43.61318
        ]
      }
    },
    {
      "type": "Feature",
      "properties": {
        "id": "mount-1369",
        "type": "mountain",
        "longitude": 42.981906,
        "latitude": 43.525293,
        "elevation_m": 2108,
        "name": "",
        "point_id": "mount-1369",
        "icon_id": "mount-9",
        "icon_scale": 0.3698,
        "base_shift": -0.0757,
        "priority": 769
      },
      "geometry": {
        "type": "Point",
        "coordinates": [
          42.981906,
          43.525293
        ]
      }
    },
    {
      "type": "Feature",
      "properties": {
        "id": "mount-1370",
        "type": "mountain",
        "longitude": 42.945728,
        "latitude": 43.525324,
        "elevation_m": 2425,
        "name": "",
        "point_id": "mount-1370",
        "icon_id": "mount-4",
        "icon_scale": 0.386,
        "base_shift": -0.0723,
        "priority": 779
      },
      "geometry": {
        "type": "Point",
        "coordinates": [
          42.945728,
          43.525324
        ]
      }
    },
    {
      "type": "Feature",
      "properties": {
        "id": "mount-1373",
        "type": "mountain",
        "longitude": 42.635472,
        "latitude": 43.423214,
        "elevation_m": 2976,
        "name": "",
        "point_id": "mount-1373",
        "icon_id": "mount-27",
        "icon_scale": 0.3641,
        "base_shift": 0.0759,
        "priority": 797
      },
      "geometry": {
        "type": "Point",
        "coordinates": [
          42.635472,
          43.423214
        ]
      }
    },
    {
      "type": "Feature",
      "properties": {
        "id": "mount-1374",
        "type": "mountain",
        "longitude": 43.090053,
        "latitude": 43.234636,
        "elevation_m": 2930,
        "name": "",
        "point_id": "mount-1374",
        "icon_id": "mount-6",
        "icon_scale": 0.3848,
        "base_shift": -0.0867,
        "priority": 795
      },
      "geometry": {
        "type": "Point",
        "coordinates": [
          43.090053,
          43.234636
        ]
      }
    },
    {
      "type": "Feature",
      "properties": {
        "id": "mount-1375",
        "type": "mountain",
        "longitude": 43.14905,
        "latitude": 43.20089,
        "elevation_m": 3069,
        "name": "",
        "point_id": "mount-1375",
        "icon_id": "mount-30",
        "icon_scale": 0.3765,
        "base_shift": 0.0821,
        "priority": 800
      },
      "geometry": {
        "type": "Point",
        "coordinates": [
          43.14905,
          43.20089
        ]
      }
    },
    {
      "type": "Feature",
      "properties": {
        "id": "mount-1376",
        "type": "mountain",
        "longitude": 43.317107,
        "latitude": 43.28222,
        "elevation_m": 2483,
        "name": "",
        "point_id": "mount-1376",
        "icon_id": "mount-18",
        "icon_scale": 0.3661,
        "base_shift": -0.0817,
        "priority": 781
      },
      "geometry": {
        "type": "Point",
        "coordinates": [
          43.317107,
          43.28222
        ]
      }
    },
    {
      "type": "Feature",
      "properties": {
        "id": "mount-1377",
        "type": "mountain",
        "longitude": 43.252584,
        "latitude": 43.215928,
        "elevation_m": 2377,
        "name": "",
        "point_id": "mount-1377",
        "icon_id": "mount-9",
        "icon_scale": 0.406,
        "base_shift": -0.0861,
        "priority": 778
      },
      "geometry": {
        "type": "Point",
        "coordinates": [
          43.252584,
          43.215928
        ]
      }
    },
    {
      "type": "Feature",
      "properties": {
        "id": "mount-1380",
        "type": "mountain",
        "longitude": 43.315133,
        "latitude": 42.958181,
        "elevation_m": 2485,
        "name": "",
        "point_id": "mount-1380",
        "icon_id": "mount-4",
        "icon_scale": 0.3452,
        "base_shift": -0.0842,
        "priority": 781
      },
      "geometry": {
        "type": "Point",
        "coordinates": [
          43.315133,
          42.958181
        ]
      }
    },
    {
      "type": "Feature",
      "properties": {
        "id": "mount-1381",
        "type": "mountain",
        "longitude": 43.264654,
        "latitude": 43.018141,
        "elevation_m": 3067,
        "name": "",
        "point_id": "mount-1381",
        "icon_id": "mount-27",
        "icon_scale": 0.3441,
        "base_shift": -0.0814,
        "priority": 800
      },
      "geometry": {
        "type": "Point",
        "coordinates": [
          43.264654,
          43.018141
        ]
      }
    },
    {
      "type": "Feature",
      "properties": {
        "id": "mount-1382",
        "type": "mountain",
        "longitude": 43.453707,
        "latitude": 43.152068,
        "elevation_m": 2023,
        "name": "",
        "point_id": "mount-1382",
        "icon_id": "mount-6",
        "icon_scale": 0.3785,
        "base_shift": -0.0864,
        "priority": 766
      },
      "geometry": {
        "type": "Point",
        "coordinates": [
          43.453707,
          43.152068
        ]
      }
    },
    {
      "type": "Feature",
      "properties": {
        "id": "mount-1383",
        "type": "mountain",
        "longitude": 43.310026,
        "latitude": 43.124229,
        "elevation_m": 3085,
        "name": "",
        "point_id": "mount-1383",
        "icon_id": "mount-30",
        "icon_scale": 0.366,
        "base_shift": 0.0746,
        "priority": 800
      },
      "geometry": {
        "type": "Point",
        "coordinates": [
          43.310026,
          43.124229
        ]
      }
    },
    {
      "type": "Feature",
      "properties": {
        "id": "mount-1385",
        "type": "mountain",
        "longitude": 43.371899,
        "latitude": 43.176132,
        "elevation_m": 3084,
        "name": "",
        "point_id": "mount-1385",
        "icon_id": "mount-18",
        "icon_scale": 0.3876,
        "base_shift": -0.0699,
        "priority": 800
      },
      "geometry": {
        "type": "Point",
        "coordinates": [
          43.371899,
          43.176132
        ]
      }
    },
    {
      "type": "Feature",
      "properties": {
        "id": "mount-1391",
        "type": "mountain",
        "longitude": 41.633849,
        "latitude": 43.24879,
        "elevation_m": 2983,
        "name": "",
        "point_id": "mount-1391",
        "icon_id": "mount-9",
        "icon_scale": 0.3858,
        "base_shift": -0.076,
        "priority": 797
      },
      "geometry": {
        "type": "Point",
        "coordinates": [
          41.633849,
          43.24879
        ]
      }
    },
    {
      "type": "Feature",
      "properties": {
        "id": "mount-1395",
        "type": "mountain",
        "longitude": 41.660296,
        "latitude": 43.536992,
        "elevation_m": 3128,
        "name": "",
        "point_id": "mount-1395",
        "icon_id": "mount-4",
        "icon_scale": 0.3451,
        "base_shift": 0.0795,
        "priority": 802
      },
      "geometry": {
        "type": "Point",
        "coordinates": [
          41.660296,
          43.536992
        ]
      }
    },
    {
      "type": "Feature",
      "properties": {
        "id": "mount-1396",
        "type": "mountain",
        "longitude": 41.658,
        "latitude": 43.558128,
        "elevation_m": 2789,
        "name": "",
        "point_id": "mount-1396",
        "icon_id": "mount-27",
        "icon_scale": 0.3503,
        "base_shift": 0.0814,
        "priority": 791
      },
      "geometry": {
        "type": "Point",
        "coordinates": [
          41.658,
          43.558128
        ]
      }
    },
    {
      "type": "Feature",
      "properties": {
        "id": "mount-1397",
        "type": "mountain",
        "longitude": 41.470889,
        "latitude": 43.328705,
        "elevation_m": 2878,
        "name": "",
        "point_id": "mount-1397",
        "icon_id": "mount-6",
        "icon_scale": 0.3625,
        "base_shift": 0.0867,
        "priority": 794
      },
      "geometry": {
        "type": "Point",
        "coordinates": [
          41.470889,
          43.328705
        ]
      }
    },
    {
      "type": "Feature",
      "properties": {
        "id": "mount-1398",
        "type": "mountain",
        "longitude": 41.435666,
        "latitude": 43.432728,
        "elevation_m": 3023,
        "name": "",
        "point_id": "mount-1398",
        "icon_id": "mount-30",
        "icon_scale": 0.3542,
        "base_shift": -0.0835,
        "priority": 798
      },
      "geometry": {
        "type": "Point",
        "coordinates": [
          41.435666,
          43.432728
        ]
      }
    },
    {
      "type": "Feature",
      "properties": {
        "id": "mount-1399",
        "type": "mountain",
        "longitude": 41.486467,
        "latitude": 43.510861,
        "elevation_m": 2721,
        "name": "",
        "point_id": "mount-1399",
        "icon_id": "mount-18",
        "icon_scale": 0.3704,
        "base_shift": -0.0832,
        "priority": 789
      },
      "geometry": {
        "type": "Point",
        "coordinates": [
          41.486467,
          43.510861
        ]
      }
    },
    {
      "type": "Feature",
      "properties": {
        "id": "mount-1412",
        "type": "mountain",
        "longitude": 40.761412,
        "latitude": 43.533235,
        "elevation_m": 2648,
        "name": "",
        "point_id": "mount-1412",
        "icon_id": "mount-9",
        "icon_scale": 0.3975,
        "base_shift": -0.0042,
        "priority": 726
      },
      "geometry": {
        "type": "Point",
        "coordinates": [
          40.761412,
          43.533235
        ]
      }
    },
    {
      "type": "Feature",
      "properties": {
        "id": "mount-1416",
        "type": "mountain",
        "longitude": 42.280927,
        "latitude": 43.701924,
        "elevation_m": 2159,
        "name": "",
        "point_id": "mount-1416",
        "icon_id": "mount-4",
        "icon_scale": 0.3914,
        "base_shift": -0.0609,
        "priority": 771
      },
      "geometry": {
        "type": "Point",
        "coordinates": [
          42.280927,
          43.701924
        ]
      }
    },
    {
      "type": "Feature",
      "properties": {
        "id": "mount-1419",
        "type": "mountain",
        "longitude": 41.589861,
        "latitude": 43.462436,
        "elevation_m": 3199,
        "name": "",
        "point_id": "mount-1419",
        "icon_id": "mount-27",
        "icon_scale": 0.3571,
        "base_shift": 0.0789,
        "priority": 804
      },
      "geometry": {
        "type": "Point",
        "coordinates": [
          41.589861,
          43.462436
        ]
      }
    },
    {
      "type": "Feature",
      "properties": {
        "id": "mount-1420",
        "type": "mountain",
        "longitude": 42.31822,
        "latitude": 43.705864,
        "elevation_m": 2227,
        "name": "",
        "point_id": "mount-1420",
        "icon_id": "mount-6",
        "icon_scale": 0.3823,
        "base_shift": -0.0668,
        "priority": 773
      },
      "geometry": {
        "type": "Point",
        "coordinates": [
          42.31822,
          43.705864
        ]
      }
    },
    {
      "type": "Feature",
      "properties": {
        "id": "mount-1421",
        "type": "mountain",
        "longitude": 41.359116,
        "latitude": 43.36114,
        "elevation_m": 3112,
        "name": "",
        "point_id": "mount-1421",
        "icon_id": "mount-30",
        "icon_scale": 0.3449,
        "base_shift": -0.0793,
        "priority": 801
      },
      "geometry": {
        "type": "Point",
        "coordinates": [
          41.359116,
          43.36114
        ]
      }
    },
    {
      "type": "Feature",
      "properties": {
        "id": "mount-1424",
        "type": "mountain",
        "longitude": 41.098105,
        "latitude": 43.383219,
        "elevation_m": 2759,
        "name": "",
        "point_id": "mount-1424",
        "icon_id": "mount-18",
        "icon_scale": 0.4136,
        "base_shift": -0.072,
        "priority": 790
      },
      "geometry": {
        "type": "Point",
        "coordinates": [
          41.098105,
          43.383219
        ]
      }
    },
    {
      "type": "Feature",
      "properties": {
        "id": "mount-1426",
        "type": "mountain",
        "longitude": 41.989081,
        "latitude": 43.283813,
        "elevation_m": 2913,
        "name": "",
        "point_id": "mount-1426",
        "icon_id": "mount-9",
        "icon_scale": 0.3416,
        "base_shift": -0.0853,
        "priority": 795
      },
      "geometry": {
        "type": "Point",
        "coordinates": [
          41.989081,
          43.283813
        ]
      }
    },
    {
      "type": "Feature",
      "properties": {
        "id": "mount-1427",
        "type": "mountain",
        "longitude": 42.071586,
        "latitude": 43.521209,
        "elevation_m": 2220,
        "name": "",
        "point_id": "mount-1427",
        "icon_id": "mount-4",
        "icon_scale": 0.3511,
        "base_shift": -0.0832,
        "priority": 773
      },
      "geometry": {
        "type": "Point",
        "coordinates": [
          42.071586,
          43.521209
        ]
      }
    },
    {
      "type": "Feature",
      "properties": {
        "id": "mount-1432",
        "type": "mountain",
        "longitude": 42.015356,
        "latitude": 43.528342,
        "elevation_m": 1937,
        "name": "",
        "point_id": "mount-1432",
        "icon_id": "mount-27",
        "icon_scale": 0.3667,
        "base_shift": -0.0744,
        "priority": 764
      },
      "geometry": {
        "type": "Point",
        "coordinates": [
          42.015356,
          43.528342
        ]
      }
    },
    {
      "type": "Feature",
      "properties": {
        "id": "mount-1435",
        "type": "mountain",
        "longitude": 42.103075,
        "latitude": 43.557327,
        "elevation_m": 2024,
        "name": "",
        "point_id": "mount-1435",
        "icon_id": "mount-6",
        "icon_scale": 0.3375,
        "base_shift": -0.0852,
        "priority": 766
      },
      "geometry": {
        "type": "Point",
        "coordinates": [
          42.103075,
          43.557327
        ]
      }
    },
    {
      "type": "Feature",
      "properties": {
        "id": "mount-1436",
        "type": "mountain",
        "longitude": 42.223946,
        "latitude": 43.724638,
        "elevation_m": 1812,
        "name": "",
        "point_id": "mount-1436",
        "icon_id": "mount-30",
        "icon_scale": 0.405,
        "base_shift": 0.0621,
        "priority": 760
      },
      "geometry": {
        "type": "Point",
        "coordinates": [
          42.223946,
          43.724638
        ]
      }
    },
    {
      "type": "Feature",
      "properties": {
        "id": "mount-1439",
        "type": "mountain",
        "longitude": 41.206509,
        "latitude": 43.417463,
        "elevation_m": 2485,
        "name": "",
        "point_id": "mount-1439",
        "icon_id": "mount-18",
        "icon_scale": 0.3452,
        "base_shift": 0.0877,
        "priority": 781
      },
      "geometry": {
        "type": "Point",
        "coordinates": [
          41.206509,
          43.417463
        ]
      }
    },
    {
      "type": "Feature",
      "properties": {
        "id": "mount-1442",
        "type": "mountain",
        "longitude": 42.229643,
        "latitude": 43.349867,
        "elevation_m": 2988,
        "name": "",
        "point_id": "mount-1442",
        "icon_id": "mount-9",
        "icon_scale": 0.3644,
        "base_shift": 0.0863,
        "priority": 797
      },
      "geometry": {
        "type": "Point",
        "coordinates": [
          42.229643,
          43.349867
        ]
      }
    },
    {
      "type": "Feature",
      "properties": {
        "id": "mount-1443",
        "type": "mountain",
        "longitude": 41.354567,
        "latitude": 43.496122,
        "elevation_m": 2937,
        "name": "",
        "point_id": "mount-1443",
        "icon_id": "mount-4",
        "icon_scale": 0.3635,
        "base_shift": -0.0833,
        "priority": 796
      },
      "geometry": {
        "type": "Point",
        "coordinates": [
          41.354567,
          43.496122
        ]
      }
    },
    {
      "type": "Feature",
      "properties": {
        "id": "mount-1446",
        "type": "mountain",
        "longitude": 41.28086,
        "latitude": 43.476918,
        "elevation_m": 2945,
        "name": "",
        "point_id": "mount-1446",
        "icon_id": "mount-27",
        "icon_scale": 0.3743,
        "base_shift": 0.0808,
        "priority": 796
      },
      "geometry": {
        "type": "Point",
        "coordinates": [
          41.28086,
          43.476918
        ]
      }
    },
    {
      "type": "Feature",
      "properties": {
        "id": "mount-1447",
        "type": "mountain",
        "longitude": 40.979476,
        "latitude": 43.651455,
        "elevation_m": 3068,
        "name": "",
        "point_id": "mount-1447",
        "icon_id": "mount-6",
        "icon_scale": 0.3981,
        "base_shift": 0.0694,
        "priority": 800
      },
      "geometry": {
        "type": "Point",
        "coordinates": [
          40.979476,
          43.651455
        ]
      }
    },
    {
      "type": "Feature",
      "properties": {
        "id": "mount-1448",
        "type": "mountain",
        "longitude": 42.198508,
        "latitude": 43.410691,
        "elevation_m": 2475,
        "name": "",
        "point_id": "mount-1448",
        "icon_id": "mount-30",
        "icon_scale": 0.387,
        "base_shift": 0.0863,
        "priority": 781
      },
      "geometry": {
        "type": "Point",
        "coordinates": [
          42.198508,
          43.410691
        ]
      }
    },
    {
      "type": "Feature",
      "properties": {
        "id": "mount-1450",
        "type": "mountain",
        "longitude": 42.182747,
        "latitude": 43.507243,
        "elevation_m": 2112,
        "name": "",
        "point_id": "mount-1450",
        "icon_id": "mount-18",
        "icon_scale": 0.3595,
        "base_shift": 0.0797,
        "priority": 769
      },
      "geometry": {
        "type": "Point",
        "coordinates": [
          42.182747,
          43.507243
        ]
      }
    },
    {
      "type": "Feature",
      "properties": {
        "id": "mount-1451",
        "type": "mountain",
        "longitude": 42.284961,
        "latitude": 43.424243,
        "elevation_m": 2620,
        "name": "",
        "point_id": "mount-1451",
        "icon_id": "mount-9",
        "icon_scale": 0.3791,
        "base_shift": 0.0728,
        "priority": 786
      },
      "geometry": {
        "type": "Point",
        "coordinates": [
          42.284961,
          43.424243
        ]
      }
    },
    {
      "type": "Feature",
      "properties": {
        "id": "mount-1453",
        "type": "mountain",
        "longitude": 40.968339,
        "latitude": 43.618881,
        "elevation_m": 2170,
        "name": "",
        "point_id": "mount-1453",
        "icon_id": "mount-4",
        "icon_scale": 0.4019,
        "base_shift": 0.0694,
        "priority": 771
      },
      "geometry": {
        "type": "Point",
        "coordinates": [
          40.968339,
          43.618881
        ]
      }
    },
    {
      "type": "Feature",
      "properties": {
        "id": "mount-1456",
        "type": "mountain",
        "longitude": 41.369351,
        "latitude": 43.641316,
        "elevation_m": 2043,
        "name": "",
        "point_id": "mount-1456",
        "icon_id": "mount-27",
        "icon_scale": 0.3686,
        "base_shift": -0.086,
        "priority": 767
      },
      "geometry": {
        "type": "Point",
        "coordinates": [
          41.369351,
          43.641316
        ]
      }
    },
    {
      "type": "Feature",
      "properties": {
        "id": "mount-1457",
        "type": "mountain",
        "longitude": 43.057265,
        "latitude": 43.557451,
        "elevation_m": 1915,
        "name": "",
        "point_id": "mount-1457",
        "icon_id": "mount-6",
        "icon_scale": 0.4172,
        "base_shift": -0.0744,
        "priority": 763
      },
      "geometry": {
        "type": "Point",
        "coordinates": [
          43.057265,
          43.557451
        ]
      }
    },
    {
      "type": "Feature",
      "properties": {
        "id": "mount-1461",
        "type": "mountain",
        "longitude": 41.320052,
        "latitude": 43.509087,
        "elevation_m": 2434,
        "name": "",
        "point_id": "mount-1461",
        "icon_id": "mount-30",
        "icon_scale": 0.3443,
        "base_shift": 0.0836,
        "priority": 780
      },
      "geometry": {
        "type": "Point",
        "coordinates": [
          41.320052,
          43.509087
        ]
      }
    },
    {
      "type": "Feature",
      "properties": {
        "id": "mount-1466",
        "type": "mountain",
        "longitude": 40.945584,
        "latitude": 43.750947,
        "elevation_m": 2370,
        "name": "",
        "point_id": "mount-1466",
        "icon_id": "mount-18",
        "icon_scale": 0.3821,
        "base_shift": -0.0057,
        "priority": 718
      },
      "geometry": {
        "type": "Point",
        "coordinates": [
          40.945584,
          43.750947
        ]
      }
    },
    {
      "type": "Feature",
      "properties": {
        "id": "mount-1467",
        "type": "mountain",
        "longitude": 41.288649,
        "latitude": 43.48598,
        "elevation_m": 2621,
        "name": "",
        "point_id": "mount-1467",
        "icon_id": "mount-9",
        "icon_scale": 0.358,
        "base_shift": -0.0839,
        "priority": 786
      },
      "geometry": {
        "type": "Point",
        "coordinates": [
          41.288649,
          43.48598
        ]
      }
    },
    {
      "type": "Feature",
      "properties": {
        "id": "mount-1475",
        "type": "mountain",
        "longitude": 41.251377,
        "latitude": 43.720164,
        "elevation_m": 1931,
        "name": "",
        "point_id": "mount-1475",
        "icon_id": "mount-4",
        "icon_scale": 0.387,
        "base_shift": -0.0648,
        "priority": 763
      },
      "geometry": {
        "type": "Point",
        "coordinates": [
          41.251377,
          43.720164
        ]
      }
    },
    {
      "type": "Feature",
      "properties": {
        "id": "mount-1483",
        "type": "mountain",
        "longitude": 42.280937,
        "latitude": 43.741662,
        "elevation_m": 2192,
        "name": "",
        "point_id": "mount-1483",
        "icon_id": "mount-27",
        "icon_scale": 0.392,
        "base_shift": -0.0619,
        "priority": 772
      },
      "geometry": {
        "type": "Point",
        "coordinates": [
          42.280937,
          43.741662
        ]
      }
    },
    {
      "type": "Feature",
      "properties": {
        "id": "mount-1487",
        "type": "mountain",
        "longitude": 41.088299,
        "latitude": 43.694671,
        "elevation_m": 2482,
        "name": "",
        "point_id": "mount-1487",
        "icon_id": "mount-6",
        "icon_scale": 0.3976,
        "base_shift": -0.0667,
        "priority": 781
      },
      "geometry": {
        "type": "Point",
        "coordinates": [
          41.088299,
          43.694671
        ]
      }
    },
    {
      "type": "Feature",
      "properties": {
        "id": "mount-1489",
        "type": "mountain",
        "longitude": 43.094441,
        "latitude": 43.463689,
        "elevation_m": 2104,
        "name": "",
        "point_id": "mount-1489",
        "icon_id": "mount-30",
        "icon_scale": 0.4212,
        "base_shift": 0.0853,
        "priority": 769
      },
      "geometry": {
        "type": "Point",
        "coordinates": [
          43.094441,
          43.463689
        ]
      }
    },
    {
      "type": "Feature",
      "properties": {
        "id": "mount-1490",
        "type": "mountain",
        "longitude": 42.809429,
        "latitude": 43.622035,
        "elevation_m": 2426,
        "name": "",
        "point_id": "mount-1490",
        "icon_id": "mount-18",
        "icon_scale": 0.407,
        "base_shift": 0.0721,
        "priority": 779
      },
      "geometry": {
        "type": "Point",
        "coordinates": [
          42.809429,
          43.622035
        ]
      }
    },
    {
      "type": "Feature",
      "properties": {
        "id": "mount-1495",
        "type": "mountain",
        "longitude": 42.451601,
        "latitude": 43.654281,
        "elevation_m": 2372,
        "name": "",
        "point_id": "mount-1495",
        "icon_id": "mount-9",
        "icon_scale": 0.3746,
        "base_shift": 0.074,
        "priority": 778
      },
      "geometry": {
        "type": "Point",
        "coordinates": [
          42.451601,
          43.654281
        ]
      }
    },
    {
      "type": "Feature",
      "properties": {
        "id": "mount-1499",
        "type": "mountain",
        "longitude": 42.267119,
        "latitude": 43.524709,
        "elevation_m": 1854,
        "name": "",
        "point_id": "mount-1499",
        "icon_id": "mount-4",
        "icon_scale": 0.3753,
        "base_shift": 0.0685,
        "priority": 761
      },
      "geometry": {
        "type": "Point",
        "coordinates": [
          42.267119,
          43.524709
        ]
      }
    },
    {
      "type": "Feature",
      "properties": {
        "id": "mount-1510",
        "type": "mountain",
        "longitude": 40.853283,
        "latitude": 43.577857,
        "elevation_m": 2737,
        "name": "",
        "point_id": "mount-1510",
        "icon_id": "mount-27",
        "icon_scale": 0.3896,
        "base_shift": 0.0149,
        "priority": 729
      },
      "geometry": {
        "type": "Point",
        "coordinates": [
          40.853283,
          43.577857
        ]
      }
    },
    {
      "type": "Feature",
      "properties": {
        "id": "mount-1512",
        "type": "mountain",
        "longitude": 42.254663,
        "latitude": 43.455746,
        "elevation_m": 3186,
        "name": "",
        "point_id": "mount-1512",
        "icon_id": "mount-6",
        "icon_scale": 0.4003,
        "base_shift": 0.0741,
        "priority": 804
      },
      "geometry": {
        "type": "Point",
        "coordinates": [
          42.254663,
          43.455746
        ]
      }
    },
    {
      "type": "Feature",
      "properties": {
        "id": "mount-1513",
        "type": "mountain",
        "longitude": 42.527937,
        "latitude": 43.730972,
        "elevation_m": 2358,
        "name": "",
        "point_id": "mount-1513",
        "icon_id": "mount-30",
        "icon_scale": 0.4056,
        "base_shift": 0.0876,
        "priority": 777
      },
      "geometry": {
        "type": "Point",
        "coordinates": [
          42.527937,
          43.730972
        ]
      }
    },
    {
      "type": "Feature",
      "properties": {
        "id": "mount-1518",
        "type": "mountain",
        "longitude": 42.253901,
        "latitude": 43.667266,
        "elevation_m": 2059,
        "name": "",
        "point_id": "mount-1518",
        "icon_id": "mount-18",
        "icon_scale": 0.3894,
        "base_shift": 0.066,
        "priority": 768
      },
      "geometry": {
        "type": "Point",
        "coordinates": [
          42.253901,
          43.667266
        ]
      }
    },
    {
      "type": "Feature",
      "properties": {
        "id": "mount-1520",
        "type": "mountain",
        "longitude": 42.304788,
        "latitude": 43.66791,
        "elevation_m": 2212,
        "name": "",
        "point_id": "mount-1520",
        "icon_id": "mount-9",
        "icon_scale": 0.3613,
        "base_shift": -0.062,
        "priority": 772
      },
      "geometry": {
        "type": "Point",
        "coordinates": [
          42.304788,
          43.66791
        ]
      }
    },
    {
      "type": "Feature",
      "properties": {
        "id": "mount-1523",
        "type": "mountain",
        "longitude": 43.313427,
        "latitude": 43.264081,
        "elevation_m": 3025,
        "name": "",
        "point_id": "mount-1523",
        "icon_id": "mount-4",
        "icon_scale": 0.365,
        "base_shift": -0.0835,
        "priority": 798
      },
      "geometry": {
        "type": "Point",
        "coordinates": [
          43.313427,
          43.264081
        ]
      }
    },
    {
      "type": "Feature",
      "properties": {
        "id": "mount-1524",
        "type": "mountain",
        "longitude": 43.382446,
        "latitude": 43.336876,
        "elevation_m": 1825,
        "name": "",
        "point_id": "mount-1524",
        "icon_id": "mount-27",
        "icon_scale": 0.3951,
        "base_shift": 0.0873,
        "priority": 760
      },
      "geometry": {
        "type": "Point",
        "coordinates": [
          43.382446,
          43.336876
        ]
      }
    },
    {
      "type": "Feature",
      "properties": {
        "id": "mount-1525",
        "type": "mountain",
        "longitude": 43.229592,
        "latitude": 43.327566,
        "elevation_m": 3088,
        "name": "",
        "point_id": "mount-1525",
        "icon_id": "mount-6",
        "icon_scale": 0.4417,
        "base_shift": 0.0792,
        "priority": 801
      },
      "geometry": {
        "type": "Point",
        "coordinates": [
          43.229592,
          43.327566
        ]
      }
    },
    {
      "type": "Feature",
      "properties": {
        "id": "mount-1526",
        "type": "mountain",
        "longitude": 43.192878,
        "latitude": 43.272753,
        "elevation_m": 2383,
        "name": "",
        "point_id": "mount-1526",
        "icon_id": "mount-30",
        "icon_scale": 0.4165,
        "base_shift": 0.0844,
        "priority": 778
      },
      "geometry": {
        "type": "Point",
        "coordinates": [
          43.192878,
          43.272753
        ]
      }
    },
    {
      "type": "Feature",
      "properties": {
        "id": "mount-1528",
        "type": "mountain",
        "longitude": 42.625312,
        "latitude": 43.732926,
        "elevation_m": 2143,
        "name": "",
        "point_id": "mount-1528",
        "icon_id": "mount-18",
        "icon_scale": 0.422,
        "base_shift": 0.0855,
        "priority": 770
      },
      "geometry": {
        "type": "Point",
        "coordinates": [
          42.625312,
          43.732926
        ]
      }
    },
    {
      "type": "Feature",
      "properties": {
        "id": "mount-1533",
        "type": "mountain",
        "longitude": 42.307738,
        "latitude": 43.588613,
        "elevation_m": 2184,
        "name": "",
        "point_id": "mount-1533",
        "icon_id": "mount-9",
        "icon_scale": 0.4125,
        "base_shift": 0.0632,
        "priority": 772
      },
      "geometry": {
        "type": "Point",
        "coordinates": [
          42.307738,
          43.588613
        ]
      }
    },
    {
      "type": "Feature",
      "properties": {
        "id": "mount-1541",
        "type": "mountain",
        "longitude": 40.830656,
        "latitude": 43.602459,
        "elevation_m": 2585,
        "name": "",
        "point_id": "mount-1541",
        "icon_id": "mount-4",
        "icon_scale": 0.3865,
        "base_shift": 0.0129,
        "priority": 724
      },
      "geometry": {
        "type": "Point",
        "coordinates": [
          40.830656,
          43.602459
        ]
      }
    },
    {
      "type": "Feature",
      "properties": {
        "id": "mount-1550",
        "type": "mountain",
        "longitude": 42.664279,
        "latitude": 43.732848,
        "elevation_m": 2118,
        "name": "",
        "point_id": "mount-1550",
        "icon_id": "mount-27",
        "icon_scale": 0.4215,
        "base_shift": 0.082,
        "priority": 769
      },
      "geometry": {
        "type": "Point",
        "coordinates": [
          42.664279,
          43.732848
        ]
      }
    },
    {
      "type": "Feature",
      "properties": {
        "id": "mount-1555",
        "type": "mountain",
        "longitude": 41.92548,
        "latitude": 43.28511,
        "elevation_m": 3164,
        "name": "",
        "point_id": "mount-1555",
        "icon_id": "mount-6",
        "icon_scale": 0.3566,
        "base_shift": -0.0861,
        "priority": 803
      },
      "geometry": {
        "type": "Point",
        "coordinates": [
          41.92548,
          43.28511
        ]
      }
    },
    {
      "type": "Feature",
      "properties": {
        "id": "mount-1557",
        "type": "mountain",
        "longitude": 42.167426,
        "latitude": 43.532768,
        "elevation_m": 1966,
        "name": "",
        "point_id": "mount-1557",
        "icon_id": "mount-30",
        "icon_scale": 0.3365,
        "base_shift": 0.0837,
        "priority": 765
      },
      "geometry": {
        "type": "Point",
        "coordinates": [
          42.167426,
          43.532768
        ]
      }
    },
    {
      "type": "Feature",
      "properties": {
        "id": "mount-1561",
        "type": "mountain",
        "longitude": 42.707452,
        "latitude": 43.363488,
        "elevation_m": 2853,
        "name": "",
        "point_id": "mount-1561",
        "icon_id": "mount-18",
        "icon_scale": 0.3407,
        "base_shift": -0.0761,
        "priority": 793
      },
      "geometry": {
        "type": "Point",
        "coordinates": [
          42.707452,
          43.363488
        ]
      }
    },
    {
      "type": "Feature",
      "properties": {
        "id": "mount-1562",
        "type": "mountain",
        "longitude": 43.429953,
        "latitude": 43.165639,
        "elevation_m": 2989,
        "name": "",
        "point_id": "mount-1562",
        "icon_id": "mount-9",
        "icon_scale": 0.4074,
        "base_shift": -0.0818,
        "priority": 797
      },
      "geometry": {
        "type": "Point",
        "coordinates": [
          43.429953,
          43.165639
        ]
      }
    },
    {
      "type": "Feature",
      "properties": {
        "id": "mount-1565",
        "type": "mountain",
        "longitude": 42.831434,
        "latitude": 43.475836,
        "elevation_m": 2418,
        "name": "",
        "point_id": "mount-1565",
        "icon_id": "mount-4",
        "icon_scale": 0.3963,
        "base_shift": -0.0696,
        "priority": 779
      },
      "geometry": {
        "type": "Point",
        "coordinates": [
          42.831434,
          43.475836
        ]
      }
    },
    {
      "type": "Feature",
      "properties": {
        "id": "mount-1572",
        "type": "mountain",
        "longitude": 40.765682,
        "latitude": 43.779422,
        "elevation_m": 2454,
        "name": "",
        "point_id": "mount-1572",
        "icon_id": "mount-27",
        "icon_scale": 0.3838,
        "base_shift": 0.0116,
        "priority": 720
      },
      "geometry": {
        "type": "Point",
        "coordinates": [
          40.765682,
          43.779422
        ]
      }
    },
    {
      "type": "Feature",
      "properties": {
        "id": "mount-1576",
        "type": "mountain",
        "longitude": 42.148994,
        "latitude": 43.387468,
        "elevation_m": 3008,
        "name": "",
        "point_id": "mount-1576",
        "icon_id": "mount-6",
        "icon_scale": 0.397,
        "base_shift": -0.0846,
        "priority": 798
      },
      "geometry": {
        "type": "Point",
        "coordinates": [
          42.148994,
          43.387468
        ]
      }
    },
    {
      "type": "Feature",
      "properties": {
        "id": "mount-1579",
        "type": "mountain",
        "longitude": 42.094781,
        "latitude": 43.532784,
        "elevation_m": 2104,
        "name": "",
        "point_id": "mount-1579",
        "icon_id": "mount-30",
        "icon_scale": 0.3594,
        "base_shift": -0.0855,
        "priority": 769
      },
      "geometry": {
        "type": "Point",
        "coordinates": [
          42.094781,
          43.532784
        ]
      }
    },
    {
      "type": "Feature",
      "properties": {
        "id": "mount-1580",
        "type": "mountain",
        "longitude": 43.19895,
        "latitude": 43.316139,
        "elevation_m": 2146,
        "name": "",
        "point_id": "mount-1580",
        "icon_id": "mount-18",
        "icon_scale": 0.4221,
        "base_shift": 0.0827,
        "priority": 770
      },
      "geometry": {
        "type": "Point",
        "coordinates": [
          43.19895,
          43.316139
        ]
      }
    },
    {
      "type": "Feature",
      "properties": {
        "id": "mount-1581",
        "type": "mountain",
        "longitude": 41.755246,
        "latitude": 43.182156,
        "elevation_m": 2763,
        "name": "",
        "point_id": "mount-1581",
        "icon_id": "mount-9",
        "icon_scale": 0.3608,
        "base_shift": -0.0047,
        "priority": 730
      },
      "geometry": {
        "type": "Point",
        "coordinates": [
          41.755246,
          43.182156
        ]
      }
    },
    {
      "type": "Feature",
      "properties": {
        "id": "mount-1594",
        "type": "mountain",
        "longitude": 42.598232,
        "latitude": 43.67564,
        "elevation_m": 2224,
        "name": "",
        "point_id": "mount-1594",
        "icon_id": "mount-4",
        "icon_scale": 0.3926,
        "base_shift": -0.0779,
        "priority": 773
      },
      "geometry": {
        "type": "Point",
        "coordinates": [
          42.598232,
          43.67564
        ]
      }
    },
    {
      "type": "Feature",
      "properties": {
        "id": "mount-1595",
        "type": "mountain",
        "longitude": 42.367219,
        "latitude": 43.691545,
        "elevation_m": 2342,
        "name": "",
        "point_id": "mount-1595",
        "icon_id": "mount-27",
        "icon_scale": 0.4053,
        "base_shift": -0.073,
        "priority": 777
      },
      "geometry": {
        "type": "Point",
        "coordinates": [
          42.367219,
          43.691545
        ]
      }
    },
    {
      "type": "Feature",
      "properties": {
        "id": "mount-1597",
        "type": "mountain",
        "longitude": 41.724143,
        "latitude": 43.365087,
        "elevation_m": 2814,
        "name": "",
        "point_id": "mount-1597",
        "icon_id": "mount-6",
        "icon_scale": 0.3827,
        "base_shift": 0.0849,
        "priority": 792
      },
      "geometry": {
        "type": "Point",
        "coordinates": [
          41.724143,
          43.365087
        ]
      }
    },
    {
      "type": "Feature",
      "properties": {
        "id": "mount-1601",
        "type": "mountain",
        "longitude": 41.794374,
        "latitude": 43.265745,
        "elevation_m": 2557,
        "name": "",
        "point_id": "mount-1601",
        "icon_id": "mount-30",
        "icon_scale": 0.3674,
        "base_shift": 0.0566,
        "priority": 784
      },
      "geometry": {
        "type": "Point",
        "coordinates": [
          41.794374,
          43.265745
        ]
      }
    },
    {
      "type": "Feature",
      "properties": {
        "id": "mount-1602",
        "type": "mountain",
        "longitude": 41.71865,
        "latitude": 43.189431,
        "elevation_m": 2475,
        "name": "",
        "point_id": "mount-1602",
        "icon_id": "mount-18",
        "icon_scale": 0.3765,
        "base_shift": -0.0567,
        "priority": 781
      },
      "geometry": {
        "type": "Point",
        "coordinates": [
          41.71865,
          43.189431
        ]
      }
    },
    {
      "type": "Feature",
      "properties": {
        "id": "mount-1618",
        "type": "mountain",
        "longitude": 41.684908,
        "latitude": 43.447513,
        "elevation_m": 2943,
        "name": "",
        "point_id": "mount-1618",
        "icon_id": "mount-9",
        "icon_scale": 0.3957,
        "base_shift": -0.0817,
        "priority": 796
      },
      "geometry": {
        "type": "Point",
        "coordinates": [
          41.684908,
          43.447513
        ]
      }
    },
    {
      "type": "Feature",
      "properties": {
        "id": "mount-1619",
        "type": "mountain",
        "longitude": 41.568629,
        "latitude": 43.217492,
        "elevation_m": 2835,
        "name": "",
        "point_id": "mount-1619",
        "icon_id": "mount-4",
        "icon_scale": 0.4151,
        "base_shift": 0.0575,
        "priority": 792
      },
      "geometry": {
        "type": "Point",
        "coordinates": [
          41.568629,
          43.217492
        ]
      }
    },
    {
      "type": "Feature",
      "properties": {
        "id": "mount-1625",
        "type": "mountain",
        "longitude": 41.510532,
        "latitude": 43.406887,
        "elevation_m": 2812,
        "name": "",
        "point_id": "mount-1625",
        "icon_id": "mount-27",
        "icon_scale": 0.34,
        "base_shift": 0.085,
        "priority": 792
      },
      "geometry": {
        "type": "Point",
        "coordinates": [
          41.510532,
          43.406887
        ]
      }
    },
    {
      "type": "Feature",
      "properties": {
        "id": "mount-1626",
        "type": "mountain",
        "longitude": 41.533996,
        "latitude": 43.461711,
        "elevation_m": 2940,
        "name": "",
        "point_id": "mount-1626",
        "icon_id": "mount-6",
        "icon_scale": 0.3528,
        "base_shift": 0.0842,
        "priority": 796
      },
      "geometry": {
        "type": "Point",
        "coordinates": [
          41.533996,
          43.461711
        ]
      }
    },
    {
      "type": "Feature",
      "properties": {
        "id": "mount-1631",
        "type": "mountain",
        "longitude": 42.771825,
        "latitude": 43.465558,
        "elevation_m": 2698,
        "name": "",
        "point_id": "mount-1631",
        "icon_id": "mount-30",
        "icon_scale": 0.4017,
        "base_shift": -0.0629,
        "priority": 788
      },
      "geometry": {
        "type": "Point",
        "coordinates": [
          42.771825,
          43.465558
        ]
      }
    },
    {
      "type": "Feature",
      "properties": {
        "id": "mount-1632",
        "type": "mountain",
        "longitude": 41.526883,
        "latitude": 43.630911,
        "elevation_m": 2203,
        "name": "",
        "point_id": "mount-1632",
        "icon_id": "mount-18",
        "icon_scale": 0.3715,
        "base_shift": -0.0848,
        "priority": 772
      },
      "geometry": {
        "type": "Point",
        "coordinates": [
          41.526883,
          43.630911
        ]
      }
    },
    {
      "type": "Feature",
      "properties": {
        "id": "mount-1635",
        "type": "mountain",
        "longitude": 41.453851,
        "latitude": 43.510518,
        "elevation_m": 2649,
        "name": "",
        "point_id": "mount-1635",
        "icon_id": "mount-9",
        "icon_scale": 0.3479,
        "base_shift": 0.0859,
        "priority": 786
      },
      "geometry": {
        "type": "Point",
        "coordinates": [
          41.453851,
          43.510518
        ]
      }
    },
    {
      "type": "Feature",
      "properties": {
        "id": "mount-1637",
        "type": "mountain",
        "longitude": 41.477047,
        "latitude": 43.483979,
        "elevation_m": 2739,
        "name": "",
        "point_id": "mount-1637",
        "icon_id": "mount-4",
        "icon_scale": 0.3601,
        "base_shift": -0.0857,
        "priority": 789
      },
      "geometry": {
        "type": "Point",
        "coordinates": [
          41.477047,
          43.483979
        ]
      }
    },
    {
      "type": "Feature",
      "properties": {
        "id": "mount-1645",
        "type": "mountain",
        "longitude": 43.374882,
        "latitude": 43.210446,
        "elevation_m": 3174,
        "name": "",
        "point_id": "mount-1645",
        "icon_id": "mount-27",
        "icon_scale": 0.4001,
        "base_shift": 0.0821,
        "priority": 803
      },
      "geometry": {
        "type": "Point",
        "coordinates": [
          43.374882,
          43.210446
        ]
      }
    },
    {
      "type": "Feature",
      "properties": {
        "id": "mount-1647",
        "type": "mountain",
        "longitude": 42.552098,
        "latitude": 43.775324,
        "elevation_m": 2111,
        "name": "",
        "point_id": "mount-1647",
        "icon_id": "mount-6",
        "icon_scale": 0.4213,
        "base_shift": -0.0874,
        "priority": 769
      },
      "geometry": {
        "type": "Point",
        "coordinates": [
          42.552098,
          43.775324
        ]
      }
    },
    {
      "type": "Feature",
      "properties": {
        "id": "mount-1653",
        "type": "mountain",
        "longitude": 42.480462,
        "latitude": 43.614803,
        "elevation_m": 2329,
        "name": "",
        "point_id": "mount-1653",
        "icon_id": "mount-30",
        "icon_scale": 0.3634,
        "base_shift": -0.0682,
        "priority": 776
      },
      "geometry": {
        "type": "Point",
        "coordinates": [
          42.480462,
          43.614803
        ]
      }
    },
    {
      "type": "Feature",
      "properties": {
        "id": "mount-1658",
        "type": "mountain",
        "longitude": 42.741548,
        "latitude": 43.627487,
        "elevation_m": 2441,
        "name": "",
        "point_id": "mount-1658",
        "icon_id": "mount-18",
        "icon_scale": 0.4073,
        "base_shift": 0.0783,
        "priority": 780
      },
      "geometry": {
        "type": "Point",
        "coordinates": [
          42.741548,
          43.627487
        ]
      }
    },
    {
      "type": "Feature",
      "properties": {
        "id": "mount-1662",
        "type": "mountain",
        "longitude": 41.878767,
        "latitude": 43.21506,
        "elevation_m": 2800,
        "name": "",
        "point_id": "mount-1662",
        "icon_id": "mount-9",
        "icon_scale": 0.3718,
        "base_shift": -0.0767,
        "priority": 791
      },
      "geometry": {
        "type": "Point",
        "coordinates": [
          41.878767,
          43.21506
        ]
      }
    },
    {
      "type": "Feature",
      "properties": {
        "id": "mount-1663",
        "type": "mountain",
        "longitude": 41.0736,
        "latitude": 43.673374,
        "elevation_m": 2681,
        "name": "",
        "point_id": "mount-1663",
        "icon_id": "mount-4",
        "icon_scale": 0.3802,
        "base_shift": -0.0735,
        "priority": 787
      },
      "geometry": {
        "type": "Point",
        "coordinates": [
          41.0736,
          43.673374
        ]
      }
    },
    {
      "type": "Feature",
      "properties": {
        "id": "mount-1668",
        "type": "mountain",
        "longitude": 41.844682,
        "latitude": 43.282173,
        "elevation_m": 2911,
        "name": "",
        "point_id": "mount-1668",
        "icon_id": "mount-27",
        "icon_scale": 0.3737,
        "base_shift": -0.0699,
        "priority": 795
      },
      "geometry": {
        "type": "Point",
        "coordinates": [
          41.844682,
          43.282173
        ]
      }
    },
    {
      "type": "Feature",
      "properties": {
        "id": "mount-1671",
        "type": "mountain",
        "longitude": 42.064816,
        "latitude": 43.600012,
        "elevation_m": 1945,
        "name": "",
        "point_id": "mount-1671",
        "icon_id": "mount-6",
        "icon_scale": 0.3464,
        "base_shift": -0.0821,
        "priority": 764
      },
      "geometry": {
        "type": "Point",
        "coordinates": [
          42.064816,
          43.600012
        ]
      }
    },
    {
      "type": "Feature",
      "properties": {
        "id": "mount-1677",
        "type": "mountain",
        "longitude": 42.557108,
        "latitude": 43.640936,
        "elevation_m": 2149,
        "name": "",
        "point_id": "mount-1677",
        "icon_id": "mount-30",
        "icon_scale": 0.3499,
        "base_shift": -0.0758,
        "priority": 770
      },
      "geometry": {
        "type": "Point",
        "coordinates": [
          42.557108,
          43.640936
        ]
      }
    },
    {
      "type": "Feature",
      "properties": {
        "id": "mount-1680",
        "type": "mountain",
        "longitude": 42.51797,
        "latitude": 43.641937,
        "elevation_m": 2274,
        "name": "",
        "point_id": "mount-1680",
        "icon_id": "mount-18",
        "icon_scale": 0.3624,
        "base_shift": -0.0702,
        "priority": 774
      },
      "geometry": {
        "type": "Point",
        "coordinates": [
          42.51797,
          43.641937
        ]
      }
    },
    {
      "type": "Feature",
      "properties": {
        "id": "mount-1682",
        "type": "mountain",
        "longitude": 42.517776,
        "latitude": 43.602871,
        "elevation_m": 2307,
        "name": "",
        "point_id": "mount-1682",
        "icon_id": "mount-9",
        "icon_scale": 0.3734,
        "base_shift": -0.0746,
        "priority": 776
      },
      "geometry": {
        "type": "Point",
        "coordinates": [
          42.517776,
          43.602871
        ]
      }
    },
    {
      "type": "Feature",
      "properties": {
        "id": "mount-1683",
        "type": "mountain",
        "longitude": 42.538762,
        "latitude": 43.56853,
        "elevation_m": 2149,
        "name": "",
        "point_id": "mount-1683",
        "icon_id": "mount-4",
        "icon_scale": 0.3602,
        "base_shift": -0.0802,
        "priority": 770
      },
      "geometry": {
        "type": "Point",
        "coordinates": [
          42.538762,
          43.56853
        ]
      }
    },
    {
      "type": "Feature",
      "properties": {
        "id": "mount-1685",
        "type": "mountain",
        "longitude": 42.077358,
        "latitude": 43.400293,
        "elevation_m": 3123,
        "name": "",
        "point_id": "mount-1685",
        "icon_id": "mount-27",
        "icon_scale": 0.3559,
        "base_shift": -0.0858,
        "priority": 802
      },
      "geometry": {
        "type": "Point",
        "coordinates": [
          42.077358,
          43.400293
        ]
      }
    },
    {
      "type": "Feature",
      "properties": {
        "id": "mount-1689",
        "type": "mountain",
        "longitude": 42.56891,
        "latitude": 43.550578,
        "elevation_m": 2349,
        "name": "",
        "point_id": "mount-1689",
        "icon_id": "mount-6",
        "icon_scale": 0.3638,
        "base_shift": -0.0858,
        "priority": 777
      },
      "geometry": {
        "type": "Point",
        "coordinates": [
          42.56891,
          43.550578
        ]
      }
    },
    {
      "type": "Feature",
      "properties": {
        "id": "mount-1690",
        "type": "mountain",
        "longitude": 42.803013,
        "latitude": 43.498675,
        "elevation_m": 2279,
        "name": "",
        "point_id": "mount-1690",
        "icon_id": "mount-30",
        "icon_scale": 0.4041,
        "base_shift": -0.0631,
        "priority": 775
      },
      "geometry": {
        "type": "Point",
        "coordinates": [
          42.803013,
          43.498675
        ]
      }
    },
    {
      "type": "Feature",
      "properties": {
        "id": "mount-1696",
        "type": "mountain",
        "longitude": 42.245221,
        "latitude": 43.477938,
        "elevation_m": 2264,
        "name": "",
        "point_id": "mount-1696",
        "icon_id": "mount-18",
        "icon_scale": 0.3726,
        "base_shift": 0.0723,
        "priority": 774
      },
      "geometry": {
        "type": "Point",
        "coordinates": [
          42.245221,
          43.477938
        ]
      }
    },
    {
      "type": "Feature",
      "properties": {
        "id": "mount-1702",
        "type": "mountain",
        "longitude": 42.537453,
        "latitude": 43.530512,
        "elevation_m": 2264,
        "name": "",
        "point_id": "mount-1702",
        "icon_id": "mount-9",
        "icon_scale": 0.3519,
        "base_shift": -0.0831,
        "priority": 774
      },
      "geometry": {
        "type": "Point",
        "coordinates": [
          42.537453,
          43.530512
        ]
      }
    },
    {
      "type": "Feature",
      "properties": {
        "id": "mount-1703",
        "type": "mountain",
        "longitude": 42.435937,
        "latitude": 43.602366,
        "elevation_m": 2267,
        "name": "",
        "point_id": "mount-1703",
        "icon_id": "mount-4",
        "icon_scale": 0.3934,
        "base_shift": -0.0628,
        "priority": 774
      },
      "geometry": {
        "type": "Point",
        "coordinates": [
          42.435937,
          43.602366
        ]
      }
    },
    {
      "type": "Feature",
      "properties": {
        "id": "mount-1707",
        "type": "mountain",
        "longitude": 42.556121,
        "latitude": 43.500885,
        "elevation_m": 2299,
        "name": "",
        "point_id": "mount-1707",
        "icon_id": "mount-27",
        "icon_scale": 0.3525,
        "base_shift": -0.0888,
        "priority": 775
      },
      "geometry": {
        "type": "Point",
        "coordinates": [
          42.556121,
          43.500885
        ]
      }
    },
    {
      "type": "Feature",
      "properties": {
        "id": "mount-1709",
        "type": "mountain",
        "longitude": 42.469679,
        "latitude": 43.58765,
        "elevation_m": 2302,
        "name": "",
        "point_id": "mount-1709",
        "icon_id": "mount-6",
        "icon_scale": 0.3733,
        "base_shift": -0.0688,
        "priority": 775
      },
      "geometry": {
        "type": "Point",
        "coordinates": [
          42.469679,
          43.58765
        ]
      }
    },
    {
      "type": "Feature",
      "properties": {
        "id": "mount-1715",
        "type": "mountain",
        "longitude": 42.846615,
        "latitude": 43.453301,
        "elevation_m": 2346,
        "name": "",
        "point_id": "mount-1715",
        "icon_id": "mount-30",
        "icon_scale": 0.3741,
        "base_shift": -0.0741,
        "priority": 777
      },
      "geometry": {
        "type": "Point",
        "coordinates": [
          42.846615,
          43.453301
        ]
      }
    },
    {
      "type": "Feature",
      "properties": {
        "id": "mount-1718",
        "type": "mountain",
        "longitude": 42.402989,
        "latitude": 43.5484,
        "elevation_m": 2143,
        "name": "",
        "point_id": "mount-1718",
        "icon_id": "mount-18",
        "icon_scale": 0.4117,
        "base_shift": -0.0635,
        "priority": 770
      },
      "geometry": {
        "type": "Point",
        "coordinates": [
          42.402989,
          43.5484
        ]
      }
    },
    {
      "type": "Feature",
      "properties": {
        "id": "mount-1734",
        "type": "mountain",
        "longitude": 41.141814,
        "latitude": 43.403107,
        "elevation_m": 2987,
        "name": "",
        "point_id": "mount-1734",
        "icon_id": "mount-9",
        "icon_scale": 0.3858,
        "base_shift": -0.0813,
        "priority": 797
      },
      "geometry": {
        "type": "Point",
        "coordinates": [
          41.141814,
          43.403107
        ]
      }
    },
    {
      "type": "Feature",
      "properties": {
        "id": "mount-1735",
        "type": "mountain",
        "longitude": 41.610943,
        "latitude": 43.48201,
        "elevation_m": 2940,
        "name": "",
        "point_id": "mount-1735",
        "icon_id": "mount-4",
        "icon_scale": 0.3635,
        "base_shift": 0.0785,
        "priority": 796
      },
      "geometry": {
        "type": "Point",
        "coordinates": [
          41.610943,
          43.48201
        ]
      }
    },
    {
      "type": "Feature",
      "properties": {
        "id": "mount-1737",
        "type": "mountain",
        "longitude": 41.774279,
        "latitude": 43.620551,
        "elevation_m": 2358,
        "name": "",
        "point_id": "mount-1737",
        "icon_id": "mount-27",
        "icon_scale": 0.3639,
        "base_shift": -0.0762,
        "priority": 777
      },
      "geometry": {
        "type": "Point",
        "coordinates": [
          41.774279,
          43.620551
        ]
      }
    },
    {
      "type": "Feature",
      "properties": {
        "id": "mount-1739",
        "type": "mountain",
        "longitude": 41.890923,
        "latitude": 43.528,
        "elevation_m": 2818,
        "name": "",
        "point_id": "mount-1739",
        "icon_id": "mount-6",
        "icon_scale": 0.3508,
        "base_shift": 0.0767,
        "priority": 792
      },
      "geometry": {
        "type": "Point",
        "coordinates": [
          41.890923,
          43.528
        ]
      }
    },
    {
      "type": "Feature",
      "properties": {
        "id": "mount-1743",
        "type": "mountain",
        "longitude": 42.454069,
        "latitude": 43.686999,
        "elevation_m": 2629,
        "name": "",
        "point_id": "mount-1743",
        "icon_id": "mount-30",
        "icon_scale": 0.4215,
        "base_shift": 0.081,
        "priority": 786
      },
      "geometry": {
        "type": "Point",
        "coordinates": [
          42.454069,
          43.686999
        ]
      }
    },
    {
      "type": "Feature",
      "properties": {
        "id": "mount-1747",
        "type": "mountain",
        "longitude": 41.948118,
        "latitude": 43.524997,
        "elevation_m": 2334,
        "name": "",
        "point_id": "mount-1747",
        "icon_id": "mount-18",
        "icon_scale": 0.3531,
        "base_shift": 0.0699,
        "priority": 776
      },
      "geometry": {
        "type": "Point",
        "coordinates": [
          41.948118,
          43.524997
        ]
      }
    },
    {
      "type": "Feature",
      "properties": {
        "id": "mount-1748",
        "type": "mountain",
        "longitude": 41.521196,
        "latitude": 43.518283,
        "elevation_m": 2537,
        "name": "",
        "point_id": "mount-1748",
        "icon_id": "mount-9",
        "icon_scale": 0.3566,
        "base_shift": -0.086,
        "priority": 783
      },
      "geometry": {
        "type": "Point",
        "coordinates": [
          41.521196,
          43.518283
        ]
      }
    },
    {
      "type": "Feature",
      "properties": {
        "id": "mount-1751",
        "type": "mountain",
        "longitude": 41.974865,
        "latitude": 43.505834,
        "elevation_m": 3019,
        "name": "",
        "point_id": "mount-1751",
        "icon_id": "mount-4",
        "icon_scale": 0.4079,
        "base_shift": -0.0657,
        "priority": 798
      },
      "geometry": {
        "type": "Point",
        "coordinates": [
          41.974865,
          43.505834
        ]
      }
    },
    {
      "type": "Feature",
      "properties": {
        "id": "mount-1755",
        "type": "mountain",
        "longitude": 40.932537,
        "latitude": 43.461735,
        "elevation_m": 2835,
        "name": "",
        "point_id": "mount-1755",
        "icon_id": "mount-27",
        "icon_scale": 0.3916,
        "base_shift": 0.0079,
        "priority": 732
      },
      "geometry": {
        "type": "Point",
        "coordinates": [
          40.932537,
          43.461735
        ]
      }
    },
    {
      "type": "Feature",
      "properties": {
        "id": "mount-1772",
        "type": "mountain",
        "longitude": 40.897411,
        "latitude": 43.591605,
        "elevation_m": 1997,
        "name": "",
        "point_id": "mount-1772",
        "icon_id": "mount-6",
        "icon_scale": 0.384,
        "base_shift": 0.0123,
        "priority": 706
      },
      "geometry": {
        "type": "Point",
        "coordinates": [
          40.897411,
          43.591605
        ]
      }
    },
    {
      "type": "Feature",
      "properties": {
        "id": "mount-1775",
        "type": "mountain",
        "longitude": 42.338272,
        "latitude": 43.485528,
        "elevation_m": 2635,
        "name": "",
        "point_id": "mount-1775",
        "icon_id": "mount-30",
        "icon_scale": 0.39,
        "base_shift": 0.0595,
        "priority": 786
      },
      "geometry": {
        "type": "Point",
        "coordinates": [
          42.338272,
          43.485528
        ]
      }
    },
    {
      "type": "Feature",
      "properties": {
        "id": "mount-1778",
        "type": "mountain",
        "longitude": 42.273846,
        "latitude": 43.572183,
        "elevation_m": 2240,
        "name": "",
        "point_id": "mount-1778",
        "icon_id": "mount-18",
        "icon_scale": 0.4033,
        "base_shift": 0.0683,
        "priority": 773
      },
      "geometry": {
        "type": "Point",
        "coordinates": [
          42.273846,
          43.572183
        ]
      }
    },
    {
      "type": "Feature",
      "properties": {
        "id": "mount-1787",
        "type": "mountain",
        "longitude": 42.222798,
        "latitude": 43.564977,
        "elevation_m": 2103,
        "name": "",
        "point_id": "mount-1787",
        "icon_id": "mount-9",
        "icon_scale": 0.3903,
        "base_shift": 0.0762,
        "priority": 769
      },
      "geometry": {
        "type": "Point",
        "coordinates": [
          42.222798,
          43.564977
        ]
      }
    },
    {
      "type": "Feature",
      "properties": {
        "id": "mount-1791",
        "type": "mountain",
        "longitude": 42.443984,
        "latitude": 43.496246,
        "elevation_m": 2397,
        "name": "",
        "point_id": "mount-1791",
        "icon_id": "mount-4",
        "icon_scale": 0.3751,
        "base_shift": -0.0737,
        "priority": 778
      },
      "geometry": {
        "type": "Point",
        "coordinates": [
          42.443984,
          43.496246
        ]
      }
    },
    {
      "type": "Feature",
      "properties": {
        "id": "mount-1796",
        "type": "mountain",
        "longitude": 41.191574,
        "latitude": 43.693368,
        "elevation_m": 2185,
        "name": "",
        "point_id": "mount-1796",
        "icon_id": "mount-27",
        "icon_scale": 0.3919,
        "base_shift": -0.0561,
        "priority": 772
      },
      "geometry": {
        "type": "Point",
        "coordinates": [
          41.191574,
          43.693368
        ]
      }
    },
    {
      "type": "Feature",
      "properties": {
        "id": "mount-1801",
        "type": "mountain",
        "longitude": 42.946458,
        "latitude": 43.555336,
        "elevation_m": 2138,
        "name": "",
        "point_id": "mount-1801",
        "icon_id": "mount-6",
        "icon_scale": 0.4116,
        "base_shift": -0.0673,
        "priority": 770
      },
      "geometry": {
        "type": "Point",
        "coordinates": [
          42.946458,
          43.555336
        ]
      }
    },
    {
      "type": "Feature",
      "properties": {
        "id": "mount-1803",
        "type": "mountain",
        "longitude": 43.039874,
        "latitude": 43.525324,
        "elevation_m": 2169,
        "name": "",
        "point_id": "mount-1803",
        "icon_id": "mount-30",
        "icon_scale": 0.4019,
        "base_shift": -0.0792,
        "priority": 771
      },
      "geometry": {
        "type": "Point",
        "coordinates": [
          43.039874,
          43.525324
        ]
      }
    },
    {
      "type": "Feature",
      "properties": {
        "id": "mount-1804",
        "type": "mountain",
        "longitude": 42.888587,
        "latitude": 43.611176,
        "elevation_m": 1982,
        "name": "",
        "point_id": "mount-1804",
        "icon_id": "mount-18",
        "icon_scale": 0.4186,
        "base_shift": 0.0671,
        "priority": 765
      },
      "geometry": {
        "type": "Point",
        "coordinates": [
          42.888587,
          43.611176
        ]
      }
    },
    {
      "type": "Feature",
      "properties": {
        "id": "mount-1805",
        "type": "mountain",
        "longitude": 42.91322,
        "latitude": 43.644569,
        "elevation_m": 1842,
        "name": "",
        "point_id": "mount-1805",
        "icon_id": "mount-9",
        "icon_scale": 0.4157,
        "base_shift": 0.0736,
        "priority": 761
      },
      "geometry": {
        "type": "Point",
        "coordinates": [
          42.91322,
          43.644569
        ]
      }
    },
    {
      "type": "Feature",
      "properties": {
        "id": "mount-1806",
        "type": "mountain",
        "longitude": 43.210849,
        "latitude": 43.188242,
        "elevation_m": 3127,
        "name": "",
        "point_id": "mount-1806",
        "icon_id": "mount-4",
        "icon_scale": 0.41,
        "base_shift": -0.085,
        "priority": 802
      },
      "geometry": {
        "type": "Point",
        "coordinates": [
          43.210849,
          43.188242
        ]
      }
    },
    {
      "type": "Feature",
      "properties": {
        "id": "mount-1808",
        "type": "mountain",
        "longitude": 42.848032,
        "latitude": 43.599212,
        "elevation_m": 2326,
        "name": "",
        "point_id": "mount-1808",
        "icon_id": "mount-27",
        "icon_scale": 0.4154,
        "base_shift": 0.0651,
        "priority": 776
      },
      "geometry": {
        "type": "Point",
        "coordinates": [
          42.848032,
          43.599212
        ]
      }
    },
    {
      "type": "Feature",
      "properties": {
        "id": "mount-1809",
        "type": "mountain",
        "longitude": 41.389822,
        "latitude": 43.370422,
        "elevation_m": 2658,
        "name": "",
        "point_id": "mount-1809",
        "icon_id": "mount-6",
        "icon_scale": 0.3375,
        "base_shift": 0.0835,
        "priority": 787
      },
      "geometry": {
        "type": "Point",
        "coordinates": [
          41.389822,
          43.370422
        ]
      }
    },
    {
      "type": "Feature",
      "properties": {
        "id": "mount-1810",
        "type": "mountain",
        "longitude": 41.264327,
        "latitude": 43.669261,
        "elevation_m": 2372,
        "name": "",
        "point_id": "mount-1810",
        "icon_id": "mount-30",
        "icon_scale": 0.4059,
        "base_shift": -0.0691,
        "priority": 778
      },
      "geometry": {
        "type": "Point",
        "coordinates": [
          41.264327,
          43.669261
        ]
      }
    },
    {
      "type": "Feature",
      "properties": {
        "id": "mount-1817",
        "type": "mountain",
        "longitude": 41.627294,
        "latitude": 43.388996,
        "elevation_m": 3155,
        "name": "",
        "point_id": "mount-1817",
        "icon_id": "mount-18",
        "icon_scale": 0.3672,
        "base_shift": -0.0781,
        "priority": 803
      },
      "geometry": {
        "type": "Point",
        "coordinates": [
          41.627294,
          43.388996
        ]
      }
    },
    {
      "type": "Feature",
      "properties": {
        "id": "mount-1824",
        "type": "mountain",
        "longitude": 41.751577,
        "latitude": 43.572727,
        "elevation_m": 2276,
        "name": "",
        "point_id": "mount-1824",
        "icon_id": "mount-9",
        "icon_scale": 0.3313,
        "base_shift": -0.0812,
        "priority": 775
      },
      "geometry": {
        "type": "Point",
        "coordinates": [
          41.751577,
          43.572727
        ]
      }
    },
    {
      "type": "Feature",
      "properties": {
        "id": "mount-1829",
        "type": "mountain",
        "longitude": 41.72439,
        "latitude": 43.59629,
        "elevation_m": 2014,
        "name": "",
        "point_id": "mount-1829",
        "icon_id": "mount-4",
        "icon_scale": 0.3271,
        "base_shift": 0.0795,
        "priority": 766
      },
      "geometry": {
        "type": "Point",
        "coordinates": [
          41.72439,
          43.59629
        ]
      }
    },
    {
      "type": "Feature",
      "properties": {
        "id": "mount-1831",
        "type": "mountain",
        "longitude": 41.489085,
        "latitude": 43.623969,
        "elevation_m": 2289,
        "name": "",
        "point_id": "mount-1831",
        "icon_id": "mount-27",
        "icon_scale": 0.3315,
        "base_shift": -0.0834,
        "priority": 775
      },
      "geometry": {
        "type": "Point",
        "coordinates": [
          41.489085,
          43.623969
        ]
      }
    },
    {
      "type": "Feature",
      "properties": {
        "id": "mount-1838",
        "type": "mountain",
        "longitude": 42.117355,
        "latitude": 43.566322,
        "elevation_m": 1831,
        "name": "",
        "point_id": "mount-1838",
        "icon_id": "mount-6",
        "icon_scale": 0.3342,
        "base_shift": -0.0873,
        "priority": 760
      },
      "geometry": {
        "type": "Point",
        "coordinates": [
          42.117355,
          43.566322
        ]
      }
    },
    {
      "type": "Feature",
      "properties": {
        "id": "mount-1841",
        "type": "mountain",
        "longitude": 42.531327,
        "latitude": 43.461828,
        "elevation_m": 2618,
        "name": "",
        "point_id": "mount-1841",
        "icon_id": "mount-30",
        "icon_scale": 0.3791,
        "base_shift": -0.0865,
        "priority": 785
      },
      "geometry": {
        "type": "Point",
        "coordinates": [
          42.531327,
          43.461828
        ]
      }
    },
    {
      "type": "Feature",
      "properties": {
        "id": "mount-1846",
        "type": "mountain",
        "longitude": 40.933825,
        "latitude": 43.646588,
        "elevation_m": 2603,
        "name": "",
        "point_id": "mount-1846",
        "icon_id": "mount-18",
        "icon_scale": 0.4316,
        "base_shift": 0.0607,
        "priority": 785
      },
      "geometry": {
        "type": "Point",
        "coordinates": [
          40.933825,
          43.646588
        ]
      }
    },
    {
      "type": "Feature",
      "properties": {
        "id": "mount-1851",
        "type": "mountain",
        "longitude": 41.426278,
        "latitude": 43.60702,
        "elevation_m": 2730,
        "name": "",
        "point_id": "mount-1851",
        "icon_id": "mount-9",
        "icon_scale": 0.3599,
        "base_shift": -0.0836,
        "priority": 789
      },
      "geometry": {
        "type": "Point",
        "coordinates": [
          41.426278,
          43.60702
        ]
      }
    },
    {
      "type": "Feature",
      "properties": {
        "id": "mount-1852",
        "type": "mountain",
        "longitude": 41.296545,
        "latitude": 43.735499,
        "elevation_m": 1936,
        "name": "",
        "point_id": "mount-1852",
        "icon_id": "mount-4",
        "icon_scale": 0.4075,
        "base_shift": -0.069,
        "priority": 764
      },
      "geometry": {
        "type": "Point",
        "coordinates": [
          41.296545,
          43.735499
        ]
      }
    },
    {
      "type": "Feature",
      "properties": {
        "id": "mount-1854",
        "type": "mountain",
        "longitude": 42.425423,
        "latitude": 43.461003,
        "elevation_m": 3169,
        "name": "",
        "point_id": "mount-1854",
        "icon_id": "mount-27",
        "icon_scale": 0.3783,
        "base_shift": -0.0718,
        "priority": 803
      },
      "geometry": {
        "type": "Point",
        "coordinates": [
          42.425423,
          43.461003
        ]
      }
    },
    {
      "type": "Feature",
      "properties": {
        "id": "mount-1863",
        "type": "mountain",
        "longitude": 42.529074,
        "latitude": 43.434527,
        "elevation_m": 2550,
        "name": "",
        "point_id": "mount-1863",
        "icon_id": "mount-6",
        "icon_scale": 0.3673,
        "base_shift": -0.0891,
        "priority": 783
      },
      "geometry": {
        "type": "Point",
        "coordinates": [
          42.529074,
          43.434527
        ]
      }
    },
    {
      "type": "Feature",
      "properties": {
        "id": "mount-1873",
        "type": "mountain",
        "longitude": 41.44721,
        "latitude": 43.63335,
        "elevation_m": 2299,
        "name": "",
        "point_id": "mount-1873",
        "icon_id": "mount-30",
        "icon_scale": 0.3941,
        "base_shift": -0.0813,
        "priority": 775
      },
      "geometry": {
        "type": "Point",
        "coordinates": [
          41.44721,
          43.63335
        ]
      }
    },
    {
      "type": "Feature",
      "properties": {
        "id": "mount-1876",
        "type": "mountain",
        "longitude": 41.361144,
        "latitude": 43.397619,
        "elevation_m": 2922,
        "name": "",
        "point_id": "mount-1876",
        "icon_id": "mount-18",
        "icon_scale": 0.3632,
        "base_shift": -0.085,
        "priority": 795
      },
      "geometry": {
        "type": "Point",
        "coordinates": [
          41.361144,
          43.397619
        ]
      }
    },
    {
      "type": "Feature",
      "properties": {
        "id": "mount-1879",
        "type": "mountain",
        "longitude": 40.999002,
        "latitude": 43.574686,
        "elevation_m": 2362,
        "name": "",
        "point_id": "mount-1879",
        "icon_id": "mount-9",
        "icon_scale": 0.3848,
        "base_shift": 0.0725,
        "priority": 777
      },
      "geometry": {
        "type": "Point",
        "coordinates": [
          40.999002,
          43.574686
        ]
      }
    },
    {
      "type": "Feature",
      "properties": {
        "id": "mount-1881",
        "type": "mountain",
        "longitude": 41.492722,
        "latitude": 43.402124,
        "elevation_m": 2950,
        "name": "",
        "point_id": "mount-1881",
        "icon_id": "mount-4",
        "icon_scale": 0.3422,
        "base_shift": 0.0871,
        "priority": 796
      },
      "geometry": {
        "type": "Point",
        "coordinates": [
          41.492722,
          43.402124
        ]
      }
    },
    {
      "type": "Feature",
      "properties": {
        "id": "mount-1882",
        "type": "mountain",
        "longitude": 41.495308,
        "latitude": 43.391951,
        "elevation_m": 3103,
        "name": "",
        "point_id": "mount-1882",
        "icon_id": "mount-27",
        "icon_scale": 0.3447,
        "base_shift": 0.0865,
        "priority": 801
      },
      "geometry": {
        "type": "Point",
        "coordinates": [
          41.495308,
          43.391951
        ]
      }
    },
    {
      "type": "Feature",
      "properties": {
        "id": "mount-1889",
        "type": "mountain",
        "longitude": 43.283397,
        "latitude": 43.289592,
        "elevation_m": 2865,
        "name": "",
        "point_id": "mount-1889",
        "icon_id": "mount-6",
        "icon_scale": 0.3836,
        "base_shift": -0.0764,
        "priority": 793
      },
      "geometry": {
        "type": "Point",
        "coordinates": [
          43.283397,
          43.289592
        ]
      }
    },
    {
      "type": "Feature",
      "properties": {
        "id": "mount-1890",
        "type": "mountain",
        "longitude": 41.317681,
        "latitude": 43.394095,
        "elevation_m": 2432,
        "name": "",
        "point_id": "mount-1890",
        "icon_id": "mount-30",
        "icon_scale": 0.3862,
        "base_shift": 0.0859,
        "priority": 780
      },
      "geometry": {
        "type": "Point",
        "coordinates": [
          41.317681,
          43.394095
        ]
      }
    },
    {
      "type": "Feature",
      "properties": {
        "id": "mount-1895",
        "type": "mountain",
        "longitude": 40.702897,
        "latitude": 43.533725,
        "elevation_m": 2662,
        "name": "",
        "point_id": "mount-1895",
        "icon_id": "mount-18",
        "icon_scale": 0.3978,
        "base_shift": -0.0106,
        "priority": 727
      },
      "geometry": {
        "type": "Point",
        "coordinates": [
          40.702897,
          43.533725
        ]
      }
    },
    {
      "type": "Feature",
      "properties": {
        "id": "mount-1897",
        "type": "mountain",
        "longitude": 41.505082,
        "latitude": 43.572502,
        "elevation_m": 2479,
        "name": "",
        "point_id": "mount-1897",
        "icon_id": "mount-9",
        "icon_scale": 0.3451,
        "base_shift": 0.0812,
        "priority": 781
      },
      "geometry": {
        "type": "Point",
        "coordinates": [
          41.505082,
          43.572502
        ]
      }
    },
    {
      "type": "Feature",
      "properties": {
        "id": "mount-1902",
        "type": "mountain",
        "longitude": 41.521046,
        "latitude": 43.552125,
        "elevation_m": 2899,
        "name": "",
        "point_id": "mount-1902",
        "icon_id": "mount-4",
        "icon_scale": 0.3521,
        "base_shift": -0.0815,
        "priority": 794
      },
      "geometry": {
        "type": "Point",
        "coordinates": [
          41.521046,
          43.552125
        ]
      }
    },
    {
      "type": "Feature",
      "properties": {
        "id": "mount-1905",
        "type": "mountain",
        "longitude": 40.813297,
        "latitude": 43.792279,
        "elevation_m": 2450,
        "name": "",
        "point_id": "mount-1905",
        "icon_id": "mount-27",
        "icon_scale": 0.3838,
        "base_shift": 0.0105,
        "priority": 720
      },
      "geometry": {
        "type": "Point",
        "coordinates": [
          40.813297,
          43.792279
        ]
      }
    },
    {
      "type": "Feature",
      "properties": {
        "id": "mount-1909",
        "type": "mountain",
        "longitude": 43.585006,
        "latitude": 43.099573,
        "elevation_m": 3089,
        "name": "",
        "point_id": "mount-1909",
        "icon_id": "mount-6",
        "icon_scale": 0.4201,
        "base_shift": 0.0818,
        "priority": 801
      },
      "geometry": {
        "type": "Point",
        "coordinates": [
          43.585006,
          43.099573
        ]
      }
    },
    {
      "type": "Feature",
      "properties": {
        "id": "mount-1910",
        "type": "mountain",
        "longitude": 43.487781,
        "latitude": 43.080487,
        "elevation_m": 2650,
        "name": "",
        "point_id": "mount-1910",
        "icon_id": "mount-30",
        "icon_scale": 0.3902,
        "base_shift": -0.0832,
        "priority": 786
      },
      "geometry": {
        "type": "Point",
        "coordinates": [
          43.487781,
          43.080487
        ]
      }
    },
    {
      "type": "Feature",
      "properties": {
        "id": "mount-1911",
        "type": "mountain",
        "longitude": 43.505334,
        "latitude": 43.088205,
        "elevation_m": 2236,
        "name": "",
        "point_id": "mount-1911",
        "icon_id": "mount-18",
        "icon_scale": 0.3825,
        "base_shift": -0.0868,
        "priority": 773
      },
      "geometry": {
        "type": "Point",
        "coordinates": [
          43.505334,
          43.088205
        ]
      }
    },
    {
      "type": "Feature",
      "properties": {
        "id": "mount-1918",
        "type": "mountain",
        "longitude": 41.258833,
        "latitude": 43.503282,
        "elevation_m": 2769,
        "name": "",
        "point_id": "mount-1918",
        "icon_id": "mount-9",
        "icon_scale": 0.3499,
        "base_shift": 0.0817,
        "priority": 790
      },
      "geometry": {
        "type": "Point",
        "coordinates": [
          41.258833,
          43.503282
        ]
      }
    },
    {
      "type": "Feature",
      "properties": {
        "id": "mount-1922",
        "type": "mountain",
        "longitude": 41.279197,
        "latitude": 43.345888,
        "elevation_m": 3006,
        "name": "",
        "point_id": "mount-1922",
        "icon_id": "mount-4",
        "icon_scale": 0.4077,
        "base_shift": 0.0747,
        "priority": 798
      },
      "geometry": {
        "type": "Point",
        "coordinates": [
          41.279197,
          43.345888
        ]
      }
    },
    {
      "type": "Feature",
      "properties": {
        "id": "mount-1927",
        "type": "mountain",
        "longitude": 42.128127,
        "latitude": 43.777795,
        "elevation_m": 1828,
        "name": "",
        "point_id": "mount-1927",
        "icon_id": "mount-27",
        "icon_scale": 0.4154,
        "base_shift": 0.0611,
        "priority": 760
      },
      "geometry": {
        "type": "Point",
        "coordinates": [
          42.128127,
          43.777795
        ]
      }
    },
    {
      "type": "Feature",
      "properties": {
        "id": "mount-1929",
        "type": "mountain",
        "longitude": 41.041263,
        "latitude": 43.725289,
        "elevation_m": 2498,
        "name": "",
        "point_id": "mount-1929",
        "icon_id": "mount-6",
        "icon_scale": 0.4189,
        "base_shift": -0.0579,
        "priority": 782
      },
      "geometry": {
        "type": "Point",
        "coordinates": [
          41.041263,
          43.725289
        ]
      }
    },
    {
      "type": "Feature",
      "properties": {
        "id": "mount-1930",
        "type": "mountain",
        "longitude": 40.982201,
        "latitude": 43.702319,
        "elevation_m": 2677,
        "name": "",
        "point_id": "mount-1930",
        "icon_id": "mount-30",
        "icon_scale": 0.4119,
        "base_shift": -0.0595,
        "priority": 787
      },
      "geometry": {
        "type": "Point",
        "coordinates": [
          40.982201,
          43.702319
        ]
      }
    },
    {
      "type": "Feature",
      "properties": {
        "id": "mount-1932",
        "type": "mountain",
        "longitude": 43.321495,
        "latitude": 43.15588,
        "elevation_m": 2992,
        "name": "",
        "point_id": "mount-1932",
        "icon_id": "mount-18",
        "icon_scale": 0.3967,
        "base_shift": 0.0771,
        "priority": 797
      },
      "geometry": {
        "type": "Point",
        "coordinates": [
          43.321495,
          43.15588
        ]
      }
    },
    {
      "type": "Feature",
      "properties": {
        "id": "mount-1935",
        "type": "mountain",
        "longitude": 41.335963,
        "latitude": 43.68045,
        "elevation_m": 1852,
        "name": "",
        "point_id": "mount-1935",
        "icon_id": "mount-9",
        "icon_scale": 0.3753,
        "base_shift": -0.0802,
        "priority": 761
      },
      "geometry": {
        "type": "Point",
        "coordinates": [
          41.335963,
          43.68045
        ]
      }
    },
    {
      "type": "Feature",
      "properties": {
        "id": "mount-1936",
        "type": "mountain",
        "longitude": 41.429197,
        "latitude": 43.690156,
        "elevation_m": 1895,
        "name": "",
        "point_id": "mount-1936",
        "icon_id": "mount-4",
        "icon_scale": 0.3965,
        "base_shift": -0.0864,
        "priority": 762
      },
      "geometry": {
        "type": "Point",
        "coordinates": [
          41.429197,
          43.690156
        ]
      }
    },
    {
      "type": "Feature",
      "properties": {
        "id": "mount-1941",
        "type": "mountain",
        "longitude": 42.303672,
        "latitude": 43.327144,
        "elevation_m": 3185,
        "name": "",
        "point_id": "mount-1941",
        "icon_id": "mount-27",
        "icon_scale": 0.3569,
        "base_shift": 0.0864,
        "priority": 804
      },
      "geometry": {
        "type": "Point",
        "coordinates": [
          42.303672,
          43.327144
        ]
      }
    },
    {
      "type": "Feature",
      "properties": {
        "id": "mount-1943",
        "type": "mountain",
        "longitude": 41.681689,
        "latitude": 43.604293,
        "elevation_m": 2001,
        "name": "",
        "point_id": "mount-1943",
        "icon_id": "mount-6",
        "icon_scale": 0.3473,
        "base_shift": 0.0857,
        "priority": 766
      },
      "geometry": {
        "type": "Point",
        "coordinates": [
          41.681689,
          43.604293
        ]
      }
    },
    {
      "type": "Feature",
      "properties": {
        "id": "mount-1945",
        "type": "mountain",
        "longitude": 41.884625,
        "latitude": 43.165803,
        "elevation_m": 2255,
        "name": "",
        "point_id": "mount-1945",
        "icon_id": "mount-30",
        "icon_scale": 0.4036,
        "base_shift": -0.0664,
        "priority": 774
      },
      "geometry": {
        "type": "Point",
        "coordinates": [
          41.884625,
          43.165803
        ]
      }
    },
    {
      "type": "Feature",
      "properties": {
        "id": "mount-1947",
        "type": "mountain",
        "longitude": 43.507447,
        "latitude": 42.963324,
        "elevation_m": 4094,
        "name": "",
        "point_id": "mount-1947",
        "icon_id": "mount-18",
        "icon_scale": 0.4287,
        "base_shift": 0.0724,
        "priority": 833
      },
      "geometry": {
        "type": "Point",
        "coordinates": [
          43.507447,
          42.963324
        ]
      }
    },
    {
      "type": "Feature",
      "properties": {
        "id": "mount-1961",
        "type": "mountain",
        "longitude": 42.935461,
        "latitude": 43.285078,
        "elevation_m": 4049,
        "name": "",
        "point_id": "mount-1961",
        "icon_id": "mount-9",
        "icon_scale": 0.4165,
        "base_shift": 0.0714,
        "priority": 831
      },
      "geometry": {
        "type": "Point",
        "coordinates": [
          42.935461,
          43.285078
        ]
      }
    },
    {
      "type": "Feature",
      "properties": {
        "id": "mount-1968",
        "type": "mountain",
        "longitude": 42.888533,
        "latitude": 43.215779,
        "elevation_m": 4197,
        "name": "",
        "point_id": "mount-1968",
        "icon_id": "mount-4",
        "icon_scale": 0.4079,
        "base_shift": -0.0746,
        "priority": 836
      },
      "geometry": {
        "type": "Point",
        "coordinates": [
          42.888533,
          43.215779
        ]
      }
    },
    {
      "type": "Feature",
      "properties": {
        "id": "mount-2005",
        "type": "mountain",
        "longitude": 43.065752,
        "latitude": 43.098053,
        "elevation_m": 4311,
        "name": "",
        "point_id": "mount-2005",
        "icon_id": "mount-27",
        "icon_scale": 0.3986,
        "base_shift": 0.0606,
        "priority": 840
      },
      "geometry": {
        "type": "Point",
        "coordinates": [
          43.065752,
          43.098053
        ]
      }
    },
    {
      "type": "Feature",
      "properties": {
        "id": "mount-2007",
        "type": "mountain",
        "longitude": 42.864618,
        "latitude": 43.198434,
        "elevation_m": 4072,
        "name": "",
        "point_id": "mount-2007",
        "icon_id": "mount-6",
        "icon_scale": 0.4056,
        "base_shift": -0.074,
        "priority": 832
      },
      "geometry": {
        "type": "Point",
        "coordinates": [
          42.864618,
          43.198434
        ]
      }
    },
    {
      "type": "Feature",
      "properties": {
        "id": "mount-2016",
        "type": "mountain",
        "longitude": 42.917093,
        "latitude": 43.258807,
        "elevation_m": 4118,
        "name": "",
        "point_id": "mount-2016",
        "icon_id": "mount-30",
        "icon_scale": 0.3838,
        "base_shift": -0.0622,
        "priority": 833
      },
      "geometry": {
        "type": "Point",
        "coordinates": [
          42.917093,
          43.258807
        ]
      }
    },
    {
      "type": "Feature",
      "properties": {
        "id": "mount-2017",
        "type": "mountain",
        "longitude": 42.849212,
        "latitude": 43.267456,
        "elevation_m": 4178,
        "name": "",
        "point_id": "mount-2017",
        "icon_id": "mount-18",
        "icon_scale": 0.4189,
        "base_shift": 0.0761,
        "priority": 835
      },
      "geometry": {
        "type": "Point",
        "coordinates": [
          42.849212,
          43.267456
        ]
      }
    },
    {
      "type": "Feature",
      "properties": {
        "id": "mount-2019",
        "type": "mountain",
        "longitude": 43.227296,
        "latitude": 43.028463,
        "elevation_m": 4499,
        "name": "",
        "point_id": "mount-2019",
        "icon_id": "mount-9",
        "icon_scale": 0.3674,
        "base_shift": -0.0812,
        "priority": 846
      },
      "geometry": {
        "type": "Point",
        "coordinates": [
          43.227296,
          43.028463
        ]
      }
    },
    {
      "type": "Feature",
      "properties": {
        "id": "mount-2031",
        "type": "mountain",
        "longitude": 42.404158,
        "latitude": 43.370827,
        "elevation_m": 4323,
        "name": "",
        "point_id": "mount-2031",
        "icon_id": "mount-4",
        "icon_scale": 0.4331,
        "base_shift": 0.0796,
        "priority": 840
      },
      "geometry": {
        "type": "Point",
        "coordinates": [
          42.404158,
          43.370827
        ]
      }
    },
    {
      "type": "Feature",
      "properties": {
        "id": "mount-2032",
        "type": "mountain",
        "longitude": 42.4061,
        "latitude": 43.341347,
        "elevation_m": 4931,
        "name": "",
        "point_id": "mount-2032",
        "icon_id": "mount-27",
        "icon_scale": 0.4683,
        "base_shift": 0.0855,
        "priority": 860
      },
      "geometry": {
        "type": "Point",
        "coordinates": [
          42.4061,
          43.341347
        ]
      }
    },
    {
      "type": "Feature",
      "properties": {
        "id": "mount-2040",
        "type": "mountain",
        "longitude": 42.929142,
        "latitude": 43.124816,
        "elevation_m": 4032,
        "name": "",
        "point_id": "mount-2040",
        "icon_id": "mount-6",
        "icon_scale": 0.3936,
        "base_shift": 0.0638,
        "priority": 831
      },
      "geometry": {
        "type": "Point",
        "coordinates": [
          42.929142,
          43.124816
        ]
      }
    },
    {
      "type": "Feature",
      "properties": {
        "id": "mount-2041",
        "type": "mountain",
        "longitude": 42.990071,
        "latitude": 43.119115,
        "elevation_m": 4531,
        "name": "",
        "point_id": "mount-2041",
        "icon_id": "mount-30",
        "icon_scale": 0.414,
        "base_shift": -0.0715,
        "priority": 847
      },
      "geometry": {
        "type": "Point",
        "coordinates": [
          42.990071,
          43.119115
        ]
      }
    },
    {
      "type": "Feature",
      "properties": {
        "id": "mount-2045",
        "type": "mountain",
        "longitude": 43.03614,
        "latitude": 43.082485,
        "elevation_m": 4051,
        "name": "",
        "point_id": "mount-2045",
        "icon_id": "mount-18",
        "icon_scale": 0.4053,
        "base_shift": 0.0575,
        "priority": 831
      },
      "geometry": {
        "type": "Point",
        "coordinates": [
          43.03614,
          43.082485
        ]
      }
    },
    {
      "type": "Feature",
      "properties": {
        "id": "mount-2051",
        "type": "mountain",
        "longitude": 43.186301,
        "latitude": 42.937614,
        "elevation_m": 4172,
        "name": "",
        "point_id": "mount-2051",
        "icon_id": "mount-9",
        "icon_scale": 0.4188,
        "base_shift": 0.0633,
        "priority": 835
      },
      "geometry": {
        "type": "Point",
        "coordinates": [
          43.186301,
          42.937614
        ]
      }
    },
    {
      "type": "Feature",
      "properties": {
        "id": "mount-2056",
        "type": "mountain",
        "longitude": 43.395749,
        "latitude": 42.993646,
        "elevation_m": 4463,
        "name": "",
        "point_id": "mount-2056",
        "icon_id": "mount-4",
        "icon_scale": 0.3668,
        "base_shift": 0.0701,
        "priority": 845
      },
      "geometry": {
        "type": "Point",
        "coordinates": [
          43.395749,
          42.993646
        ]
      }
    },
    {
      "type": "Feature",
      "properties": {
        "id": "mount-2057",
        "type": "mountain",
        "longitude": 43.46804,
        "latitude": 42.955048,
        "elevation_m": 4017,
        "name": "",
        "point_id": "mount-2057",
        "icon_id": "mount-27",
        "icon_scale": 0.4159,
        "base_shift": -0.0685,
        "priority": 830
      },
      "geometry": {
        "type": "Point",
        "coordinates": [
          43.46804,
          42.955048
        ]
      }
    },
    {
      "type": "Feature",
      "properties": {
        "id": "mount-2063",
        "type": "mountain",
        "longitude": 43.098958,
        "latitude": 43.050733,
        "elevation_m": 4061,
        "name": "",
        "point_id": "mount-2063",
        "icon_id": "mount-6",
        "icon_scale": 0.3603,
        "base_shift": 0.068,
        "priority": 832
      },
      "geometry": {
        "type": "Point",
        "coordinates": [
          43.098958,
          43.050733
        ]
      }
    },
    {
      "type": "Feature",
      "properties": {
        "id": "mount-2066",
        "type": "mountain",
        "longitude": 43.392112,
        "latitude": 43.001469,
        "elevation_m": 4297,
        "name": "",
        "point_id": "mount-2066",
        "icon_id": "mount-30",
        "icon_scale": 0.3755,
        "base_shift": 0.067,
        "priority": 839
      },
      "geometry": {
        "type": "Point",
        "coordinates": [
          43.392112,
          43.001469
        ]
      }
    },
    {
      "type": "Feature",
      "properties": {
        "id": "mount-2067",
        "type": "mountain",
        "longitude": 43.378208,
        "latitude": 43.002678,
        "elevation_m": 4002,
        "name": "",
        "point_id": "mount-2067",
        "icon_id": "mount-18",
        "icon_scale": 0.3818,
        "base_shift": 0.0704,
        "priority": 830
      },
      "geometry": {
        "type": "Point",
        "coordinates": [
          43.378208,
          43.002678
        ]
      }
    },
    {
      "type": "Feature",
      "properties": {
        "id": "mount-2070",
        "type": "mountain",
        "longitude": 42.522132,
        "latitude": 43.190847,
        "elevation_m": 4394,
        "name": "",
        "point_id": "mount-2070",
        "icon_id": "mount-9",
        "icon_scale": 0.3771,
        "base_shift": 0.0778,
        "priority": 842
      },
      "geometry": {
        "type": "Point",
        "coordinates": [
          42.522132,
          43.190847
        ]
      }
    },
    {
      "type": "Feature",
      "properties": {
        "id": "mount-2074",
        "type": "mountain",
        "longitude": 42.678977,
        "latitude": 43.165443,
        "elevation_m": 4014,
        "name": "",
        "point_id": "mount-2074",
        "icon_id": "mount-4",
        "icon_scale": 0.4271,
        "base_shift": 0.0711,
        "priority": 830
      },
      "geometry": {
        "type": "Point",
        "coordinates": [
          42.678977,
          43.165443
        ]
      }
    },
    {
      "type": "Feature",
      "properties": {
        "id": "mount-2077",
        "type": "mountain",
        "longitude": 42.8246,
        "latitude": 43.173472,
        "elevation_m": 4270,
        "name": "",
        "point_id": "mount-2077",
        "icon_id": "mount-27",
        "icon_scale": 0.3979,
        "base_shift": -0.0622,
        "priority": 838
      },
      "geometry": {
        "type": "Point",
        "coordinates": [
          42.8246,
          43.173472
        ]
      }
    },
    {
      "type": "Feature",
      "properties": {
        "id": "mount-2078",
        "type": "mountain",
        "longitude": 42.863384,
        "latitude": 43.175577,
        "elevation_m": 4016,
        "name": "",
        "point_id": "mount-2078",
        "icon_id": "mount-6",
        "icon_scale": 0.4046,
        "base_shift": -0.0743,
        "priority": 830
      },
      "geometry": {
        "type": "Point",
        "coordinates": [
          42.863384,
          43.175577
        ]
      }
    },
    {
      "type": "Feature",
      "properties": {
        "id": "rock-0006",
        "type": "rock",
        "longitude": 43.037857,
        "latitude": 43.255752,
        "elevation_m": 3675,
        "name": "",
        "point_id": "rock-0006",
        "icon_id": "mount-21",
        "icon_scale": 0.3512,
        "base_shift": -0.0704,
        "priority": 819
      },
      "geometry": {
        "type": "Point",
        "coordinates": [
          43.037857,
          43.255752
        ]
      }
    },
    {
      "type": "Feature",
      "properties": {
        "id": "rock-0008",
        "type": "rock",
        "longitude": 42.964461,
        "latitude": 43.181476,
        "elevation_m": 3526,
        "name": "",
        "point_id": "rock-0008",
        "icon_id": "mount-19",
        "icon_scale": 0.3511,
        "base_shift": 0.0823,
        "priority": 800
      },
      "geometry": {
        "type": "Point",
        "coordinates": [
          42.964461,
          43.181476
        ]
      }
    },
    {
      "type": "Feature",
      "properties": {
        "id": "rock-0012",
        "type": "rock",
        "longitude": 41.208558,
        "latitude": 43.464491,
        "elevation_m": 3205,
        "name": "",
        "point_id": "rock-0012",
        "icon_id": "mount-25",
        "icon_scale": 0.3098,
        "base_shift": 0.0811,
        "priority": 760
      },
      "geometry": {
        "type": "Point",
        "coordinates": [
          41.208558,
          43.464491
        ]
      }
    },
    {
      "type": "Feature",
      "properties": {
        "id": "rock-0026",
        "type": "rock",
        "longitude": 43.526995,
        "latitude": 42.979064,
        "elevation_m": 3734,
        "name": "",
        "point_id": "rock-0026",
        "icon_id": "mount-15",
        "icon_scale": 0.3761,
        "base_shift": 0.0747,
        "priority": 826
      },
      "geometry": {
        "type": "Point",
        "coordinates": [
          43.526995,
          42.979064
        ]
      }
    },
    {
      "type": "Feature",
      "properties": {
        "id": "rock-0037",
        "type": "rock",
        "longitude": 42.995059,
        "latitude": 43.33189,
        "elevation_m": 3212,
        "name": "",
        "point_id": "rock-0037",
        "icon_id": "mount-5",
        "icon_scale": 0.348,
        "base_shift": 0.0738,
        "priority": 761
      },
      "geometry": {
        "type": "Point",
        "coordinates": [
          42.995059,
          43.33189
        ]
      }
    },
    {
      "type": "Feature",
      "properties": {
        "id": "rock-0038",
        "type": "rock",
        "longitude": 41.506037,
        "latitude": 43.315866,
        "elevation_m": 3246,
        "name": "",
        "point_id": "rock-0038",
        "icon_id": "mount-21",
        "icon_scale": 0.3315,
        "base_shift": -0.0825,
        "priority": 765
      },
      "geometry": {
        "type": "Point",
        "coordinates": [
          41.506037,
          43.315866
        ]
      }
    },
    {
      "type": "Feature",
      "properties": {
        "id": "rock-0039",
        "type": "rock",
        "longitude": 42.392271,
        "latitude": 43.46073,
        "elevation_m": 3294,
        "name": "",
        "point_id": "rock-0039",
        "icon_id": "mount-19",
        "icon_scale": 0.3157,
        "base_shift": -0.0669,
        "priority": 771
      },
      "geometry": {
        "type": "Point",
        "coordinates": [
          42.392271,
          43.46073
        ]
      }
    },
    {
      "type": "Feature",
      "properties": {
        "id": "rock-0041",
        "type": "rock",
        "longitude": 41.662334,
        "latitude": 43.409654,
        "elevation_m": 3225,
        "name": "",
        "point_id": "rock-0041",
        "icon_id": "mount-25",
        "icon_scale": 0.3301,
        "base_shift": -0.0772,
        "priority": 762
      },
      "geometry": {
        "type": "Point",
        "coordinates": [
          41.662334,
          43.409654
        ]
      }
    },
    {
      "type": "Feature",
      "properties": {
        "id": "rock-0042",
        "type": "rock",
        "longitude": 41.633956,
        "latitude": 43.410971,
        "elevation_m": 3247,
        "name": "",
        "point_id": "rock-0042",
        "icon_id": "mount-15",
        "icon_scale": 0.3126,
        "base_shift": -0.073,
        "priority": 765
      },
      "geometry": {
        "type": "Point",
        "coordinates": [
          41.633956,
          43.410971
        ]
      }
    },
    {
      "type": "Feature",
      "properties": {
        "id": "rock-0046",
        "type": "rock",
        "longitude": 41.581568,
        "latitude": 43.413621,
        "elevation_m": 3373,
        "name": "",
        "point_id": "rock-0046",
        "icon_id": "mount-5",
        "icon_scale": 0.3112,
        "base_shift": -0.0768,
        "priority": 781
      },
      "geometry": {
        "type": "Point",
        "coordinates": [
          41.581568,
          43.413621
        ]
      }
    },
    {
      "type": "Feature",
      "properties": {
        "id": "rock-0052",
        "type": "rock",
        "longitude": 41.575506,
        "latitude": 43.442606,
        "elevation_m": 3468,
        "name": "",
        "point_id": "rock-0052",
        "icon_id": "mount-21",
        "icon_scale": 0.3172,
        "base_shift": 0.0773,
        "priority": 793
      },
      "geometry": {
        "type": "Point",
        "coordinates": [
          41.575506,
          43.442606
        ]
      }
    },
    {
      "type": "Feature",
      "properties": {
        "id": "rock-0056",
        "type": "rock",
        "longitude": 41.89177,
        "latitude": 43.393308,
        "elevation_m": 3263,
        "name": "",
        "point_id": "rock-0056",
        "icon_id": "mount-19",
        "icon_scale": 0.3232,
        "base_shift": -0.0684,
        "priority": 767
      },
      "geometry": {
        "type": "Point",
        "coordinates": [
          41.89177,
          43.393308
        ]
      }
    },
    {
      "type": "Feature",
      "properties": {
        "id": "rock-0075",
        "type": "rock",
        "longitude": 42.153586,
        "latitude": 43.306138,
        "elevation_m": 3473,
        "name": "",
        "point_id": "rock-0075",
        "icon_id": "mount-25",
        "icon_scale": 0.3574,
        "base_shift": -0.0796,
        "priority": 794
      },
      "geometry": {
        "type": "Point",
        "coordinates": [
          42.153586,
          43.306138
        ]
      }
    },
    {
      "type": "Feature",
      "properties": {
        "id": "rock-0082",
        "type": "rock",
        "longitude": 41.58352,
        "latitude": 43.365843,
        "elevation_m": 3269,
        "name": "",
        "point_id": "rock-0082",
        "icon_id": "mount-15",
        "icon_scale": 0.3236,
        "base_shift": -0.0861,
        "priority": 768
      },
      "geometry": {
        "type": "Point",
        "coordinates": [
          41.58352,
          43.365843
        ]
      }
    },
    {
      "type": "Feature",
      "properties": {
        "id": "rock-0086",
        "type": "rock",
        "longitude": 41.592017,
        "latitude": 43.393261,
        "elevation_m": 3449,
        "name": "",
        "point_id": "rock-0086",
        "icon_id": "mount-5",
        "icon_scale": 0.3259,
        "base_shift": -0.0805,
        "priority": 791
      },
      "geometry": {
        "type": "Point",
        "coordinates": [
          41.592017,
          43.393261
        ]
      }
    },
    {
      "type": "Feature",
      "properties": {
        "id": "rock-0090",
        "type": "rock",
        "longitude": 42.415112,
        "latitude": 43.260542,
        "elevation_m": 3472,
        "name": "",
        "point_id": "rock-0090",
        "icon_id": "mount-21",
        "icon_scale": 0.3672,
        "base_shift": 0.0846,
        "priority": 793
      },
      "geometry": {
        "type": "Point",
        "coordinates": [
          42.415112,
          43.260542
        ]
      }
    },
    {
      "type": "Feature",
      "properties": {
        "id": "rock-0091",
        "type": "rock",
        "longitude": 42.256958,
        "latitude": 43.372605,
        "elevation_m": 3504,
        "name": "",
        "point_id": "rock-0091",
        "icon_id": "mount-19",
        "icon_scale": 0.3696,
        "base_shift": 0.0809,
        "priority": 797
      },
      "geometry": {
        "type": "Point",
        "coordinates": [
          42.256958,
          43.372605
        ]
      }
    },
    {
      "type": "Feature",
      "properties": {
        "id": "rock-0096",
        "type": "rock",
        "longitude": 42.234492,
        "latitude": 43.397057,
        "elevation_m": 3358,
        "name": "",
        "point_id": "rock-0096",
        "icon_id": "mount-25",
        "icon_scale": 0.3394,
        "base_shift": 0.0818,
        "priority": 779
      },
      "geometry": {
        "type": "Point",
        "coordinates": [
          42.234492,
          43.397057
        ]
      }
    },
    {
      "type": "Feature",
      "properties": {
        "id": "rock-0097",
        "type": "rock",
        "longitude": 42.534267,
        "latitude": 43.335994,
        "elevation_m": 3897,
        "name": "",
        "point_id": "rock-0097",
        "icon_id": "mount-15",
        "icon_scale": 0.3879,
        "base_shift": -0.0725,
        "priority": 847
      },
      "geometry": {
        "type": "Point",
        "coordinates": [
          42.534267,
          43.335994
        ]
      }
    },
    {
      "type": "Feature",
      "properties": {
        "id": "rock-0098",
        "type": "rock",
        "longitude": 42.574081,
        "latitude": 43.276268,
        "elevation_m": 3525,
        "name": "",
        "point_id": "rock-0098",
        "icon_id": "mount-5",
        "icon_scale": 0.3611,
        "base_shift": -0.0836,
        "priority": 800
      },
      "geometry": {
        "type": "Point",
        "coordinates": [
          42.574081,
          43.276268
        ]
      }
    },
    {
      "type": "Feature",
      "properties": {
        "id": "rock-0101",
        "type": "rock",
        "longitude": 42.71803,
        "latitude": 43.43318,
        "elevation_m": 3404,
        "name": "",
        "point_id": "rock-0101",
        "icon_id": "mount-21",
        "icon_scale": 0.3426,
        "base_shift": -0.0641,
        "priority": 785
      },
      "geometry": {
        "type": "Point",
        "coordinates": [
          42.71803,
          43.43318
        ]
      }
    },
    {
      "type": "Feature",
      "properties": {
        "id": "rock-0102",
        "type": "rock",
        "longitude": 42.706872,
        "latitude": 43.410129,
        "elevation_m": 3359,
        "name": "",
        "point_id": "rock-0102",
        "icon_id": "mount-19",
        "icon_scale": 0.3297,
        "base_shift": -0.0675,
        "priority": 779
      },
      "geometry": {
        "type": "Point",
        "coordinates": [
          42.706872,
          43.410129
        ]
      }
    },
    {
      "type": "Feature",
      "properties": {
        "id": "rock-0104",
        "type": "rock",
        "longitude": 42.282236,
        "latitude": 43.295082,
        "elevation_m": 3260,
        "name": "",
        "point_id": "rock-0104",
        "icon_id": "mount-25",
        "icon_scale": 0.3135,
        "base_shift": -0.086,
        "priority": 767
      },
      "geometry": {
        "type": "Point",
        "coordinates": [
          42.282236,
          43.295082
        ]
      }
    },
    {
      "type": "Feature",
      "properties": {
        "id": "rock-0105",
        "type": "rock",
        "longitude": 42.341802,
        "latitude": 43.268136,
        "elevation_m": 3477,
        "name": "",
        "point_id": "rock-0105",
        "icon_id": "mount-15",
        "icon_scale": 0.3377,
        "base_shift": -0.0838,
        "priority": 794
      },
      "geometry": {
        "type": "Point",
        "coordinates": [
          42.341802,
          43.268136
        ]
      }
    },
    {
      "type": "Feature",
      "properties": {
        "id": "rock-0108",
        "type": "rock",
        "longitude": 42.21267,
        "latitude": 43.285399,
        "elevation_m": 3732,
        "name": "",
        "point_id": "rock-0108",
        "icon_id": "mount-5",
        "icon_scale": 0.3655,
        "base_shift": -0.0797,
        "priority": 826
      },
      "geometry": {
        "type": "Point",
        "coordinates": [
          42.21267,
          43.285399
        ]
      }
    },
    {
      "type": "Feature",
      "properties": {
        "id": "rock-0113",
        "type": "rock",
        "longitude": 41.916919,
        "latitude": 43.306826,
        "elevation_m": 3448,
        "name": "",
        "point_id": "rock-0113",
        "icon_id": "mount-21",
        "icon_scale": 0.3556,
        "base_shift": -0.0809,
        "priority": 790
      },
      "geometry": {
        "type": "Point",
        "coordinates": [
          41.916919,
          43.306826
        ]
      }
    },
    {
      "type": "Feature",
      "properties": {
        "id": "rock-0120",
        "type": "rock",
        "longitude": 41.505607,
        "latitude": 43.345186,
        "elevation_m": 3267,
        "name": "",
        "point_id": "rock-0120",
        "icon_id": "mount-19",
        "icon_scale": 0.3139,
        "base_shift": -0.0866,
        "priority": 768
      },
      "geometry": {
        "type": "Point",
        "coordinates": [
          41.505607,
          43.345186
        ]
      }
    },
    {
      "type": "Feature",
      "properties": {
        "id": "rock-0127",
        "type": "rock",
        "longitude": 42.825233,
        "latitude": 43.250032,
        "elevation_m": 3795,
        "name": "",
        "point_id": "rock-0127",
        "icon_id": "mount-25",
        "icon_scale": 0.3805,
        "base_shift": 0.0736,
        "priority": 834
      },
      "geometry": {
        "type": "Point",
        "coordinates": [
          42.825233,
          43.250032
        ]
      }
    },
    {
      "type": "Feature",
      "properties": {
        "id": "rock-0131",
        "type": "rock",
        "longitude": 43.143761,
        "latitude": 43.074554,
        "elevation_m": 3758,
        "name": "",
        "point_id": "rock-0131",
        "icon_id": "mount-15",
        "icon_scale": 0.3358,
        "base_shift": 0.0756,
        "priority": 829
      },
      "geometry": {
        "type": "Point",
        "coordinates": [
          43.143761,
          43.074554
        ]
      }
    },
    {
      "type": "Feature",
      "properties": {
        "id": "rock-0133",
        "type": "rock",
        "longitude": 43.121831,
        "latitude": 43.026628,
        "elevation_m": 3942,
        "name": "",
        "point_id": "rock-0133",
        "icon_id": "mount-5",
        "icon_scale": 0.3475,
        "base_shift": 0.0647,
        "priority": 853
      },
      "geometry": {
        "type": "Point",
        "coordinates": [
          43.121831,
          43.026628
        ]
      }
    },
    {
      "type": "Feature",
      "properties": {
        "id": "rock-0134",
        "type": "rock",
        "longitude": 43.113184,
        "latitude": 43.129068,
        "elevation_m": 3964,
        "name": "",
        "point_id": "rock-0134",
        "icon_id": "mount-21",
        "icon_scale": 0.4146,
        "base_shift": -0.0808,
        "priority": 855
      },
      "geometry": {
        "type": "Point",
        "coordinates": [
          43.113184,
          43.129068
        ]
      }
    },
    {
      "type": "Feature",
      "properties": {
        "id": "rock-0135",
        "type": "rock",
        "longitude": 43.281155,
        "latitude": 43.262222,
        "elevation_m": 3333,
        "name": "",
        "point_id": "rock-0135",
        "icon_id": "mount-19",
        "icon_scale": 0.328,
        "base_shift": -0.0809,
        "priority": 776
      },
      "geometry": {
        "type": "Point",
        "coordinates": [
          43.281155,
          43.262222
        ]
      }
    },
    {
      "type": "Feature",
      "properties": {
        "id": "rock-0138",
        "type": "rock",
        "longitude": 43.192137,
        "latitude": 43.006946,
        "elevation_m": 3674,
        "name": "",
        "point_id": "rock-0138",
        "icon_id": "mount-25",
        "icon_scale": 0.3304,
        "base_shift": 0.0751,
        "priority": 819
      },
      "geometry": {
        "type": "Point",
        "coordinates": [
          43.192137,
          43.006946
        ]
      }
    },
    {
      "type": "Feature",
      "properties": {
        "id": "rock-0139",
        "type": "rock",
        "longitude": 43.208864,
        "latitude": 43.085925,
        "elevation_m": 3945,
        "name": "",
        "point_id": "rock-0139",
        "icon_id": "mount-15",
        "icon_scale": 0.3477,
        "base_shift": 0.0771,
        "priority": 853
      },
      "geometry": {
        "type": "Point",
        "coordinates": [
          43.208864,
          43.085925
        ]
      }
    },
    {
      "type": "Feature",
      "properties": {
        "id": "rock-0142",
        "type": "rock",
        "longitude": 43.250792,
        "latitude": 43.261222,
        "elevation_m": 3468,
        "name": "",
        "point_id": "rock-0142",
        "icon_id": "mount-5",
        "icon_scale": 0.3471,
        "base_shift": -0.0787,
        "priority": 793
      },
      "geometry": {
        "type": "Point",
        "coordinates": [
          43.250792,
          43.261222
        ]
      }
    },
    {
      "type": "Feature",
      "properties": {
        "id": "rock-0143",
        "type": "rock",
        "longitude": 43.198146,
        "latitude": 43.113578,
        "elevation_m": 3948,
        "name": "",
        "point_id": "rock-0143",
        "icon_id": "mount-21",
        "icon_scale": 0.3915,
        "base_shift": 0.083,
        "priority": 853
      },
      "geometry": {
        "type": "Point",
        "coordinates": [
          43.198146,
          43.113578
        ]
      }
    },
    {
      "type": "Feature",
      "properties": {
        "id": "rock-0146",
        "type": "rock",
        "longitude": 42.299455,
        "latitude": 43.264448,
        "elevation_m": 3263,
        "name": "",
        "point_id": "rock-0146",
        "icon_id": "mount-19",
        "icon_scale": 0.3327,
        "base_shift": -0.082,
        "priority": 767
      },
      "geometry": {
        "type": "Point",
        "coordinates": [
          42.299455,
          43.264448
        ]
      }
    },
    {
      "type": "Feature",
      "properties": {
        "id": "rock-0149",
        "type": "rock",
        "longitude": 42.135841,
        "latitude": 43.286101,
        "elevation_m": 3439,
        "name": "",
        "point_id": "rock-0149",
        "icon_id": "mount-25",
        "icon_scale": 0.3549,
        "base_shift": 0.0712,
        "priority": 789
      },
      "geometry": {
        "type": "Point",
        "coordinates": [
          42.135841,
          43.286101
        ]
      }
    },
    {
      "type": "Feature",
      "properties": {
        "id": "rock-0150",
        "type": "rock",
        "longitude": 42.107817,
        "latitude": 43.221674,
        "elevation_m": 3356,
        "name": "",
        "point_id": "rock-0150",
        "icon_id": "mount-15",
        "icon_scale": 0.3684,
        "base_shift": 0.0651,
        "priority": 779
      },
      "geometry": {
        "type": "Point",
        "coordinates": [
          42.107817,
          43.221674
        ]
      }
    },
    {
      "type": "Feature",
      "properties": {
        "id": "rock-0155",
        "type": "rock",
        "longitude": 41.09538,
        "latitude": 43.419598,
        "elevation_m": 3284,
        "name": "",
        "point_id": "rock-0155",
        "icon_id": "mount-5",
        "icon_scale": 0.3438,
        "base_shift": -0.0713,
        "priority": 770
      },
      "geometry": {
        "type": "Point",
        "coordinates": [
          41.09538,
          43.419598
        ]
      }
    },
    {
      "type": "Feature",
      "properties": {
        "id": "rock-0160",
        "type": "rock",
        "longitude": 43.243432,
        "latitude": 43.093509,
        "elevation_m": 3855,
        "name": "",
        "point_id": "rock-0160",
        "icon_id": "mount-21",
        "icon_scale": 0.342,
        "base_shift": 0.0758,
        "priority": 842
      },
      "geometry": {
        "type": "Point",
        "coordinates": [
          43.243432,
          43.093509
        ]
      }
    },
    {
      "type": "Feature",
      "properties": {
        "id": "rock-0161",
        "type": "rock",
        "longitude": 43.084742,
        "latitude": 43.147059,
        "elevation_m": 3910,
        "name": "",
        "point_id": "rock-0161",
        "icon_id": "mount-19",
        "icon_scale": 0.3888,
        "base_shift": 0.07,
        "priority": 849
      },
      "geometry": {
        "type": "Point",
        "coordinates": [
          43.084742,
          43.147059
        ]
      }
    },
    {
      "type": "Feature",
      "properties": {
        "id": "rock-0165",
        "type": "rock",
        "longitude": 42.725605,
        "latitude": 43.394477,
        "elevation_m": 3566,
        "name": "",
        "point_id": "rock-0165",
        "icon_id": "mount-25",
        "icon_scale": 0.3539,
        "base_shift": -0.072,
        "priority": 805
      },
      "geometry": {
        "type": "Point",
        "coordinates": [
          42.725605,
          43.394477
        ]
      }
    },
    {
      "type": "Feature",
      "properties": {
        "id": "rock-0170",
        "type": "rock",
        "longitude": 42.569951,
        "latitude": 43.22635,
        "elevation_m": 3207,
        "name": "",
        "point_id": "rock-0170",
        "icon_id": "mount-15",
        "icon_scale": 0.31,
        "base_shift": 0.0857,
        "priority": 760
      },
      "geometry": {
        "type": "Point",
        "coordinates": [
          42.569951,
          43.22635
        ]
      }
    },
    {
      "type": "Feature",
      "properties": {
        "id": "rock-0171",
        "type": "rock",
        "longitude": 42.602695,
        "latitude": 43.178127,
        "elevation_m": 3793,
        "name": "",
        "point_id": "rock-0171",
        "icon_id": "mount-5",
        "icon_scale": 0.3698,
        "base_shift": 0.0758,
        "priority": 834
      },
      "geometry": {
        "type": "Point",
        "coordinates": [
          42.602695,
          43.178127
        ]
      }
    },
    {
      "type": "Feature",
      "properties": {
        "id": "rock-0173",
        "type": "rock",
        "longitude": 42.617147,
        "latitude": 43.227733,
        "elevation_m": 3216,
        "name": "",
        "point_id": "rock-0173",
        "icon_id": "mount-21",
        "icon_scale": 0.3483,
        "base_shift": 0.0855,
        "priority": 761
      },
      "geometry": {
        "type": "Point",
        "coordinates": [
          42.617147,
          43.227733
        ]
      }
    },
    {
      "type": "Feature",
      "properties": {
        "id": "rock-0174",
        "type": "rock",
        "longitude": 41.554627,
        "latitude": 43.387351,
        "elevation_m": 3392,
        "name": "",
        "point_id": "rock-0174",
        "icon_id": "mount-19",
        "icon_scale": 0.3222,
        "base_shift": -0.0825,
        "priority": 783
      },
      "geometry": {
        "type": "Point",
        "coordinates": [
          41.554627,
          43.387351
        ]
      }
    },
    {
      "type": "Feature",
      "properties": {
        "id": "rock-0183",
        "type": "rock",
        "longitude": 41.661776,
        "latitude": 43.499235,
        "elevation_m": 3232,
        "name": "",
        "point_id": "rock-0183",
        "icon_id": "mount-25",
        "icon_scale": 0.34,
        "base_shift": -0.076,
        "priority": 763
      },
      "geometry": {
        "type": "Point",
        "coordinates": [
          41.661776,
          43.499235
        ]
      }
    },
    {
      "type": "Feature",
      "properties": {
        "id": "rock-0191",
        "type": "rock",
        "longitude": 41.769773,
        "latitude": 43.213332,
        "elevation_m": 3259,
        "name": "",
        "point_id": "rock-0191",
        "icon_id": "mount-15",
        "icon_scale": 0.3039,
        "base_shift": -0.0565,
        "priority": 767
      },
      "geometry": {
        "type": "Point",
        "coordinates": [
          41.769773,
          43.213332
        ]
      }
    },
    {
      "type": "Feature",
      "properties": {
        "id": "rock-0193",
        "type": "rock",
        "longitude": 41.805865,
        "latitude": 43.33793,
        "elevation_m": 3241,
        "name": "",
        "point_id": "rock-0193",
        "icon_id": "mount-5",
        "icon_scale": 0.3217,
        "base_shift": 0.0711,
        "priority": 764
      },
      "geometry": {
        "type": "Point",
        "coordinates": [
          41.805865,
          43.33793
        ]
      }
    },
    {
      "type": "Feature",
      "properties": {
        "id": "rock-0194",
        "type": "rock",
        "longitude": 41.785051,
        "latitude": 43.357528,
        "elevation_m": 3375,
        "name": "",
        "point_id": "rock-0194",
        "icon_id": "mount-21",
        "icon_scale": 0.3113,
        "base_shift": 0.0763,
        "priority": 781
      },
      "geometry": {
        "type": "Point",
        "coordinates": [
          41.785051,
          43.357528
        ]
      }
    },
    {
      "type": "Feature",
      "properties": {
        "id": "rock-0200",
        "type": "rock",
        "longitude": 41.635276,
        "latitude": 43.221596,
        "elevation_m": 3428,
        "name": "",
        "point_id": "rock-0200",
        "icon_id": "mount-19",
        "icon_scale": 0.3739,
        "base_shift": -0.0657,
        "priority": 788
      },
      "geometry": {
        "type": "Point",
        "coordinates": [
          41.635276,
          43.221596
        ]
      }
    },
    {
      "type": "Feature",
      "properties": {
        "id": "rock-0204",
        "type": "rock",
        "longitude": 41.784396,
        "latitude": 43.235816,
        "elevation_m": 3563,
        "name": "",
        "point_id": "rock-0204",
        "icon_id": "mount-25",
        "icon_scale": 0.3334,
        "base_shift": 0.0575,
        "priority": 805
      },
      "geometry": {
        "type": "Point",
        "coordinates": [
          41.784396,
          43.235816
        ]
      }
    },
    {
      "type": "Feature",
      "properties": {
        "id": "rock-0206",
        "type": "rock",
        "longitude": 41.934482,
        "latitude": 43.490261,
        "elevation_m": 3316,
        "name": "",
        "point_id": "rock-0206",
        "icon_id": "mount-15",
        "icon_scale": 0.3268,
        "base_shift": 0.0635,
        "priority": 774
      },
      "geometry": {
        "type": "Point",
        "coordinates": [
          41.934482,
          43.490261
        ]
      }
    },
    {
      "type": "Feature",
      "properties": {
        "id": "rock-0210",
        "type": "rock",
        "longitude": 41.854069,
        "latitude": 43.338671,
        "elevation_m": 3329,
        "name": "",
        "point_id": "rock-0210",
        "icon_id": "mount-5",
        "icon_scale": 0.318,
        "base_shift": -0.0643,
        "priority": 775
      },
      "geometry": {
        "type": "Point",
        "coordinates": [
          41.854069,
          43.338671
        ]
      }
    },
    {
      "type": "Feature",
      "properties": {
        "id": "rock-0215",
        "type": "rock",
        "longitude": 41.828481,
        "latitude": 43.382447,
        "elevation_m": 3450,
        "name": "",
        "point_id": "rock-0215",
        "icon_id": "mount-21",
        "icon_scale": 0.3161,
        "base_shift": -0.0699,
        "priority": 791
      },
      "geometry": {
        "type": "Point",
        "coordinates": [
          41.828481,
          43.382447
        ]
      }
    },
    {
      "type": "Feature",
      "properties": {
        "id": "rock-0216",
        "type": "rock",
        "longitude": 41.869304,
        "latitude": 43.421617,
        "elevation_m": 3521,
        "name": "",
        "point_id": "rock-0216",
        "icon_id": "mount-19",
        "icon_scale": 0.3508,
        "base_shift": 0.0773,
        "priority": 800
      },
      "geometry": {
        "type": "Point",
        "coordinates": [
          41.869304,
          43.421617
        ]
      }
    },
    {
      "type": "Feature",
      "properties": {
        "id": "rock-0218",
        "type": "rock",
        "longitude": 42.12038,
        "latitude": 43.399926,
        "elevation_m": 3207,
        "name": "",
        "point_id": "rock-0218",
        "icon_id": "mount-25",
        "icon_scale": 0.31,
        "base_shift": 0.0848,
        "priority": 760
      },
      "geometry": {
        "type": "Point",
        "coordinates": [
          42.12038,
          43.399926
        ]
      }
    },
    {
      "type": "Feature",
      "properties": {
        "id": "rock-0228",
        "type": "rock",
        "longitude": 42.050761,
        "latitude": 43.391398,
        "elevation_m": 3361,
        "name": "",
        "point_id": "rock-0228",
        "icon_id": "mount-15",
        "icon_scale": 0.3299,
        "base_shift": -0.08,
        "priority": 779
      },
      "geometry": {
        "type": "Point",
        "coordinates": [
          42.050761,
          43.391398
        ]
      }
    },
    {
      "type": "Feature",
      "properties": {
        "id": "rock-0239",
        "type": "rock",
        "longitude": 43.129234,
        "latitude": 43.184057,
        "elevation_m": 3287,
        "name": "",
        "point_id": "rock-0239",
        "icon_id": "mount-5",
        "icon_scale": 0.344,
        "base_shift": 0.081,
        "priority": 770
      },
      "geometry": {
        "type": "Point",
        "coordinates": [
          43.129234,
          43.184057
        ]
      }
    },
    {
      "type": "Feature",
      "properties": {
        "id": "rock-0240",
        "type": "rock",
        "longitude": 43.088454,
        "latitude": 43.249079,
        "elevation_m": 3288,
        "name": "",
        "point_id": "rock-0240",
        "icon_id": "mount-21",
        "icon_scale": 0.3441,
        "base_shift": -0.0838,
        "priority": 770
      },
      "geometry": {
        "type": "Point",
        "coordinates": [
          43.088454,
          43.249079
        ]
      }
    },
    {
      "type": "Feature",
      "properties": {
        "id": "rock-0243",
        "type": "rock",
        "longitude": 43.137238,
        "latitude": 43.15271,
        "elevation_m": 3885,
        "name": "",
        "point_id": "rock-0243",
        "icon_id": "mount-19",
        "icon_scale": 0.3762,
        "base_shift": -0.084,
        "priority": 846
      },
      "geometry": {
        "type": "Point",
        "coordinates": [
          43.137238,
          43.15271
        ]
      }
    },
    {
      "type": "Feature",
      "properties": {
        "id": "rock-0244",
        "type": "rock",
        "longitude": 43.162172,
        "latitude": 43.174317,
        "elevation_m": 3548,
        "name": "",
        "point_id": "rock-0244",
        "icon_id": "mount-25",
        "icon_scale": 0.3729,
        "base_shift": -0.0831,
        "priority": 803
      },
      "geometry": {
        "type": "Point",
        "coordinates": [
          43.162172,
          43.174317
        ]
      }
    },
    {
      "type": "Feature",
      "properties": {
        "id": "rock-0246",
        "type": "rock",
        "longitude": 43.180379,
        "latitude": 43.197199,
        "elevation_m": 3584,
        "name": "",
        "point_id": "rock-0246",
        "icon_id": "mount-15",
        "icon_scale": 0.3857,
        "base_shift": -0.0806,
        "priority": 808
      },
      "geometry": {
        "type": "Point",
        "coordinates": [
          43.180379,
          43.197199
        ]
      }
    },
    {
      "type": "Feature",
      "properties": {
        "id": "rock-0253",
        "type": "rock",
        "longitude": 41.417094,
        "latitude": 43.40334,
        "elevation_m": 3295,
        "name": "",
        "point_id": "rock-0253",
        "icon_id": "mount-5",
        "icon_scale": 0.3062,
        "base_shift": 0.0827,
        "priority": 771
      },
      "geometry": {
        "type": "Point",
        "coordinates": [
          41.417094,
          43.40334
        ]
      }
    },
    {
      "type": "Feature",
      "properties": {
        "id": "rock-0257",
        "type": "rock",
        "longitude": 42.831026,
        "latitude": 43.224262,
        "elevation_m": 3399,
        "name": "",
        "point_id": "rock-0257",
        "icon_id": "mount-21",
        "icon_scale": 0.3226,
        "base_shift": -0.0593,
        "priority": 784
      },
      "geometry": {
        "type": "Point",
        "coordinates": [
          42.831026,
          43.224262
        ]
      }
    },
    {
      "type": "Feature",
      "properties": {
        "id": "rock-0258",
        "type": "rock",
        "longitude": 42.864093,
        "latitude": 43.244851,
        "elevation_m": 3986,
        "name": "",
        "point_id": "rock-0258",
        "icon_id": "mount-19",
        "icon_scale": 0.3723,
        "base_shift": -0.06,
        "priority": 858
      },
      "geometry": {
        "type": "Point",
        "coordinates": [
          42.864093,
          43.244851
        ]
      }
    },
    {
      "type": "Feature",
      "properties": {
        "id": "rock-0268",
        "type": "rock",
        "longitude": 43.582002,
        "latitude": 42.964659,
        "elevation_m": 3956,
        "name": "",
        "point_id": "rock-0268",
        "icon_id": "mount-25",
        "icon_scale": 0.4358,
        "base_shift": 0.0569,
        "priority": 854
      },
      "geometry": {
        "type": "Point",
        "coordinates": [
          43.582002,
          42.964659
        ]
      }
    },
    {
      "type": "Feature",
      "properties": {
        "id": "rock-0275",
        "type": "rock",
        "longitude": 43.521684,
        "latitude": 42.999147,
        "elevation_m": 3820,
        "name": "",
        "point_id": "rock-0275",
        "icon_id": "mount-15",
        "icon_scale": 0.4036,
        "base_shift": 0.0801,
        "priority": 837
      },
      "geometry": {
        "type": "Point",
        "coordinates": [
          43.521684,
          42.999147
        ]
      }
    },
    {
      "type": "Feature",
      "properties": {
        "id": "rock-0276",
        "type": "rock",
        "longitude": 43.396575,
        "latitude": 43.023498,
        "elevation_m": 3809,
        "name": "",
        "point_id": "rock-0276",
        "icon_id": "mount-5",
        "icon_scale": 0.3709,
        "base_shift": 0.0801,
        "priority": 836
      },
      "geometry": {
        "type": "Point",
        "coordinates": [
          43.396575,
          43.023498
        ]
      }
    },
    {
      "type": "Feature",
      "properties": {
        "id": "rock-0279",
        "type": "rock",
        "longitude": 42.196716,
        "latitude": 43.226834,
        "elevation_m": 3638,
        "name": "",
        "point_id": "rock-0279",
        "icon_id": "mount-21",
        "icon_scale": 0.3898,
        "base_shift": -0.0669,
        "priority": 814
      },
      "geometry": {
        "type": "Point",
        "coordinates": [
          42.196716,
          43.226834
        ]
      }
    },
    {
      "type": "Feature",
      "properties": {
        "id": "rock-0282",
        "type": "rock",
        "longitude": 43.235128,
        "latitude": 42.932312,
        "elevation_m": 3993,
        "name": "",
        "point_id": "rock-0282",
        "icon_id": "mount-19",
        "icon_scale": 0.3728,
        "base_shift": 0.0686,
        "priority": 859
      },
      "geometry": {
        "type": "Point",
        "coordinates": [
          43.235128,
          42.932312
        ]
      }
    },
    {
      "type": "Feature",
      "properties": {
        "id": "rock-0286",
        "type": "rock",
        "longitude": 42.1747,
        "latitude": 43.169293,
        "elevation_m": 3254,
        "name": "",
        "point_id": "rock-0286",
        "icon_id": "mount-25",
        "icon_scale": 0.3542,
        "base_shift": 0.0088,
        "priority": 706
      },
      "geometry": {
        "type": "Point",
        "coordinates": [
          42.1747,
          43.169293
        ]
      }
    },
    {
      "type": "Feature",
      "properties": {
        "id": "rock-0290",
        "type": "rock",
        "longitude": 42.420005,
        "latitude": 43.221542,
        "elevation_m": 3440,
        "name": "",
        "point_id": "rock-0290",
        "icon_id": "mount-15",
        "icon_scale": 0.355,
        "base_shift": 0.0783,
        "priority": 789
      },
      "geometry": {
        "type": "Point",
        "coordinates": [
          42.420005,
          43.221542
        ]
      }
    },
    {
      "type": "Feature",
      "properties": {
        "id": "rock-0294",
        "type": "rock",
        "longitude": 42.826756,
        "latitude": 43.281408,
        "elevation_m": 3907,
        "name": "",
        "point_id": "rock-0294",
        "icon_id": "mount-5",
        "icon_scale": 0.4102,
        "base_shift": 0.0799,
        "priority": 848
      },
      "geometry": {
        "type": "Point",
        "coordinates": [
          42.826756,
          43.281408
        ]
      }
    },
    {
      "type": "Feature",
      "properties": {
        "id": "rock-0295",
        "type": "rock",
        "longitude": 42.853557,
        "latitude": 43.293388,
        "elevation_m": 3524,
        "name": "",
        "point_id": "rock-0295",
        "icon_id": "mount-21",
        "icon_scale": 0.361,
        "base_shift": 0.0808,
        "priority": 800
      },
      "geometry": {
        "type": "Point",
        "coordinates": [
          42.853557,
          43.293388
        ]
      }
    },
    {
      "type": "Feature",
      "properties": {
        "id": "rock-0298",
        "type": "rock",
        "longitude": 42.924271,
        "latitude": 43.221893,
        "elevation_m": 3995,
        "name": "",
        "point_id": "rock-0298",
        "icon_id": "mount-19",
        "icon_scale": 0.3729,
        "base_shift": -0.0782,
        "priority": 859
      },
      "geometry": {
        "type": "Point",
        "coordinates": [
          42.924271,
          43.221893
        ]
      }
    },
    {
      "type": "Feature",
      "properties": {
        "id": "rock-0301",
        "type": "rock",
        "longitude": 43.250953,
        "latitude": 43.00959,
        "elevation_m": 3908,
        "name": "",
        "point_id": "rock-0301",
        "icon_id": "mount-25",
        "icon_scale": 0.3454,
        "base_shift": -0.0869,
        "priority": 848
      },
      "geometry": {
        "type": "Point",
        "coordinates": [
          43.250953,
          43.00959
        ]
      }
    },
    {
      "type": "Feature",
      "properties": {
        "id": "rock-0302",
        "type": "rock",
        "longitude": 43.227242,
        "latitude": 43.002748,
        "elevation_m": 3803,
        "name": "",
        "point_id": "rock-0302",
        "icon_id": "mount-15",
        "icon_scale": 0.3387,
        "base_shift": 0.0851,
        "priority": 835
      },
      "geometry": {
        "type": "Point",
        "coordinates": [
          43.227242,
          43.002748
        ]
      }
    },
    {
      "type": "Feature",
      "properties": {
        "id": "rock-0305",
        "type": "rock",
        "longitude": 43.060849,
        "latitude": 43.067618,
        "elevation_m": 3581,
        "name": "",
        "point_id": "rock-0305",
        "icon_id": "mount-5",
        "icon_scale": 0.3346,
        "base_shift": -0.067,
        "priority": 807
      },
      "geometry": {
        "type": "Point",
        "coordinates": [
          43.060849,
          43.067618
        ]
      }
    },
    {
      "type": "Feature",
      "properties": {
        "id": "rock-0306",
        "type": "rock",
        "longitude": 43.293654,
        "latitude": 43.071208,
        "elevation_m": 3466,
        "name": "",
        "point_id": "rock-0306",
        "icon_id": "mount-21",
        "icon_scale": 0.337,
        "base_shift": -0.0812,
        "priority": 793
      },
      "geometry": {
        "type": "Point",
        "coordinates": [
          43.293654,
          43.071208
        ]
      }
    },
    {
      "type": "Feature",
      "properties": {
        "id": "rock-0308",
        "type": "rock",
        "longitude": 42.93339,
        "latitude": 43.092616,
        "elevation_m": 3757,
        "name": "",
        "point_id": "rock-0308",
        "icon_id": "mount-19",
        "icon_scale": 0.3883,
        "base_shift": 0.068,
        "priority": 829
      },
      "geometry": {
        "type": "Point",
        "coordinates": [
          42.93339,
          43.092616
        ]
      }
    },
    {
      "type": "Feature",
      "properties": {
        "id": "rock-0309",
        "type": "rock",
        "longitude": 43.09723,
        "latitude": 43.107218,
        "elevation_m": 3712,
        "name": "",
        "point_id": "rock-0309",
        "icon_id": "mount-25",
        "icon_scale": 0.3641,
        "base_shift": -0.0767,
        "priority": 824
      },
      "geometry": {
        "type": "Point",
        "coordinates": [
          43.09723,
          43.107218
        ]
      }
    },
    {
      "type": "Feature",
      "properties": {
        "id": "rock-0310",
        "type": "rock",
        "longitude": 42.823066,
        "latitude": 43.114205,
        "elevation_m": 3996,
        "name": "",
        "point_id": "rock-0310",
        "icon_id": "mount-15",
        "icon_scale": 0.439,
        "base_shift": 0.0654,
        "priority": 860
      },
      "geometry": {
        "type": "Point",
        "coordinates": [
          42.823066,
          43.114205
        ]
      }
    },
    {
      "type": "Feature",
      "properties": {
        "id": "rock-0311",
        "type": "rock",
        "longitude": 42.633669,
        "latitude": 43.117087,
        "elevation_m": 3870,
        "name": "",
        "point_id": "rock-0311",
        "icon_id": "mount-5",
        "icon_scale": 0.4397,
        "base_shift": 0.062,
        "priority": 844
      },
      "geometry": {
        "type": "Point",
        "coordinates": [
          42.633669,
          43.117087
        ]
      }
    },
    {
      "type": "Feature",
      "properties": {
        "id": "rock-0312",
        "type": "rock",
        "longitude": 43.052319,
        "latitude": 43.117345,
        "elevation_m": 3764,
        "name": "",
        "point_id": "rock-0312",
        "icon_id": "mount-21",
        "icon_scale": 0.3678,
        "base_shift": 0.0698,
        "priority": 830
      },
      "geometry": {
        "type": "Point",
        "coordinates": [
          43.052319,
          43.117345
        ]
      }
    },
    {
      "type": "Feature",
      "properties": {
        "id": "rock-0313",
        "type": "rock",
        "longitude": 43.220462,
        "latitude": 43.126907,
        "elevation_m": 3578,
        "name": "",
        "point_id": "rock-0313",
        "icon_id": "mount-19",
        "icon_scale": 0.3853,
        "base_shift": 0.0837,
        "priority": 807
      },
      "geometry": {
        "type": "Point",
        "coordinates": [
          43.220462,
          43.126907
        ]
      }
    },
    {
      "type": "Feature",
      "properties": {
        "id": "rock-0314",
        "type": "rock",
        "longitude": 42.791448,
        "latitude": 43.139364,
        "elevation_m": 3415,
        "name": "",
        "point_id": "rock-0314",
        "icon_id": "mount-25",
        "icon_scale": 0.3827,
        "base_shift": 0.0647,
        "priority": 786
      },
      "geometry": {
        "type": "Point",
        "coordinates": [
          42.791448,
          43.139364
        ]
      }
    },
    {
      "type": "Feature",
      "properties": {
        "id": "rock-0317",
        "type": "rock",
        "longitude": 42.97564,
        "latitude": 43.164356,
        "elevation_m": 3726,
        "name": "",
        "point_id": "rock-0317",
        "icon_id": "mount-15",
        "icon_scale": 0.3547,
        "base_shift": -0.0763,
        "priority": 825
      },
      "geometry": {
        "type": "Point",
        "coordinates": [
          42.97564,
          43.164356
        ]
      }
    },
    {
      "type": "Feature",
      "properties": {
        "id": "rock-0321",
        "type": "rock",
        "longitude": 43.088078,
        "latitude": 43.182524,
        "elevation_m": 3489,
        "name": "",
        "point_id": "rock-0321",
        "icon_id": "mount-5",
        "icon_scale": 0.3585,
        "base_shift": 0.0776,
        "priority": 796
      },
      "geometry": {
        "type": "Point",
        "coordinates": [
          43.088078,
          43.182524
        ]
      }
    },
    {
      "type": "Feature",
      "properties": {
        "id": "rock-0322",
        "type": "rock",
        "longitude": 43.165444,
        "latitude": 42.965774,
        "elevation_m": 3966,
        "name": "",
        "point_id": "rock-0322",
        "icon_id": "mount-21",
        "icon_scale": 0.371,
        "base_shift": 0.0639,
        "priority": 856
      },
      "geometry": {
        "type": "Point",
        "coordinates": [
          43.165444,
          42.965774
        ]
      }
    },
    {
      "type": "Feature",
      "properties": {
        "id": "rock-0323",
        "type": "rock",
        "longitude": 42.895732,
        "latitude": 43.158995,
        "elevation_m": 3628,
        "name": "",
        "point_id": "rock-0323",
        "icon_id": "mount-19",
        "icon_scale": 0.3685,
        "base_shift": 0.078,
        "priority": 813
      },
      "geometry": {
        "type": "Point",
        "coordinates": [
          42.895732,
          43.158995
        ]
      }
    },
    {
      "type": "Feature",
      "properties": {
        "id": "rock-0324",
        "type": "rock",
        "longitude": 42.994319,
        "latitude": 43.019027,
        "elevation_m": 3948,
        "name": "",
        "point_id": "rock-0324",
        "icon_id": "mount-25",
        "icon_scale": 0.3809,
        "base_shift": 0.0147,
        "priority": 793
      },
      "geometry": {
        "type": "Point",
        "coordinates": [
          42.994319,
          43.019027
        ]
      }
    },
    {
      "type": "Feature",
      "properties": {
        "id": "rock-0331",
        "type": "rock",
        "longitude": 42.05222,
        "latitude": 43.257971,
        "elevation_m": 3422,
        "name": "",
        "point_id": "rock-0331",
        "icon_id": "mount-15",
        "icon_scale": 0.3439,
        "base_shift": 0.0805,
        "priority": 787
      },
      "geometry": {
        "type": "Point",
        "coordinates": [
          42.05222,
          43.257971
        ]
      }
    },
    {
      "type": "Feature",
      "properties": {
        "id": "rock-0333",
        "type": "rock",
        "longitude": 42.093998,
        "latitude": 43.23945,
        "elevation_m": 3586,
        "name": "",
        "point_id": "rock-0333",
        "icon_id": "mount-5",
        "icon_scale": 0.3655,
        "base_shift": 0.0702,
        "priority": 808
      },
      "geometry": {
        "type": "Point",
        "coordinates": [
          42.093998,
          43.23945
        ]
      }
    },
    {
      "type": "Feature",
      "properties": {
        "id": "rock-0344",
        "type": "rock",
        "longitude": 42.250146,
        "latitude": 43.23233,
        "elevation_m": 3503,
        "name": "",
        "point_id": "rock-0344",
        "icon_id": "mount-21",
        "icon_scale": 0.3796,
        "base_shift": -0.0721,
        "priority": 797
      },
      "geometry": {
        "type": "Point",
        "coordinates": [
          42.250146,
          43.23233
        ]
      }
    },
    {
      "type": "Feature",
      "properties": {
        "id": "rock-0354",
        "type": "rock",
        "longitude": 42.086402,
        "latitude": 43.276213,
        "elevation_m": 3239,
        "name": "",
        "point_id": "rock-0354",
        "icon_id": "mount-19",
        "icon_scale": 0.35,
        "base_shift": 0.0735,
        "priority": 764
      },
      "geometry": {
        "type": "Point",
        "coordinates": [
          42.086402,
          43.276213
        ]
      }
    },
    {
      "type": "Feature",
      "properties": {
        "id": "rock-0359",
        "type": "rock",
        "longitude": 42.047832,
        "latitude": 43.342884,
        "elevation_m": 3336,
        "name": "",
        "point_id": "rock-0359",
        "icon_id": "mount-25",
        "icon_scale": 0.3572,
        "base_shift": -0.0829,
        "priority": 776
      },
      "geometry": {
        "type": "Point",
        "coordinates": [
          42.047832,
          43.342884
        ]
      }
    },
    {
      "type": "Feature",
      "properties": {
        "id": "rock-0360",
        "type": "rock",
        "longitude": 42.124457,
        "latitude": 43.314359,
        "elevation_m": 3368,
        "name": "",
        "point_id": "rock-0360",
        "icon_id": "mount-15",
        "icon_scale": 0.3498,
        "base_shift": 0.0791,
        "priority": 780
      },
      "geometry": {
        "type": "Point",
        "coordinates": [
          42.124457,
          43.314359
        ]
      }
    },
    {
      "type": "Feature",
      "properties": {
        "id": "rock-0365",
        "type": "rock",
        "longitude": 42.080576,
        "latitude": 43.317528,
        "elevation_m": 3443,
        "name": "",
        "point_id": "rock-0365",
        "icon_id": "mount-5",
        "icon_scale": 0.3453,
        "base_shift": 0.0855,
        "priority": 790
      },
      "geometry": {
        "type": "Point",
        "coordinates": [
          42.080576,
          43.317528
        ]
      }
    },
    {
      "type": "Feature",
      "properties": {
        "id": "rock-0366",
        "type": "rock",
        "longitude": 42.121528,
        "latitude": 43.368402,
        "elevation_m": 3473,
        "name": "",
        "point_id": "rock-0366",
        "icon_id": "mount-21",
        "icon_scale": 0.3375,
        "base_shift": 0.0845,
        "priority": 794
      },
      "geometry": {
        "type": "Point",
        "coordinates": [
          42.121528,
          43.368402
        ]
      }
    },
    {
      "type": "Feature",
      "properties": {
        "id": "rock-0371",
        "type": "rock",
        "longitude": 42.061168,
        "latitude": 43.368136,
        "elevation_m": 3483,
        "name": "",
        "point_id": "rock-0371",
        "icon_id": "mount-19",
        "icon_scale": 0.3282,
        "base_shift": -0.0823,
        "priority": 795
      },
      "geometry": {
        "type": "Point",
        "coordinates": [
          42.061168,
          43.368136
        ]
      }
    },
    {
      "type": "Feature",
      "properties": {
        "id": "rock-0374",
        "type": "rock",
        "longitude": 42.304981,
        "latitude": 43.240013,
        "elevation_m": 3455,
        "name": "",
        "point_id": "rock-0374",
        "icon_id": "mount-25",
        "icon_scale": 0.3759,
        "base_shift": -0.0771,
        "priority": 791
      },
      "geometry": {
        "type": "Point",
        "coordinates": [
          42.304981,
          43.240013
        ]
      }
    },
    {
      "type": "Feature",
      "properties": {
        "id": "rock-0376",
        "type": "rock",
        "longitude": 42.372079,
        "latitude": 43.39029,
        "elevation_m": 3254,
        "name": "",
        "point_id": "rock-0376",
        "icon_id": "mount-15",
        "icon_scale": 0.3321,
        "base_shift": 0.0752,
        "priority": 766
      },
      "geometry": {
        "type": "Point",
        "coordinates": [
          42.372079,
          43.39029
        ]
      }
    },
    {
      "type": "Feature",
      "properties": {
        "id": "rock-0386",
        "type": "rock",
        "longitude": 42.338401,
        "latitude": 43.316381,
        "elevation_m": 3451,
        "name": "",
        "point_id": "rock-0386",
        "icon_id": "mount-5",
        "icon_scale": 0.336,
        "base_shift": 0.0859,
        "priority": 791
      },
      "geometry": {
        "type": "Point",
        "coordinates": [
          42.338401,
          43.316381
        ]
      }
    },
    {
      "type": "Feature",
      "properties": {
        "id": "rock-0390",
        "type": "rock",
        "longitude": 42.561904,
        "latitude": 43.356046,
        "elevation_m": 3653,
        "name": "",
        "point_id": "rock-0390",
        "icon_id": "mount-21",
        "icon_scale": 0.3703,
        "base_shift": 0.0728,
        "priority": 816
      },
      "geometry": {
        "type": "Point",
        "coordinates": [
          42.561904,
          43.356046
        ]
      }
    },
    {
      "type": "Feature",
      "properties": {
        "id": "rock-0393",
        "type": "rock",
        "longitude": 42.335773,
        "latitude": 43.345553,
        "elevation_m": 3295,
        "name": "",
        "point_id": "rock-0393",
        "icon_id": "mount-19",
        "icon_scale": 0.3254,
        "base_shift": 0.0807,
        "priority": 771
      },
      "geometry": {
        "type": "Point",
        "coordinates": [
          42.335773,
          43.345553
        ]
      }
    },
    {
      "type": "Feature",
      "properties": {
        "id": "rock-0401",
        "type": "rock",
        "longitude": 42.636191,
        "latitude": 43.288195,
        "elevation_m": 3438,
        "name": "",
        "point_id": "rock-0401",
        "icon_id": "mount-25",
        "icon_scale": 0.3647,
        "base_shift": -0.0843,
        "priority": 789
      },
      "geometry": {
        "type": "Point",
        "coordinates": [
          42.636191,
          43.288195
        ]
      }
    },
    {
      "type": "Feature",
      "properties": {
        "id": "rock-0403",
        "type": "rock",
        "longitude": 42.658088,
        "latitude": 43.347894,
        "elevation_m": 3435,
        "name": "",
        "point_id": "rock-0403",
        "icon_id": "mount-15",
        "icon_scale": 0.325,
        "base_shift": -0.075,
        "priority": 789
      },
      "geometry": {
        "type": "Point",
        "coordinates": [
          42.658088,
          43.347894
        ]
      }
    },
    {
      "type": "Feature",
      "properties": {
        "id": "rock-0405",
        "type": "rock",
        "longitude": 42.569661,
        "latitude": 43.31044,
        "elevation_m": 3470,
        "name": "",
        "point_id": "rock-0405",
        "icon_id": "mount-5",
        "icon_scale": 0.3174,
        "base_shift": -0.0764,
        "priority": 793
      },
      "geometry": {
        "type": "Point",
        "coordinates": [
          42.569661,
          43.31044
        ]
      }
    },
    {
      "type": "Feature",
      "properties": {
        "id": "rock-0418",
        "type": "rock",
        "longitude": 42.531906,
        "latitude": 43.290709,
        "elevation_m": 3704,
        "name": "",
        "point_id": "rock-0418",
        "icon_id": "mount-21",
        "icon_scale": 0.374,
        "base_shift": -0.0811,
        "priority": 823
      },
      "geometry": {
        "type": "Point",
        "coordinates": [
          42.531906,
          43.290709
        ]
      }
    },
    {
      "type": "Feature",
      "properties": {
        "id": "rock-0421",
        "type": "rock",
        "longitude": 42.700521,
        "latitude": 43.334402,
        "elevation_m": 3268,
        "name": "",
        "point_id": "rock-0421",
        "icon_id": "mount-19",
        "icon_scale": 0.3235,
        "base_shift": -0.0814,
        "priority": 768
      },
      "geometry": {
        "type": "Point",
        "coordinates": [
          42.700521,
          43.334402
        ]
      }
    },
    {
      "type": "Feature",
      "properties": {
        "id": "rock-0423",
        "type": "rock",
        "longitude": 41.54819,
        "latitude": 43.351186,
        "elevation_m": 3318,
        "name": "",
        "point_id": "rock-0423",
        "icon_id": "mount-25",
        "icon_scale": 0.3366,
        "base_shift": 0.0876,
        "priority": 774
      },
      "geometry": {
        "type": "Point",
        "coordinates": [
          41.54819,
          43.351186
        ]
      }
    },
    {
      "type": "Feature",
      "properties": {
        "id": "rock-0431",
        "type": "rock",
        "longitude": 41.913271,
        "latitude": 43.26187,
        "elevation_m": 3209,
        "name": "",
        "point_id": "rock-0431",
        "icon_id": "mount-15",
        "icon_scale": 0.3007,
        "base_shift": -0.0857,
        "priority": 760
      },
      "geometry": {
        "type": "Point",
        "coordinates": [
          41.913271,
          43.26187
        ]
      }
    },
    {
      "type": "Feature",
      "properties": {
        "id": "rock-0445",
        "type": "rock",
        "longitude": 42.579435,
        "latitude": 43.407456,
        "elevation_m": 3293,
        "name": "",
        "point_id": "rock-0445",
        "icon_id": "mount-5",
        "icon_scale": 0.3444,
        "base_shift": 0.081,
        "priority": 771
      },
      "geometry": {
        "type": "Point",
        "coordinates": [
          42.579435,
          43.407456
        ]
      }
    },
    {
      "type": "Feature",
      "properties": {
        "id": "rock-0447",
        "type": "rock",
        "longitude": 42.622619,
        "latitude": 43.401353,
        "elevation_m": 3349,
        "name": "",
        "point_id": "rock-0447",
        "icon_id": "mount-21",
        "icon_scale": 0.3387,
        "base_shift": 0.0754,
        "priority": 778
      },
      "geometry": {
        "type": "Point",
        "coordinates": [
          42.622619,
          43.401353
        ]
      }
    },
    {
      "type": "Feature",
      "properties": {
        "id": "rock-0449",
        "type": "rock",
        "longitude": 42.806726,
        "latitude": 43.389066,
        "elevation_m": 3368,
        "name": "",
        "point_id": "rock-0449",
        "icon_id": "mount-19",
        "icon_scale": 0.3303,
        "base_shift": -0.0785,
        "priority": 780
      },
      "geometry": {
        "type": "Point",
        "coordinates": [
          42.806726,
          43.389066
        ]
      }
    },
    {
      "type": "Feature",
      "properties": {
        "id": "rock-0451",
        "type": "rock",
        "longitude": 42.684642,
        "latitude": 43.443549,
        "elevation_m": 3432,
        "name": "",
        "point_id": "rock-0451",
        "icon_id": "mount-25",
        "icon_scale": 0.3643,
        "base_shift": 0.0694,
        "priority": 788
      },
      "geometry": {
        "type": "Point",
        "coordinates": [
          42.684642,
          43.443549
        ]
      }
    },
    {
      "type": "Feature",
      "properties": {
        "id": "rock-0453",
        "type": "rock",
        "longitude": 42.787424,
        "latitude": 43.365422,
        "elevation_m": 3433,
        "name": "",
        "point_id": "rock-0453",
        "icon_id": "mount-15",
        "icon_scale": 0.3347,
        "base_shift": -0.0815,
        "priority": 789
      },
      "geometry": {
        "type": "Point",
        "coordinates": [
          42.787424,
          43.365422
        ]
      }
    },
    {
      "type": "Feature",
      "properties": {
        "id": "rock-0456",
        "type": "rock",
        "longitude": 42.814204,
        "latitude": 43.393393,
        "elevation_m": 3532,
        "name": "",
        "point_id": "rock-0456",
        "icon_id": "mount-5",
        "icon_scale": 0.3515,
        "base_shift": -0.0787,
        "priority": 801
      },
      "geometry": {
        "type": "Point",
        "coordinates": [
          42.814204,
          43.393393
        ]
      }
    },
    {
      "type": "Feature",
      "properties": {
        "id": "rock-0457",
        "type": "rock",
        "longitude": 42.769775,
        "latitude": 43.388567,
        "elevation_m": 3535,
        "name": "",
        "point_id": "rock-0457",
        "icon_id": "mount-21",
        "icon_scale": 0.3215,
        "base_shift": -0.076,
        "priority": 801
      },
      "geometry": {
        "type": "Point",
        "coordinates": [
          42.769775,
          43.388567
        ]
      }
    },
    {
      "type": "Feature",
      "properties": {
        "id": "rock-0459",
        "type": "rock",
        "longitude": 42.53962,
        "latitude": 43.154354,
        "elevation_m": 3473,
        "name": "",
        "point_id": "rock-0459",
        "icon_id": "mount-19",
        "icon_scale": 0.3474,
        "base_shift": 0.0703,
        "priority": 794
      },
      "geometry": {
        "type": "Point",
        "coordinates": [
          42.53962,
          43.154354
        ]
      }
    },
    {
      "type": "Feature",
      "properties": {
        "id": "rock-0462",
        "type": "rock",
        "longitude": 42.476374,
        "latitude": 43.165365,
        "elevation_m": 3769,
        "name": "",
        "point_id": "rock-0462",
        "icon_id": "mount-25",
        "icon_scale": 0.3787,
        "base_shift": 0.0706,
        "priority": 831
      },
      "geometry": {
        "type": "Point",
        "coordinates": [
          42.476374,
          43.165365
        ]
      }
    },
    {
      "type": "Feature",
      "properties": {
        "id": "rock-0464",
        "type": "rock",
        "longitude": 42.402774,
        "latitude": 43.193921,
        "elevation_m": 3216,
        "name": "",
        "point_id": "rock-0464",
        "icon_id": "mount-15",
        "icon_scale": 0.3672,
        "base_shift": 0.0719,
        "priority": 761
      },
      "geometry": {
        "type": "Point",
        "coordinates": [
          42.402774,
          43.193921
        ]
      }
    },
    {
      "type": "Feature",
      "properties": {
        "id": "rock-0477",
        "type": "rock",
        "longitude": 43.00876,
        "latitude": 43.268495,
        "elevation_m": 3710,
        "name": "",
        "point_id": "rock-0477",
        "icon_id": "mount-5",
        "icon_scale": 0.364,
        "base_shift": -0.0773,
        "priority": 823
      },
      "geometry": {
        "type": "Point",
        "coordinates": [
          43.00876,
          43.268495
        ]
      }
    },
    {
      "type": "Feature",
      "properties": {
        "id": "rock-0480",
        "type": "rock",
        "longitude": 43.034542,
        "latitude": 43.292458,
        "elevation_m": 3604,
        "name": "",
        "point_id": "rock-0480",
        "icon_id": "mount-21",
        "icon_scale": 0.3668,
        "base_shift": -0.0722,
        "priority": 810
      },
      "geometry": {
        "type": "Point",
        "coordinates": [
          43.034542,
          43.292458
        ]
      }
    },
    {
      "type": "Feature",
      "properties": {
        "id": "rock-0485",
        "type": "rock",
        "longitude": 42.905045,
        "latitude": 43.310667,
        "elevation_m": 3795,
        "name": "",
        "point_id": "rock-0485",
        "icon_id": "mount-19",
        "icon_scale": 0.3699,
        "base_shift": 0.0787,
        "priority": 834
      },
      "geometry": {
        "type": "Point",
        "coordinates": [
          42.905045,
          43.310667
        ]
      }
    },
    {
      "type": "Feature",
      "properties": {
        "id": "rock-0488",
        "type": "rock",
        "longitude": 42.956747,
        "latitude": 43.260894,
        "elevation_m": 3772,
        "name": "",
        "point_id": "rock-0488",
        "icon_id": "mount-25",
        "icon_scale": 0.3683,
        "base_shift": -0.0773,
        "priority": 831
      },
      "geometry": {
        "type": "Point",
        "coordinates": [
          42.956747,
          43.260894
        ]
      }
    },
    {
      "type": "Feature",
      "properties": {
        "id": "rock-0490",
        "type": "rock",
        "longitude": 42.970362,
        "latitude": 43.30275,
        "elevation_m": 3693,
        "name": "",
        "point_id": "rock-0490",
        "icon_id": "mount-15",
        "icon_scale": 0.3524,
        "base_shift": 0.0722,
        "priority": 821
      },
      "geometry": {
        "type": "Point",
        "coordinates": [
          42.970362,
          43.30275
        ]
      }
    },
    {
      "type": "Feature",
      "properties": {
        "id": "rock-0491",
        "type": "rock",
        "longitude": 42.940718,
        "latitude": 43.319371,
        "elevation_m": 3535,
        "name": "",
        "point_id": "rock-0491",
        "icon_id": "mount-5",
        "icon_scale": 0.3518,
        "base_shift": 0.0776,
        "priority": 801
      },
      "geometry": {
        "type": "Point",
        "coordinates": [
          42.940718,
          43.319371
        ]
      }
    },
    {
      "type": "Feature",
      "properties": {
        "id": "rock-0492",
        "type": "rock",
        "longitude": 42.683923,
        "latitude": 43.185293,
        "elevation_m": 3584,
        "name": "",
        "point_id": "rock-0492",
        "icon_id": "mount-21",
        "icon_scale": 0.3755,
        "base_shift": 0.0748,
        "priority": 808
      },
      "geometry": {
        "type": "Point",
        "coordinates": [
          42.683923,
          43.185293
        ]
      }
    },
    {
      "type": "Feature",
      "properties": {
        "id": "rock-0495",
        "type": "rock",
        "longitude": 42.670244,
        "latitude": 43.202697,
        "elevation_m": 3351,
        "name": "",
        "point_id": "rock-0495",
        "icon_id": "mount-19",
        "icon_scale": 0.3486,
        "base_shift": 0.0791,
        "priority": 778
      },
      "geometry": {
        "type": "Point",
        "coordinates": [
          42.670244,
          43.202697
        ]
      }
    },
    {
      "type": "Feature",
      "properties": {
        "id": "rock-0497",
        "type": "rock",
        "longitude": 42.932993,
        "latitude": 43.159731,
        "elevation_m": 3970,
        "name": "",
        "point_id": "rock-0497",
        "icon_id": "mount-25",
        "icon_scale": 0.3931,
        "base_shift": 0.0778,
        "priority": 856
      },
      "geometry": {
        "type": "Point",
        "coordinates": [
          42.932993,
          43.159731
        ]
      }
    },
    {
      "type": "Feature",
      "properties": {
        "id": "rock-0499",
        "type": "rock",
        "longitude": 42.483165,
        "latitude": 43.205254,
        "elevation_m": 3630,
        "name": "",
        "point_id": "rock-0499",
        "icon_id": "mount-15",
        "icon_scale": 0.3379,
        "base_shift": 0.0792,
        "priority": 813
      },
      "geometry": {
        "type": "Point",
        "coordinates": [
          42.483165,
          43.205254
        ]
      }
    },
    {
      "type": "Feature",
      "properties": {
        "id": "rock-0500",
        "type": "rock",
        "longitude": 43.073959,
        "latitude": 43.293606,
        "elevation_m": 3339,
        "name": "",
        "point_id": "rock-0500",
        "icon_id": "mount-5",
        "icon_scale": 0.3284,
        "base_shift": -0.0776,
        "priority": 777
      },
      "geometry": {
        "type": "Point",
        "coordinates": [
          43.073959,
          43.293606
        ]
      }
    },
    {
      "type": "Feature",
      "properties": {
        "id": "rock-0501",
        "type": "rock",
        "longitude": 42.512873,
        "latitude": 43.163996,
        "elevation_m": 3916,
        "name": "",
        "point_id": "rock-0501",
        "icon_id": "mount-21",
        "icon_scale": 0.3784,
        "base_shift": 0.0718,
        "priority": 849
      },
      "geometry": {
        "type": "Point",
        "coordinates": [
          42.512873,
          43.163996
        ]
      }
    },
    {
      "type": "Feature",
      "properties": {
        "id": "rock-0503",
        "type": "rock",
        "longitude": 41.280409,
        "latitude": 43.416466,
        "elevation_m": 3387,
        "name": "",
        "point_id": "rock-0503",
        "icon_id": "mount-19",
        "icon_scale": 0.361,
        "base_shift": -0.0798,
        "priority": 783
      },
      "geometry": {
        "type": "Point",
        "coordinates": [
          41.280409,
          43.416466
        ]
      }
    },
    {
      "type": "Feature",
      "properties": {
        "id": "rock-0504",
        "type": "rock",
        "longitude": 41.32282,
        "latitude": 43.361631,
        "elevation_m": 3255,
        "name": "",
        "point_id": "rock-0504",
        "icon_id": "mount-25",
        "icon_scale": 0.3322,
        "base_shift": 0.0753,
        "priority": 766
      },
      "geometry": {
        "type": "Point",
        "coordinates": [
          41.32282,
          43.361631
        ]
      }
    },
    {
      "type": "Feature",
      "properties": {
        "id": "rock-0506",
        "type": "rock",
        "longitude": 41.436621,
        "latitude": 43.327347,
        "elevation_m": 3255,
        "name": "",
        "point_id": "rock-0506",
        "icon_id": "mount-15",
        "icon_scale": 0.3036,
        "base_shift": 0.0871,
        "priority": 766
      },
      "geometry": {
        "type": "Point",
        "coordinates": [
          41.436621,
          43.327347
        ]
      }
    },
    {
      "type": "Feature",
      "properties": {
        "id": "rock-0507",
        "type": "rock",
        "longitude": 41.432662,
        "latitude": 43.358067,
        "elevation_m": 3224,
        "name": "",
        "point_id": "rock-0507",
        "icon_id": "mount-5",
        "icon_scale": 0.3016,
        "base_shift": -0.0835,
        "priority": 762
      },
      "geometry": {
        "type": "Point",
        "coordinates": [
          41.432662,
          43.358067
        ]
      }
    },
    {
      "type": "Feature",
      "properties": {
        "id": "rock-0510",
        "type": "rock",
        "longitude": 41.409327,
        "latitude": 43.338757,
        "elevation_m": 3619,
        "name": "",
        "point_id": "rock-0510",
        "icon_id": "mount-21",
        "icon_scale": 0.3371,
        "base_shift": 0.0832,
        "priority": 812
      },
      "geometry": {
        "type": "Point",
        "coordinates": [
          41.409327,
          43.338757
        ]
      }
    },
    {
      "type": "Feature",
      "properties": {
        "id": "rock-0514",
        "type": "rock",
        "longitude": 43.297795,
        "latitude": 43.100552,
        "elevation_m": 3652,
        "name": "",
        "point_id": "rock-0514",
        "icon_id": "mount-19",
        "icon_scale": 0.3393,
        "base_shift": -0.0773,
        "priority": 816
      },
      "geometry": {
        "type": "Point",
        "coordinates": [
          43.297795,
          43.100552
        ]
      }
    },
    {
      "type": "Feature",
      "properties": {
        "id": "rock-0515",
        "type": "rock",
        "longitude": 43.384656,
        "latitude": 43.10508,
        "elevation_m": 3221,
        "name": "",
        "point_id": "rock-0515",
        "icon_id": "mount-25",
        "icon_scale": 0.3581,
        "base_shift": -0.0841,
        "priority": 762
      },
      "geometry": {
        "type": "Point",
        "coordinates": [
          43.384656,
          43.10508
        ]
      }
    },
    {
      "type": "Feature",
      "properties": {
        "id": "rock-0518",
        "type": "rock",
        "longitude": 41.813879,
        "latitude": 43.172016,
        "elevation_m": 3473,
        "name": "",
        "point_id": "rock-0518",
        "icon_id": "mount-15",
        "icon_scale": 0.3773,
        "base_shift": -0.0576,
        "priority": 794
      },
      "geometry": {
        "type": "Point",
        "coordinates": [
          41.813879,
          43.172016
        ]
      }
    },
    {
      "type": "Feature",
      "properties": {
        "id": "rock-0522",
        "type": "rock",
        "longitude": 41.804931,
        "latitude": 43.400238,
        "elevation_m": 3339,
        "name": "",
        "point_id": "rock-0522",
        "icon_id": "mount-5",
        "icon_scale": 0.3284,
        "base_shift": -0.0746,
        "priority": 777
      },
      "geometry": {
        "type": "Point",
        "coordinates": [
          41.804931,
          43.400238
        ]
      }
    },
    {
      "type": "Feature",
      "properties": {
        "id": "rock-0523",
        "type": "rock",
        "longitude": 41.838394,
        "latitude": 43.355913,
        "elevation_m": 3662,
        "name": "",
        "point_id": "rock-0523",
        "icon_id": "mount-21",
        "icon_scale": 0.3296,
        "base_shift": -0.0619,
        "priority": 817
      },
      "geometry": {
        "type": "Point",
        "coordinates": [
          41.838394,
          43.355913
        ]
      }
    },
    {
      "type": "Feature",
      "properties": {
        "id": "rock-0529",
        "type": "rock",
        "longitude": 41.923839,
        "latitude": 43.352598,
        "elevation_m": 3274,
        "name": "",
        "point_id": "rock-0529",
        "icon_id": "mount-19",
        "icon_scale": 0.3144,
        "base_shift": -0.0746,
        "priority": 768
      },
      "geometry": {
        "type": "Point",
        "coordinates": [
          41.923839,
          43.352598
        ]
      }
    },
    {
      "type": "Feature",
      "properties": {
        "id": "rock-0531",
        "type": "rock",
        "longitude": 41.894935,
        "latitude": 43.332483,
        "elevation_m": 3277,
        "name": "",
        "point_id": "rock-0531",
        "icon_id": "mount-25",
        "icon_scale": 0.3146,
        "base_shift": -0.0723,
        "priority": 769
      },
      "geometry": {
        "type": "Point",
        "coordinates": [
          41.894935,
          43.332483
        ]
      }
    },
    {
      "type": "Feature",
      "properties": {
        "id": "rock-0532",
        "type": "rock",
        "longitude": 41.89221,
        "latitude": 43.442848,
        "elevation_m": 3502,
        "name": "",
        "point_id": "rock-0532",
        "icon_id": "mount-15",
        "icon_scale": 0.3494,
        "base_shift": 0.0754,
        "priority": 797
      },
      "geometry": {
        "type": "Point",
        "coordinates": [
          41.89221,
          43.442848
        ]
      }
    },
    {
      "type": "Feature",
      "properties": {
        "id": "rock-0534",
        "type": "rock",
        "longitude": 41.871257,
        "latitude": 43.365875,
        "elevation_m": 3453,
        "name": "",
        "point_id": "rock-0534",
        "icon_id": "mount-5",
        "icon_scale": 0.346,
        "base_shift": -0.0635,
        "priority": 791
      },
      "geometry": {
        "type": "Point",
        "coordinates": [
          41.871257,
          43.365875
        ]
      }
    },
    {
      "type": "Feature",
      "properties": {
        "id": "rock-0537",
        "type": "rock",
        "longitude": 43.375965,
        "latitude": 42.924102,
        "elevation_m": 3409,
        "name": "",
        "point_id": "rock-0537",
        "icon_id": "mount-21",
        "icon_scale": 0.3429,
        "base_shift": -0.0818,
        "priority": 785
      },
      "geometry": {
        "type": "Point",
        "coordinates": [
          43.375965,
          42.924102
        ]
      }
    },
    {
      "type": "Feature",
      "properties": {
        "id": "rock-0538",
        "type": "rock",
        "longitude": 43.362232,
        "latitude": 42.930089,
        "elevation_m": 3304,
        "name": "",
        "point_id": "rock-0538",
        "icon_id": "mount-19",
        "icon_scale": 0.326,
        "base_shift": -0.0822,
        "priority": 772
      },
      "geometry": {
        "type": "Point",
        "coordinates": [
          43.362232,
          42.930089
        ]
      }
    },
    {
      "type": "Feature",
      "properties": {
        "id": "rock-0542",
        "type": "rock",
        "longitude": 42.061039,
        "latitude": 43.220103,
        "elevation_m": 3509,
        "name": "",
        "point_id": "rock-0542",
        "icon_id": "mount-25",
        "icon_scale": 0.3399,
        "base_shift": 0.0736,
        "priority": 798
      },
      "geometry": {
        "type": "Point",
        "coordinates": [
          42.061039,
          43.220103
        ]
      }
    },
    {
      "type": "Feature",
      "properties": {
        "id": "rock-0548",
        "type": "rock",
        "longitude": 42.903864,
        "latitude": 43.085901,
        "elevation_m": 3220,
        "name": "",
        "point_id": "rock-0548",
        "icon_id": "mount-15",
        "icon_scale": 0.3581,
        "base_shift": 0.0661,
        "priority": 762
      },
      "geometry": {
        "type": "Point",
        "coordinates": [
          42.903864,
          43.085901
        ]
      }
    },
    {
      "type": "Feature",
      "properties": {
        "id": "rock-0553",
        "type": "rock",
        "longitude": 42.956597,
        "latitude": 43.047918,
        "elevation_m": 3699,
        "name": "",
        "point_id": "rock-0553",
        "icon_id": "mount-5",
        "icon_scale": 0.4048,
        "base_shift": 0.0582,
        "priority": 822
      },
      "geometry": {
        "type": "Point",
        "coordinates": [
          42.956597,
          43.047918
        ]
      }
    },
    {
      "type": "Feature",
      "properties": {
        "id": "rock-0556",
        "type": "rock",
        "longitude": 43.207641,
        "latitude": 42.923238,
        "elevation_m": 3380,
        "name": "",
        "point_id": "rock-0556",
        "icon_id": "mount-21",
        "icon_scale": 0.3409,
        "base_shift": 0.0622,
        "priority": 782
      },
      "geometry": {
        "type": "Point",
        "coordinates": [
          43.207641,
          42.923238
        ]
      }
    },
    {
      "type": "Feature",
      "properties": {
        "id": "rock-0560",
        "type": "rock",
        "longitude": 43.360752,
        "latitude": 42.883339,
        "elevation_m": 3284,
        "name": "",
        "point_id": "rock-0560",
        "icon_id": "mount-19",
        "icon_scale": 0.3533,
        "base_shift": -0.064,
        "priority": 770
      },
      "geometry": {
        "type": "Point",
        "coordinates": [
          43.360752,
          42.883339
        ]
      }
    },
    {
      "type": "Feature",
      "properties": {
        "id": "rock-0571",
        "type": "rock",
        "longitude": 41.472294,
        "latitude": 43.298549,
        "elevation_m": 3420,
        "name": "",
        "point_id": "rock-0571",
        "icon_id": "mount-25",
        "icon_scale": 0.3634,
        "base_shift": 0.0792,
        "priority": 787
      },
      "geometry": {
        "type": "Point",
        "coordinates": [
          41.472294,
          43.298549
        ]
      }
    },
    {
      "type": "Feature",
      "properties": {
        "id": "rock-0574",
        "type": "rock",
        "longitude": 41.511358,
        "latitude": 43.276229,
        "elevation_m": 3729,
        "name": "",
        "point_id": "rock-0574",
        "icon_id": "mount-15",
        "icon_scale": 0.3758,
        "base_shift": 0.0761,
        "priority": 826
      },
      "geometry": {
        "type": "Point",
        "coordinates": [
          41.511358,
          43.276229
        ]
      }
    },
    {
      "type": "Feature",
      "properties": {
        "id": "rock-0577",
        "type": "rock",
        "longitude": 41.550636,
        "latitude": 43.261472,
        "elevation_m": 3472,
        "name": "",
        "point_id": "rock-0577",
        "icon_id": "mount-5",
        "icon_scale": 0.3573,
        "base_shift": 0.0757,
        "priority": 793
      },
      "geometry": {
        "type": "Point",
        "coordinates": [
          41.550636,
          43.261472
        ]
      }
    },
    {
      "type": "Feature",
      "properties": {
        "id": "rock-0581",
        "type": "rock",
        "longitude": 41.670123,
        "latitude": 43.230024,
        "elevation_m": 3232,
        "name": "",
        "point_id": "rock-0581",
        "icon_id": "mount-21",
        "icon_scale": 0.3306,
        "base_shift": -0.0746,
        "priority": 763
      },
      "geometry": {
        "type": "Point",
        "coordinates": [
          41.670123,
          43.230024
        ]
      }
    },
    {
      "type": "Feature",
      "properties": {
        "id": "rock-0589",
        "type": "rock",
        "longitude": 42.02439,
        "latitude": 43.210533,
        "elevation_m": 3486,
        "name": "",
        "point_id": "rock-0589",
        "icon_id": "mount-19",
        "icon_scale": 0.3284,
        "base_shift": 0.0792,
        "priority": 795
      },
      "geometry": {
        "type": "Point",
        "coordinates": [
          42.02439,
          43.210533
        ]
      }
    },
    {
      "type": "Feature",
      "properties": {
        "id": "rock-0594",
        "type": "rock",
        "longitude": 42.080694,
        "latitude": 43.204691,
        "elevation_m": 3876,
        "name": "",
        "point_id": "rock-0594",
        "icon_id": "mount-25",
        "icon_scale": 0.3864,
        "base_shift": 0.068,
        "priority": 844
      },
      "geometry": {
        "type": "Point",
        "coordinates": [
          42.080694,
          43.204691
        ]
      }
    },
    {
      "type": "Feature",
      "properties": {
        "id": "rock-0605",
        "type": "rock",
        "longitude": 42.341062,
        "latitude": 43.220431,
        "elevation_m": 3238,
        "name": "",
        "point_id": "rock-0605",
        "icon_id": "mount-15",
        "icon_scale": 0.3594,
        "base_shift": -0.0736,
        "priority": 764
      },
      "geometry": {
        "type": "Point",
        "coordinates": [
          42.341062,
          43.220431
        ]
      }
    },
    {
      "type": "Feature",
      "properties": {
        "id": "rock-0610",
        "type": "rock",
        "longitude": 42.380426,
        "latitude": 43.244327,
        "elevation_m": 3356,
        "name": "",
        "point_id": "rock-0610",
        "icon_id": "mount-5",
        "icon_scale": 0.349,
        "base_shift": 0.0782,
        "priority": 779
      },
      "geometry": {
        "type": "Point",
        "coordinates": [
          42.380426,
          43.244327
        ]
      }
    },
    {
      "type": "Feature",
      "properties": {
        "id": "rock-0615",
        "type": "rock",
        "longitude": 42.571034,
        "latitude": 43.174544,
        "elevation_m": 3411,
        "name": "",
        "point_id": "rock-0615",
        "icon_id": "mount-21",
        "icon_scale": 0.3333,
        "base_shift": 0.0746,
        "priority": 786
      },
      "geometry": {
        "type": "Point",
        "coordinates": [
          42.571034,
          43.174544
        ]
      }
    },
    {
      "type": "Feature",
      "properties": {
        "id": "rock-0618",
        "type": "rock",
        "longitude": 42.65134,
        "latitude": 43.145407,
        "elevation_m": 3806,
        "name": "",
        "point_id": "rock-0618",
        "icon_id": "mount-19",
        "icon_scale": 0.4026,
        "base_shift": 0.0678,
        "priority": 836
      },
      "geometry": {
        "type": "Point",
        "coordinates": [
          42.65134,
          43.145407
        ]
      }
    },
    {
      "type": "Feature",
      "properties": {
        "id": "rock-0621",
        "type": "rock",
        "longitude": 43.014854,
        "latitude": 43.104171,
        "elevation_m": 3881,
        "name": "",
        "point_id": "rock-0621",
        "icon_id": "mount-25",
        "icon_scale": 0.3975,
        "base_shift": 0.0673,
        "priority": 845
      },
      "geometry": {
        "type": "Point",
        "coordinates": [
          43.014854,
          43.104171
        ]
      }
    },
    {
      "type": "Feature",
      "properties": {
        "id": "rock-0626",
        "type": "rock",
        "longitude": 43.27329,
        "latitude": 42.922413,
        "elevation_m": 3451,
        "name": "",
        "point_id": "rock-0626",
        "icon_id": "mount-15",
        "icon_scale": 0.3261,
        "base_shift": -0.0662,
        "priority": 791
      },
      "geometry": {
        "type": "Point",
        "coordinates": [
          43.27329,
          42.922413
        ]
      }
    },
    {
      "type": "Feature",
      "properties": {
        "id": "rock-0628",
        "type": "rock",
        "longitude": 43.317547,
        "latitude": 42.914816,
        "elevation_m": 3680,
        "name": "",
        "point_id": "rock-0628",
        "icon_id": "mount-5",
        "icon_scale": 0.3412,
        "base_shift": -0.072,
        "priority": 820
      },
      "geometry": {
        "type": "Point",
        "coordinates": [
          43.317547,
          42.914816
        ]
      }
    },
    {
      "type": "Feature",
      "properties": {
        "id": "rock-0631",
        "type": "rock",
        "longitude": 43.287592,
        "latitude": 42.959987,
        "elevation_m": 3404,
        "name": "",
        "point_id": "rock-0631",
        "icon_id": "mount-21",
        "icon_scale": 0.323,
        "base_shift": 0.0813,
        "priority": 785
      },
      "geometry": {
        "type": "Point",
        "coordinates": [
          43.287592,
          42.959987
        ]
      }
    },
    {
      "type": "Feature",
      "properties": {
        "id": "rock-0633",
        "type": "rock",
        "longitude": 43.261017,
        "latitude": 43.045417,
        "elevation_m": 3913,
        "name": "",
        "point_id": "rock-0633",
        "icon_id": "mount-19",
        "icon_scale": 0.3457,
        "base_shift": -0.0734,
        "priority": 849
      },
      "geometry": {
        "type": "Point",
        "coordinates": [
          43.261017,
          43.045417
        ]
      }
    },
    {
      "type": "Feature",
      "properties": {
        "id": "rock-0634",
        "type": "rock",
        "longitude": 43.306367,
        "latitude": 43.051823,
        "elevation_m": 3332,
        "name": "",
        "point_id": "rock-0634",
        "icon_id": "mount-25",
        "icon_scale": 0.3376,
        "base_shift": -0.0851,
        "priority": 776
      },
      "geometry": {
        "type": "Point",
        "coordinates": [
          43.306367,
          43.051823
        ]
      }
    },
    {
      "type": "Feature",
      "properties": {
        "id": "rock-0637",
        "type": "rock",
        "longitude": 43.294469,
        "latitude": 43.083825,
        "elevation_m": 3663,
        "name": "",
        "point_id": "rock-0637",
        "icon_id": "mount-15",
        "icon_scale": 0.3504,
        "base_shift": -0.0794,
        "priority": 818
      },
      "geometry": {
        "type": "Point",
        "coordinates": [
          43.294469,
          43.083825
        ]
      }
    },
    {
      "type": "Feature",
      "properties": {
        "id": "rock-0638",
        "type": "rock",
        "longitude": 43.316324,
        "latitude": 43.086653,
        "elevation_m": 3685,
        "name": "",
        "point_id": "rock-0638",
        "icon_id": "mount-5",
        "icon_scale": 0.3519,
        "base_shift": -0.0814,
        "priority": 820
      },
      "geometry": {
        "type": "Point",
        "coordinates": [
          43.316324,
          43.086653
        ]
      }
    },
    {
      "type": "Feature",
      "properties": {
        "id": "rock-0639",
        "type": "rock",
        "longitude": 43.347909,
        "latitude": 43.090806,
        "elevation_m": 3407,
        "name": "",
        "point_id": "rock-0639",
        "icon_id": "mount-21",
        "icon_scale": 0.333,
        "base_shift": -0.0836,
        "priority": 785
      },
      "geometry": {
        "type": "Point",
        "coordinates": [
          43.347909,
          43.090806
        ]
      }
    },
    {
      "type": "Feature",
      "properties": {
        "id": "rock-0641",
        "type": "rock",
        "longitude": 43.364239,
        "latitude": 43.113288,
        "elevation_m": 3462,
        "name": "",
        "point_id": "rock-0641",
        "icon_id": "mount-19",
        "icon_scale": 0.3367,
        "base_shift": -0.0808,
        "priority": 792
      },
      "geometry": {
        "type": "Point",
        "coordinates": [
          43.364239,
          43.113288
        ]
      }
    },
    {
      "type": "Feature",
      "properties": {
        "id": "rock-0643",
        "type": "rock",
        "longitude": 42.488143,
        "latitude": 43.185231,
        "elevation_m": 3654,
        "name": "",
        "point_id": "rock-0643",
        "icon_id": "mount-25",
        "icon_scale": 0.3601,
        "base_shift": 0.0752,
        "priority": 816
      },
      "geometry": {
        "type": "Point",
        "coordinates": [
          42.488143,
          43.185231
        ]
      }
    },
    {
      "type": "Feature",
      "properties": {
        "id": "rock-0647",
        "type": "rock",
        "longitude": 43.427238,
        "latitude": 42.944973,
        "elevation_m": 3660,
        "name": "",
        "point_id": "rock-0647",
        "icon_id": "mount-15",
        "icon_scale": 0.3605,
        "base_shift": 0.0787,
        "priority": 817
      },
      "geometry": {
        "type": "Point",
        "coordinates": [
          43.427238,
          42.944973
        ]
      }
    },
    {
      "type": "Feature",
      "properties": {
        "id": "rock-0648",
        "type": "rock",
        "longitude": 43.253839,
        "latitude": 42.952528,
        "elevation_m": 3686,
        "name": "",
        "point_id": "rock-0648",
        "icon_id": "mount-5",
        "icon_scale": 0.3312,
        "base_shift": 0.0777,
        "priority": 820
      },
      "geometry": {
        "type": "Point",
        "coordinates": [
          43.253839,
          42.952528
        ]
      }
    },
    {
      "type": "Feature",
      "properties": {
        "id": "rock-0654",
        "type": "rock",
        "longitude": 43.421692,
        "latitude": 42.964989,
        "elevation_m": 3802,
        "name": "",
        "point_id": "rock-0654",
        "icon_id": "mount-21",
        "icon_scale": 0.3492,
        "base_shift": 0.0759,
        "priority": 835
      },
      "geometry": {
        "type": "Point",
        "coordinates": [
          43.421692,
          42.964989
        ]
      }
    },
    {
      "type": "Feature",
      "properties": {
        "id": "rock-0660",
        "type": "rock",
        "longitude": 43.458921,
        "latitude": 42.985264,
        "elevation_m": 3915,
        "name": "",
        "point_id": "rock-0660",
        "icon_id": "mount-19",
        "icon_scale": 0.3783,
        "base_shift": -0.0777,
        "priority": 849
      },
      "geometry": {
        "type": "Point",
        "coordinates": [
          43.458921,
          42.985264
        ]
      }
    },
    {
      "type": "Feature",
      "properties": {
        "id": "rock-0667",
        "type": "rock",
        "longitude": 42.978301,
        "latitude": 43.236949,
        "elevation_m": 3345,
        "name": "",
        "point_id": "rock-0667",
        "icon_id": "mount-25",
        "icon_scale": 0.3288,
        "base_shift": -0.0766,
        "priority": 777
      },
      "geometry": {
        "type": "Point",
        "coordinates": [
          42.978301,
          43.236949
        ]
      }
    },
    {
      "type": "Feature",
      "properties": {
        "id": "rock-0670",
        "type": "rock",
        "longitude": 43.161753,
        "latitude": 42.98973,
        "elevation_m": 3582,
        "name": "",
        "point_id": "rock-0670",
        "icon_id": "mount-15",
        "icon_scale": 0.3347,
        "base_shift": 0.0644,
        "priority": 807
      },
      "geometry": {
        "type": "Point",
        "coordinates": [
          43.161753,
          42.98973
        ]
      }
    },
    {
      "type": "Feature",
      "properties": {
        "id": "rock-0674",
        "type": "rock",
        "longitude": 43.217543,
        "latitude": 42.962649,
        "elevation_m": 3309,
        "name": "",
        "point_id": "rock-0674",
        "icon_id": "mount-5",
        "icon_scale": 0.3071,
        "base_shift": 0.0778,
        "priority": 773
      },
      "geometry": {
        "type": "Point",
        "coordinates": [
          43.217543,
          42.962649
        ]
      }
    },
    {
      "type": "Feature",
      "properties": {
        "id": "rock-0677",
        "type": "rock",
        "longitude": 43.349959,
        "latitude": 43.170209,
        "elevation_m": 3354,
        "name": "",
        "point_id": "rock-0677",
        "icon_id": "mount-21",
        "icon_scale": 0.3585,
        "base_shift": 0.0767,
        "priority": 779
      },
      "geometry": {
        "type": "Point",
        "coordinates": [
          43.349959,
          43.170209
        ]
      }
    },
    {
      "type": "Feature",
      "properties": {
        "id": "rock-0678",
        "type": "rock",
        "longitude": 43.345807,
        "latitude": 43.1638,
        "elevation_m": 3405,
        "name": "",
        "point_id": "rock-0678",
        "icon_id": "mount-19",
        "icon_scale": 0.3427,
        "base_shift": 0.0761,
        "priority": 785
      },
      "geometry": {
        "type": "Point",
        "coordinates": [
          43.345807,
          43.1638
        ]
      }
    },
    {
      "type": "Feature",
      "properties": {
        "id": "rock-0680",
        "type": "rock",
        "longitude": 43.249258,
        "latitude": 43.115873,
        "elevation_m": 3581,
        "name": "",
        "point_id": "rock-0680",
        "icon_id": "mount-25",
        "icon_scale": 0.3448,
        "base_shift": 0.0794,
        "priority": 807
      },
      "geometry": {
        "type": "Point",
        "coordinates": [
          43.249258,
          43.115873
        ]
      }
    },
    {
      "type": "Feature",
      "properties": {
        "id": "rock-0688",
        "type": "rock",
        "longitude": 41.886663,
        "latitude": 43.29217,
        "elevation_m": 3644,
        "name": "",
        "point_id": "rock-0688",
        "icon_id": "mount-15",
        "icon_scale": 0.3285,
        "base_shift": -0.0774,
        "priority": 815
      },
      "geometry": {
        "type": "Point",
        "coordinates": [
          41.886663,
          43.29217
        ]
      }
    },
    {
      "type": "Feature",
      "properties": {
        "id": "rock-0691",
        "type": "rock",
        "longitude": 41.802185,
        "latitude": 43.196565,
        "elevation_m": 3329,
        "name": "",
        "point_id": "rock-0691",
        "icon_id": "mount-5",
        "icon_scale": 0.3567,
        "base_shift": -0.0599,
        "priority": 775
      },
      "geometry": {
        "type": "Point",
        "coordinates": [
          41.802185,
          43.196565
        ]
      }
    },
    {
      "type": "Feature",
      "properties": {
        "id": "rock-0716",
        "type": "rock",
        "longitude": 42.245071,
        "latitude": 43.3555,
        "elevation_m": 3245,
        "name": "",
        "point_id": "rock-0716",
        "icon_id": "mount-21",
        "icon_scale": 0.3125,
        "base_shift": 0.0847,
        "priority": 765
      },
      "geometry": {
        "type": "Point",
        "coordinates": [
          42.245071,
          43.3555
        ]
      }
    },
    {
      "type": "Feature",
      "properties": {
        "id": "rock-0724",
        "type": "rock",
        "longitude": 42.297535,
        "latitude": 43.369166,
        "elevation_m": 3444,
        "name": "",
        "point_id": "rock-0724",
        "icon_id": "mount-19",
        "icon_scale": 0.3256,
        "base_shift": 0.0793,
        "priority": 790
      },
      "geometry": {
        "type": "Point",
        "coordinates": [
          42.297535,
          43.369166
        ]
      }
    },
    {
      "type": "Feature",
      "properties": {
        "id": "rock-0726",
        "type": "rock",
        "longitude": 42.378194,
        "latitude": 43.415289,
        "elevation_m": 3523,
        "name": "",
        "point_id": "rock-0726",
        "icon_id": "mount-25",
        "icon_scale": 0.3308,
        "base_shift": 0.0701,
        "priority": 800
      },
      "geometry": {
        "type": "Point",
        "coordinates": [
          42.378194,
          43.415289
        ]
      }
    },
    {
      "type": "Feature",
      "properties": {
        "id": "rock-0732",
        "type": "rock",
        "longitude": 42.579038,
        "latitude": 43.384178,
        "elevation_m": 3625,
        "name": "",
        "point_id": "rock-0732",
        "icon_id": "mount-15",
        "icon_scale": 0.3581,
        "base_shift": 0.0773,
        "priority": 813
      },
      "geometry": {
        "type": "Point",
        "coordinates": [
          42.579038,
          43.384178
        ]
      }
    },
    {
      "type": "Feature",
      "properties": {
        "id": "rock-0735",
        "type": "rock",
        "longitude": 42.214633,
        "latitude": 43.254369,
        "elevation_m": 3428,
        "name": "",
        "point_id": "rock-0735",
        "icon_id": "mount-5",
        "icon_scale": 0.364,
        "base_shift": -0.0733,
        "priority": 788
      },
      "geometry": {
        "type": "Point",
        "coordinates": [
          42.214633,
          43.254369
        ]
      }
    },
    {
      "type": "Feature",
      "properties": {
        "id": "rock-0737",
        "type": "rock",
        "longitude": 41.59162,
        "latitude": 43.243483,
        "elevation_m": 3364,
        "name": "",
        "point_id": "rock-0737",
        "icon_id": "mount-21",
        "icon_scale": 0.3495,
        "base_shift": 0.0701,
        "priority": 780
      },
      "geometry": {
        "type": "Point",
        "coordinates": [
          41.59162,
          43.243483
        ]
      }
    },
    {
      "type": "Feature",
      "properties": {
        "id": "rock-0739",
        "type": "rock",
        "longitude": 41.828674,
        "latitude": 43.221893,
        "elevation_m": 3616,
        "name": "",
        "point_id": "rock-0739",
        "icon_id": "mount-19",
        "icon_scale": 0.3574,
        "base_shift": -0.0683,
        "priority": 812
      },
      "geometry": {
        "type": "Point",
        "coordinates": [
          41.828674,
          43.221893
        ]
      }
    },
    {
      "type": "Feature",
      "properties": {
        "id": "rock-0744",
        "type": "rock",
        "longitude": 41.842171,
        "latitude": 43.316623,
        "elevation_m": 3313,
        "name": "",
        "point_id": "rock-0744",
        "icon_id": "mount-25",
        "icon_scale": 0.3266,
        "base_shift": -0.0657,
        "priority": 773
      },
      "geometry": {
        "type": "Point",
        "coordinates": [
          41.842171,
          43.316623
        ]
      }
    },
    {
      "type": "Feature",
      "properties": {
        "id": "rock-0745",
        "type": "rock",
        "longitude": 42.304455,
        "latitude": 43.342783,
        "elevation_m": 3627,
        "name": "",
        "point_id": "rock-0745",
        "icon_id": "mount-15",
        "icon_scale": 0.3377,
        "base_shift": 0.0835,
        "priority": 813
      },
      "geometry": {
        "type": "Point",
        "coordinates": [
          42.304455,
          43.342783
        ]
      }
    },
    {
      "type": "Feature",
      "properties": {
        "id": "rock-0746",
        "type": "rock",
        "longitude": 41.117395,
        "latitude": 43.649274,
        "elevation_m": 3217,
        "name": "",
        "point_id": "rock-0746",
        "icon_id": "mount-5",
        "icon_scale": 0.3295,
        "base_shift": -0.0753,
        "priority": 761
      },
      "geometry": {
        "type": "Point",
        "coordinates": [
          41.117395,
          43.649274
        ]
      }
    },
    {
      "type": "Feature",
      "properties": {
        "id": "rock-0755",
        "type": "rock",
        "longitude": 42.540275,
        "latitude": 43.271331,
        "elevation_m": 3504,
        "name": "",
        "point_id": "rock-0755",
        "icon_id": "mount-21",
        "icon_scale": 0.3396,
        "base_shift": -0.0848,
        "priority": 797
      },
      "geometry": {
        "type": "Point",
        "coordinates": [
          42.540275,
          43.271331
        ]
      }
    },
    {
      "type": "Feature",
      "properties": {
        "id": "rock-0756",
        "type": "rock",
        "longitude": 43.30052,
        "latitude": 43.145838,
        "elevation_m": 3404,
        "name": "",
        "point_id": "rock-0756",
        "icon_id": "mount-19",
        "icon_scale": 0.3524,
        "base_shift": 0.0783,
        "priority": 785
      },
      "geometry": {
        "type": "Point",
        "coordinates": [
          43.30052,
          43.145838
        ]
      }
    },
    {
      "type": "Feature",
      "properties": {
        "id": "rock-0757",
        "type": "rock",
        "longitude": 43.369882,
        "latitude": 42.978703,
        "elevation_m": 3419,
        "name": "",
        "point_id": "rock-0757",
        "icon_id": "mount-25",
        "icon_scale": 0.3141,
        "base_shift": 0.077,
        "priority": 787
      },
      "geometry": {
        "type": "Point",
        "coordinates": [
          43.369882,
          42.978703
        ]
      }
    },
    {
      "type": "Feature",
      "properties": {
        "id": "rock-0766",
        "type": "rock",
        "longitude": 41.604602,
        "latitude": 43.430367,
        "elevation_m": 3419,
        "name": "",
        "point_id": "rock-0766",
        "icon_id": "mount-15",
        "icon_scale": 0.3141,
        "base_shift": -0.0609,
        "priority": 787
      },
      "geometry": {
        "type": "Point",
        "coordinates": [
          41.604602,
          43.430367
        ]
      }
    },
    {
      "type": "Feature",
      "properties": {
        "id": "rock-0770",
        "type": "rock",
        "longitude": 41.862642,
        "latitude": 43.491623,
        "elevation_m": 3375,
        "name": "",
        "point_id": "rock-0770",
        "icon_id": "mount-5",
        "icon_scale": 0.3113,
        "base_shift": 0.0756,
        "priority": 781
      },
      "geometry": {
        "type": "Point",
        "coordinates": [
          41.862642,
          43.491623
        ]
      }
    },
    {
      "type": "Feature",
      "properties": {
        "id": "rock-0774",
        "type": "rock",
        "longitude": 42.69727,
        "latitude": 43.385183,
        "elevation_m": 3256,
        "name": "",
        "point_id": "rock-0774",
        "icon_id": "mount-21",
        "icon_scale": 0.3132,
        "base_shift": -0.0712,
        "priority": 766
      },
      "geometry": {
        "type": "Point",
        "coordinates": [
          42.69727,
          43.385183
        ]
      }
    },
    {
      "type": "Feature",
      "properties": {
        "id": "rock-0775",
        "type": "rock",
        "longitude": 42.644838,
        "latitude": 43.379413,
        "elevation_m": 3283,
        "name": "",
        "point_id": "rock-0775",
        "icon_id": "mount-19",
        "icon_scale": 0.3341,
        "base_shift": 0.0697,
        "priority": 770
      },
      "geometry": {
        "type": "Point",
        "coordinates": [
          42.644838,
          43.379413
        ]
      }
    },
    {
      "type": "Feature",
      "properties": {
        "id": "rock-0777",
        "type": "rock",
        "longitude": 42.34162,
        "latitude": 43.370609,
        "elevation_m": 3513,
        "name": "",
        "point_id": "rock-0777",
        "icon_id": "mount-25",
        "icon_scale": 0.3502,
        "base_shift": 0.077,
        "priority": 799
      },
      "geometry": {
        "type": "Point",
        "coordinates": [
          42.34162,
          43.370609
        ]
      }
    },
    {
      "type": "Feature",
      "properties": {
        "id": "rock-0779",
        "type": "rock",
        "longitude": 42.279768,
        "latitude": 43.288054,
        "elevation_m": 3400,
        "name": "",
        "point_id": "rock-0779",
        "icon_id": "mount-15",
        "icon_scale": 0.3227,
        "base_shift": -0.0846,
        "priority": 784
      },
      "geometry": {
        "type": "Point",
        "coordinates": [
          42.279768,
          43.288054
        ]
      }
    },
    {
      "type": "Feature",
      "properties": {
        "id": "rock-0786",
        "type": "rock",
        "longitude": 43.398228,
        "latitude": 43.176703,
        "elevation_m": 3485,
        "name": "",
        "point_id": "rock-0786",
        "icon_id": "mount-5",
        "icon_scale": 0.3582,
        "base_shift": -0.078,
        "priority": 795
      },
      "geometry": {
        "type": "Point",
        "coordinates": [
          43.398228,
          43.176703
        ]
      }
    },
    {
      "type": "Feature",
      "properties": {
        "id": "rock-0787",
        "type": "rock",
        "longitude": 42.153125,
        "latitude": 43.237817,
        "elevation_m": 3758,
        "name": "",
        "point_id": "rock-0787",
        "icon_id": "mount-21",
        "icon_scale": 0.3779,
        "base_shift": -0.067,
        "priority": 829
      },
      "geometry": {
        "type": "Point",
        "coordinates": [
          42.153125,
          43.237817
        ]
      }
    },
    {
      "type": "Feature",
      "properties": {
        "id": "rock-0790",
        "type": "rock",
        "longitude": 43.290703,
        "latitude": 43.267566,
        "elevation_m": 3285,
        "name": "",
        "point_id": "rock-0790",
        "icon_id": "mount-19",
        "icon_scale": 0.3343,
        "base_shift": -0.0804,
        "priority": 770
      },
      "geometry": {
        "type": "Point",
        "coordinates": [
          43.290703,
          43.267566
        ]
      }
    },
    {
      "type": "Feature",
      "properties": {
        "id": "rock-0792",
        "type": "rock",
        "longitude": 42.446365,
        "latitude": 43.243343,
        "elevation_m": 3783,
        "name": "",
        "point_id": "rock-0792",
        "icon_id": "mount-25",
        "icon_scale": 0.4008,
        "base_shift": 0.0845,
        "priority": 833
      },
      "geometry": {
        "type": "Point",
        "coordinates": [
          42.446365,
          43.243343
        ]
      }
    },
    {
      "type": "Feature",
      "properties": {
        "id": "rock-0794",
        "type": "rock",
        "longitude": 43.540342,
        "latitude": 43.060822,
        "elevation_m": 3309,
        "name": "",
        "point_id": "rock-0794",
        "icon_id": "mount-15",
        "icon_scale": 0.3648,
        "base_shift": 0.079,
        "priority": 773
      },
      "geometry": {
        "type": "Point",
        "coordinates": [
          43.540342,
          43.060822
        ]
      }
    },
    {
      "type": "Feature",
      "properties": {
        "id": "rock-0796",
        "type": "rock",
        "longitude": 43.532832,
        "latitude": 43.043912,
        "elevation_m": 3765,
        "name": "",
        "point_id": "rock-0796",
        "icon_id": "mount-5",
        "icon_scale": 0.3995,
        "base_shift": 0.0783,
        "priority": 830
      },
      "geometry": {
        "type": "Point",
        "coordinates": [
          43.532832,
          43.043912
        ]
      }
    },
    {
      "type": "Feature",
      "properties": {
        "id": "rock-0798",
        "type": "rock",
        "longitude": 43.525804,
        "latitude": 43.02251,
        "elevation_m": 3913,
        "name": "",
        "point_id": "rock-0798",
        "icon_id": "mount-21",
        "icon_scale": 0.4215,
        "base_shift": 0.0785,
        "priority": 849
      },
      "geometry": {
        "type": "Point",
        "coordinates": [
          43.525804,
          43.02251
        ]
      }
    },
    {
      "type": "Feature",
      "properties": {
        "id": "rock-0800",
        "type": "rock",
        "longitude": 43.619156,
        "latitude": 43.005832,
        "elevation_m": 3665,
        "name": "",
        "point_id": "rock-0800",
        "icon_id": "mount-19",
        "icon_scale": 0.3879,
        "base_shift": 0.0149,
        "priority": 758
      },
      "geometry": {
        "type": "Point",
        "coordinates": [
          43.619156,
          43.005832
        ]
      }
    },
    {
      "type": "Feature",
      "properties": {
        "id": "rock-0801",
        "type": "rock",
        "longitude": 43.380075,
        "latitude": 43.038658,
        "elevation_m": 3593,
        "name": "",
        "point_id": "rock-0801",
        "icon_id": "mount-25",
        "icon_scale": 0.366,
        "base_shift": 0.0842,
        "priority": 809
      },
      "geometry": {
        "type": "Point",
        "coordinates": [
          43.380075,
          43.038658
        ]
      }
    },
    {
      "type": "Feature",
      "properties": {
        "id": "rock-0802",
        "type": "rock",
        "longitude": 43.398442,
        "latitude": 43.018455,
        "elevation_m": 3892,
        "name": "",
        "point_id": "rock-0802",
        "icon_id": "mount-15",
        "icon_scale": 0.3767,
        "base_shift": 0.0791,
        "priority": 846
      },
      "geometry": {
        "type": "Point",
        "coordinates": [
          43.398442,
          43.018455
        ]
      }
    },
    {
      "type": "Feature",
      "properties": {
        "id": "rock-0813",
        "type": "rock",
        "longitude": 43.556607,
        "latitude": 42.944902,
        "elevation_m": 3735,
        "name": "",
        "point_id": "rock-0813",
        "icon_id": "mount-5",
        "icon_scale": 0.4181,
        "base_shift": 0.0577,
        "priority": 827
      },
      "geometry": {
        "type": "Point",
        "coordinates": [
          43.556607,
          42.944902
        ]
      }
    },
    {
      "type": "Feature",
      "properties": {
        "id": "rock-0818",
        "type": "rock",
        "longitude": 41.217946,
        "latitude": 43.45147,
        "elevation_m": 3203,
        "name": "",
        "point_id": "rock-0818",
        "icon_id": "mount-21",
        "icon_scale": 0.3379,
        "base_shift": 0.0814,
        "priority": 760
      },
      "geometry": {
        "type": "Point",
        "coordinates": [
          41.217946,
          43.45147
        ]
      }
    },
    {
      "type": "Feature",
      "properties": {
        "id": "rock-0819",
        "type": "rock",
        "longitude": 41.891363,
        "latitude": 43.487038,
        "elevation_m": 3396,
        "name": "",
        "point_id": "rock-0819",
        "icon_id": "mount-19",
        "icon_scale": 0.3224,
        "base_shift": 0.0719,
        "priority": 784
      },
      "geometry": {
        "type": "Point",
        "coordinates": [
          41.891363,
          43.487038
        ]
      }
    },
    {
      "type": "Feature",
      "properties": {
        "id": "rock-0820",
        "type": "rock",
        "longitude": 41.879936,
        "latitude": 43.248329,
        "elevation_m": 3424,
        "name": "",
        "point_id": "rock-0820",
        "icon_id": "mount-25",
        "icon_scale": 0.344,
        "base_shift": -0.0806,
        "priority": 787
      },
      "geometry": {
        "type": "Point",
        "coordinates": [
          41.879936,
          43.248329
        ]
      }
    },
    {
      "type": "Feature",
      "properties": {
        "id": "rock-0821",
        "type": "rock",
        "longitude": 41.240165,
        "latitude": 43.428466,
        "elevation_m": 3290,
        "name": "",
        "point_id": "rock-0821",
        "icon_id": "mount-15",
        "icon_scale": 0.3346,
        "base_shift": -0.0761,
        "priority": 770
      },
      "geometry": {
        "type": "Point",
        "coordinates": [
          41.240165,
          43.428466
        ]
      }
    },
    {
      "type": "Feature",
      "properties": {
        "id": "rock-0822",
        "type": "rock",
        "longitude": 42.529181,
        "latitude": 43.294098,
        "elevation_m": 3780,
        "name": "",
        "point_id": "rock-0822",
        "icon_id": "mount-5",
        "icon_scale": 0.39,
        "base_shift": -0.0805,
        "priority": 832
      },
      "geometry": {
        "type": "Point",
        "coordinates": [
          42.529181,
          43.294098
        ]
      }
    },
    {
      "type": "Feature",
      "properties": {
        "id": "rock-0825",
        "type": "rock",
        "longitude": 42.39727,
        "latitude": 43.290373,
        "elevation_m": 3715,
        "name": "",
        "point_id": "rock-0825",
        "icon_id": "mount-21",
        "icon_scale": 0.3957,
        "base_shift": -0.0855,
        "priority": 824
      },
      "geometry": {
        "type": "Point",
        "coordinates": [
          42.39727,
          43.290373
        ]
      }
    },
    {
      "type": "Feature",
      "properties": {
        "id": "rock-0826",
        "type": "rock",
        "longitude": 42.53328,
        "latitude": 43.36426,
        "elevation_m": 3534,
        "name": "",
        "point_id": "rock-0826",
        "icon_id": "mount-19",
        "icon_scale": 0.3819,
        "base_shift": 0.0751,
        "priority": 801
      },
      "geometry": {
        "type": "Point",
        "coordinates": [
          42.53328,
          43.36426
        ]
      }
    },
    {
      "type": "Feature",
      "properties": {
        "id": "rock-0828",
        "type": "rock",
        "longitude": 42.60807,
        "latitude": 43.148476,
        "elevation_m": 3813,
        "name": "",
        "point_id": "rock-0828",
        "icon_id": "mount-25",
        "icon_scale": 0.3925,
        "base_shift": 0.0693,
        "priority": 836
      },
      "geometry": {
        "type": "Point",
        "coordinates": [
          42.60807,
          43.148476
        ]
      }
    },
    {
      "type": "Feature",
      "properties": {
        "id": "rock-0829",
        "type": "rock",
        "longitude": 42.790729,
        "latitude": 43.182704,
        "elevation_m": 3983,
        "name": "",
        "point_id": "rock-0829",
        "icon_id": "mount-15",
        "icon_scale": 0.3941,
        "base_shift": -0.0674,
        "priority": 858
      },
      "geometry": {
        "type": "Point",
        "coordinates": [
          42.790729,
          43.182704
        ]
      }
    },
    {
      "type": "Feature",
      "properties": {
        "id": "rock-0831",
        "type": "rock",
        "longitude": 42.780204,
        "latitude": 43.2001,
        "elevation_m": 3726,
        "name": "",
        "point_id": "rock-0831",
        "icon_id": "mount-5",
        "icon_scale": 0.3756,
        "base_shift": 0.0688,
        "priority": 825
      },
      "geometry": {
        "type": "Point",
        "coordinates": [
          42.780204,
          43.2001
        ]
      }
    },
    {
      "type": "Feature",
      "properties": {
        "id": "rock-0833",
        "type": "rock",
        "longitude": 42.587514,
        "latitude": 43.336377,
        "elevation_m": 3936,
        "name": "",
        "point_id": "rock-0833",
        "icon_id": "mount-21",
        "icon_scale": 0.3798,
        "base_shift": -0.0714,
        "priority": 852
      },
      "geometry": {
        "type": "Point",
        "coordinates": [
          42.587514,
          43.336377
        ]
      }
    },
    {
      "type": "Feature",
      "properties": {
        "id": "rock-0836",
        "type": "rock",
        "longitude": 42.620527,
        "latitude": 43.321306,
        "elevation_m": 3984,
        "name": "",
        "point_id": "rock-0836",
        "icon_id": "mount-19",
        "icon_scale": 0.3941,
        "base_shift": -0.077,
        "priority": 858
      },
      "geometry": {
        "type": "Point",
        "coordinates": [
          42.620527,
          43.321306
        ]
      }
    },
    {
      "type": "Feature",
      "properties": {
        "id": "rock-0843",
        "type": "rock",
        "longitude": 42.676864,
        "latitude": 43.318528,
        "elevation_m": 3525,
        "name": "",
        "point_id": "rock-0843",
        "icon_id": "mount-25",
        "icon_scale": 0.3511,
        "base_shift": -0.0816,
        "priority": 800
      },
      "geometry": {
        "type": "Point",
        "coordinates": [
          42.676864,
          43.318528
        ]
      }
    },
    {
      "type": "Feature",
      "properties": {
        "id": "rock-0844",
        "type": "rock",
        "longitude": 42.659998,
        "latitude": 43.317544,
        "elevation_m": 3787,
        "name": "",
        "point_id": "rock-0844",
        "icon_id": "mount-15",
        "icon_scale": 0.3905,
        "base_shift": -0.0806,
        "priority": 833
      },
      "geometry": {
        "type": "Point",
        "coordinates": [
          42.659998,
          43.317544
        ]
      }
    },
    {
      "type": "Feature",
      "properties": {
        "id": "rock-0845",
        "type": "rock",
        "longitude": 42.516843,
        "latitude": 43.311244,
        "elevation_m": 3685,
        "name": "",
        "point_id": "rock-0845",
        "icon_id": "mount-5",
        "icon_scale": 0.3934,
        "base_shift": -0.0785,
        "priority": 820
      },
      "geometry": {
        "type": "Point",
        "coordinates": [
          42.516843,
          43.311244
        ]
      }
    },
    {
      "type": "Feature",
      "properties": {
        "id": "rock-0849",
        "type": "rock",
        "longitude": 42.483176,
        "latitude": 43.241279,
        "elevation_m": 3435,
        "name": "",
        "point_id": "rock-0849",
        "icon_id": "mount-21",
        "icon_scale": 0.3645,
        "base_shift": 0.086,
        "priority": 789
      },
      "geometry": {
        "type": "Point",
        "coordinates": [
          42.483176,
          43.241279
        ]
      }
    },
    {
      "type": "Feature",
      "properties": {
        "id": "rock-0856",
        "type": "rock",
        "longitude": 42.538172,
        "latitude": 43.219868,
        "elevation_m": 3365,
        "name": "",
        "point_id": "rock-0856",
        "icon_id": "mount-19",
        "icon_scale": 0.3399,
        "base_shift": 0.0844,
        "priority": 780
      },
      "geometry": {
        "type": "Point",
        "coordinates": [
          42.538172,
          43.219868
        ]
      }
    },
    {
      "type": "Feature",
      "properties": {
        "id": "rock-0857",
        "type": "rock",
        "longitude": 42.543247,
        "latitude": 43.176594,
        "elevation_m": 3680,
        "name": "",
        "point_id": "rock-0857",
        "icon_id": "mount-25",
        "icon_scale": 0.3412,
        "base_shift": 0.0751,
        "priority": 820
      },
      "geometry": {
        "type": "Point",
        "coordinates": [
          42.543247,
          43.176594
        ]
      }
    },
    {
      "type": "Feature",
      "properties": {
        "id": "rock-0871",
        "type": "rock",
        "longitude": 42.619861,
        "latitude": 43.198262,
        "elevation_m": 3389,
        "name": "",
        "point_id": "rock-0871",
        "icon_id": "mount-15",
        "icon_scale": 0.3415,
        "base_shift": 0.0794,
        "priority": 783
      },
      "geometry": {
        "type": "Point",
        "coordinates": [
          42.619861,
          43.198262
        ]
      }
    },
    {
      "type": "Feature",
      "properties": {
        "id": "rock-0875",
        "type": "rock",
        "longitude": 42.755109,
        "latitude": 43.17107,
        "elevation_m": 3722,
        "name": "",
        "point_id": "rock-0875",
        "icon_id": "mount-5",
        "icon_scale": 0.3753,
        "base_shift": 0.0654,
        "priority": 825
      },
      "geometry": {
        "type": "Point",
        "coordinates": [
          42.755109,
          43.17107
        ]
      }
    },
    {
      "type": "Feature",
      "properties": {
        "id": "rock-0876",
        "type": "rock",
        "longitude": 42.708857,
        "latitude": 43.195009,
        "elevation_m": 3715,
        "name": "",
        "point_id": "rock-0876",
        "icon_id": "mount-21",
        "icon_scale": 0.3643,
        "base_shift": 0.0742,
        "priority": 824
      },
      "geometry": {
        "type": "Point",
        "coordinates": [
          42.708857,
          43.195009
        ]
      }
    },
    {
      "type": "Feature",
      "properties": {
        "id": "rock-0879",
        "type": "rock",
        "longitude": 42.772382,
        "latitude": 43.219188,
        "elevation_m": 3815,
        "name": "",
        "point_id": "rock-0879",
        "icon_id": "mount-19",
        "icon_scale": 0.3713,
        "base_shift": 0.0727,
        "priority": 837
      },
      "geometry": {
        "type": "Point",
        "coordinates": [
          42.772382,
          43.219188
        ]
      }
    },
    {
      "type": "Feature",
      "properties": {
        "id": "rock-0884",
        "type": "rock",
        "longitude": 42.712097,
        "latitude": 43.241295,
        "elevation_m": 3850,
        "name": "",
        "point_id": "rock-0884",
        "icon_id": "mount-25",
        "icon_scale": 0.3952,
        "base_shift": 0.0819,
        "priority": 841
      },
      "geometry": {
        "type": "Point",
        "coordinates": [
          42.712097,
          43.241295
        ]
      }
    },
    {
      "type": "Feature",
      "properties": {
        "id": "rock-0893",
        "type": "rock",
        "longitude": 42.75438,
        "latitude": 43.24471,
        "elevation_m": 3637,
        "name": "",
        "point_id": "rock-0893",
        "icon_id": "mount-15",
        "icon_scale": 0.3795,
        "base_shift": 0.0786,
        "priority": 814
      },
      "geometry": {
        "type": "Point",
        "coordinates": [
          42.75438,
          43.24471
        ]
      }
    },
    {
      "type": "Feature",
      "properties": {
        "id": "rock-0903",
        "type": "rock",
        "longitude": 42.407988,
        "latitude": 43.398562,
        "elevation_m": 3685,
        "name": "",
        "point_id": "rock-0903",
        "icon_id": "mount-5",
        "icon_scale": 0.3934,
        "base_shift": 0.0736,
        "priority": 820
      },
      "geometry": {
        "type": "Point",
        "coordinates": [
          42.407988,
          43.398562
        ]
      }
    },
    {
      "type": "Feature",
      "properties": {
        "id": "rock-0904",
        "type": "rock",
        "longitude": 42.482897,
        "latitude": 43.400589,
        "elevation_m": 3459,
        "name": "",
        "point_id": "rock-0904",
        "icon_id": "mount-21",
        "icon_scale": 0.3961,
        "base_shift": -0.0792,
        "priority": 792
      },
      "geometry": {
        "type": "Point",
        "coordinates": [
          42.482897,
          43.400589
        ]
      }
    },
    {
      "type": "Feature",
      "properties": {
        "id": "rock-0905",
        "type": "rock",
        "longitude": 42.4563,
        "latitude": 43.443377,
        "elevation_m": 3441,
        "name": "",
        "point_id": "rock-0905",
        "icon_id": "mount-19",
        "icon_scale": 0.3452,
        "base_shift": -0.0775,
        "priority": 790
      },
      "geometry": {
        "type": "Point",
        "coordinates": [
          42.4563,
          43.443377
        ]
      }
    },
    {
      "type": "Feature",
      "properties": {
        "id": "rock-0906",
        "type": "rock",
        "longitude": 42.416818,
        "latitude": 43.439576,
        "elevation_m": 3620,
        "name": "",
        "point_id": "rock-0906",
        "icon_id": "mount-25",
        "icon_scale": 0.3782,
        "base_shift": -0.0714,
        "priority": 812
      },
      "geometry": {
        "type": "Point",
        "coordinates": [
          42.416818,
          43.439576
        ]
      }
    },
    {
      "type": "Feature",
      "properties": {
        "id": "rock-0909",
        "type": "rock",
        "longitude": 42.613961,
        "latitude": 43.379405,
        "elevation_m": 3649,
        "name": "",
        "point_id": "rock-0909",
        "icon_id": "mount-15",
        "icon_scale": 0.3494,
        "base_shift": 0.073,
        "priority": 816
      },
      "geometry": {
        "type": "Point",
        "coordinates": [
          42.613961,
          43.379405
        ]
      }
    },
    {
      "type": "Feature",
      "properties": {
        "id": "rock-0911",
        "type": "rock",
        "longitude": 42.67475,
        "latitude": 43.401329,
        "elevation_m": 3643,
        "name": "",
        "point_id": "rock-0911",
        "icon_id": "mount-5",
        "icon_scale": 0.3387,
        "base_shift": 0.0683,
        "priority": 815
      },
      "geometry": {
        "type": "Point",
        "coordinates": [
          42.67475,
          43.401329
        ]
      }
    },
    {
      "type": "Feature",
      "properties": {
        "id": "hill-0003",
        "type": "hill",
        "longitude": 42.81901,
        "latitude": 43.854738,
        "elevation_m": 1477,
        "name": "",
        "point_id": "hill-0003",
        "icon_id": "mount-13",
        "icon_scale": 0.413,
        "base_shift": -0.0795,
        "priority": 833
      },
      "geometry": {
        "type": "Point",
        "coordinates": [
          42.81901,
          43.854738
        ]
      }
    },
    {
      "type": "Feature",
      "properties": {
        "id": "hill-0005",
        "type": "hill",
        "longitude": 42.875454,
        "latitude": 43.786711,
        "elevation_m": 1319,
        "name": "",
        "point_id": "hill-0005",
        "icon_id": "mount-8",
        "icon_scale": 0.4045,
        "base_shift": 0.0868,
        "priority": 820
      },
      "geometry": {
        "type": "Point",
        "coordinates": [
          42.875454,
          43.786711
        ]
      }
    },
    {
      "type": "Feature",
      "properties": {
        "id": "hill-0006",
        "type": "hill",
        "longitude": 41.27983,
        "latitude": 43.550166,
        "elevation_m": 1618,
        "name": "",
        "point_id": "hill-0006",
        "icon_id": "mount-10",
        "icon_scale": 0.3383,
        "base_shift": 0.088,
        "priority": 845
      },
      "geometry": {
        "type": "Point",
        "coordinates": [
          41.27983,
          43.550166
        ]
      }
    },
    {
      "type": "Feature",
      "properties": {
        "id": "hill-0007",
        "type": "hill",
        "longitude": 42.664461,
        "latitude": 43.818032,
        "elevation_m": 1606,
        "name": "",
        "point_id": "hill-0007",
        "icon_id": "mount-29",
        "icon_scale": 0.4199,
        "base_shift": -0.087,
        "priority": 844
      },
      "geometry": {
        "type": "Point",
        "coordinates": [
          42.664461,
          43.818032
        ]
      }
    },
    {
      "type": "Feature",
      "properties": {
        "id": "hill-0009",
        "type": "hill",
        "longitude": 42.924711,
        "latitude": 43.840037,
        "elevation_m": 1374,
        "name": "",
        "point_id": "hill-0009",
        "icon_id": "mount-23",
        "icon_scale": 0.4074,
        "base_shift": -0.0811,
        "priority": 825
      },
      "geometry": {
        "type": "Point",
        "coordinates": [
          42.924711,
          43.840037
        ]
      }
    },
    {
      "type": "Feature",
      "properties": {
        "id": "hill-0010",
        "type": "hill",
        "longitude": 42.784613,
        "latitude": 43.928159,
        "elevation_m": 1279,
        "name": "",
        "point_id": "hill-0010",
        "icon_id": "mount-28",
        "icon_scale": 0.4023,
        "base_shift": -0.0653,
        "priority": 817
      },
      "geometry": {
        "type": "Point",
        "coordinates": [
          42.784613,
          43.928159
        ]
      }
    },
    {
      "type": "Feature",
      "properties": {
        "id": "hill-0011",
        "type": "hill",
        "longitude": 42.70757,
        "latitude": 43.891305,
        "elevation_m": 861,
        "name": "",
        "point_id": "hill-0011",
        "icon_id": "mount-13",
        "icon_scale": 0.3798,
        "base_shift": -0.0744,
        "priority": 782
      },
      "geometry": {
        "type": "Point",
        "coordinates": [
          42.70757,
          43.891305
        ]
      }
    },
    {
      "type": "Feature",
      "properties": {
        "id": "hill-0012",
        "type": "hill",
        "longitude": 43.70003,
        "latitude": 43.171359,
        "elevation_m": 1210,
        "name": "",
        "point_id": "hill-0012",
        "icon_id": "mount-8",
        "icon_scale": 0.3889,
        "base_shift": 0.0695,
        "priority": 811
      },
      "geometry": {
        "type": "Point",
        "coordinates": [
          43.70003,
          43.171359
        ]
      }
    },
    {
      "type": "Feature",
      "properties": {
        "id": "hill-0013",
        "type": "hill",
        "longitude": 43.666492,
        "latitude": 43.200116,
        "elevation_m": 1149,
        "name": "",
        "point_id": "hill-0013",
        "icon_id": "mount-10",
        "icon_scale": 0.3857,
        "base_shift": 0.0856,
        "priority": 806
      },
      "geometry": {
        "type": "Point",
        "coordinates": [
          43.666492,
          43.200116
        ]
      }
    },
    {
      "type": "Feature",
      "properties": {
        "id": "hill-0014",
        "type": "hill",
        "longitude": 41.769934,
        "latitude": 43.474186,
        "elevation_m": 1662,
        "name": "",
        "point_id": "hill-0014",
        "icon_id": "mount-29",
        "icon_scale": 0.4023,
        "base_shift": 0.0889,
        "priority": 849
      },
      "geometry": {
        "type": "Point",
        "coordinates": [
          41.769934,
          43.474186
        ]
      }
    },
    {
      "type": "Feature",
      "properties": {
        "id": "hill-0017",
        "type": "hill",
        "longitude": 42.767458,
        "latitude": 43.885313,
        "elevation_m": 1300,
        "name": "",
        "point_id": "hill-0017",
        "icon_id": "mount-23",
        "icon_scale": 0.3936,
        "base_shift": -0.0748,
        "priority": 819
      },
      "geometry": {
        "type": "Point",
        "coordinates": [
          42.767458,
          43.885313
        ]
      }
    },
    {
      "type": "Feature",
      "properties": {
        "id": "hill-0028",
        "type": "hill",
        "longitude": 43.022676,
        "latitude": 43.969253,
        "elevation_m": 964,
        "name": "",
        "point_id": "hill-0028",
        "icon_id": "mount-28",
        "icon_scale": 0.3504,
        "base_shift": -0.0074,
        "priority": 731
      },
      "geometry": {
        "type": "Point",
        "coordinates": [
          43.022676,
          43.969253
        ]
      }
    },
    {
      "type": "Feature",
      "properties": {
        "id": "hill-0029",
        "type": "hill",
        "longitude": 42.986273,
        "latitude": 43.924558,
        "elevation_m": 1167,
        "name": "",
        "point_id": "hill-0029",
        "icon_id": "mount-13",
        "icon_scale": 0.3963,
        "base_shift": -0.0607,
        "priority": 808
      },
      "geometry": {
        "type": "Point",
        "coordinates": [
          42.986273,
          43.924558
        ]
      }
    },
    {
      "type": "Feature",
      "properties": {
        "id": "hill-0040",
        "type": "hill",
        "longitude": 41.262417,
        "latitude": 44.012185,
        "elevation_m": 1151,
        "name": "",
        "point_id": "hill-0040",
        "icon_id": "mount-8",
        "icon_scale": 0.3604,
        "base_shift": 0.0009,
        "priority": 746
      },
      "geometry": {
        "type": "Point",
        "coordinates": [
          41.262417,
          44.012185
        ]
      }
    },
    {
      "type": "Feature",
      "properties": {
        "id": "hill-0046",
        "type": "hill",
        "longitude": 41.301019,
        "latitude": 43.98149,
        "elevation_m": 1610,
        "name": "",
        "point_id": "hill-0046",
        "icon_id": "mount-10",
        "icon_scale": 0.4201,
        "base_shift": -0.0554,
        "priority": 844
      },
      "geometry": {
        "type": "Point",
        "coordinates": [
          41.301019,
          43.98149
        ]
      }
    },
    {
      "type": "Feature",
      "properties": {
        "id": "hill-0056",
        "type": "hill",
        "longitude": 41.480556,
        "latitude": 43.938551,
        "elevation_m": 996,
        "name": "",
        "point_id": "hill-0056",
        "icon_id": "mount-29",
        "icon_scale": 0.3682,
        "base_shift": -0.0836,
        "priority": 793
      },
      "geometry": {
        "type": "Point",
        "coordinates": [
          41.480556,
          43.938551
        ]
      }
    },
    {
      "type": "Feature",
      "properties": {
        "id": "hill-0063",
        "type": "hill",
        "longitude": 41.404424,
        "latitude": 43.967662,
        "elevation_m": 1551,
        "name": "",
        "point_id": "hill-0063",
        "icon_id": "mount-23",
        "icon_scale": 0.3864,
        "base_shift": -0.0719,
        "priority": 839
      },
      "geometry": {
        "type": "Point",
        "coordinates": [
          41.404424,
          43.967662
        ]
      }
    },
    {
      "type": "Feature",
      "properties": {
        "id": "hill-0066",
        "type": "hill",
        "longitude": 41.486735,
        "latitude": 44.005688,
        "elevation_m": 1142,
        "name": "",
        "point_id": "hill-0066",
        "icon_id": "mount-28",
        "icon_scale": 0.366,
        "base_shift": -0.0807,
        "priority": 806
      },
      "geometry": {
        "type": "Point",
        "coordinates": [
          41.486735,
          44.005688
        ]
      }
    },
    {
      "type": "Feature",
      "properties": {
        "id": "hill-0080",
        "type": "hill",
        "longitude": 41.438617,
        "latitude": 44.001451,
        "elevation_m": 1258,
        "name": "",
        "point_id": "hill-0080",
        "icon_id": "mount-13",
        "icon_scale": 0.3816,
        "base_shift": -0.0745,
        "priority": 815
      },
      "geometry": {
        "type": "Point",
        "coordinates": [
          41.438617,
          44.001451
        ]
      }
    },
    {
      "type": "Feature",
      "properties": {
        "id": "hill-0101",
        "type": "hill",
        "longitude": 41.362678,
        "latitude": 43.952757,
        "elevation_m": 1423,
        "name": "",
        "point_id": "hill-0101",
        "icon_id": "mount-8",
        "icon_scale": 0.4001,
        "base_shift": -0.0654,
        "priority": 829
      },
      "geometry": {
        "type": "Point",
        "coordinates": [
          41.362678,
          43.952757
        ]
      }
    },
    {
      "type": "Feature",
      "properties": {
        "id": "hill-0128",
        "type": "hill",
        "longitude": 41.016029,
        "latitude": 44.102603,
        "elevation_m": 934,
        "name": "",
        "point_id": "hill-0128",
        "icon_id": "mount-10",
        "icon_scale": 0.3487,
        "base_shift": 0.003,
        "priority": 728
      },
      "geometry": {
        "type": "Point",
        "coordinates": [
          41.016029,
          44.102603
        ]
      }
    },
    {
      "type": "Feature",
      "properties": {
        "id": "hill-0133",
        "type": "hill",
        "longitude": 41.722416,
        "latitude": 44.088741,
        "elevation_m": 1058,
        "name": "",
        "point_id": "hill-0133",
        "icon_id": "mount-29",
        "icon_scale": 0.3904,
        "base_shift": -0.0794,
        "priority": 799
      },
      "geometry": {
        "type": "Point",
        "coordinates": [
          41.722416,
          44.088741
        ]
      }
    },
    {
      "type": "Feature",
      "properties": {
        "id": "hill-0135",
        "type": "hill",
        "longitude": 41.716611,
        "latitude": 44.169523,
        "elevation_m": 646,
        "name": "",
        "point_id": "hill-0135",
        "icon_id": "mount-23",
        "icon_scale": 0.3592,
        "base_shift": 0.0872,
        "priority": 764
      },
      "geometry": {
        "type": "Point",
        "coordinates": [
          41.716611,
          44.169523
        ]
      }
    },
    {
      "type": "Feature",
      "properties": {
        "id": "hill-0193",
        "type": "hill",
        "longitude": 41.423575,
        "latitude": 43.884215,
        "elevation_m": 977,
        "name": "",
        "point_id": "hill-0193",
        "icon_id": "mount-28",
        "icon_scale": 0.3294,
        "base_shift": -0.0719,
        "priority": 792
      },
      "geometry": {
        "type": "Point",
        "coordinates": [
          41.423575,
          43.884215
        ]
      }
    },
    {
      "type": "Feature",
      "properties": {
        "id": "hill-0201",
        "type": "hill",
        "longitude": 41.379629,
        "latitude": 43.885166,
        "elevation_m": 1046,
        "name": "",
        "point_id": "hill-0201",
        "icon_id": "mount-13",
        "icon_scale": 0.3802,
        "base_shift": -0.0655,
        "priority": 798
      },
      "geometry": {
        "type": "Point",
        "coordinates": [
          41.379629,
          43.885166
        ]
      }
    },
    {
      "type": "Feature",
      "properties": {
        "id": "hill-0212",
        "type": "hill",
        "longitude": 41.396624,
        "latitude": 43.918229,
        "elevation_m": 1112,
        "name": "",
        "point_id": "hill-0212",
        "icon_id": "mount-8",
        "icon_scale": 0.3645,
        "base_shift": -0.0697,
        "priority": 803
      },
      "geometry": {
        "type": "Point",
        "coordinates": [
          41.396624,
          43.918229
        ]
      }
    },
    {
      "type": "Feature",
      "properties": {
        "id": "hill-0250",
        "type": "hill",
        "longitude": 41.479225,
        "latitude": 43.886759,
        "elevation_m": 948,
        "name": "",
        "point_id": "hill-0250",
        "icon_id": "mount-10",
        "icon_scale": 0.3469,
        "base_shift": -0.0798,
        "priority": 789
      },
      "geometry": {
        "type": "Point",
        "coordinates": [
          41.479225,
          43.886759
        ]
      }
    },
    {
      "type": "Feature",
      "properties": {
        "id": "hill-0251",
        "type": "hill",
        "longitude": 41.473142,
        "latitude": 43.853152,
        "elevation_m": 957,
        "name": "",
        "point_id": "hill-0251",
        "icon_id": "mount-29",
        "icon_scale": 0.3473,
        "base_shift": -0.0748,
        "priority": 790
      },
      "geometry": {
        "type": "Point",
        "coordinates": [
          41.473142,
          43.853152
        ]
      }
    },
    {
      "type": "Feature",
      "properties": {
        "id": "hill-0253",
        "type": "hill",
        "longitude": 41.417137,
        "latitude": 43.83883,
        "elevation_m": 988,
        "name": "",
        "point_id": "hill-0253",
        "icon_id": "mount-23",
        "icon_scale": 0.3299,
        "base_shift": -0.0686,
        "priority": 793
      },
      "geometry": {
        "type": "Point",
        "coordinates": [
          41.417137,
          43.83883
        ]
      }
    },
    {
      "type": "Feature",
      "properties": {
        "id": "hill-0299",
        "type": "hill",
        "longitude": 40.872134,
        "latitude": 43.79904,
        "elevation_m": 1672,
        "name": "",
        "point_id": "hill-0299",
        "icon_id": "mount-28",
        "icon_scale": 0.379,
        "base_shift": -0.0074,
        "priority": 789
      },
      "geometry": {
        "type": "Point",
        "coordinates": [
          40.872134,
          43.79904
        ]
      }
    },
    {
      "type": "Feature",
      "properties": {
        "id": "hill-0313",
        "type": "hill",
        "longitude": 41.426901,
        "latitude": 43.793116,
        "elevation_m": 1268,
        "name": "",
        "point_id": "hill-0313",
        "icon_id": "mount-13",
        "icon_scale": 0.3428,
        "base_shift": -0.074,
        "priority": 816
      },
      "geometry": {
        "type": "Point",
        "coordinates": [
          41.426901,
          43.793116
        ]
      }
    },
    {
      "type": "Feature",
      "properties": {
        "id": "hill-0317",
        "type": "hill",
        "longitude": 41.377891,
        "latitude": 43.79715,
        "elevation_m": 1126,
        "name": "",
        "point_id": "hill-0317",
        "icon_id": "mount-8",
        "icon_scale": 0.3652,
        "base_shift": -0.0669,
        "priority": 804
      },
      "geometry": {
        "type": "Point",
        "coordinates": [
          41.377891,
          43.79715
        ]
      }
    },
    {
      "type": "Feature",
      "properties": {
        "id": "hill-0320",
        "type": "hill",
        "longitude": 41.443477,
        "latitude": 43.817359,
        "elevation_m": 1169,
        "name": "",
        "point_id": "hill-0320",
        "icon_id": "mount-10",
        "icon_scale": 0.3383,
        "base_shift": -0.0743,
        "priority": 808
      },
      "geometry": {
        "type": "Point",
        "coordinates": [
          41.443477,
          43.817359
        ]
      }
    },
    {
      "type": "Feature",
      "properties": {
        "id": "hill-0323",
        "type": "hill",
        "longitude": 41.442897,
        "latitude": 43.766887,
        "elevation_m": 1203,
        "name": "",
        "point_id": "hill-0323",
        "icon_id": "mount-29",
        "icon_scale": 0.3593,
        "base_shift": -0.0787,
        "priority": 811
      },
      "geometry": {
        "type": "Point",
        "coordinates": [
          41.442897,
          43.766887
        ]
      }
    },
    {
      "type": "Feature",
      "properties": {
        "id": "hill-0328",
        "type": "hill",
        "longitude": 41.48194,
        "latitude": 43.799233,
        "elevation_m": 1315,
        "name": "",
        "point_id": "hill-0328",
        "icon_id": "mount-23",
        "icon_scale": 0.3647,
        "base_shift": -0.0813,
        "priority": 820
      },
      "geometry": {
        "type": "Point",
        "coordinates": [
          41.48194,
          43.799233
        ]
      }
    },
    {
      "type": "Feature",
      "properties": {
        "id": "hill-0333",
        "type": "hill",
        "longitude": 41.473217,
        "latitude": 43.766468,
        "elevation_m": 1388,
        "name": "",
        "point_id": "hill-0333",
        "icon_id": "mount-28",
        "icon_scale": 0.3683,
        "base_shift": -0.0832,
        "priority": 826
      },
      "geometry": {
        "type": "Point",
        "coordinates": [
          41.473217,
          43.766468
        ]
      }
    },
    {
      "type": "Feature",
      "properties": {
        "id": "hill-0335",
        "type": "hill",
        "longitude": 41.322606,
        "latitude": 43.76364,
        "elevation_m": 1431,
        "name": "",
        "point_id": "hill-0335",
        "icon_id": "mount-13",
        "icon_scale": 0.4005,
        "base_shift": -0.067,
        "priority": 830
      },
      "geometry": {
        "type": "Point",
        "coordinates": [
          41.322606,
          43.76364
        ]
      }
    },
    {
      "type": "Feature",
      "properties": {
        "id": "hill-0336",
        "type": "hill",
        "longitude": 41.40467,
        "latitude": 43.750862,
        "elevation_m": 1480,
        "name": "",
        "point_id": "hill-0336",
        "icon_id": "mount-8",
        "icon_scale": 0.3727,
        "base_shift": -0.0735,
        "priority": 834
      },
      "geometry": {
        "type": "Point",
        "coordinates": [
          41.40467,
          43.750862
        ]
      }
    },
    {
      "type": "Feature",
      "properties": {
        "id": "hill-0343",
        "type": "hill",
        "longitude": 41.37228,
        "latitude": 43.717551,
        "elevation_m": 1702,
        "name": "",
        "point_id": "hill-0343",
        "icon_id": "mount-10",
        "icon_scale": 0.3835,
        "base_shift": -0.0793,
        "priority": 852
      },
      "geometry": {
        "type": "Point",
        "coordinates": [
          41.37228,
          43.717551
        ]
      }
    },
    {
      "type": "Feature",
      "properties": {
        "id": "hill-0347",
        "type": "hill",
        "longitude": 41.332991,
        "latitude": 43.723351,
        "elevation_m": 1759,
        "name": "",
        "point_id": "hill-0347",
        "icon_id": "mount-29",
        "icon_scale": 0.4072,
        "base_shift": -0.075,
        "priority": 857
      },
      "geometry": {
        "type": "Point",
        "coordinates": [
          41.332991,
          43.723351
        ]
      }
    },
    {
      "type": "Feature",
      "properties": {
        "id": "hill-0352",
        "type": "hill",
        "longitude": 41.219823,
        "latitude": 43.523869,
        "elevation_m": 1759,
        "name": "",
        "point_id": "hill-0352",
        "icon_id": "mount-23",
        "icon_scale": 0.3654,
        "base_shift": -0.089,
        "priority": 857
      },
      "geometry": {
        "type": "Point",
        "coordinates": [
          41.219823,
          43.523869
        ]
      }
    },
    {
      "type": "Feature",
      "properties": {
        "id": "hill-0354",
        "type": "hill",
        "longitude": 41.471972,
        "latitude": 43.696626,
        "elevation_m": 1604,
        "name": "",
        "point_id": "hill-0354",
        "icon_id": "mount-28",
        "icon_scale": 0.4096,
        "base_shift": -0.088,
        "priority": 844
      },
      "geometry": {
        "type": "Point",
        "coordinates": [
          41.471972,
          43.696626
        ]
      }
    },
    {
      "type": "Feature",
      "properties": {
        "id": "hill-0361",
        "type": "hill",
        "longitude": 41.752253,
        "latitude": 43.300048,
        "elevation_m": 1757,
        "name": "",
        "point_id": "hill-0361",
        "icon_id": "mount-13",
        "icon_scale": 0.3757,
        "base_shift": 0.0644,
        "priority": 857
      },
      "geometry": {
        "type": "Point",
        "coordinates": [
          41.752253,
          43.300048
        ]
      }
    },
    {
      "type": "Feature",
      "properties": {
        "id": "hill-0363",
        "type": "hill",
        "longitude": 41.885741,
        "latitude": 43.704964,
        "elevation_m": 1613,
        "name": "",
        "point_id": "hill-0363",
        "icon_id": "mount-8",
        "icon_scale": 0.3278,
        "base_shift": -0.0876,
        "priority": 845
      },
      "geometry": {
        "type": "Point",
        "coordinates": [
          41.885741,
          43.704964
        ]
      }
    },
    {
      "type": "Feature",
      "properties": {
        "id": "hill-0367",
        "type": "hill",
        "longitude": 41.939117,
        "latitude": 43.567993,
        "elevation_m": 1636,
        "name": "",
        "point_id": "hill-0367",
        "icon_id": "mount-10",
        "icon_scale": 0.37,
        "base_shift": 0.0772,
        "priority": 846
      },
      "geometry": {
        "type": "Point",
        "coordinates": [
          41.939117,
          43.567993
        ]
      }
    },
    {
      "type": "Feature",
      "properties": {
        "id": "hill-0368",
        "type": "hill",
        "longitude": 41.942056,
        "latitude": 43.612318,
        "elevation_m": 1734,
        "name": "",
        "point_id": "hill-0368",
        "icon_id": "mount-29",
        "icon_scale": 0.3747,
        "base_shift": -0.0798,
        "priority": 855
      },
      "geometry": {
        "type": "Point",
        "coordinates": [
          41.942056,
          43.612318
        ]
      }
    },
    {
      "type": "Feature",
      "properties": {
        "id": "hill-0370",
        "type": "hill",
        "longitude": 41.898025,
        "latitude": 43.748777,
        "elevation_m": 1170,
        "name": "",
        "point_id": "hill-0370",
        "icon_id": "mount-23",
        "icon_scale": 0.348,
        "base_shift": -0.0883,
        "priority": 808
      },
      "geometry": {
        "type": "Point",
        "coordinates": [
          41.898025,
          43.748777
        ]
      }
    },
    {
      "type": "Feature",
      "properties": {
        "id": "hill-0371",
        "type": "hill",
        "longitude": 41.911951,
        "latitude": 43.71455,
        "elevation_m": 1231,
        "name": "",
        "point_id": "hill-0371",
        "icon_id": "mount-28",
        "icon_scale": 0.3216,
        "base_shift": -0.0881,
        "priority": 813
      },
      "geometry": {
        "type": "Point",
        "coordinates": [
          41.911951,
          43.71455
        ]
      }
    },
    {
      "type": "Feature",
      "properties": {
        "id": "hill-0374",
        "type": "hill",
        "longitude": 41.87807,
        "latitude": 43.750668,
        "elevation_m": 1202,
        "name": "",
        "point_id": "hill-0374",
        "icon_id": "mount-13",
        "icon_scale": 0.3495,
        "base_shift": -0.0891,
        "priority": 811
      },
      "geometry": {
        "type": "Point",
        "coordinates": [
          41.87807,
          43.750668
        ]
      }
    },
    {
      "type": "Feature",
      "properties": {
        "id": "hill-0375",
        "type": "hill",
        "longitude": 41.957635,
        "latitude": 43.641332,
        "elevation_m": 1376,
        "name": "",
        "point_id": "hill-0375",
        "icon_id": "mount-8",
        "icon_scale": 0.3577,
        "base_shift": -0.0865,
        "priority": 825
      },
      "geometry": {
        "type": "Point",
        "coordinates": [
          41.957635,
          43.641332
        ]
      }
    },
    {
      "type": "Feature",
      "properties": {
        "id": "hill-0378",
        "type": "hill",
        "longitude": 41.701387,
        "latitude": 43.624932,
        "elevation_m": 1523,
        "name": "",
        "point_id": "hill-0378",
        "icon_id": "mount-10",
        "icon_scale": 0.3951,
        "base_shift": 0.086,
        "priority": 837
      },
      "geometry": {
        "type": "Point",
        "coordinates": [
          41.701387,
          43.624932
        ]
      }
    },
    {
      "type": "Feature",
      "properties": {
        "id": "hill-0383",
        "type": "hill",
        "longitude": 42.133512,
        "latitude": 43.689575,
        "elevation_m": 1655,
        "name": "",
        "point_id": "hill-0383",
        "icon_id": "mount-29",
        "icon_scale": 0.3813,
        "base_shift": 0.0773,
        "priority": 848
      },
      "geometry": {
        "type": "Point",
        "coordinates": [
          42.133512,
          43.689575
        ]
      }
    },
    {
      "type": "Feature",
      "properties": {
        "id": "hill-0384",
        "type": "hill",
        "longitude": 41.817098,
        "latitude": 43.580764,
        "elevation_m": 1632,
        "name": "",
        "point_id": "hill-0384",
        "icon_id": "mount-23",
        "icon_scale": 0.3698,
        "base_shift": -0.087,
        "priority": 846
      },
      "geometry": {
        "type": "Point",
        "coordinates": [
          41.817098,
          43.580764
        ]
      }
    },
    {
      "type": "Feature",
      "properties": {
        "id": "hill-0385",
        "type": "hill",
        "longitude": 42.063367,
        "latitude": 43.687495,
        "elevation_m": 1676,
        "name": "",
        "point_id": "hill-0385",
        "icon_id": "mount-28",
        "icon_scale": 0.3719,
        "base_shift": 0.0828,
        "priority": 850
      },
      "geometry": {
        "type": "Point",
        "coordinates": [
          42.063367,
          43.687495
        ]
      }
    },
    {
      "type": "Feature",
      "properties": {
        "id": "hill-0389",
        "type": "hill",
        "longitude": 41.85349,
        "latitude": 43.611929,
        "elevation_m": 1712,
        "name": "",
        "point_id": "hill-0389",
        "icon_id": "mount-13",
        "icon_scale": 0.3944,
        "base_shift": -0.0873,
        "priority": 853
      },
      "geometry": {
        "type": "Point",
        "coordinates": [
          41.85349,
          43.611929
        ]
      }
    },
    {
      "type": "Feature",
      "properties": {
        "id": "hill-0393",
        "type": "hill",
        "longitude": 41.865495,
        "latitude": 43.738259,
        "elevation_m": 1301,
        "name": "",
        "point_id": "hill-0393",
        "icon_id": "mount-8",
        "icon_scale": 0.3542,
        "base_shift": -0.0864,
        "priority": 819
      },
      "geometry": {
        "type": "Point",
        "coordinates": [
          41.865495,
          43.738259
        ]
      }
    },
    {
      "type": "Feature",
      "properties": {
        "id": "hill-0400",
        "type": "hill",
        "longitude": 41.922712,
        "latitude": 43.669897,
        "elevation_m": 1448,
        "name": "",
        "point_id": "hill-0400",
        "icon_id": "mount-10",
        "icon_scale": 0.3209,
        "base_shift": -0.0875,
        "priority": 831
      },
      "geometry": {
        "type": "Point",
        "coordinates": [
          41.922712,
          43.669897
        ]
      }
    },
    {
      "type": "Feature",
      "properties": {
        "id": "hill-0402",
        "type": "hill",
        "longitude": 41.941252,
        "latitude": 43.698806,
        "elevation_m": 1493,
        "name": "",
        "point_id": "hill-0402",
        "icon_id": "mount-29",
        "icon_scale": 0.3329,
        "base_shift": 0.0874,
        "priority": 835
      },
      "geometry": {
        "type": "Point",
        "coordinates": [
          41.941252,
          43.698806
        ]
      }
    },
    {
      "type": "Feature",
      "properties": {
        "id": "hill-0407",
        "type": "hill",
        "longitude": 41.86468,
        "latitude": 43.668019,
        "elevation_m": 1748,
        "name": "",
        "point_id": "hill-0407",
        "icon_id": "mount-23",
        "icon_scale": 0.3962,
        "base_shift": -0.0864,
        "priority": 856
      },
      "geometry": {
        "type": "Point",
        "coordinates": [
          41.86468,
          43.668019
        ]
      }
    },
    {
      "type": "Feature",
      "properties": {
        "id": "hill-0409",
        "type": "hill",
        "longitude": 41.983759,
        "latitude": 43.727274,
        "elevation_m": 1793,
        "name": "",
        "point_id": "hill-0409",
        "icon_id": "mount-28",
        "icon_scale": 0.388,
        "base_shift": 0.0806,
        "priority": 860
      },
      "geometry": {
        "type": "Point",
        "coordinates": [
          41.983759,
          43.727274
        ]
      }
    },
    {
      "type": "Feature",
      "properties": {
        "id": "hill-0410",
        "type": "hill",
        "longitude": 41.942775,
        "latitude": 43.717481,
        "elevation_m": 1266,
        "name": "",
        "point_id": "hill-0410",
        "icon_id": "mount-13",
        "icon_scale": 0.3329,
        "base_shift": 0.0873,
        "priority": 816
      },
      "geometry": {
        "type": "Point",
        "coordinates": [
          41.942775,
          43.717481
        ]
      }
    },
    {
      "type": "Feature",
      "properties": {
        "id": "hill-0413",
        "type": "hill",
        "longitude": 41.983255,
        "latitude": 43.692771,
        "elevation_m": 1576,
        "name": "",
        "point_id": "hill-0413",
        "icon_id": "mount-8",
        "icon_scale": 0.3467,
        "base_shift": 0.083,
        "priority": 842
      },
      "geometry": {
        "type": "Point",
        "coordinates": [
          41.983255,
          43.692771
        ]
      }
    },
    {
      "type": "Feature",
      "properties": {
        "id": "hill-0415",
        "type": "hill",
        "longitude": 42.589016,
        "latitude": 43.886504,
        "elevation_m": 1127,
        "name": "",
        "point_id": "hill-0415",
        "icon_id": "mount-10",
        "icon_scale": 0.3941,
        "base_shift": -0.0685,
        "priority": 804
      },
      "geometry": {
        "type": "Point",
        "coordinates": [
          42.589016,
          43.886504
        ]
      }
    },
    {
      "type": "Feature",
      "properties": {
        "id": "hill-0416",
        "type": "hill",
        "longitude": 42.448447,
        "latitude": 43.83835,
        "elevation_m": 1719,
        "name": "",
        "point_id": "hill-0416",
        "icon_id": "mount-29",
        "icon_scale": 0.426,
        "base_shift": -0.0726,
        "priority": 853
      },
      "geometry": {
        "type": "Point",
        "coordinates": [
          42.448447,
          43.83835
        ]
      }
    },
    {
      "type": "Feature",
      "properties": {
        "id": "hill-0424",
        "type": "hill",
        "longitude": 42.854447,
        "latitude": 43.840973,
        "elevation_m": 1530,
        "name": "",
        "point_id": "hill-0424",
        "icon_id": "mount-23",
        "icon_scale": 0.4057,
        "base_shift": -0.0819,
        "priority": 838
      },
      "geometry": {
        "type": "Point",
        "coordinates": [
          42.854447,
          43.840973
        ]
      }
    },
    {
      "type": "Feature",
      "properties": {
        "id": "hill-0425",
        "type": "hill",
        "longitude": 41.984618,
        "latitude": 43.667499,
        "elevation_m": 1271,
        "name": "",
        "point_id": "hill-0425",
        "icon_id": "mount-28",
        "icon_scale": 0.3233,
        "base_shift": 0.0884,
        "priority": 816
      },
      "geometry": {
        "type": "Point",
        "coordinates": [
          41.984618,
          43.667499
        ]
      }
    },
    {
      "type": "Feature",
      "properties": {
        "id": "hill-0429",
        "type": "hill",
        "longitude": 41.993212,
        "latitude": 43.620971,
        "elevation_m": 1537,
        "name": "",
        "point_id": "hill-0429",
        "icon_id": "mount-13",
        "icon_scale": 0.3653,
        "base_shift": -0.0821,
        "priority": 838
      },
      "geometry": {
        "type": "Point",
        "coordinates": [
          41.993212,
          43.620971
        ]
      }
    },
    {
      "type": "Feature",
      "properties": {
        "id": "hill-0438",
        "type": "hill",
        "longitude": 42.508367,
        "latitude": 43.848502,
        "elevation_m": 1626,
        "name": "",
        "point_id": "hill-0438",
        "icon_id": "mount-8",
        "icon_scale": 0.421,
        "base_shift": -0.0732,
        "priority": 846
      },
      "geometry": {
        "type": "Point",
        "coordinates": [
          42.508367,
          43.848502
        ]
      }
    },
    {
      "type": "Feature",
      "properties": {
        "id": "hill-0439",
        "type": "hill",
        "longitude": 41.932325,
        "latitude": 43.954209,
        "elevation_m": 1029,
        "name": "",
        "point_id": "hill-0439",
        "icon_id": "mount-10",
        "icon_scale": 0.3889,
        "base_shift": 0.0853,
        "priority": 796
      },
      "geometry": {
        "type": "Point",
        "coordinates": [
          41.932325,
          43.954209
        ]
      }
    },
    {
      "type": "Feature",
      "properties": {
        "id": "hill-0440",
        "type": "hill",
        "longitude": 41.792475,
        "latitude": 43.907416,
        "elevation_m": 1556,
        "name": "",
        "point_id": "hill-0440",
        "icon_id": "mount-29",
        "icon_scale": 0.4172,
        "base_shift": -0.0771,
        "priority": 840
      },
      "geometry": {
        "type": "Point",
        "coordinates": [
          41.792475,
          43.907416
        ]
      }
    },
    {
      "type": "Feature",
      "properties": {
        "id": "hill-0441",
        "type": "hill",
        "longitude": 41.877995,
        "latitude": 43.973955,
        "elevation_m": 943,
        "name": "",
        "point_id": "hill-0441",
        "icon_id": "mount-23",
        "icon_scale": 0.3842,
        "base_shift": -0.0859,
        "priority": 789
      },
      "geometry": {
        "type": "Point",
        "coordinates": [
          41.877995,
          43.973955
        ]
      }
    },
    {
      "type": "Feature",
      "properties": {
        "id": "hill-0442",
        "type": "hill",
        "longitude": 43.164006,
        "latitude": 43.510332,
        "elevation_m": 993,
        "name": "",
        "point_id": "hill-0442",
        "icon_id": "mount-28",
        "icon_scale": 0.3869,
        "base_shift": 0.0885,
        "priority": 793
      },
      "geometry": {
        "type": "Point",
        "coordinates": [
          43.164006,
          43.510332
        ]
      }
    },
    {
      "type": "Feature",
      "properties": {
        "id": "hill-0443",
        "type": "hill",
        "longitude": 43.004984,
        "latitude": 43.46731,
        "elevation_m": 1402,
        "name": "",
        "point_id": "hill-0443",
        "icon_id": "mount-13",
        "icon_scale": 0.389,
        "base_shift": -0.0878,
        "priority": 827
      },
      "geometry": {
        "type": "Point",
        "coordinates": [
          43.004984,
          43.46731
        ]
      }
    },
    {
      "type": "Feature",
      "properties": {
        "id": "hill-0444",
        "type": "hill",
        "longitude": 43.599608,
        "latitude": 43.460247,
        "elevation_m": 621,
        "name": "",
        "point_id": "hill-0444",
        "icon_id": "mount-8",
        "icon_scale": 0.3579,
        "base_shift": 0.0887,
        "priority": 762
      },
      "geometry": {
        "type": "Point",
        "coordinates": [
          43.599608,
          43.460247
        ]
      }
    },
    {
      "type": "Feature",
      "properties": {
        "id": "hill-0445",
        "type": "hill",
        "longitude": 43.609951,
        "latitude": 43.417159,
        "elevation_m": 997,
        "name": "",
        "point_id": "hill-0445",
        "icon_id": "mount-10",
        "icon_scale": 0.3682,
        "base_shift": 0.0792,
        "priority": 794
      },
      "geometry": {
        "type": "Point",
        "coordinates": [
          43.609951,
          43.417159
        ]
      }
    },
    {
      "type": "Feature",
      "properties": {
        "id": "hill-0446",
        "type": "hill",
        "longitude": 43.599511,
        "latitude": 43.287984,
        "elevation_m": 1008,
        "name": "",
        "point_id": "hill-0446",
        "icon_id": "mount-29",
        "icon_scale": 0.3877,
        "base_shift": 0.0871,
        "priority": 794
      },
      "geometry": {
        "type": "Point",
        "coordinates": [
          43.599511,
          43.287984
        ]
      }
    },
    {
      "type": "Feature",
      "properties": {
        "id": "hill-0447",
        "type": "hill",
        "longitude": 43.530546,
        "latitude": 43.267448,
        "elevation_m": 1067,
        "name": "",
        "point_id": "hill-0447",
        "icon_id": "mount-23",
        "icon_scale": 0.3909,
        "base_shift": -0.0858,
        "priority": 799
      },
      "geometry": {
        "type": "Point",
        "coordinates": [
          43.530546,
          43.267448
        ]
      }
    },
    {
      "type": "Feature",
      "properties": {
        "id": "hill-0448",
        "type": "hill",
        "longitude": 43.514249,
        "latitude": 43.223434,
        "elevation_m": 1413,
        "name": "",
        "point_id": "hill-0448",
        "icon_id": "mount-28",
        "icon_scale": 0.3795,
        "base_shift": -0.0873,
        "priority": 828
      },
      "geometry": {
        "type": "Point",
        "coordinates": [
          43.514249,
          43.223434
        ]
      }
    },
    {
      "type": "Feature",
      "properties": {
        "id": "hill-0449",
        "type": "hill",
        "longitude": 43.500023,
        "latitude": 43.20832,
        "elevation_m": 1725,
        "name": "",
        "point_id": "hill-0449",
        "icon_id": "mount-13",
        "icon_scale": 0.4055,
        "base_shift": -0.087,
        "priority": 854
      },
      "geometry": {
        "type": "Point",
        "coordinates": [
          43.500023,
          43.20832
        ]
      }
    },
    {
      "type": "Feature",
      "properties": {
        "id": "hill-0450",
        "type": "hill",
        "longitude": 43.44316,
        "latitude": 43.317107,
        "elevation_m": 1574,
        "name": "",
        "point_id": "hill-0450",
        "icon_id": "mount-8",
        "icon_scale": 0.3875,
        "base_shift": -0.0866,
        "priority": 841
      },
      "geometry": {
        "type": "Point",
        "coordinates": [
          43.44316,
          43.317107
        ]
      }
    },
    {
      "type": "Feature",
      "properties": {
        "id": "hill-0455",
        "type": "hill",
        "longitude": 43.419803,
        "latitude": 43.104892,
        "elevation_m": 1787,
        "name": "",
        "point_id": "hill-0455",
        "icon_id": "mount-10",
        "icon_scale": 0.3982,
        "base_shift": -0.0885,
        "priority": 859
      },
      "geometry": {
        "type": "Point",
        "coordinates": [
          43.419803,
          43.104892
        ]
      }
    },
    {
      "type": "Feature",
      "properties": {
        "id": "hill-0456",
        "type": "hill",
        "longitude": 42.537668,
        "latitude": 43.943217,
        "elevation_m": 1075,
        "name": "",
        "point_id": "hill-0456",
        "icon_id": "mount-29",
        "icon_scale": 0.3563,
        "base_shift": 0.0075,
        "priority": 740
      },
      "geometry": {
        "type": "Point",
        "coordinates": [
          42.537668,
          43.943217
        ]
      }
    },
    {
      "type": "Feature",
      "properties": {
        "id": "hill-0457",
        "type": "hill",
        "longitude": 42.559887,
        "latitude": 43.858181,
        "elevation_m": 1472,
        "name": "",
        "point_id": "hill-0457",
        "icon_id": "mount-23",
        "icon_scale": 0.4127,
        "base_shift": -0.0698,
        "priority": 833
      },
      "geometry": {
        "type": "Point",
        "coordinates": [
          42.559887,
          43.858181
        ]
      }
    },
    {
      "type": "Feature",
      "properties": {
        "id": "hill-0481",
        "type": "hill",
        "longitude": 43.419846,
        "latitude": 43.271066,
        "elevation_m": 1688,
        "name": "",
        "point_id": "hill-0481",
        "icon_id": "mount-28",
        "icon_scale": 0.4036,
        "base_shift": 0.0849,
        "priority": 851
      },
      "geometry": {
        "type": "Point",
        "coordinates": [
          43.419846,
          43.271066
        ]
      }
    },
    {
      "type": "Feature",
      "properties": {
        "id": "hill-0483",
        "type": "hill",
        "longitude": 42.912061,
        "latitude": 44.056166,
        "elevation_m": 586,
        "name": "",
        "point_id": "hill-0483",
        "icon_id": "mount-13",
        "icon_scale": 0.33,
        "base_shift": 0.0117,
        "priority": 700
      },
      "geometry": {
        "type": "Point",
        "coordinates": [
          42.912061,
          44.056166
        ]
      }
    },
    {
      "type": "Feature",
      "properties": {
        "id": "hill-0484",
        "type": "hill",
        "longitude": 43.042374,
        "latitude": 43.754497,
        "elevation_m": 966,
        "name": "",
        "point_id": "hill-0484",
        "icon_id": "mount-8",
        "icon_scale": 0.376,
        "base_shift": -0.0876,
        "priority": 791
      },
      "geometry": {
        "type": "Point",
        "coordinates": [
          43.042374,
          43.754497
        ]
      }
    },
    {
      "type": "Feature",
      "properties": {
        "id": "hill-0485",
        "type": "hill",
        "longitude": 43.019639,
        "latitude": 43.768212,
        "elevation_m": 993,
        "name": "",
        "point_id": "hill-0485",
        "icon_id": "mount-10",
        "icon_scale": 0.3585,
        "base_shift": -0.0875,
        "priority": 793
      },
      "geometry": {
        "type": "Point",
        "coordinates": [
          43.019639,
          43.768212
        ]
      }
    },
    {
      "type": "Feature",
      "properties": {
        "id": "hill-0486",
        "type": "hill",
        "longitude": 42.88481,
        "latitude": 43.793503,
        "elevation_m": 1276,
        "name": "",
        "point_id": "hill-0486",
        "icon_id": "mount-29",
        "icon_scale": 0.3825,
        "base_shift": 0.0881,
        "priority": 817
      },
      "geometry": {
        "type": "Point",
        "coordinates": [
          42.88481,
          43.793503
        ]
      }
    },
    {
      "type": "Feature",
      "properties": {
        "id": "hill-0487",
        "type": "hill",
        "longitude": 42.879521,
        "latitude": 43.773464,
        "elevation_m": 1475,
        "name": "",
        "point_id": "hill-0487",
        "icon_id": "mount-23",
        "icon_scale": 0.4129,
        "base_shift": 0.0839,
        "priority": 833
      },
      "geometry": {
        "type": "Point",
        "coordinates": [
          42.879521,
          43.773464
        ]
      }
    },
    {
      "type": "Feature",
      "properties": {
        "id": "hill-0489",
        "type": "hill",
        "longitude": 42.149831,
        "latitude": 43.71158,
        "elevation_m": 1743,
        "name": "",
        "point_id": "hill-0489",
        "icon_id": "mount-28",
        "icon_scale": 0.4064,
        "base_shift": 0.072,
        "priority": 855
      },
      "geometry": {
        "type": "Point",
        "coordinates": [
          42.149831,
          43.71158
        ]
      }
    },
    {
      "type": "Feature",
      "properties": {
        "id": "hill-0510",
        "type": "hill",
        "longitude": 40.939189,
        "latitude": 43.796709,
        "elevation_m": 1539,
        "name": "",
        "point_id": "hill-0510",
        "icon_id": "mount-13",
        "icon_scale": 0.3627,
        "base_shift": 0.0095,
        "priority": 778
      },
      "geometry": {
        "type": "Point",
        "coordinates": [
          40.939189,
          43.796709
        ]
      }
    },
    {
      "type": "Feature",
      "properties": {
        "id": "hill-0528",
        "type": "hill",
        "longitude": 41.044439,
        "latitude": 43.925717,
        "elevation_m": 1401,
        "name": "",
        "point_id": "hill-0528",
        "icon_id": "mount-8",
        "icon_scale": 0.3739,
        "base_shift": -0.0051,
        "priority": 767
      },
      "geometry": {
        "type": "Point",
        "coordinates": [
          41.044439,
          43.925717
        ]
      }
    },
    {
      "type": "Feature",
      "properties": {
        "id": "hill-0532",
        "type": "hill",
        "longitude": 41.400905,
        "latitude": 43.624776,
        "elevation_m": 1691,
        "name": "",
        "point_id": "hill-0532",
        "icon_id": "mount-10",
        "icon_scale": 0.3726,
        "base_shift": 0.0881,
        "priority": 851
      },
      "geometry": {
        "type": "Point",
        "coordinates": [
          41.400905,
          43.624776
        ]
      }
    },
    {
      "type": "Feature",
      "properties": {
        "id": "hill-0541",
        "type": "hill",
        "longitude": 42.222508,
        "latitude": 43.533834,
        "elevation_m": 1755,
        "name": "",
        "point_id": "hill-0541",
        "icon_id": "mount-29",
        "icon_scale": 0.3652,
        "base_shift": 0.0758,
        "priority": 856
      },
      "geometry": {
        "type": "Point",
        "coordinates": [
          42.222508,
          43.533834
        ]
      }
    },
    {
      "type": "Feature",
      "properties": {
        "id": "hill-0549",
        "type": "hill",
        "longitude": 42.14201,
        "latitude": 43.586157,
        "elevation_m": 1514,
        "name": "",
        "point_id": "hill-0549",
        "icon_id": "mount-23",
        "icon_scale": 0.344,
        "base_shift": 0.0892,
        "priority": 836
      },
      "geometry": {
        "type": "Point",
        "coordinates": [
          42.14201,
          43.586157
        ]
      }
    },
    {
      "type": "Feature",
      "properties": {
        "id": "hill-0554",
        "type": "hill",
        "longitude": 42.15777,
        "latitude": 43.667484,
        "elevation_m": 1433,
        "name": "",
        "point_id": "hill-0554",
        "icon_id": "mount-28",
        "icon_scale": 0.3604,
        "base_shift": 0.0777,
        "priority": 830
      },
      "geometry": {
        "type": "Point",
        "coordinates": [
          42.15777,
          43.667484
        ]
      }
    },
    {
      "type": "Feature",
      "properties": {
        "id": "hill-0563",
        "type": "hill",
        "longitude": 40.765618,
        "latitude": 43.453277,
        "elevation_m": 1542,
        "name": "",
        "point_id": "hill-0563",
        "icon_id": "mount-13",
        "icon_scale": 0.3815,
        "base_shift": 0.0001,
        "priority": 779
      },
      "geometry": {
        "type": "Point",
        "coordinates": [
          40.765618,
          43.453277
        ]
      }
    },
    {
      "type": "Feature",
      "properties": {
        "id": "hill-0570",
        "type": "hill",
        "longitude": 41.615052,
        "latitude": 44.110669,
        "elevation_m": 745,
        "name": "",
        "point_id": "hill-0570",
        "icon_id": "mount-8",
        "icon_scale": 0.3736,
        "base_shift": -0.088,
        "priority": 773
      },
      "geometry": {
        "type": "Point",
        "coordinates": [
          41.615052,
          44.110669
        ]
      }
    },
    {
      "type": "Feature",
      "properties": {
        "id": "hill-0572",
        "type": "hill",
        "longitude": 41.675402,
        "latitude": 44.119511,
        "elevation_m": 788,
        "name": "",
        "point_id": "hill-0572",
        "icon_id": "mount-10",
        "icon_scale": 0.3667,
        "base_shift": 0.0857,
        "priority": 776
      },
      "geometry": {
        "type": "Point",
        "coordinates": [
          41.675402,
          44.119511
        ]
      }
    },
    {
      "type": "Feature",
      "properties": {
        "id": "hill-0581",
        "type": "hill",
        "longitude": 41.568339,
        "latitude": 44.104783,
        "elevation_m": 1121,
        "name": "",
        "point_id": "hill-0581",
        "icon_id": "mount-29",
        "icon_scale": 0.3938,
        "base_shift": -0.0827,
        "priority": 804
      },
      "geometry": {
        "type": "Point",
        "coordinates": [
          41.568339,
          44.104783
        ]
      }
    },
    {
      "type": "Feature",
      "properties": {
        "id": "hill-0584",
        "type": "hill",
        "longitude": 41.539446,
        "latitude": 44.005472,
        "elevation_m": 1094,
        "name": "",
        "point_id": "hill-0584",
        "icon_id": "mount-23",
        "icon_scale": 0.3732,
        "base_shift": -0.0875,
        "priority": 802
      },
      "geometry": {
        "type": "Point",
        "coordinates": [
          41.539446,
          44.005472
        ]
      }
    },
    {
      "type": "Feature",
      "properties": {
        "id": "hill-0591",
        "type": "hill",
        "longitude": 41.471179,
        "latitude": 43.981946,
        "elevation_m": 1333,
        "name": "",
        "point_id": "hill-0591",
        "icon_id": "mount-28",
        "icon_scale": 0.3755,
        "base_shift": -0.0811,
        "priority": 821
      },
      "geometry": {
        "type": "Point",
        "coordinates": [
          41.471179,
          43.981946
        ]
      }
    },
    {
      "type": "Feature",
      "properties": {
        "id": "hill-0611",
        "type": "hill",
        "longitude": 41.09863,
        "latitude": 43.779491,
        "elevation_m": 1766,
        "name": "",
        "point_id": "hill-0611",
        "icon_id": "mount-13",
        "icon_scale": 0.3935,
        "base_shift": -0.0056,
        "priority": 797
      },
      "geometry": {
        "type": "Point",
        "coordinates": [
          41.09863,
          43.779491
        ]
      }
    },
    {
      "type": "Feature",
      "properties": {
        "id": "hill-0612",
        "type": "hill",
        "longitude": 41.699445,
        "latitude": 44.04601,
        "elevation_m": 1044,
        "name": "",
        "point_id": "hill-0612",
        "icon_id": "mount-8",
        "icon_scale": 0.3897,
        "base_shift": 0.086,
        "priority": 797
      },
      "geometry": {
        "type": "Point",
        "coordinates": [
          41.699445,
          44.04601
        ]
      }
    },
    {
      "type": "Feature",
      "properties": {
        "id": "hill-0617",
        "type": "hill",
        "longitude": 41.911157,
        "latitude": 43.658496,
        "elevation_m": 1737,
        "name": "",
        "point_id": "hill-0617",
        "icon_id": "mount-10",
        "icon_scale": 0.3539,
        "base_shift": 0.0861,
        "priority": 855
      },
      "geometry": {
        "type": "Point",
        "coordinates": [
          41.911157,
          43.658496
        ]
      }
    },
    {
      "type": "Feature",
      "properties": {
        "id": "hill-0620",
        "type": "hill",
        "longitude": 42.121711,
        "latitude": 43.601325,
        "elevation_m": 1424,
        "name": "",
        "point_id": "hill-0620",
        "icon_id": "mount-29",
        "icon_scale": 0.3199,
        "base_shift": -0.089,
        "priority": 829
      },
      "geometry": {
        "type": "Point",
        "coordinates": [
          42.121711,
          43.601325
        ]
      }
    },
    {
      "type": "Feature",
      "properties": {
        "id": "hill-0625",
        "type": "hill",
        "longitude": 42.117258,
        "latitude": 43.607307,
        "elevation_m": 1236,
        "name": "",
        "point_id": "hill-0625",
        "icon_id": "mount-23",
        "icon_scale": 0.312,
        "base_shift": -0.0893,
        "priority": 813
      },
      "geometry": {
        "type": "Point",
        "coordinates": [
          42.117258,
          43.607307
        ]
      }
    },
    {
      "type": "Feature",
      "properties": {
        "id": "hill-0627",
        "type": "hill",
        "longitude": 42.045783,
        "latitude": 43.657052,
        "elevation_m": 1155,
        "name": "",
        "point_id": "hill-0627",
        "icon_id": "mount-28",
        "icon_scale": 0.3183,
        "base_shift": 0.0892,
        "priority": 807
      },
      "geometry": {
        "type": "Point",
        "coordinates": [
          42.045783,
          43.657052
        ]
      }
    },
    {
      "type": "Feature",
      "properties": {
        "id": "hill-0628",
        "type": "hill",
        "longitude": 41.694939,
        "latitude": 44.15082,
        "elevation_m": 654,
        "name": "",
        "point_id": "hill-0628",
        "icon_id": "mount-13",
        "icon_scale": 0.3506,
        "base_shift": 0.0868,
        "priority": 765
      },
      "geometry": {
        "type": "Point",
        "coordinates": [
          41.694939,
          44.15082
        ]
      }
    },
    {
      "type": "Feature",
      "properties": {
        "id": "hill-0631",
        "type": "hill",
        "longitude": 41.724068,
        "latitude": 44.191036,
        "elevation_m": 612,
        "name": "",
        "point_id": "hill-0631",
        "icon_id": "mount-8",
        "icon_scale": 0.3574,
        "base_shift": 0.088,
        "priority": 762
      },
      "geometry": {
        "type": "Point",
        "coordinates": [
          41.724068,
          44.191036
        ]
      }
    },
    {
      "type": "Feature",
      "properties": {
        "id": "hill-0632",
        "type": "hill",
        "longitude": 42.169873,
        "latitude": 43.619813,
        "elevation_m": 1655,
        "name": "",
        "point_id": "hill-0632",
        "icon_id": "mount-10",
        "icon_scale": 0.3503,
        "base_shift": 0.0827,
        "priority": 848
      },
      "geometry": {
        "type": "Point",
        "coordinates": [
          42.169873,
          43.619813
        ]
      }
    },
    {
      "type": "Feature",
      "properties": {
        "id": "hill-0634",
        "type": "hill",
        "longitude": 42.110231,
        "latitude": 43.646502,
        "elevation_m": 1668,
        "name": "",
        "point_id": "hill-0634",
        "icon_id": "mount-29",
        "icon_scale": 0.3301,
        "base_shift": 0.0864,
        "priority": 849
      },
      "geometry": {
        "type": "Point",
        "coordinates": [
          42.110231,
          43.646502
        ]
      }
    },
    {
      "type": "Feature",
      "properties": {
        "id": "hill-0639",
        "type": "hill",
        "longitude": 42.12744,
        "latitude": 43.635112,
        "elevation_m": 1674,
        "name": "",
        "point_id": "hill-0639",
        "icon_id": "mount-23",
        "icon_scale": 0.3511,
        "base_shift": 0.0855,
        "priority": 850
      },
      "geometry": {
        "type": "Point",
        "coordinates": [
          42.12744,
          43.635112
        ]
      }
    },
    {
      "type": "Feature",
      "properties": {
        "id": "hill-0645",
        "type": "hill",
        "longitude": 42.083452,
        "latitude": 43.631797,
        "elevation_m": 1578,
        "name": "",
        "point_id": "hill-0645",
        "icon_id": "mount-28",
        "icon_scale": 0.3366,
        "base_shift": -0.0884,
        "priority": 842
      },
      "geometry": {
        "type": "Point",
        "coordinates": [
          42.083452,
          43.631797
        ]
      }
    },
    {
      "type": "Feature",
      "properties": {
        "id": "hill-0649",
        "type": "hill",
        "longitude": 42.017577,
        "latitude": 43.676493,
        "elevation_m": 1568,
        "name": "",
        "point_id": "hill-0649",
        "icon_id": "mount-13",
        "icon_scale": 0.3668,
        "base_shift": 0.0861,
        "priority": 841
      },
      "geometry": {
        "type": "Point",
        "coordinates": [
          42.017577,
          43.676493
        ]
      }
    },
    {
      "type": "Feature",
      "properties": {
        "id": "hill-0650",
        "type": "hill",
        "longitude": 42.062273,
        "latitude": 43.659955,
        "elevation_m": 1490,
        "name": "",
        "point_id": "hill-0650",
        "icon_id": "mount-8",
        "icon_scale": 0.353,
        "base_shift": 0.0884,
        "priority": 834
      },
      "geometry": {
        "type": "Point",
        "coordinates": [
          42.062273,
          43.659955
        ]
      }
    },
    {
      "type": "Feature",
      "properties": {
        "id": "hill-0653",
        "type": "hill",
        "longitude": 41.98347,
        "latitude": 43.649685,
        "elevation_m": 1446,
        "name": "",
        "point_id": "hill-0653",
        "icon_id": "mount-10",
        "icon_scale": 0.3309,
        "base_shift": -0.0885,
        "priority": 831
      },
      "geometry": {
        "type": "Point",
        "coordinates": [
          41.98347,
          43.649685
        ]
      }
    },
    {
      "type": "Feature",
      "properties": {
        "id": "hill-0657",
        "type": "hill",
        "longitude": 42.037146,
        "latitude": 43.645004,
        "elevation_m": 1489,
        "name": "",
        "point_id": "hill-0657",
        "icon_id": "mount-29",
        "icon_scale": 0.3226,
        "base_shift": -0.088,
        "priority": 834
      },
      "geometry": {
        "type": "Point",
        "coordinates": [
          42.037146,
          43.645004
        ]
      }
    },
    {
      "type": "Feature",
      "properties": {
        "id": "hill-0659",
        "type": "hill",
        "longitude": 41.452886,
        "latitude": 43.908127,
        "elevation_m": 913,
        "name": "",
        "point_id": "hill-0659",
        "icon_id": "mount-23",
        "icon_scale": 0.3452,
        "base_shift": -0.0779,
        "priority": 787
      },
      "geometry": {
        "type": "Point",
        "coordinates": [
          41.452886,
          43.908127
        ]
      }
    },
    {
      "type": "Feature",
      "properties": {
        "id": "hill-0670",
        "type": "hill",
        "longitude": 41.46457,
        "latitude": 43.955576,
        "elevation_m": 1548,
        "name": "",
        "point_id": "hill-0670",
        "icon_id": "mount-28",
        "icon_scale": 0.3761,
        "base_shift": -0.0814,
        "priority": 839
      },
      "geometry": {
        "type": "Point",
        "coordinates": [
          41.46457,
          43.955576
        ]
      }
    },
    {
      "type": "Feature",
      "properties": {
        "id": "hill-0684",
        "type": "hill",
        "longitude": 43.044466,
        "latitude": 43.449087,
        "elevation_m": 1560,
        "name": "",
        "point_id": "hill-0684",
        "icon_id": "mount-13",
        "icon_scale": 0.4072,
        "base_shift": 0.086,
        "priority": 840
      },
      "geometry": {
        "type": "Point",
        "coordinates": [
          43.044466,
          43.449087
        ]
      }
    },
    {
      "type": "Feature",
      "properties": {
        "id": "hill-0689",
        "type": "hill",
        "longitude": 41.409273,
        "latitude": 43.688194,
        "elevation_m": 1715,
        "name": "",
        "point_id": "hill-0689",
        "icon_id": "mount-8",
        "icon_scale": 0.3946,
        "base_shift": -0.0869,
        "priority": 853
      },
      "geometry": {
        "type": "Point",
        "coordinates": [
          41.409273,
          43.688194
        ]
      }
    },
    {
      "type": "Feature",
      "properties": {
        "id": "hill-0704",
        "type": "hill",
        "longitude": 42.17985,
        "latitude": 43.568638,
        "elevation_m": 1611,
        "name": "",
        "point_id": "hill-0704",
        "icon_id": "mount-10",
        "icon_scale": 0.3688,
        "base_shift": 0.0829,
        "priority": 844
      },
      "geometry": {
        "type": "Point",
        "coordinates": [
          42.17985,
          43.568638
        ]
      }
    },
    {
      "type": "Feature",
      "properties": {
        "id": "hill-0739",
        "type": "hill",
        "longitude": 41.223729,
        "latitude": 44.041113,
        "elevation_m": 1258,
        "name": "",
        "point_id": "hill-0739",
        "icon_id": "mount-29",
        "icon_scale": 0.3662,
        "base_shift": -0.0001,
        "priority": 755
      },
      "geometry": {
        "type": "Point",
        "coordinates": [
          41.223729,
          44.041113
        ]
      }
    },
    {
      "type": "Feature",
      "properties": {
        "id": "hill-0746",
        "type": "hill",
        "longitude": 42.126024,
        "latitude": 43.501453,
        "elevation_m": 1629,
        "name": "",
        "point_id": "hill-0746",
        "icon_id": "mount-23",
        "icon_scale": 0.3285,
        "base_shift": 0.0873,
        "priority": 846
      },
      "geometry": {
        "type": "Point",
        "coordinates": [
          42.126024,
          43.501453
        ]
      }
    },
    {
      "type": "Feature",
      "properties": {
        "id": "hill-0747",
        "type": "hill",
        "longitude": 42.065953,
        "latitude": 43.552856,
        "elevation_m": 1610,
        "name": "",
        "point_id": "hill-0747",
        "icon_id": "mount-28",
        "icon_scale": 0.3585,
        "base_shift": -0.0798,
        "priority": 844
      },
      "geometry": {
        "type": "Point",
        "coordinates": [
          42.065953,
          43.552856
        ]
      }
    },
    {
      "type": "Feature",
      "properties": {
        "id": "hill-0753",
        "type": "hill",
        "longitude": 42.38681,
        "latitude": 44.086653,
        "elevation_m": 759,
        "name": "",
        "point_id": "hill-0753",
        "icon_id": "mount-13",
        "icon_scale": 0.3393,
        "base_shift": -0.0027,
        "priority": 714
      },
      "geometry": {
        "type": "Point",
        "coordinates": [
          42.38681,
          44.086653
        ]
      }
    },
    {
      "type": "Feature",
      "properties": {
        "id": "hill-0760",
        "type": "hill",
        "longitude": 43.424202,
        "latitude": 43.360118,
        "elevation_m": 1206,
        "name": "",
        "point_id": "hill-0760",
        "icon_id": "mount-8",
        "icon_scale": 0.3887,
        "base_shift": 0.0866,
        "priority": 811
      },
      "geometry": {
        "type": "Point",
        "coordinates": [
          43.424202,
          43.360118
        ]
      }
    },
    {
      "type": "Feature",
      "properties": {
        "id": "hill-0763",
        "type": "hill",
        "longitude": 42.097088,
        "latitude": 43.743639,
        "elevation_m": 1508,
        "name": "",
        "point_id": "hill-0763",
        "icon_id": "mount-10",
        "icon_scale": 0.3944,
        "base_shift": 0.0697,
        "priority": 836
      },
      "geometry": {
        "type": "Point",
        "coordinates": [
          42.097088,
          43.743639
        ]
      }
    },
    {
      "type": "Feature",
      "properties": {
        "id": "hill-0768",
        "type": "hill",
        "longitude": 43.594469,
        "latitude": 43.437387,
        "elevation_m": 840,
        "name": "",
        "point_id": "hill-0768",
        "icon_id": "mount-29",
        "icon_scale": 0.3602,
        "base_shift": 0.0861,
        "priority": 781
      },
      "geometry": {
        "type": "Point",
        "coordinates": [
          43.594469,
          43.437387
        ]
      }
    },
    {
      "type": "Feature",
      "properties": {
        "id": "hill-0770",
        "type": "hill",
        "longitude": 41.291857,
        "latitude": 43.573675,
        "elevation_m": 1656,
        "name": "",
        "point_id": "hill-0770",
        "icon_id": "mount-23",
        "icon_scale": 0.3606,
        "base_shift": -0.0874,
        "priority": 848
      },
      "geometry": {
        "type": "Point",
        "coordinates": [
          41.291857,
          43.573675
        ]
      }
    },
    {
      "type": "Feature",
      "properties": {
        "id": "hill-0772",
        "type": "hill",
        "longitude": 42.078109,
        "latitude": 43.771512,
        "elevation_m": 1749,
        "name": "",
        "point_id": "hill-0772",
        "icon_id": "mount-28",
        "icon_scale": 0.4172,
        "base_shift": 0.0654,
        "priority": 856
      },
      "geometry": {
        "type": "Point",
        "coordinates": [
          42.078109,
          43.771512
        ]
      }
    },
    {
      "type": "Feature",
      "properties": {
        "id": "hill-0775",
        "type": "hill",
        "longitude": 43.311367,
        "latitude": 43.238817,
        "elevation_m": 1706,
        "name": "",
        "point_id": "hill-0775",
        "icon_id": "mount-13",
        "icon_scale": 0.3733,
        "base_shift": -0.0874,
        "priority": 852
      },
      "geometry": {
        "type": "Point",
        "coordinates": [
          43.311367,
          43.238817
        ]
      }
    },
    {
      "type": "Feature",
      "properties": {
        "id": "hill-0779",
        "type": "hill",
        "longitude": 43.402777,
        "latitude": 43.357708,
        "elevation_m": 1421,
        "name": "",
        "point_id": "hill-0779",
        "icon_id": "mount-8",
        "icon_scale": 0.3899,
        "base_shift": 0.0879,
        "priority": 829
      },
      "geometry": {
        "type": "Point",
        "coordinates": [
          43.402777,
          43.357708
        ]
      }
    },
    {
      "type": "Feature",
      "properties": {
        "id": "hill-0780",
        "type": "hill",
        "longitude": 41.601148,
        "latitude": 43.928685,
        "elevation_m": 1595,
        "name": "",
        "point_id": "hill-0780",
        "icon_id": "mount-10",
        "icon_scale": 0.4193,
        "base_shift": 0.0802,
        "priority": 843
      },
      "geometry": {
        "type": "Point",
        "coordinates": [
          41.601148,
          43.928685
        ]
      }
    }
  ]
}
