id,latitude,longitude,elevation,name,category,ridge_id
peak-00151,43.241732679644855,42.727686166763306,4028,Курмычи,regular,axis_adylsu
peak-00147,43.32694156641358,42.60077476501465,4007,Црик,regular,axis_adylsu
rock-00889,43.23995068917739,42.73055076599121,3988,Курмычи Восточная,regular,axis_adylsu
rock-00840,43.321306316080864,42.62052655220032,3984,Советский Воин,regular,axis_adylsu
rock-00890,43.244366491156256,42.729703187942505,3967,1 Мая,regular,axis_adylsu
rock-00896,43.24521835240799,42.73154854774475,3937,Авиации,regular,axis_adylsu
rock-00837,43.336376708397836,42.58751392364502,3936,Субаши,regular,axis_adylsu
rock-00895,43.24667195969755,42.712504863739014,3910,Андыртау,regular,axis_adylsu
rock-00774,43.34598203426614,42.554404735565186,3901,Чаткара,regular,axis_adylsu
rock-00891,43.23608171467407,42.73807168006897,3898,Адылсу узловая,regular,axis_adylsu
rock-00097,43.33599433660214,42.53426671028137,3897,Аскерколбаши-Терсак,regular,axis_adylsu
rock-00844,43.32293762651403,42.64840006828308,3865,Мукал,regular,axis_adylsu
rock-00888,43.24129500260426,42.71209716796875,3850,Узловая Андыртау,regular,axis_adylsu
rock-00886,43.225771066001016,42.75433659553528,3816,Локомотив,regular,axis_adylsu
rock-00393,43.326574744694796,42.54582166671753,3810,,regular,axis_adylsu
rock-00892,43.24953218243763,42.71650671958923,3808,МНР,regular,axis_adylsu
rock-00887,43.25312680742326,42.72124886512756,3807,МНР,regular,axis_adylsu
rock-00848,43.3175439881835,42.65999794006348,3787,Сылтранкель-Баши,regular,axis_adylsu
rock-00843,43.32074432339516,42.64336824417114,3781,,regular,axis_adylsu
rock-00893,43.25092317118313,42.71967172622681,3778,МНР,regular,axis_adylsu
rock-00424,43.32754252486765,42.623058557510376,3776,,regular,axis_adylsu
rock-00894,43.22963287791913,42.744433879852295,3776,Дружба,regular,axis_adylsu
rock-00130,43.365273924511314,42.571399211883545,3775,Академика Фортова,regular,axis_adylsu
rock-00714,43.337281905501015,42.57606625556946,3771,,regular,axis_adylsu
rock-00712,43.3402471118508,42.56205439567566,3759,,regular,axis_adylsu
rock-00394,43.33283382446453,42.53977060317993,3747,,regular,axis_adylsu
rock-00302,43.2403336652099,42.74508833885193,3740,День Физкультурника,regular,axis_adylsu
rock-00422,43.329431212730725,42.627049684524536,3726,,regular,axis_adylsu
rock-00880,43.195008552270735,42.70885705947876,3715,Чегет-Карабаши,regular,axis_adylsu
rock-00099,43.34968798845486,42.56003737449646,3704,,regular,axis_adylsu
rock-00839,43.34633313436541,42.60319948196411,3696,,regular,axis_adylsu
rock-00071,43.32180586077072,42.54411578178406,3674,,regular,axis_adylsu
rock-00392,43.35604609847303,42.561904191970825,3653,,regular,axis_adylsu
rock-00418,43.334066833952676,42.60669708251953,3653,,regular,axis_adylsu
rock-00416,43.31860558147406,42.54759192466736,3638,,regular,axis_adylsu
rock-00897,43.24471036318704,42.75437951087952,3637,ВМФ,regular,axis_adylsu
rock-00412,43.341784280253165,42.60544180870056,3546,,regular,axis_adylsu
rock-00389,43.316396509871595,42.51976132392883,3527,,regular,axis_adylsu
rock-00847,43.3185275237756,42.67686367034912,3525,,regular,axis_adylsu
rock-00410,43.31352381608173,42.5584602355957,3518,,regular,axis_adylsu
rock-00072,43.32362448096046,42.56049871444702,3455,,regular,axis_adylsu
rock-00403,43.28819452104702,42.63619065284729,3438,,regular,axis_adylsu
rock-00473,43.24093547982588,42.6848030090332,3364,Поворотный,regular,axis_adylsu
rock-00474,43.259830997546146,42.72384524345398,3237,,regular,axis_adylsu
mount-01135,43.24551532875961,42.68504977226257,3194,Джапыртала,regular,axis_adylsu
mount-01136,43.265370383225076,42.72378087043762,3155,,regular,axis_adylsu
rock-00483,43.294902658081924,43.051085472106934,3637,,regular,axis_aktoprak_divide
rock-00481,43.27813483369815,43.01991820335388,3632,,regular,axis_aktoprak_divide
rock-00482,43.292458451689015,43.034541606903076,3604,Кумкюгенкая,regular,axis_aktoprak_divide
mount-01154,43.33026627500428,43.074045181274414,2875,Корджихо,regular,axis_aktoprak_divide
mount-00446,43.35310506780252,43.06965708732605,2581,Згирасырце,regular,axis_aktoprak_divide
mount-01152,43.218453277717316,43.05111765861511,2552,,regular,axis_aktoprak_divide
mount-01257,43.45004487294247,43.09744477272034,2264,,regular,axis_aktoprak_divide
mount-01192,43.5174043157414,43.07814359664917,2258,Егюзлеручу,regular,axis_aktoprak_divide
mount-01225,43.37632518742967,43.0963397026062,2181,Голугарде,regular,axis_aktoprak_divide
mount-01489,43.463689414145904,43.09444069862366,2104,Мамишукобаш,regular,axis_aktoprak_divide
mount-01161,43.462560273888926,43.170143365859985,2071,,regular,axis_aktoprak_divide
mount-01365,43.59417689879825,41.33054494857788,2801,Хызчерцахра,regular,axis_arkhyz_kyzgych_side
mount-00889,43.578813108191895,41.41873598098755,2739,Амакчат,regular,axis_arkhyz_kyzgych_side
mount-01851,43.60701978951161,41.42627835273743,2730,Пастухова,regular,axis_arkhyz_kyzgych_side
mount-00090,43.48240670757568,41.19891285896301,2684,,regular,axis_arkhyz_kyzgych_side
mount-00888,43.570861564726584,41.41477704048157,2681,,regular,axis_arkhyz_kyzgych_side
mount-01584,43.480250309945546,41.22594952583313,2563,,regular,axis_arkhyz_kyzgych_side
mount-00537,43.48818267146524,41.200886964797974,2547,,regular,axis_arkhyz_kyzgych_side
mount-01240,43.59562215223957,41.350951194763184,2484,,regular,axis_arkhyz_kyzgych_side
mount-00576,43.62123467426508,41.458561420440674,2391,,regular,axis_arkhyz_kyzgych_side
mount-00568,43.6218171798333,41.349921226501465,2325,,regular,axis_arkhyz_kyzgych_side
mount-01873,43.63334962790381,41.44721031188965,2299,,regular,axis_arkhyz_kyzgych_side
mount-00566,43.64202274521884,41.350404024124146,2249,,regular,axis_arkhyz_kyzgych_side
mount-01741,43.649693178924906,41.3680100440979,2167,,regular,axis_arkhyz_kyzgych_side
mount-00565,43.59514040494915,41.365370750427246,2155,,regular,axis_arkhyz_kyzgych_side
mount-01456,43.641316208643275,41.36935114860535,2043,,regular,axis_arkhyz_kyzgych_side
mount-01770,43.65886846360422,41.374897956848145,1936,,regular,axis_arkhyz_kyzgych_side
mount-00632,43.662563021555485,41.381614208221436,1902,,regular,axis_arkhyz_kyzgych_side
mount-01936,43.690156349273934,41.42919659614563,1895,,regular,axis_arkhyz_kyzgych_side
mount-01828,43.697626712164265,41.448272466659546,1887,,regular,axis_arkhyz_kyzgych_side
mount-00620,43.70044240184413,41.42022728919983,1853,,regular,axis_arkhyz_kyzgych_side
mount-00603,43.70253663073029,41.46243453025818,1833,Мицешта,regular,axis_arkhyz_kyzgych_side
hill-00358,43.705809686395696,41.413811445236206,1794,,regular,axis_arkhyz_kyzgych_side
hill-00352,43.52386929810754,41.219823360443115,1759,,regular,axis_arkhyz_kyzgych_side
hill-00357,43.68395749136448,41.429346799850464,1754,,regular,axis_arkhyz_kyzgych_side
hill-00689,43.68819357621453,41.40927314758301,1715,,regular,axis_arkhyz_kyzgych_side
hill-00532,43.62477622096131,41.40090465545654,1691,,regular,axis_arkhyz_kyzgych_side
hill-00770,43.57367542741133,41.29185676574707,1656,Карча-Тёбе,regular,axis_arkhyz_kyzgych_side
hill-00006,43.55016553095274,41.27982974052429,1618,,regular,axis_arkhyz_kyzgych_side
hill-00353,43.55078760402637,41.27491593360901,1599,Останец,regular,axis_arkhyz_kyzgych_side
hill-00356,43.677874384833785,41.39566898345947,1578,,regular,axis_arkhyz_kyzgych_side
mount-01402,43.418772313295534,41.35648727416992,2947,,regular,axis_arkhyz_psysh_side
mount-01401,43.4111192167544,41.35900855064392,2943,,regular,axis_arkhyz_psysh_side
mount-01178,43.38683644645542,41.40290021896362,2794,,regular,axis_arkhyz_psysh_side
mount-01173,43.41105686576398,41.39746069908142,2694,,regular,axis_arkhyz_psysh_side
mount-01172,43.44932050473585,41.34778618812561,2640,,regular,axis_arkhyz_psysh_side
mount-01467,43.48597977464661,41.28864884376526,2621,,regular,axis_arkhyz_psysh_side
mount-00567,43.514401091918444,41.30785346031189,2218,,regular,axis_arkhyz_psysh_side
rock-00437,43.382181462349365,42.810319662094116,3588,Бодурку,regular,axis_baksan_malka_side
rock-00436,43.37729997282645,42.80395746231079,3545,Айрыташ,regular,axis_baksan_malka_side
rock-00459,43.38856735439646,42.769775390625,3535,,regular,axis_baksan_malka_side
rock-00458,43.39339336368727,42.81420350074768,3532,3555 m,regular,axis_baksan_malka_side
rock-00438,43.37709721875464,42.79154419898987,3530,Кыртык,regular,axis_baksan_malka_side
rock-00452,43.389183296199064,42.740968465805054,3485,,regular,axis_baksan_malka_side
rock-00765,43.38593978552041,42.7543580532074,3479,,regular,axis_baksan_malka_side
rock-00456,43.38089484590549,42.82567262649536,3442,,regular,axis_baksan_malka_side
rock-00455,43.36542211990212,42.78742432594299,3433,,regular,axis_baksan_malka_side
rock-00451,43.38906634570529,42.80672550201416,3368,,regular,axis_baksan_malka_side
rock-00440,43.3948356343644,42.80776619911194,3325,,regular,axis_baksan_malka_side
rock-00448,43.38232961642922,42.76199698448181,3320,,regular,axis_baksan_malka_side
rock-00445,43.4018204163676,42.76733994483948,3277,,regular,axis_baksan_malka_side
rock-00443,43.35728643737511,42.779173851013184,3258,,regular,axis_baksan_malka_side
rock-00442,43.385783843134334,42.83437371253967,3232,,regular,axis_baksan_malka_side
rock-00439,43.37042935136958,42.8157913684845,3211,,regular,axis_baksan_malka_side
mount-01036,43.33639231535878,42.71164655685425,3138,,regular,axis_baksan_malka_side
mount-01034,43.344515194109675,42.778122425079346,3061,,regular,axis_baksan_malka_side
mount-01115,43.40159435902282,42.838053703308105,2973,,regular,axis_baksan_malka_side
mount-01117,43.41217138003651,42.833847999572754,2956,,regular,axis_baksan_malka_side
mount-01116,43.37542057256303,42.74210572242737,2930,,regular,axis_baksan_malka_side
mount-00628,43.311712700204254,42.70584225654602,2905,Сарыкол,regular,axis_baksan_malka_side
mount-01114,43.41531217355026,42.8397274017334,2879,,regular,axis_baksan_malka_side
mount-01113,43.36053928122638,42.82719612121582,2799,,regular,axis_baksan_malka_side
mount-01029,43.37130284473173,42.73664474487305,2741,,regular,axis_baksan_malka_side
mount-01112,43.42236472664547,42.84100413322449,2721,,regular,axis_baksan_malka_side
mount-01086,43.4237050084794,42.86893129348755,2712,Чаратбаш,regular,axis_baksan_malka_side
mount-01111,43.42672053411616,42.861539125442505,2680,,regular,axis_baksan_malka_side
mount-01027,43.33853043108735,42.742964029312134,2542,,regular,axis_baksan_malka_side
mount-01110,43.38514447515712,42.87796497344971,2539,,regular,axis_baksan_malka_side
mount-01026,43.33344252847985,42.76825189590454,2499,,regular,axis_baksan_malka_side
mount-01107,43.432423908261455,42.89690136909485,2438,,regular,axis_baksan_malka_side
mount-01105,43.430561800110155,42.87964940071106,2437,,regular,axis_baksan_malka_side
mount-01025,43.3293765820884,42.766878604888916,2347,,regular,axis_baksan_malka_side
mount-01090,43.355406416928815,42.83988833427429,2316,,regular,axis_baksan_malka_side
mount-01095,43.438212439241,42.91432499885559,2293,,regular,axis_baksan_malka_side
mount-01865,43.38076228387189,42.89060354232788,2242,,regular,axis_baksan_malka_side
mount-01087,43.338140269599364,42.801146507263184,2196,,regular,axis_baksan_malka_side
mount-00044,43.37753391898994,42.898478507995605,2045,,regular,axis_baksan_malka_side
mount-01024,43.320283797735755,42.75599956512451,1974,Сабамык,regular,axis_baksan_malka_side
mount-01226,43.424273840056,43.014811277389526,1957,Кызыл-Ыстын,regular,axis_baksan_malka_side
hill-00684,43.44908683572186,43.04446578025818,1560,Ранбиши,regular,axis_baksan_malka_side
hill-00443,43.46731030788291,43.00498366355896,1402,,regular,axis_baksan_malka_side
hill-00442,43.510331718596035,43.16400647163391,993,,regular,axis_baksan_malka_side
rock-00815,43.39283203825275,42.402827739715576,3704,,regular,axis_balkbashi_spur
rock-00907,43.39856199103025,42.40798830986023,3685,,regular,axis_balkbashi_spur
rock-00910,43.43957574080258,42.416818141937256,3620,Кызылкая,regular,axis_balkbashi_spur
rock-00906,43.413168969822124,42.4101984500885,3609,,regular,axis_balkbashi_spur
rock-00911,43.44970216218408,42.41971492767334,3540,,regular,axis_balkbashi_spur
rock-00080,43.405772386084664,42.417837381362915,3531,,regular,axis_balkbashi_spur
rock-00728,43.41528879355516,42.3781943321228,3523,,regular,axis_balkbashi_spur
rock-00673,43.448206674331686,42.41867423057556,3513,,regular,axis_balkbashi_spur
rock-00369,43.36297294962688,42.13033676147461,3475,,regular,axis_balkbashi_spur
rock-00387,43.41944249768571,42.366617918014526,3457,,regular,axis_balkbashi_spur
rock-00820,43.416808474460765,42.418051958084106,3453,,regular,axis_balkbashi_spur
rock-00432,43.43880450540681,42.439316511154175,3451,,regular,axis_balkbashi_spur
rock-00909,43.44337724232548,42.456300258636475,3441,Ташлысырт,regular,axis_balkbashi_spur
rock-00221,43.385854017257714,42.12206482887268,3426,,regular,axis_balkbashi_spur
rock-00385,43.406434919876006,42.39106893539429,3407,,regular,axis_balkbashi_spur
rock-00431,43.44795742276139,42.40569233894348,3373,,regular,axis_balkbashi_spur
rock-00109,43.44749007329878,42.340461015701294,3360,Зарауса,regular,axis_balkbashi_spur
rock-00096,43.39705744364164,42.23449230194092,3358,Кепурлибаши,regular,axis_balkbashi_spur
rock-00727,43.4246322791262,42.354140281677246,3344,,regular,axis_balkbashi_spur
rock-00450,43.392839834474955,42.24735617637634,3338,,regular,axis_balkbashi_spur
rock-00379,43.41309882732739,42.36384987831116,3318,,regular,axis_balkbashi_spur
rock-00039,43.4607302431686,42.39227056503296,3294,,regular,axis_balkbashi_spur
rock-00430,43.443797885602635,42.34925866127014,3269,,regular,axis_balkbashi_spur
rock-00435,43.387826656597895,42.250531911849976,3269,,regular,axis_balkbashi_spur
rock-00428,43.43626481229654,42.35182285308838,3247,,regular,axis_balkbashi_spur
rock-00776,43.457988987142784,42.45538830757141,3208,,regular,axis_balkbashi_spur
rock-00220,43.399926185642414,42.12038040161133,3207,,regular,axis_balkbashi_spur
mount-01769,43.45911042508416,42.38450288772583,3192,,regular,axis_balkbashi_spur
mount-01021,43.42849705254369,42.3402464389801,3184,,regular,axis_balkbashi_spur
mount-01823,43.44756017594838,42.30216979980469,3171,,regular,axis_balkbashi_spur
mount-01854,43.46100280444617,42.42542266845703,3169,,regular,axis_balkbashi_spur
mount-01020,43.4299229046151,42.323949337005615,3127,,regular,axis_balkbashi_spur
mount-01514,43.43165258171027,42.30926156044006,3115,,regular,axis_balkbashi_spur
mount-01069,43.45078481000286,42.32686758041382,3105,,regular,axis_balkbashi_spur
mount-01940,43.465106649999626,42.453038692474365,3095,Кызылкол,regular,axis_balkbashi_spur
mount-01067,43.43984060725654,42.39678740501404,3047,,regular,axis_balkbashi_spur
mount-00268,43.46413327729988,42.16732978820801,3038,Бгазырты-Дуппур,regular,axis_balkbashi_spur
mount-01576,43.387467999674584,42.1489942073822,3008,Экибекарась,regular,axis_balkbashi_spur
mount-01064,43.429400875240674,42.36897826194763,3006,,regular,axis_balkbashi_spur
mount-00984,43.33601774718943,42.1670401096344,2979,Чериккол,regular,axis_balkbashi_spur
mount-01017,43.419411326483186,42.344709634780884,2968,,regular,axis_balkbashi_spur
mount-01065,43.45412609725176,42.34028935432434,2968,,regular,axis_balkbashi_spur
mount-01063,43.43254856617526,42.38229274749756,2917,,regular,axis_balkbashi_spur
mount-01780,43.47133586414293,42.416592836380005,2904,,regular,axis_balkbashi_spur
mount-01452,43.42520889404676,42.30409026145935,2866,,regular,axis_balkbashi_spur
mount-01062,43.43899926274767,42.37498641014099,2865,,regular,axis_balkbashi_spur
mount-01774,43.47773571298225,42.42237567901611,2839,,regular,axis_balkbashi_spur
mount-01449,43.38703137099051,42.214622497558594,2809,,regular,axis_balkbashi_spur
mount-00995,43.41782157387675,42.11203336715698,2795,,regular,axis_balkbashi_spur
mount-00262,43.436070046154214,42.227046489715576,2756,,regular,axis_balkbashi_spur
mount-01014,43.43542341806631,42.23824739456177,2750,,regular,axis_balkbashi_spur
mount-01868,43.43244728163987,42.21652150154114,2708,,regular,axis_balkbashi_spur
mount-01061,43.483683383255965,42.355148792266846,2698,,regular,axis_balkbashi_spur
mount-01060,43.48535703306564,42.363120317459106,2693,,regular,axis_balkbashi_spur
mount-01075,43.403558691217484,42.207584381103516,2692,,regular,axis_balkbashi_spur
mount-01775,43.48552828764039,42.33827233314514,2635,,regular,axis_balkbashi_spur
mount-01011,43.43173049392945,42.09614396095276,2556,,regular,axis_balkbashi_spur
mount-01058,43.494214928181464,42.36229419708252,2545,,regular,axis_balkbashi_spur
mount-00271,43.49004300585233,42.32559084892273,2531,Чуммурлы,regular,axis_balkbashi_spur
mount-01430,43.443852413220725,42.17874526977539,2529,,regular,axis_balkbashi_spur
mount-01010,43.434192468393064,42.2058892250061,2508,,regular,axis_balkbashi_spur
mount-00992,43.397883779992554,42.1040403842926,2497,,regular,axis_balkbashi_spur
mount-00272,43.494884276949676,42.40377187728882,2480,Таштебе,regular,axis_balkbashi_spur
mount-01057,43.488859870949995,42.38257169723511,2478,,regular,axis_balkbashi_spur
mount-01448,43.41069055239899,42.19850778579712,2475,,regular,axis_balkbashi_spur
mount-01792,43.50448783647562,42.45193362236023,2433,,regular,axis_balkbashi_spur
mount-01791,43.496246300953004,42.44398355484009,2397,,regular,axis_balkbashi_spur
mount-01056,43.5099504439398,42.43695616722107,2391,,regular,axis_balkbashi_spur
mount-01725,43.553555751345925,42.45046377182007,2389,,regular,axis_balkbashi_spur
mount-00837,43.42266863036022,42.099995613098145,2385,,regular,axis_balkbashi_spur
mount-01726,43.55276264348049,42.429596185684204,2384,,regular,axis_balkbashi_spur
mount-01473,43.534370500191955,42.41622805595398,2364,курган,regular,axis_balkbashi_spur
mount-00904,43.55004889153662,42.433801889419556,2352,,regular,axis_balkbashi_spur
mount-01048,43.52991354662629,42.441784143447876,2349,Боркулдаук,regular,axis_balkbashi_spur
mount-01098,43.56385742958699,42.43450999259949,2344,,regular,axis_balkbashi_spur
mount-01008,43.446812410164114,42.15848922729492,2321,,regular,axis_balkbashi_spur
mount-01705,43.56652391666364,42.44988441467285,2288,,regular,axis_balkbashi_spur
mount-01053,43.47804712385644,42.326899766922,2275,,regular,axis_balkbashi_spur
mount-01784,43.520757479711165,42.422611713409424,2236,,regular,axis_balkbashi_spur
mount-01719,43.555126385139175,42.40598201751709,2203,,regular,axis_balkbashi_spur
mount-01718,43.54840036364962,42.40298867225647,2143,,regular,axis_balkbashi_spur
mount-01782,43.50887663706638,42.348700761795044,2104,,regular,axis_balkbashi_spur
mount-00263,43.42013605279041,42.178852558135986,2100,,regular,axis_balkbashi_spur
mount-01049,43.520531866637214,42.34950542449951,2061,,regular,axis_balkbashi_spur
mount-00987,43.37096748716084,42.175172567367554,2060,,regular,axis_balkbashi_spur
mount-01043,43.44936723843034,42.139681577682495,2058,,regular,axis_balkbashi_spur
mount-00986,43.38328871039835,42.173928022384644,1935,,regular,axis_balkbashi_spur
mount-01040,43.443906940789674,42.14158058166504,1813,,regular,axis_balkbashi_spur
peak-00038,43.0500271966317,43.21346640586853,5105,Коштантау,main,axis_bezengi_balkar
peak-00068,43.05221456845268,43.133182525634766,5001,Дыхтау,main,axis_bezengi_balkar
peak-00028,43.049384298324185,43.135478496551514,4963,Восточная Дыхтау,main,axis_bezengi_balkar
peak-00055,43.04544835934334,43.14803123474121,4894,Боровикова,main,axis_bezengi_balkar
peak-00054,43.04867867047369,43.139694929122925,4864,Пушкина,main,axis_bezengi_balkar
peak-00029,43.044923025675274,43.15029501914978,4853,Мижирги,main,axis_bezengi_balkar
peak-00026,43.04449961914631,43.154189586639404,4757,Восточный Мижирги,main,axis_bezengi_balkar
peak-00040,43.07919357632619,43.220354318618774,4667,Думалатау,regular,axis_bezengi_balkar
peak-00064,43.04122988142339,43.18744897842407,4667,Крумкол,regular,axis_bezengi_balkar
peak-00039,43.04887467902421,43.20104241371155,4663,Тихонова,main,axis_bezengi_balkar
peak-00065,43.055891372534234,43.21788668632507,4641,Ледовый Купол,main,axis_bezengi_balkar
peak-00041,43.072148200132574,43.20656776428223,4517,Уллу-Ауз,regular,axis_bezengi_balkar
peak-00060,43.08070599307578,43.2271671295166,4506,Думалатау,regular,axis_bezengi_balkar
peak-00087,43.02846290622665,43.227295875549316,4499,Тютюнтау,regular,axis_bezengi_balkar
peak-00088,43.04773782071223,43.23868989944458,4458,Тютюнбаши,regular,axis_bezengi_balkar
peak-00135,43.0554053257907,43.22543978691101,4410,Коштан Малый,main,axis_bezengi_balkar
peak-00027,43.033215542704255,43.14509153366089,4409,Башхаузбаши,main,axis_bezengi_balkar
peak-00059,43.050913130818884,43.24473023414612,4386,Труд,regular,axis_bezengi_balkar
peak-00052,43.06152766547993,43.217597007751465,4371,Птица,main,axis_bezengi_balkar
peak-00086,43.031647056500645,43.22274684906006,4312,,regular,axis_bezengi_balkar
peak-00127,43.0644592736586,43.213123083114624,4307,Кундюм-Мижирги,regular,axis_bezengi_balkar
peak-00051,43.06491389552633,43.21167469024658,4302,,regular,axis_bezengi_balkar
peak-00031,43.02917660944422,43.137205839157104,4299,Селлы,regular,axis_bezengi_balkar
peak-00091,43.09611014229475,43.212651014328,4299,Укю,regular,axis_bezengi_balkar
peak-00089,43.0518225720717,43.24966549873352,4287,Мира,regular,axis_bezengi_balkar
peak-00049,43.06759452833259,43.21141719818115,4286,Скальный,regular,axis_bezengi_balkar
peak-00033,43.069953701739934,43.13239932060242,4256,Миссестау,regular,axis_bezengi_balkar
peak-00090,43.055883533101195,43.25045943260193,4212,Гертыбаши,regular,axis_bezengi_balkar
peak-00048,43.02837663384699,43.15423250198364,4207,Спартак,regular,axis_bezengi_balkar
peak-00128,43.02263532660956,43.162890672683716,4161,Двух Бойцов,regular,axis_bezengi_balkar
peak-00036,43.09900876063057,43.20767283439636,4155,Малая Укю,regular,axis_bezengi_balkar
peak-00034,43.08402064117729,43.21269392967224,4149,Урал,regular,axis_bezengi_balkar
peak-00053,43.067618042136814,43.1953239440918,4120,"Жандарм ""Утюг""",regular,axis_bezengi_balkar
peak-00035,43.10535390555671,43.20154666900635,4115,ГиданТау,regular,axis_bezengi_balkar
peak-00030,43.04787894909646,43.113688230514526,4108,Фрешфильда,regular,axis_bezengi_balkar
peak-00050,43.07333162915262,43.19719076156616,4080,Утюг,regular,axis_bezengi_balkar
peak-00044,43.06619152168935,43.188124895095825,4079,Панорамный,regular,axis_bezengi_balkar
peak-00139,43.05073280896849,43.098957538604736,4061,Семеновского,regular,axis_bezengi_balkar
peak-00032,43.08283741858392,43.144415616989136,4056,Брно,regular,axis_bezengi_balkar
peak-00037,43.10344259777767,43.195120096206665,4034,Малый Гидан,regular,axis_bezengi_balkar
rock-00139,43.08592471962314,43.208863735198975,3945,Западный Урал,regular,axis_bezengi_balkar
rock-00133,43.02662763127563,43.12183141708374,3942,Варшавы,regular,axis_bezengi_balkar
rock-00159,43.08641835992975,43.238046169281006,3917,,regular,axis_bezengi_balkar
rock-00635,43.045416996265544,43.261016607284546,3913,,regular,axis_bezengi_balkar
rock-00671,43.05923087985789,43.262572288513184,3906,Октябрёнок,regular,axis_bezengi_balkar
rock-00670,43.061997986393266,43.27260375022888,3865,Канкашева,regular,axis_bezengi_balkar
rock-00160,43.093509103097404,43.24343204498291,3855,Малая Думала,regular,axis_bezengi_balkar
rock-00132,43.08565830891604,43.199583292007446,3843,Архимед,regular,axis_bezengi_balkar
rock-00514,43.08843989301593,43.30382466316223,3811,Каяшкисубаши,regular,axis_bezengi_balkar
rock-00131,43.07455422056455,43.1437611579895,3758,Курсант,regular,axis_bezengi_balkar
rock-00640,43.08665342534428,43.31632375717163,3685,,regular,axis_bezengi_balkar
rock-00306,43.06253885098326,43.281487226486206,3684,,regular,axis_bezengi_balkar
rock-00639,43.08382474497549,43.294469118118286,3663,,regular,axis_bezengi_balkar
rock-00638,43.08095675286657,43.295466899871826,3660,,regular,axis_bezengi_balkar
rock-00516,43.10055202306418,43.29779505729675,3652,,regular,axis_bezengi_balkar
rock-00642,43.1063017040841,43.297719955444336,3636,Чупербаши,regular,axis_bezengi_balkar
rock-00515,43.09440224346895,43.29694747924805,3609,,regular,axis_bezengi_balkar
rock-00471,43.0671947922809,43.28763484954834,3598,,regular,axis_bezengi_balkar
rock-00682,43.115872863430496,43.24925780296326,3581,,regular,axis_bezengi_balkar
rock-00468,43.08623030694869,43.32838296890259,3552,,regular,axis_bezengi_balkar
rock-00789,43.176703205854324,43.39822769165039,3485,Соухаузкая,regular,axis_bezengi_balkar
rock-00637,43.07622348868284,43.29569220542908,3478,,regular,axis_bezengi_balkar
rock-00308,43.07120771044288,43.29365372657776,3466,,regular,axis_bezengi_balkar
rock-00643,43.11328832798682,43.36423873901367,3462,Речитебе,regular,axis_bezengi_balkar
rock-00641,43.090806098930585,43.347909450531006,3407,,regular,axis_bezengi_balkar
rock-00680,43.16380011551411,43.34580659866333,3405,Укладовой Александры,regular,axis_bezengi_balkar
rock-00759,43.1458376694965,43.300520181655884,3404,Чегетджара,regular,axis_bezengi_balkar
rock-00469,43.082116503548974,43.337910175323486,3391,,regular,axis_bezengi_balkar
rock-00679,43.170208965020834,43.349958658218384,3354,Просветления,regular,axis_bezengi_balkar
rock-00470,43.09115867145687,43.33705186843872,3303,,regular,axis_bezengi_balkar
rock-00678,43.17426990254191,43.357651233673096,3272,Майских Туманов,regular,axis_bezengi_balkar
rock-00681,43.15016635827172,43.335421085357666,3236,,regular,axis_bezengi_balkar
rock-00164,43.17266590360805,43.362886905670166,3226,60-летия Советской армии,regular,axis_bezengi_balkar
rock-00517,43.10507974622155,43.384655714035034,3221,,regular,axis_bezengi_balkar
mount-01325,43.0977239845692,43.337641954422,3176,,regular,axis_bezengi_balkar
mount-01645,43.210446486151625,43.374881744384766,3174,Иткаябаши,regular,axis_bezengi_balkar
mount-01383,43.124228780989085,43.31002593040466,3085,,regular,axis_bezengi_balkar
mount-00051,43.14027176206844,43.31661343574524,3084,,regular,axis_bezengi_balkar
mount-01385,43.176132053335124,43.371899127960205,3084,,regular,axis_bezengi_balkar
mount-01320,43.08130154590316,43.17669868469238,3069,Шлем,regular,axis_bezengi_balkar
mount-01933,43.11330399216675,43.305991888046265,3059,,regular,axis_bezengi_balkar
mount-01932,43.15588007113553,43.321495056152344,2992,,regular,axis_bezengi_balkar
mount-01562,43.165639109374354,43.42995285987854,2989,Ликоран,regular,axis_bezengi_balkar
mount-00052,43.09978431361927,43.330078125,2945,,regular,axis_bezengi_balkar
mount-01384,43.154079917872394,43.36596608161926,2830,,regular,axis_bezengi_balkar
mount-01196,43.11435348308942,43.39622139930725,2803,,regular,axis_bezengi_balkar
mount-01382,43.152068379538605,43.45370650291443,2023,Шишки,regular,axis_bezengi_balkar
hill-00449,43.20831950543632,43.500022888183594,1725,Эмелли,regular,axis_bezengi_balkar
hill-00481,43.271065502472425,43.419846296310425,1688,Зюльтавар,regular,axis_bezengi_balkar
hill-00450,43.31710685614354,43.44316005706787,1574,Чирахкенд,regular,axis_bezengi_balkar
hill-00448,43.223433534664736,43.514249324798584,1413,,regular,axis_bezengi_balkar
hill-00447,43.26744849945388,43.53054642677307,1067,Черек,regular,axis_bezengi_balkar
hill-00446,43.287983659577435,43.59951138496399,1008,,regular,axis_bezengi_balkar
hill-00445,43.41715916463832,43.60995054244995,997,Нартия,regular,axis_bezengi_balkar
hill-00768,43.43738665307154,43.59446883201599,840,Большая Кизиловка,regular,axis_bezengi_balkar
hill-00444,43.46024741731787,43.599607944488525,621,Малая Кизиловка,regular,axis_bezengi_balkar
peak-00073,43.0980530151528,43.065751791000366,4311,Шаурту,regular,axis_bezengi_khulam
peak-00046,43.10103771182321,43.073755502700806,4280,Шаурту Северный,regular,axis_bezengi_khulam
rock-00161,43.14705881346458,43.084741830825806,3910,Кору,regular,axis_bezengi_khulam
rock-00814,43.130038877558064,43.08516025543213,3840,,regular,axis_bezengi_khulam
rock-00252,43.13779786277951,43.079495429992676,3772,,regular,axis_bezengi_khulam
rock-00314,43.117345216635215,43.052319288253784,3764,,regular,axis_bezengi_khulam
rock-00555,43.04791815136778,42.9565966129303,3699,,regular,axis_bezengi_khulam
rock-00251,43.137014962408074,43.06766152381897,3652,,regular,axis_bezengi_khulam
rock-00241,43.18405729525065,43.129234313964844,3287,Хунгуф,regular,axis_bezengi_khulam
mount-01321,43.1288017334285,43.037556409835815,3072,,regular,axis_bezengi_khulam
mount-01375,43.20089013057347,43.14905047416687,3069,Илипсар,regular,axis_bezengi_khulam
mount-01378,43.27142484740551,43.21523666381836,2651,Нахотайбаши,regular,axis_bezengi_khulam
mount-01526,43.27275284287944,43.192877769470215,2383,Машло,regular,axis_bezengi_khulam
mount-00876,43.24113868861346,43.16296577453613,2172,Чегет-Баши,regular,axis_bezengi_khulam
rock-00317,43.15393120718812,43.07385206222534,3937,,regular,axis_bulungu_right
rock-00162,43.154745198081855,43.07837963104248,3859,,regular,axis_bulungu_right
rock-00321,43.16872223443849,43.09383988380432,3508,,regular,axis_bulungu_right
rock-00323,43.18252396246953,43.08807849884033,3489,,regular,axis_bulungu_right
mount-01525,43.327565938713064,43.229591846466064,3088,Ламутакая,regular,axis_bulungu_right
mount-00953,43.201406305862434,43.104740381240845,2931,Кору,regular,axis_bulungu_right
mount-00877,43.274752593154176,43.17129135131836,2379,Зинки,regular,axis_bulungu_right
mount-00084,43.40532809465978,43.302462100982666,2259,Таракла,regular,axis_bulungu_right
mount-01580,43.316138909721275,43.19895029067993,2146,Гюдю,regular,axis_bulungu_right
rock-00256,43.16062282972328,42.95796990394592,3989,,regular,axis_chegem_baksan_upper
rock-00007,43.16556085544423,42.96854853630066,3728,,regular,axis_chegem_baksan_upper
rock-00319,43.16435573226133,42.975640296936035,3726,,regular,axis_chegem_baksan_upper
rock-00322,43.17747777402343,42.95933246612549,3644,Кайсына Кулиева,regular,axis_chegem_baksan_upper
rock-00812,43.24933681630557,43.01628112792969,3608,,regular,axis_chegem_baksan_upper
rock-00318,43.16362012590673,42.979416847229004,3591,,regular,axis_chegem_baksan_upper
rock-00008,43.18147564136234,42.96446084976196,3526,Мустая Карима,regular,axis_chegem_baksan_upper
rock-00502,43.29360638194166,43.07395935058594,3339,Ворлан,regular,axis_chegem_baksan_upper
rock-00005,43.17368307855068,42.99346089363098,3228,,regular,axis_chegem_baksan_upper
mount-00952,43.18725682993181,42.99423336982727,3195,Болдошке,regular,axis_chegem_baksan_upper
mount-00630,43.18789828125145,43.0130410194397,3177,Гихи,regular,axis_chegem_baksan_upper
mount-00875,43.216240568371006,42.96279788017273,3136,,regular,axis_chegem_baksan_upper
mount-01157,43.313313042440086,43.08089017868042,2975,,regular,axis_chegem_baksan_upper
mount-01158,43.3170990501857,43.11456799507141,2947,Хобетайн,regular,axis_chegem_baksan_upper
mount-00881,43.2215259175924,43.017557859420776,2872,,regular,axis_chegem_baksan_upper
mount-01159,43.33900642470766,43.095234632492065,2856,Кекташ,regular,axis_chegem_baksan_upper
mount-00108,43.407463781517095,43.10937523841858,2691,Лха,regular,axis_chegem_baksan_upper
mount-01151,43.2176870482333,42.98924446105957,2658,Турист,regular,axis_chegem_baksan_upper
mount-01209,43.35732544133191,43.12067270278931,2011,Лзгора,regular,axis_chegem_baksan_upper
mount-00076,43.490657915497366,41.09827637672424,3158,Темир-Кулак,regular,axis_gabulu_dukkinsky
mount-00172,43.497865123812005,41.13004446029663,3113,,regular,axis_gabulu_dukkinsky
mount-01894,43.487085125141874,41.11156940460205,3094,,regular,axis_gabulu_dukkinsky
mount-00468,43.503048178129376,41.129175424575806,3080,Горячева,regular,axis_gabulu_dukkinsky
mount-00513,43.49555361829883,41.09364151954651,3052,,regular,axis_gabulu_dukkinsky
mount-00174,43.47642776978469,41.10502481460571,3051,Аюлю,regular,axis_gabulu_dukkinsky
mount-01338,43.50714916853212,41.12630009651184,3037,,regular,axis_gabulu_dukkinsky
mount-00074,43.51101645070719,41.13007664680481,3021,,regular,axis_gabulu_dukkinsky
mount-00080,43.50664336883872,41.09607696533203,3000,,regular,axis_gabulu_dukkinsky
mount-00075,43.51391869488552,41.123199462890625,2977,,regular,axis_gabulu_dukkinsky
mount-01166,43.4421230848244,41.07141137123108,2914,Аширхумара,regular,axis_gabulu_dukkinsky
mount-00048,43.51736541483393,41.125720739364624,2843,,regular,axis_gabulu_dukkinsky
mount-00508,43.428247719769416,41.0798442363739,2805,,regular,axis_gabulu_dukkinsky
mount-00503,43.50072130637949,41.114434003829956,2743,,regular,axis_gabulu_dukkinsky
mount-00082,43.480600632486244,41.1377477645874,2729,,regular,axis_gabulu_dukkinsky
mount-00170,43.47969757469508,41.139936447143555,2723,,regular,axis_gabulu_dukkinsky
mount-00499,43.518143428218536,41.094467639923096,2682,,regular,axis_gabulu_dukkinsky
mount-00173,43.501460623177564,41.147639751434326,2651,,regular,axis_gabulu_dukkinsky
mount-00496,43.42372838522485,41.06811761856079,2642,,regular,axis_gabulu_dukkinsky
mount-00488,43.52605525454695,41.12483024597168,2626,,regular,axis_gabulu_dukkinsky
mount-00171,43.528272246892755,41.14029049873352,2508,,regular,axis_gabulu_dukkinsky
mount-00486,43.51565375007647,41.156898736953735,2497,,regular,axis_gabulu_dukkinsky
mount-00580,43.5646348432565,41.22544527053833,2487,,regular,axis_gabulu_dukkinsky
mount-01318,43.51567709128605,41.17292761802673,2475,Пик Смирнова,regular,axis_gabulu_dukkinsky
mount-01214,43.524997292638375,41.093952655792236,2459,,regular,axis_gabulu_dukkinsky
mount-00479,43.52545626368624,41.161404848098755,2350,,regular,axis_gabulu_dukkinsky
mount-01926,43.55760665909827,41.230798959732056,2311,Кругозор,regular,axis_gabulu_dukkinsky
mount-00474,43.43782291886717,41.057292222976685,2308,,regular,axis_gabulu_dukkinsky
mount-00071,43.54731168843895,41.2445855140686,2231,Церковная,regular,axis_gabulu_dukkinsky
mount-01206,43.51964496568695,41.1862850189209,2220,,regular,axis_gabulu_dukkinsky
mount-00472,43.543205650725724,41.12352132797241,2164,,regular,axis_gabulu_dukkinsky
mount-00564,43.548765843061744,41.22094988822937,2035,,regular,axis_gabulu_dukkinsky
mount-00433,43.562209279428345,41.15312218666077,1994,,regular,axis_gabulu_dukkinsky
mount-00432,43.56406733226646,41.16544961929321,1988,,regular,axis_gabulu_dukkinsky
mount-00563,43.54798044839785,41.19428873062134,1936,,regular,axis_gabulu_dukkinsky
rock-00535,43.379421051701485,41.82163596153259,3527,,regular,axis_gonachkhir_murudzhu
rock-00219,43.36251274417705,41.830787658691406,3507,,regular,axis_gonachkhir_murudzhu
rock-00222,43.36840155042239,41.826560497283936,3473,,regular,axis_gonachkhir_murudzhu
rock-00217,43.38244657992075,41.8284809589386,3450,,regular,axis_gonachkhir_murudzhu
rock-00524,43.40023799724116,41.80493116378784,3339,,regular,axis_gonachkhir_murudzhu
rock-00196,43.30098541618764,41.81862115859985,3329,,regular,axis_gonachkhir_murudzhu
rock-00175,43.26282342222163,41.863306760787964,3259,Оручат,regular,axis_gonachkhir_murudzhu
rock-00176,43.2676438074823,41.85346841812134,3259,,regular,axis_gonachkhir_murudzhu
rock-00521,43.49093812541105,41.8298864364624,3245,,regular,axis_gonachkhir_murudzhu
rock-00193,43.33792958135342,41.805864572525024,3241,,regular,axis_gonachkhir_murudzhu
rock-00017,43.524981734236576,41.67642116546631,3208,Орта-Гидам,regular,axis_gonachkhir_murudzhu
rock-00192,43.30428812234524,41.83189272880554,3206,,regular,axis_gonachkhir_murudzhu
mount-00676,43.51100088870004,41.675777435302734,3185,,regular,axis_gonachkhir_murudzhu
mount-00759,43.30866022329516,41.818320751190186,3173,,regular,axis_gonachkhir_murudzhu
mount-00758,43.30452235001084,41.804072856903076,3170,,regular,axis_gonachkhir_murudzhu
mount-00761,43.34128489986256,41.823856830596924,3162,,regular,axis_gonachkhir_murudzhu
mount-00757,43.296167672012075,41.86269521713257,3083,,regular,axis_gonachkhir_murudzhu
mount-00670,43.50522710714955,41.84136629104614,3054,,regular,axis_gonachkhir_murudzhu
mount-00192,43.48889100637592,41.81571364402771,3050,,regular,axis_gonachkhir_murudzhu
mount-00805,43.40760407947781,41.795414686203,3039,,regular,axis_gonachkhir_murudzhu
mount-00058,43.257932333305774,41.860527992248535,3036,,regular,axis_gonachkhir_murudzhu
mount-00133,43.54770050327144,41.678749322891235,3019,,regular,axis_gonachkhir_murudzhu
mount-01724,43.256236768283486,41.854519844055176,3014,,regular,axis_gonachkhir_murudzhu
mount-00745,43.27230757703791,41.836034059524536,2995,,regular,axis_gonachkhir_murudzhu
mount-01668,43.28217296704901,41.84468150138855,2911,,regular,axis_gonachkhir_murudzhu
mount-00735,43.24684388944851,41.86864972114563,2853,,regular,axis_gonachkhir_murudzhu
mount-00734,43.29121678845112,41.81438326835632,2852,,regular,axis_gonachkhir_murudzhu
mount-00736,43.25911216866646,41.84221386909485,2850,,regular,axis_gonachkhir_murudzhu
mount-00727,43.34939152044632,41.81847095489502,2823,,regular,axis_gonachkhir_murudzhu
mount-00189,43.43437944970307,41.774396896362305,2812,Кельбаши,regular,axis_gonachkhir_murudzhu
mount-00193,43.5173809751999,41.70857548713684,2779,Ачхиштарабаши,regular,axis_gonachkhir_murudzhu
mount-00777,43.42108675586732,41.799362897872925,2754,,regular,axis_gonachkhir_murudzhu
mount-00200,43.50909451246963,41.81325674057007,2729,,regular,axis_gonachkhir_murudzhu
mount-00772,43.483457631593154,41.813846826553345,2691,,regular,axis_gonachkhir_murudzhu
mount-00850,43.552039506624055,41.694273948669434,2613,,regular,axis_gonachkhir_murudzhu
mount-00635,43.27551029386527,41.82269811630249,2598,,regular,axis_gonachkhir_murudzhu
mount-00132,43.49051002640766,41.707212924957275,2590,Лысая,regular,axis_gonachkhir_murudzhu
mount-01601,43.265745386888256,41.794373989105225,2557,,regular,axis_gonachkhir_murudzhu
mount-00661,43.50783393674854,41.7965304851532,2491,,regular,axis_gonachkhir_murudzhu
mount-00195,43.570301885755214,41.727179288864136,2452,Гидамбаши,regular,axis_gonachkhir_murudzhu
mount-00769,43.421523139166055,41.77428960800171,2448,,regular,axis_gonachkhir_murudzhu
mount-00846,43.56150957940616,41.7215359210968,2421,,regular,axis_gonachkhir_murudzhu
mount-00844,43.5599391119911,41.6941773891449,2372,,regular,axis_gonachkhir_murudzhu
mount-01825,43.57137459921478,41.74556851387024,2368,,regular,axis_gonachkhir_murudzhu
mount-00657,43.532488196979926,41.702202558517456,2346,,regular,axis_gonachkhir_murudzhu
mount-00658,43.53001466789806,41.74448490142822,2340,,regular,axis_gonachkhir_murudzhu
mount-01824,43.57272712373566,41.7515766620636,2276,,regular,axis_gonachkhir_murudzhu
mount-00836,43.596422465825526,41.769644021987915,2202,,regular,axis_gonachkhir_murudzhu
mount-00199,43.5227879594118,41.80828928947449,2153,,regular,axis_gonachkhir_murudzhu
mount-00835,43.57305359062096,41.766403913497925,2093,,regular,axis_gonachkhir_murudzhu
mount-00833,43.58350736816749,41.758689880371094,2041,,regular,axis_gonachkhir_murudzhu
mount-00830,43.58708999249083,41.77396774291992,2033,,regular,axis_gonachkhir_murudzhu
mount-00829,43.58734644115185,41.797935962677,2016,,regular,axis_gonachkhir_murudzhu
mount-00011,43.47344586486739,41.79022192955017,2000,,regular,axis_gonachkhir_murudzhu
mount-00856,43.568249685030736,41.871052980422974,1956,,regular,axis_gonachkhir_murudzhu
mount-00823,43.58909492562927,41.82476878166199,1932,,regular,axis_gonachkhir_murudzhu
mount-00855,43.55543739687627,41.855764389038086,1840,,regular,axis_gonachkhir_murudzhu
hill-00388,43.55465986452384,41.75947308540344,1713,,regular,axis_gonachkhir_murudzhu
hill-00389,43.611929353582866,41.85348987579346,1712,,regular,axis_gonachkhir_murudzhu
hill-00014,43.47418551557951,41.76993370056152,1662,Шишка,regular,axis_gonachkhir_murudzhu
hill-00432,43.577243091891916,41.859530210494995,1649,,regular,axis_gonachkhir_murudzhu
hill-00384,43.58076391299255,41.817097663879395,1632,,regular,axis_gonachkhir_murudzhu
hill-00427,43.58446327360352,41.86760902404785,1511,,regular,axis_gonachkhir_murudzhu
hill-00751,43.57173993929223,41.80938363075256,1341,,regular,axis_gonachkhir_murudzhu
peak-00076,43.23324431057259,42.90264129638672,4261,Чегембаши,regular,axis_kargashil
peak-00023,43.21577925136066,42.888532876968384,4197,Орубаши,regular,axis_kargashil
peak-00080,43.294715246372704,42.96633839607239,4132,Сакашильбаши,regular,axis_kargashil
peak-00084,43.258807445167065,42.91709303855896,4118,Кенчатбаши,regular,axis_kargashil
peak-00017,43.295105686781824,42.95224070549011,4038,,regular,axis_kargashil
peak-00013,43.266112575736685,42.92359471321106,4030,Орелюбаши,regular,axis_kargashil
rock-00300,43.221893373063295,42.92427062988281,3995,,regular,axis_kargashil
rock-00484,43.299337899946494,42.94898986816406,3959,,regular,axis_kargashil
rock-00301,43.22636520683653,42.91600942611694,3939,,regular,axis_kargashil
rock-00485,43.302906160748336,42.94613599777222,3827,,regular,axis_kargashil
rock-00035,43.294660584515384,42.9799747467041,3782,,regular,axis_kargashil
rock-00490,43.26089359860575,42.95674681663513,3772,,regular,axis_kargashil
rock-00478,43.26747974878052,42.96973943710327,3769,,regular,axis_kargashil
rock-00492,43.30275000492014,42.97036170959473,3693,Ширма,regular,axis_kargashil
rock-00476,43.24644532428431,42.936694622039795,3623,,regular,axis_kargashil
rock-00320,43.168244907998286,42.92082667350769,3618,Бардина,regular,axis_kargashil
rock-00036,43.301602247274985,42.98805356025696,3582,Безымянный,regular,axis_kargashil
rock-00298,43.30586523787392,42.990660667419434,3558,13 Съезда КПСС,regular,axis_kargashil
rock-00674,43.31513972304816,42.97079086303711,3396,14 съезда ВЛКСМ,regular,axis_kargashil
rock-00299,43.31258703874576,42.990607023239136,3375,Тырныаузских комсомольцев,regular,axis_kargashil
rock-00669,43.23694932426358,42.97830104827881,3345,,regular,axis_kargashil
rock-00037,43.33188954077778,42.99505949020386,3212,,regular,axis_kargashil
mount-01149,43.34267379139928,42.99551010131836,3175,,regular,axis_kargashil
mount-01160,43.34488970985956,43.01220417022705,3127,Амайбаши,regular,axis_kargashil
mount-01150,43.356623366273254,42.99204468727112,2987,,regular,axis_kargashil
mount-01155,43.32245370167291,43.03866147994995,2535,Устур,regular,axis_kargashil
mount-01743,43.68699881333987,42.454068660736084,2629,Малый Бермамыт,regular,axis_kartdjurt_north_side
mount-00320,43.704793662176144,42.44116187095642,2554,Большой Бермамыт,regular,axis_kartdjurt_north_side
mount-00908,43.739902433350466,42.34037518501282,2479,Гудгора,regular,axis_kartdjurt_north_side
mount-01593,43.66401439283442,42.36057758331299,2380,Ачхасырт,regular,axis_kartdjurt_north_side
mount-01495,43.6542809964985,42.45160102844238,2372,,regular,axis_kartdjurt_north_side
mount-01243,43.65392392006021,42.46363878250122,2371,,regular,axis_kartdjurt_north_side
mount-01566,43.66140655622118,42.351951599121094,2371,,regular,axis_kartdjurt_north_side
mount-01697,43.62190261350875,42.46061325073242,2363,Бечасын,regular,axis_kartdjurt_north_side
mount-01513,43.730972117884136,42.527936697006226,2358,,regular,axis_kartdjurt_north_side
mount-01595,43.691544991810815,42.36721873283386,2342,Мамычар,regular,axis_kartdjurt_north_side
mount-01653,43.61480343770131,42.48046159744263,2329,,regular,axis_kartdjurt_north_side
mount-01714,43.5979453632506,42.45798468589783,2329,,regular,axis_kartdjurt_north_side
mount-01255,43.639056788660525,42.468059062957764,2328,,regular,axis_kartdjurt_north_side
mount-01138,43.753574397899456,42.46137499809265,2327,Алебастровая,regular,axis_kartdjurt_north_side
mount-01148,43.629280518382984,42.40224838256836,2321,,regular,axis_kartdjurt_north_side
mount-01710,43.60179128464972,42.472779750823975,2319,,regular,axis_kartdjurt_north_side
mount-01506,43.656112920488596,42.4805474281311,2309,,regular,axis_kartdjurt_north_side
mount-00258,43.77581179374323,42.23399877548218,2306,Гумбаши,regular,axis_kartdjurt_north_side
mount-01589,43.64463918742817,42.49143719673157,2302,,regular,axis_kartdjurt_north_side
mount-01709,43.587649515433526,42.46967911720276,2302,,regular,axis_kartdjurt_north_side
mount-01650,43.6224773459879,42.4886155128479,2301,,regular,axis_kartdjurt_north_side
mount-01706,43.581502248918326,42.40572452545166,2295,,regular,axis_kartdjurt_north_side
mount-01511,43.65749458889968,42.42675304412842,2293,,regular,axis_kartdjurt_north_side
mount-01537,43.60297997425522,42.36421465873718,2293,,regular,axis_kartdjurt_north_side
mount-01704,43.572501705091554,42.39848256111145,2293,,regular,axis_kartdjurt_north_side
mount-00895,43.65879084440226,42.35233783721924,2286,Ачхарсырт,regular,axis_kartdjurt_north_side
mount-01548,43.678898624521565,42.374868392944336,2277,,regular,axis_kartdjurt_north_side
mount-01700,43.59311236196828,42.44535684585571,2277,,regular,axis_kartdjurt_north_side
mount-01242,43.647666975336904,42.33851909637451,2273,,regular,axis_kartdjurt_north_side
mount-01587,43.64917304889269,42.50309944152832,2272,,regular,axis_kartdjurt_north_side
mount-01826,43.67191482531817,42.34504222869873,2272,,regular,axis_kartdjurt_north_side
mount-01703,43.60236620935237,42.43593692779541,2267,,regular,axis_kartdjurt_north_side
mount-01820,43.71101363204639,42.31379985809326,2260,,regular,axis_kartdjurt_north_side
mount-01529,43.595723163279075,42.397334575653076,2259,,regular,axis_kartdjurt_north_side
mount-01253,43.61017376436001,42.3668646812439,2257,,regular,axis_kartdjurt_north_side
mount-01244,43.66241555406077,42.33856201171875,2253,,regular,axis_kartdjurt_north_side
mount-01665,43.68249884346429,42.30985164642334,2248,Мурук,regular,axis_kartdjurt_north_side
mount-01722,43.58573001921059,42.43798613548279,2242,,regular,axis_kartdjurt_north_side
mount-01250,43.784061546798824,42.24324703216553,2241,,regular,axis_kartdjurt_north_side
mount-01778,43.572183008327386,42.27384567260742,2240,,regular,axis_kartdjurt_north_side
mount-00902,43.65232481257485,42.48493552207947,2238,,regular,axis_kartdjurt_north_side
mount-01503,43.559752519082394,42.26343870162964,2234,,regular,axis_kartdjurt_north_side
mount-01777,43.56509351261579,42.29356527328491,2234,,regular,axis_kartdjurt_north_side
mount-01530,43.59112310399149,42.38866567611694,2228,,regular,axis_kartdjurt_north_side
mount-01720,43.59223429917057,42.42074489593506,2228,,regular,axis_kartdjurt_north_side
mount-01420,43.705863977281524,42.318220138549805,2227,,regular,axis_kartdjurt_north_side
mount-01520,43.66791041386105,42.30478763580322,2212,,regular,axis_kartdjurt_north_side
mount-00900,43.56868500617887,42.27313756942749,2210,,regular,axis_kartdjurt_north_side
mount-01500,43.557987632573486,42.292460203170776,2208,,regular,axis_kartdjurt_north_side
mount-01532,43.59867571874884,42.34437704086304,2205,,regular,axis_kartdjurt_north_side
mount-01721,43.60183013108647,42.413620948791504,2201,,regular,axis_kartdjurt_north_side
mount-01146,43.70636034881494,42.36097455024719,2199,,regular,axis_kartdjurt_north_side
mount-01483,43.741661982540734,42.2809374332428,2192,,regular,axis_kartdjurt_north_side
mount-01252,43.580872720961,42.300764322280884,2189,,regular,axis_kartdjurt_north_side
mount-01533,43.588613126087324,42.307738065719604,2184,,regular,axis_kartdjurt_north_side
mount-01145,43.63369129631792,42.35746622085571,2183,,regular,axis_kartdjurt_north_side
mount-01415,43.70409562028999,42.29320049285889,2182,,regular,axis_kartdjurt_north_side
mount-01417,43.7005587498125,42.314958572387695,2182,,regular,axis_kartdjurt_north_side
mount-01501,43.53938709574891,42.264994382858276,2179,,regular,axis_kartdjurt_north_side
mount-01776,43.57358215230212,42.357337474823,2175,,regular,axis_kartdjurt_north_side
mount-01251,43.78631550666802,42.21330285072327,2163,,regular,axis_kartdjurt_north_side
mount-01416,43.70192388244172,42.28092670440674,2159,,regular,axis_kartdjurt_north_side
mount-01521,43.67307108821666,42.539169788360596,2156,,regular,axis_kartdjurt_north_side
mount-01502,43.54503318310964,42.27769732475281,2151,,regular,axis_kartdjurt_north_side
mount-01137,43.78080051286102,42.46134281158447,2149,Абазыкышлык,regular,axis_kartdjurt_north_side
mount-01292,43.79868366345556,42.33532190322876,2146,Чирактопур,regular,axis_kartdjurt_north_side
mount-01491,43.74718058550309,42.25939393043518,2144,,regular,axis_kartdjurt_north_side
mount-01549,43.67846410072872,42.29461669921875,2143,,regular,axis_kartdjurt_north_side
mount-01822,43.781489914910196,42.20296025276184,2140,,regular,axis_kartdjurt_north_side
mount-01492,43.746126509637236,42.2468626499176,2134,,regular,axis_kartdjurt_north_side
mount-01558,43.57491130896972,42.20175862312317,2134,Томбокол,regular,axis_kartdjurt_north_side
mount-01779,43.549761180011814,42.33572959899902,2132,,regular,axis_kartdjurt_north_side
mount-01124,43.561735039189585,42.340654134750366,2124,,regular,axis_kartdjurt_north_side
mount-01819,43.672970207105834,42.27118492126465,2115,,regular,axis_kartdjurt_north_side
mount-01799,43.75220269206429,42.233816385269165,2114,,regular,axis_kartdjurt_north_side
mount-01538,43.608495808181544,42.33433485031128,2111,,regular,axis_kartdjurt_north_side
mount-01647,43.77532374452255,42.55209803581238,2111,курган Кичмалкинский,regular,axis_kartdjurt_north_side
mount-01787,43.56497690209284,42.222797870635986,2103,,regular,axis_kartdjurt_north_side
mount-01790,43.540382587562505,42.24650859832764,2102,,regular,axis_kartdjurt_north_side
mount-01789,43.55373458795188,42.348679304122925,2094,,regular,axis_kartdjurt_north_side
mount-01072,43.53373270155228,42.26158261299133,2087,,regular,axis_kartdjurt_north_side
mount-01485,43.73828236216144,42.239567041397095,2084,,regular,axis_kartdjurt_north_side
mount-01123,43.543384518043155,42.335697412490845,2079,,regular,axis_kartdjurt_north_side
mount-01766,43.56304113443659,42.1970272064209,2075,,regular,axis_kartdjurt_north_side
mount-01556,43.541284737821286,42.23075866699219,2074,Назалы-Колбаши,regular,axis_kartdjurt_north_side
mount-00898,43.63066280404132,42.298758029937744,2069,,regular,axis_kartdjurt_north_side
mount-01227,43.74395629499648,42.30318903923035,2068,,regular,axis_kartdjurt_north_side
mount-01651,43.62271811066378,42.341448068618774,2065,,regular,axis_kartdjurt_north_side
mount-01294,43.81110345607405,42.264275550842285,2062,Кумбаши,regular,axis_kartdjurt_north_side
mount-01666,43.66049844366674,42.205363512039185,2060,Эбзеленюк,regular,axis_kartdjurt_north_side
mount-01518,43.667266268469916,42.25390076637268,2059,,regular,axis_kartdjurt_north_side
mount-01812,43.761718738044635,42.27381348609924,2057,,regular,axis_kartdjurt_north_side
mount-01667,43.754217616361046,42.206135988235474,2055,Два Брата,regular,axis_kartdjurt_north_side
mount-01785,43.54165803742802,42.3217499256134,2055,,regular,axis_kartdjurt_north_side
mount-00901,43.594643113378226,42.34600782394409,2052,,regular,axis_kartdjurt_north_side
mount-01482,43.74293316652043,42.21124291419983,2052,,regular,axis_kartdjurt_north_side
mount-01249,43.754248614666494,42.20330357551575,2049,,regular,axis_kartdjurt_north_side
mount-01121,43.57589066879484,42.34214544296265,2044,,regular,axis_kartdjurt_north_side
mount-01425,43.72566135967722,42.19768166542053,2044,,regular,axis_kartdjurt_north_side
mount-01122,43.56039781710194,42.361918687820435,2043,,regular,axis_kartdjurt_north_side
mount-01504,43.655096054327174,42.220813035964966,2043,,regular,axis_kartdjurt_north_side
mount-01481,43.745196427282366,42.230855226516724,2036,,regular,axis_kartdjurt_north_side
mount-01816,43.7584332385006,42.30106472969055,2015,Руслан,regular,axis_kartdjurt_north_side
mount-01563,43.69068388206941,42.53450274467468,2010,,regular,axis_kartdjurt_north_side
mount-00897,43.670145467153645,42.270283699035645,2007,,regular,axis_kartdjurt_north_side
mount-01293,43.77713647869203,42.29508876800537,1999,Людмила,regular,axis_kartdjurt_north_side
mount-01486,43.72870056652923,42.24613308906555,1989,,regular,axis_kartdjurt_north_side
mount-01813,43.76125381982283,42.2029173374176,1988,,regular,axis_kartdjurt_north_side
mount-01585,43.64832685757398,42.19317555427551,1980,,regular,axis_kartdjurt_north_side
mount-01071,43.5368749613059,42.28466033935547,1966,,regular,axis_kartdjurt_north_side
mount-01418,43.71207608105698,42.18596577644348,1966,,regular,axis_kartdjurt_north_side
mount-01497,43.54631631103919,42.15859651565552,1955,,regular,axis_kartdjurt_north_side
mount-01496,43.584214584219154,42.17777967453003,1950,,regular,axis_kartdjurt_north_side
mount-00816,43.65810002908432,42.20344305038452,1949,Эбзеленюк,regular,axis_kartdjurt_north_side
mount-01422,43.715612272014624,42.20017075538635,1949,,regular,axis_kartdjurt_north_side
mount-01519,43.66295109217907,42.248321771621704,1946,,regular,axis_kartdjurt_north_side
mount-01676,43.63975558742143,42.18849778175354,1938,,regular,axis_kartdjurt_north_side
mount-01484,43.73363119653095,42.213603258132935,1937,,regular,axis_kartdjurt_north_side
mount-01246,43.69952712328532,42.539684772491455,1933,,regular,axis_kartdjurt_north_side
mount-01070,43.55453545841647,42.307705879211426,1927,,regular,axis_kartdjurt_north_side
mount-01531,43.601325125452064,42.29642987251282,1917,,regular,axis_kartdjurt_north_side
mount-00896,43.62744777602228,42.25782752037048,1871,,regular,axis_kartdjurt_north_side
mount-01679,43.63907231761016,42.17527985572815,1867,,regular,axis_kartdjurt_north_side
mount-01678,43.63425815099288,42.162619829177856,1814,,regular,axis_kartdjurt_north_side
mount-01436,43.724637918582744,42.22394585609436,1812,,regular,axis_kartdjurt_north_side
hill-00540,43.56505464246658,42.15396165847778,1798,,regular,axis_kartdjurt_north_side
hill-00386,43.542707930179915,42.17029094696045,1744,,regular,axis_kartdjurt_north_side
hill-00544,43.57425062072582,42.14581847190857,1733,,regular,axis_kartdjurt_north_side
hill-00416,43.838349810179665,42.44844675064087,1719,Шапка,regular,axis_kartdjurt_north_side
hill-00545,43.54228797527318,42.20699429512024,1669,,regular,axis_kartdjurt_north_side
hill-00632,43.619813336992706,42.169872522354126,1655,,regular,axis_kartdjurt_north_side
hill-00546,43.54812042047348,42.174110412597656,1627,,regular,axis_kartdjurt_north_side
hill-00438,43.84850208800492,42.50836730003357,1626,курган Обьедков,regular,axis_kartdjurt_north_side
hill-00704,43.56863836477777,42.179850339889526,1611,,regular,axis_kartdjurt_north_side
hill-00548,43.577997015719376,42.17323064804077,1582,,regular,axis_kartdjurt_north_side
hill-00547,43.556362647303075,42.16723322868347,1577,,regular,axis_kartdjurt_north_side
hill-00701,43.56336765382406,42.18047261238098,1573,,regular,axis_kartdjurt_north_side
hill-00435,43.53143034790119,42.13683843612671,1544,,regular,axis_kartdjurt_north_side
hill-00700,43.550033339597434,42.20652222633362,1507,,regular,axis_kartdjurt_north_side
hill-00457,43.85818073773601,42.559887170791626,1472,Безымянная,regular,axis_kartdjurt_north_side
hill-00764,43.88564530974983,42.583597898483276,1168,,regular,axis_kartdjurt_north_side
hill-00415,43.88650361532285,42.58901596069336,1127,Указатель,regular,axis_kartdjurt_north_side
hill-00456,43.94321713944936,42.537667751312256,1075,Рим гора,regular,axis_kartdjurt_north_side
hill-00765,43.92866906968513,42.65760540962219,872,Клин-Яр,regular,axis_kartdjurt_north_side
hill-00753,44.086652561383346,42.38680958747864,759,Шляпа,regular,axis_kartdjurt_north_side
peak-00012,43.10864372180751,43.08215618133545,4254,МВТУ,regular,axis_khulam_chegem
peak-00066,43.11900548732439,43.09845328330994,4222,,regular,axis_khulam_chegem
rock-00134,43.129067956430134,43.11318397521973,3964,Куршоган,regular,axis_khulam_chegem
rock-00143,43.113578114666666,43.198145627975464,3948,Дружба,regular,axis_khulam_chegem
rock-00245,43.152710200518385,43.13723802566528,3885,Коргашиль,regular,axis_khulam_chegem
rock-00243,43.13562920417769,43.118752241134644,3840,Трапеция,regular,axis_khulam_chegem
rock-00032,43.18481612426896,43.174681663513184,3786,Коргашинлитау,regular,axis_khulam_chegem
rock-00244,43.13696798806703,43.13127279281616,3781,Сарыкая,regular,axis_khulam_chegem
rock-00675,43.136372976623676,43.12775373458862,3740,пик 50 летия КБАССР,regular,axis_khulam_chegem
rock-00311,43.10721815647361,43.097230195999146,3712,,regular,axis_khulam_chegem
rock-00247,43.19478172473322,43.17797541618347,3615,Ак,regular,axis_khulam_chegem
rock-00141,43.26794067448529,43.245277404785156,3614,Каракая,regular,axis_khulam_chegem
rock-00248,43.19719856788524,43.180378675460815,3584,Мукалтебе,regular,axis_khulam_chegem
rock-00315,43.12690681858908,43.22046160697937,3578,Руарныгиш,regular,axis_khulam_chegem
rock-00246,43.174316848217615,43.162171840667725,3548,,regular,axis_khulam_chegem
rock-00142,43.26122175106738,43.250792026519775,3468,Ак-Кая,regular,axis_khulam_chegem
rock-00135,43.26222182385112,43.28115463256836,3333,Бодула,regular,axis_khulam_chegem
rock-00793,43.267565684346124,43.29070329666138,3285,,regular,axis_khulam_chegem
mount-01806,43.18824247186356,43.210848569869995,3127,Шилдиген,regular,axis_khulam_chegem
mount-01523,43.26408129051359,43.31342697143555,3025,Хунгутебе,regular,axis_khulam_chegem
mount-01889,43.289592436006444,43.28339695930481,2865,Чадырты,regular,axis_khulam_chegem
mount-00951,43.151199562353014,43.242284059524536,2710,Курваушку,regular,axis_khulam_chegem
mount-00107,43.24478070040874,43.229849338531494,2638,Кубаданги,regular,axis_khulam_chegem
mount-01376,43.28221982969262,43.31710696220398,2483,Ботланы,regular,axis_khulam_chegem
mount-01377,43.21592781145682,43.252583742141724,2377,Мукалкая,regular,axis_khulam_chegem
mount-01524,43.33687612915793,43.38244557380676,1825,Сухяла,regular,axis_khulam_chegem
hill-00775,43.238817378652925,43.31136703491211,1706,Язык Тролля,regular,axis_khulam_chegem
hill-00779,43.35770767878199,43.40277671813965,1421,,regular,axis_khulam_chegem
hill-00755,43.352410745336215,43.41864466667175,1331,,regular,axis_khulam_chegem
hill-00757,43.35022630824207,43.42664837837219,1306,,regular,axis_khulam_chegem
hill-00754,43.35517238541078,43.420318365097046,1289,,regular,axis_khulam_chegem
hill-00756,43.34776092051459,43.434609174728394,1282,,regular,axis_khulam_chegem
hill-00759,43.359618829914325,43.41894507408142,1248,,regular,axis_khulam_chegem
hill-00758,43.352410745336215,43.433042764663696,1233,,regular,axis_khulam_chegem
hill-00760,43.36011805947754,43.42420220375061,1206,,regular,axis_khulam_chegem
rock-00140,43.31183760648028,42.08561897277832,3583,,regular,axis_khurzuk_uchkulan_side
rock-00370,43.322914210884676,42.068774700164795,3494,Учкуланичи-баши,regular,axis_khurzuk_uchkulan_side
rock-00373,43.36813637143996,42.06116795539856,3483,Кертмели-баши,regular,axis_khurzuk_uchkulan_side
rock-00368,43.36840155042239,42.1215283870697,3473,,regular,axis_khurzuk_uchkulan_side
rock-00367,43.3175283763791,42.08057641983032,3443,,regular,axis_khurzuk_uchkulan_side
rock-00028,43.37450814562246,42.059805393218994,3424,Учкулан-баши,regular,axis_khurzuk_uchkulan_side
rock-00364,43.33283382446453,42.06138253211975,3403,,regular,axis_khurzuk_uchkulan_side
rock-00349,43.35487594419226,42.07319498062134,3401,,regular,axis_khurzuk_uchkulan_side
rock-00363,43.323437157790664,42.13048696517944,3376,,regular,axis_khurzuk_uchkulan_side
rock-00230,43.391397516299264,42.050760984420776,3361,Северный Учкулан-баши,regular,axis_khurzuk_uchkulan_side
rock-00360,43.33618942455388,42.0631742477417,3341,,regular,axis_khurzuk_uchkulan_side
rock-00361,43.34288446318294,42.047832012176514,3336,,regular,axis_khurzuk_uchkulan_side
rock-00359,43.353354709893836,42.114211320877075,3334,,regular,axis_khurzuk_uchkulan_side
rock-00357,43.313836071984866,42.10341811180115,3305,,regular,axis_khurzuk_uchkulan_side
rock-00546,43.370265569963635,42.050042152404785,3305,,regular,axis_khurzuk_uchkulan_side
rock-00355,43.38175259323518,42.03197479248047,3299,,regular,axis_khurzuk_uchkulan_side
rock-00224,43.348736164973104,42.070984840393066,3291,,regular,axis_khurzuk_uchkulan_side
rock-00354,43.38354602571101,42.078280448913574,3284,,regular,axis_khurzuk_uchkulan_side
rock-00762,43.37504624522256,42.04193115234375,3283,,regular,axis_khurzuk_uchkulan_side
rock-00353,43.344491786798585,42.04317569732666,3276,,regular,axis_khurzuk_uchkulan_side
rock-00358,43.33485501044598,42.09882616996765,3266,,regular,axis_khurzuk_uchkulan_side
rock-00545,43.33242801839816,42.094523906707764,3265,,regular,axis_khurzuk_uchkulan_side
rock-00144,43.37902335506425,42.07821607589722,3253,,regular,axis_khurzuk_uchkulan_side
rock-00763,43.34642676071556,42.11388945579529,3252,,regular,axis_khurzuk_uchkulan_side
rock-00786,43.327534720250526,42.08853721618652,3221,,regular,axis_khurzuk_uchkulan_side
rock-00547,43.37726098171143,42.08583354949951,3212,,regular,axis_khurzuk_uchkulan_side
rock-00227,43.33924832167483,42.05738067626953,3210,,regular,axis_khurzuk_uchkulan_side
mount-01002,43.343329212325386,42.104008197784424,3164,,regular,axis_khurzuk_uchkulan_side
mount-01685,43.40029256410597,42.07735776901245,3123,,regular,axis_khurzuk_uchkulan_side
mount-00865,43.320728712413,42.091466188430786,3115,,regular,axis_khurzuk_uchkulan_side
mount-01000,43.3494227276733,42.040075063705444,3100,,regular,axis_khurzuk_uchkulan_side
mount-00999,43.35440007499753,42.035558223724365,3087,,regular,axis_khurzuk_uchkulan_side
mount-01684,43.32750350177193,42.139939069747925,3026,,regular,axis_khurzuk_uchkulan_side
mount-00993,43.392099188888466,42.01329588890076,2681,,regular,axis_khurzuk_uchkulan_side
mount-01686,43.337695482444985,42.14581847190857,2638,,regular,axis_khurzuk_uchkulan_side
mount-01047,43.47186531774241,42.136967182159424,2571,,regular,axis_khurzuk_uchkulan_side
mount-00990,43.41125171239591,42.04949498176575,2422,,regular,axis_khurzuk_uchkulan_side
mount-00991,43.414119782291294,42.04360485076904,2386,,regular,axis_khurzuk_uchkulan_side
mount-00947,43.46907784819308,42.126924991607666,2342,,regular,axis_khurzuk_uchkulan_side
mount-00949,43.48031258965679,42.13361978530884,2340,,regular,axis_khurzuk_uchkulan_side
mount-01591,43.50028549434151,42.162909507751465,2278,,regular,axis_khurzuk_uchkulan_side
mount-01433,43.51535809397362,42.18070864677429,2149,,regular,axis_khurzuk_uchkulan_side
mount-01450,43.507242546473606,42.18274712562561,2112,,regular,axis_khurzuk_uchkulan_side
mount-01007,43.49900916956233,42.14982032775879,2074,,regular,axis_khurzuk_uchkulan_side
mount-01073,43.52488838374151,42.187092304229736,2053,,regular,axis_khurzuk_uchkulan_side
mount-01438,43.50577960879437,42.13850140571594,2040,,regular,axis_khurzuk_uchkulan_side
mount-01738,43.52853672474993,42.175108194351196,2035,Кильян,regular,axis_khurzuk_uchkulan_side
mount-01437,43.52057854527345,42.16981887817383,2019,,regular,axis_khurzuk_uchkulan_side
mount-01557,43.53276821274781,42.167426347732544,1966,,regular,axis_khurzuk_uchkulan_side
mount-01431,43.5196138461186,42.14961647987366,1949,,regular,axis_khurzuk_uchkulan_side
mount-01498,43.535467186959266,42.17947483062744,1905,,regular,axis_khurzuk_uchkulan_side
hill-00541,43.533833816420696,42.22250819206238,1755,,regular,axis_khurzuk_uchkulan_side
hill-00390,43.513607468946844,42.133190631866455,1736,,regular,axis_khurzuk_uchkulan_side
hill-00550,43.53479051024658,42.198894023895264,1535,,regular,axis_khurzuk_uchkulan_side
rock-00912,43.375631130676624,42.58328676223755,3910,Балыксубаши,regular,axis_kyrtyk
rock-00724,43.33384832776724,42.52400994300842,3906,,regular,axis_kyrtyk
rock-00166,43.39698728248905,42.711421251297,3754,Джаурген Западный,regular,axis_kyrtyk
rock-00136,43.34404704617316,42.53358006477356,3729,Рыжий бугор,regular,axis_kyrtyk
rock-00460,43.40008988693182,42.667261362075806,3662,,regular,axis_kyrtyk
rock-00913,43.37940545580409,42.61396050453186,3649,Исламчат,regular,axis_kyrtyk
rock-00915,43.40132932519961,42.674750089645386,3643,,regular,axis_kyrtyk
rock-00785,43.377136209974964,42.56928563117981,3636,,regular,axis_kyrtyk
rock-00734,43.384177613211676,42.57903814315796,3625,Китчекарабаши,regular,axis_kyrtyk
rock-00916,43.40629461920733,42.66866683959961,3619,,regular,axis_kyrtyk
rock-00165,43.39447701891589,42.72560477256775,3566,Джаурген Восточный,regular,axis_kyrtyk
rock-00914,43.399263580667025,42.653313875198364,3546,,regular,axis_kyrtyk
rock-00829,43.364259946334954,42.53327965736389,3534,Калицкого,regular,axis_kyrtyk
rock-00406,43.38926126306956,42.58449912071228,3465,,regular,axis_kyrtyk
rock-00908,43.4005887833716,42.48289704322815,3459,,regular,axis_kyrtyk
rock-00453,43.44354861586555,42.68464207649231,3432,Талыкол,regular,axis_kyrtyk
rock-00457,43.40943571748278,42.64245629310608,3430,,regular,axis_kyrtyk
rock-00454,43.40394063730355,42.73109793663025,3414,,regular,axis_kyrtyk
rock-00101,43.43317964292359,42.71803021430969,3404,Голыкол,regular,axis_kyrtyk
rock-00100,43.39441465079517,42.636287212371826,3391,,regular,axis_kyrtyk
rock-00400,43.396979486800404,42.63041853904724,3368,,regular,axis_kyrtyk
rock-00102,43.410129387202744,42.70687222480774,3359,Джаршауксырт,regular,axis_kyrtyk
rock-00449,43.40135271058361,42.622618675231934,3349,,regular,axis_kyrtyk
rock-00917,43.41663702519034,42.57447838783264,3328,Каракая,regular,axis_kyrtyk
rock-00447,43.407455987176434,42.57943511009216,3293,,regular,axis_kyrtyk
rock-00444,43.44950743929712,42.66019105911255,3282,,regular,axis_kyrtyk
rock-00446,43.45033306003174,42.676509618759155,3274,,regular,axis_kyrtyk
rock-00787,43.4176735065582,42.56983280181885,3266,,regular,axis_kyrtyk
rock-00429,43.441975076944516,42.4692177772522,3242,,regular,axis_kyrtyk
rock-00441,43.398710105074485,42.58594751358032,3218,,regular,axis_kyrtyk
rock-00426,43.443369452607584,42.47691035270691,3214,,regular,axis_kyrtyk
rock-00427,43.44361872308292,42.487016916275024,3205,,regular,axis_kyrtyk
mount-01120,43.41083863679205,42.617125511169434,3191,,regular,axis_kyrtyk
mount-00265,43.406279030224084,42.50378608703613,3177,,regular,axis_kyrtyk
mount-01119,43.45028632708352,42.637799978256226,3155,,regular,axis_kyrtyk
mount-01692,43.42466344764071,42.56845951080322,3127,,regular,axis_kyrtyk
mount-00906,43.46048104321099,42.617565393447876,3116,,regular,axis_kyrtyk
mount-01938,43.44806647044979,42.512487173080444,3099,,regular,axis_kyrtyk
mount-00954,43.408453654631245,42.49492406845093,3090,,regular,axis_kyrtyk
mount-01937,43.445223377179815,42.50729441642761,3090,,regular,axis_kyrtyk
mount-01939,43.441990656738426,42.505223751068115,3081,,regular,axis_kyrtyk
mount-00956,43.45019286107876,42.52384901046753,3077,Сирх,regular,axis_kyrtyk
mount-01068,43.450582301812375,42.475740909576416,3057,,regular,axis_kyrtyk
mount-01118,43.42449981276056,42.57873773574829,3043,,regular,axis_kyrtyk
mount-01078,43.443486298270784,42.75654673576355,3014,Бильбичан,regular,axis_kyrtyk
mount-01066,43.46586197641466,42.47743606567383,2984,,regular,axis_kyrtyk
mount-01373,43.42321409473979,42.6354718208313,2976,,regular,axis_kyrtyk
mount-00264,43.43111498466422,42.58750319480896,2959,,regular,axis_kyrtyk
mount-00959,43.43539225509238,42.58883357048035,2951,,regular,axis_kyrtyk
mount-00958,43.441975076944516,42.58395195007324,2909,,regular,axis_kyrtyk
mount-01083,43.43449631272847,42.78007507324219,2860,Ташлы-Стауат,regular,axis_kyrtyk
mount-01840,43.44812099422026,42.57524013519287,2860,Шаукам,regular,axis_kyrtyk
mount-01080,43.58101261663148,42.734434604644775,2826,Западный Канжол,regular,axis_kyrtyk
mount-01167,43.45322264385055,42.793110609054565,2779,,regular,axis_kyrtyk
mount-00905,43.4755635774969,42.6123833656311,2724,,regular,axis_kyrtyk
mount-01079,43.56872387398553,42.7938187122345,2722,Восточный Канжол,regular,axis_kyrtyk
mount-01631,43.46555828960905,42.77182459831238,2698,,regular,axis_kyrtyk
mount-01059,43.45641582386682,42.49583601951599,2662,,regular,axis_kyrtyk
mount-01688,43.4630041453332,42.78492450714111,2658,,regular,axis_kyrtyk
mount-01773,43.47663797685084,42.474517822265625,2653,,regular,axis_kyrtyk
mount-01841,43.46182826824804,42.53132700920105,2618,,regular,axis_kyrtyk
mount-01687,43.45767747291228,42.822818756103516,2617,,regular,axis_kyrtyk
mount-01076,43.48663364639722,42.683494091033936,2610,Айлянчбаши,regular,axis_kyrtyk
mount-00878,43.473056571382756,42.528709173202515,2574,Тузлук,regular,axis_kyrtyk
mount-01262,43.483621107019474,42.73856520652771,2562,,regular,axis_kyrtyk
mount-01372,43.4723947667037,42.71642088890076,2559,,regular,axis_kyrtyk
mount-01109,43.43804884098941,42.866055965423584,2555,,regular,axis_kyrtyk
mount-01863,43.43452747616382,42.52907395362854,2550,,regular,axis_kyrtyk
mount-01108,43.52179217713976,42.67207860946655,2530,,regular,axis_kyrtyk
mount-01586,43.50305596015866,42.77780055999756,2513,,regular,axis_kyrtyk
mount-01371,43.489365819632695,42.77220010757446,2512,,regular,axis_kyrtyk
mount-01728,43.4585730719993,42.510727643966675,2506,,regular,axis_kyrtyk
mount-01084,43.516245057936516,42.78052568435669,2493,Ташлысырт,regular,axis_kyrtyk
mount-01106,43.46367383994098,42.5165855884552,2461,,regular,axis_kyrtyk
mount-01263,43.50628541572544,42.648046016693115,2456,,regular,axis_kyrtyk
mount-01657,43.505841862183814,42.60697603225708,2450,Бабухгел,regular,axis_kyrtyk
mount-01660,43.549792284026665,42.51432180404663,2443,Шидактюб,regular,axis_kyrtyk
mount-01658,43.627486605889004,42.74154782295227,2441,Северный Канжол,regular,axis_kyrtyk
mount-01565,43.47583607189472,42.83143401145935,2418,,regular,axis_kyrtyk
mount-01104,43.48855629970609,42.52804398536682,2411,,regular,axis_kyrtyk
mount-01102,43.49520338247174,42.52541542053223,2408,,regular,axis_kyrtyk
mount-01103,43.48137911974868,42.526735067367554,2405,,regular,axis_kyrtyk
mount-01054,43.52600080107811,42.49213457107544,2402,,regular,axis_kyrtyk
mount-01795,43.53459606151088,42.46695399284363,2400,,regular,axis_kyrtyk
mount-01727,43.55504085663006,42.46736168861389,2399,,regular,axis_kyrtyk
mount-01144,43.61293918257371,42.59503483772278,2396,Харбас,regular,axis_kyrtyk
mount-01055,43.54070922973244,42.51813054084778,2395,,regular,axis_kyrtyk
mount-01085,43.57083824487327,42.678773403167725,2393,Тонау-Укешчентюбе,regular,axis_kyrtyk
mount-01141,43.62307537259949,42.589842081069946,2392,Джугутурлютюбе,regular,axis_kyrtyk
mount-01101,43.5227646209529,42.479249238967896,2386,,regular,axis_kyrtyk
mount-01264,43.51758325959281,42.61770486831665,2377,,regular,axis_kyrtyk
mount-01717,43.5278366337765,42.55578875541687,2377,,regular,axis_kyrtyk
mount-01767,43.54043702804708,42.565133571624756,2371,,regular,axis_kyrtyk
mount-01052,43.52397820884423,42.49813199043274,2370,,regular,axis_kyrtyk
mount-01100,43.51489904610128,42.55973696708679,2362,,regular,axis_kyrtyk
mount-00957,43.46941266278145,42.56220459938049,2355,,regular,axis_kyrtyk
mount-01134,43.561525128383835,42.51762628555298,2350,,regular,axis_kyrtyk
mount-01689,43.55057765508181,42.568910121917725,2349,,regular,axis_kyrtyk
mount-01681,43.60264590046444,42.538204193115234,2348,,regular,axis_kyrtyk
mount-01716,43.522383424846055,42.54325747489929,2347,,regular,axis_kyrtyk
mount-01715,43.45330052829604,42.84661531448364,2346,,regular,axis_kyrtyk
mount-00903,43.52438273271616,42.62626647949219,2344,,regular,axis_kyrtyk
mount-01099,43.54951234731524,42.49156594276428,2343,,regular,axis_kyrtyk
mount-01713,43.50616090979719,42.53088712692261,2338,,regular,axis_kyrtyk
mount-01133,43.55153408323952,42.52413868904114,2330,,regular,axis_kyrtyk
mount-01097,43.48930354925429,42.5021231174469,2329,,regular,axis_kyrtyk
mount-01794,43.51531919174698,42.463542222976685,2324,,regular,axis_kyrtyk
mount-01096,43.59127074649089,42.48993515968323,2319,,regular,axis_kyrtyk
mount-01793,43.50784949957227,42.48183488845825,2316,,regular,axis_kyrtyk
mount-01711,43.5336082522507,42.545424699783325,2313,,regular,axis_kyrtyk
mount-01712,43.57320127744006,42.477993965148926,2310,,regular,axis_kyrtyk
mount-01132,43.60291005198741,42.52906322479248,2308,,regular,axis_kyrtyk
mount-01682,43.602871206247954,42.51777648925781,2307,,regular,axis_kyrtyk
mount-01094,43.476030709998014,42.55725860595703,2302,,regular,axis_kyrtyk
mount-01093,43.58711330605061,42.50062108039856,2301,,regular,axis_kyrtyk
mount-01707,43.50088473508271,42.55612134933472,2299,,regular,axis_kyrtyk
mount-01131,43.588224575260426,42.544898986816406,2282,,regular,axis_kyrtyk
mount-01701,43.50802847175672,42.543150186538696,2281,,regular,axis_kyrtyk
mount-00960,43.60000432144409,42.54207730293274,2280,,regular,axis_kyrtyk
mount-01690,43.498674518966794,42.80301332473755,2279,,regular,axis_kyrtyk
mount-01130,43.568304100346296,42.52315163612366,2278,,regular,axis_kyrtyk
mount-01680,43.6419373401402,42.517969608306885,2274,,regular,axis_kyrtyk
mount-00066,43.59750248379032,42.5955605506897,2272,,regular,axis_kyrtyk
mount-01051,43.492704974645676,42.48495697975159,2267,,regular,axis_kyrtyk
mount-01702,43.53051249322564,42.537453174591064,2264,,regular,axis_kyrtyk
mount-01091,43.49360005475188,42.541680335998535,2262,,regular,axis_kyrtyk
mount-01129,43.598955427017444,42.553439140319824,2241,,regular,axis_kyrtyk
mount-01723,43.51443999473693,42.53062963485718,2238,,regular,axis_kyrtyk
mount-01527,43.659815409788735,42.55210876464844,2229,,regular,axis_kyrtyk
mount-01594,43.675639619372646,42.59823203086853,2224,Каратюбе,regular,axis_kyrtyk
mount-01147,43.72994876752756,42.576152086257935,2218,,regular,axis_kyrtyk
mount-01089,43.49531234494674,42.54905104637146,2217,,regular,axis_kyrtyk
mount-01128,43.546782896241865,42.5499951839447,2215,,regular,axis_kyrtyk
mount-01623,43.65385405703046,42.551143169403076,2211,,regular,axis_kyrtyk
mount-01664,43.63289924384452,42.52983570098877,2209,,regular,axis_kyrtyk
mount-01652,43.64338144604898,42.52878427505493,2203,,regular,axis_kyrtyk
mount-01649,43.62048905890231,42.50736951828003,2197,,regular,axis_kyrtyk
mount-01088,43.583111012681485,42.49083638191223,2176,,regular,axis_kyrtyk
mount-01245,43.663835883820894,42.5624942779541,2171,,regular,axis_kyrtyk
mount-01677,43.640935762430246,42.5571084022522,2149,,regular,axis_kyrtyk
mount-01683,43.56852953470141,42.53876209259033,2149,,regular,axis_kyrtyk
mount-01127,43.5805696125598,42.50917196273804,2147,,regular,axis_kyrtyk
mount-01528,43.73292573819228,42.625311613082886,2143,,regular,axis_kyrtyk
mount-01142,43.63206835405035,42.70563840866089,2134,Караныкол,regular,axis_kyrtyk
mount-01254,43.61461701478919,42.55152940750122,2131,,regular,axis_kyrtyk
mount-01550,43.73284821479115,42.664278745651245,2118,Шиджатмаз,regular,axis_kyrtyk
mount-01126,43.53945709180425,42.53612279891968,2114,,regular,axis_kyrtyk
mount-01125,43.587509635185455,42.52437472343445,2099,,regular,axis_kyrtyk
mount-01143,43.70582519808238,42.706711292266846,2047,Мангалай,regular,axis_kyrtyk
mount-01575,43.72421147963286,42.61368155479431,2003,,regular,axis_kyrtyk
hill-00007,43.81803233020722,42.66446113586426,1606,Университетская,regular,axis_kyrtyk
peak-00101,43.34134732263601,42.406100034713745,4931,,regular,axis_kyukyurtly_kubansky
peak-00019,43.33732092231418,42.391626834869385,4589,Кукуртли-Колбаши,regular,axis_kyukyurtly_kubansky
peak-00138,43.36653747359577,42.40276336669922,4352,Утюг,regular,axis_kyukyurtly_kubansky
peak-00100,43.37082710437127,42.40415811538696,4323,,regular,axis_kyukyurtly_kubansky
peak-00018,43.381043003129435,42.407076358795166,4033,,regular,axis_kyukyurtly_kubansky
rock-00738,43.352449752426935,42.30141878128052,3647,,regular,axis_kyukyurtly_kubansky
rock-00415,43.38558111743265,42.39095091819763,3639,,regular,axis_kyukyurtly_kubansky
rock-00901,43.336423529268615,42.34081506729126,3637,Куршоу Восточный,regular,axis_kyukyurtly_kubansky
rock-00748,43.34278302871169,42.304455041885376,3627,Куршоу,regular,axis_kyukyurtly_kubansky
rock-00904,43.35720842938625,42.29978799819946,3578,,regular,axis_kyukyurtly_kubansky
rock-00723,43.31531145942682,42.359665632247925,3575,,regular,axis_kyukyurtly_kubansky
rock-00408,43.37814217479084,42.34151244163513,3514,,regular,axis_kyukyurtly_kubansky
rock-00780,43.370608730497196,42.34161972999573,3513,,regular,axis_kyukyurtly_kubansky
rock-00095,43.365336322614695,42.365169525146484,3505,,regular,axis_kyukyurtly_kubansky
rock-00091,43.372605262363436,42.25695848464966,3504,,regular,axis_kyukyurtly_kubansky
rock-00903,43.33679029150713,42.330697774887085,3500,,regular,axis_kyukyurtly_kubansky
rock-00148,43.33615821052368,42.333959341049194,3489,,regular,axis_kyukyurtly_kubansky
rock-00902,43.37514762577209,42.24801063537598,3489,Кебек-Джиринбаши,regular,axis_kyukyurtly_kubansky
rock-00729,43.3207755453474,42.347252368927,3485,,regular,axis_kyukyurtly_kubansky
rock-00726,43.369165883355635,42.29753494262695,3444,,regular,axis_kyukyurtly_kubansky
rock-00094,43.3697040303571,42.260509729385376,3419,,regular,axis_kyukyurtly_kubansky
rock-00725,43.35482913755166,42.26761221885681,3403,,regular,axis_kyukyurtly_kubansky
rock-00900,43.358869977867585,42.25612163543701,3403,,regular,axis_kyukyurtly_kubansky
rock-00383,43.33839777646273,42.298704385757446,3386,,regular,axis_kyukyurtly_kubansky
rock-00384,43.362348941394885,42.25924372673035,3380,,regular,axis_kyukyurtly_kubansky
rock-00399,43.38671949143347,42.380619049072266,3372,,regular,axis_kyukyurtly_kubansky
rock-00716,43.38105859860565,42.2514009475708,3339,,regular,axis_kyukyurtly_kubansky
rock-00093,43.36640488017477,42.257301807403564,3324,,regular,axis_kyukyurtly_kubansky
rock-00756,43.3787114343078,42.288973331451416,3304,,regular,axis_kyukyurtly_kubansky
rock-00395,43.34555290916481,42.33577251434326,3295,,regular,axis_kyukyurtly_kubansky
rock-00107,43.453238220747664,42.278276681900024,3294,Садырляр,regular,axis_kyukyurtly_kubansky
rock-00378,43.390290416360614,42.37207889556885,3254,,regular,axis_kyukyurtly_kubansky
rock-00722,43.39049312631249,42.33827233314514,3253,,regular,axis_kyukyurtly_kubansky
rock-00718,43.35550002928332,42.245070934295654,3245,,regular,axis_kyukyurtly_kubansky
rock-00106,43.45880670436213,42.244277000427246,3243,Эльмезтебе,regular,axis_kyukyurtly_kubansky
rock-00092,43.39493698182389,42.33507513999939,3219,,regular,axis_kyukyurtly_kubansky
rock-00720,43.319971574964256,42.32899188995361,3213,,regular,axis_kyukyurtly_kubansky
mount-01781,43.34410166361843,42.32006549835205,3198,,regular,axis_kyukyurtly_kubansky
mount-00269,43.453518604209876,42.266013622283936,3191,,regular,axis_kyukyurtly_kubansky
mount-01512,43.45574604886224,42.25466251373291,3186,,regular,axis_kyukyurtly_kubansky
mount-01941,43.32714448811487,42.30367183685303,3185,,regular,axis_kyukyurtly_kubansky
mount-01924,43.363175750920334,42.24586486816406,3166,,regular,axis_kyukyurtly_kubansky
mount-00270,43.46534025711546,42.19199538230896,3149,Эльбаши,regular,axis_kyukyurtly_kubansky
mount-01022,43.39879585514515,42.32888460159302,3129,,regular,axis_kyukyurtly_kubansky
mount-01019,43.45078481000286,42.29533553123474,3088,,regular,axis_kyukyurtly_kubansky
mount-01018,43.4430968118491,42.28220343589783,3038,,regular,axis_kyukyurtly_kubansky
mount-01751,43.50583408051364,41.974865198135376,3019,,regular,axis_kyukyurtly_kubansky
mount-01442,43.34986742891442,42.22964286804199,2988,,regular,axis_kyukyurtly_kubansky
mount-01016,43.40390166332347,42.320183515548706,2935,,regular,axis_kyukyurtly_kubansky
mount-01444,43.43381071309116,42.284767627716064,2922,,regular,axis_kyukyurtly_kubansky
mount-00948,43.47820282869168,42.20529913902283,2784,,regular,axis_kyukyurtly_kubansky
mount-01015,43.338187089110306,42.272504568099976,2784,,regular,axis_kyukyurtly_kubansky
mount-01850,43.51441665304887,41.97831988334656,2722,,regular,axis_kyukyurtly_kubansky
mount-01463,43.49042440624285,42.19190955162048,2660,,regular,axis_kyukyurtly_kubansky
mount-01451,43.42424267134089,42.28496074676514,2620,,regular,axis_kyukyurtly_kubansky
mount-00662,43.517450996797265,41.96730136871338,2614,,regular,axis_kyukyurtly_kubansky
mount-01046,43.4725271282193,42.273985147476196,2494,,regular,axis_kyukyurtly_kubansky
mount-01747,43.524997292638375,41.94811820983887,2334,,regular,axis_kyukyurtly_kubansky
mount-01745,43.52303690241169,41.9886839389801,2314,,regular,axis_kyukyurtly_kubansky
mount-00814,43.54106697864995,41.9942843914032,2310,,regular,axis_kyukyurtly_kubansky
mount-00813,43.53459606151088,41.987375020980835,2295,,regular,axis_kyukyurtly_kubansky
mount-01641,43.543820018857815,41.91242337226868,2284,,regular,axis_kyukyurtly_kubansky
mount-01428,43.53636163303082,42.01045274734497,2267,,regular,axis_kyukyurtly_kubansky
mount-01696,43.477938130233014,42.24522113800049,2264,,regular,axis_kyukyurtly_kubansky
mount-00899,43.49510220285464,42.301719188690186,2231,,regular,axis_kyukyurtly_kubansky
mount-01045,43.49450290472362,42.291462421417236,2221,,regular,axis_kyukyurtly_kubansky
mount-01429,43.54442660403549,42.029818296432495,2217,,regular,axis_kyukyurtly_kubansky
mount-01695,43.49991972109581,42.3017942905426,2182,,regular,axis_kyukyurtly_kubansky
mount-01783,43.51275937011786,42.336266040802,2178,,regular,axis_kyukyurtly_kubansky
mount-00012,43.54792601472508,41.926220655441284,2156,,regular,axis_kyukyurtly_kubansky
mount-01044,43.49937494832423,42.28691339492798,2124,,regular,axis_kyukyurtly_kubansky
mount-01006,43.49664322788155,42.21926808357239,2110,,regular,axis_kyukyurtly_kubansky
mount-01434,43.50049561839538,42.223355770111084,2090,,regular,axis_kyukyurtly_kubansky
mount-01050,43.503445060344404,42.324957847595215,2089,,regular,axis_kyukyurtly_kubansky
mount-01005,43.50270576784726,42.212809324264526,2078,,regular,axis_kyukyurtly_kubansky
mount-01740,43.553306934315685,41.94705605506897,2062,,regular,axis_kyukyurtly_kubansky
mount-00831,43.55674362864363,41.91613554954529,2025,,regular,axis_kyukyurtly_kubansky
mount-01765,43.61337418060597,41.91506266593933,2022,Артмах,regular,axis_kyukyurtly_kubansky
mount-01507,43.5644793613252,41.89534306526184,2007,,regular,axis_kyukyurtly_kubansky
mount-01788,43.520033958936835,42.31966853141785,2007,,regular,axis_kyukyurtly_kubansky
mount-01042,43.49812973496017,42.268266677856445,1986,,regular,axis_kyukyurtly_kubansky
mount-01441,43.53439383416065,42.02998995780945,1975,,regular,axis_kyukyurtly_kubansky
mount-00966,43.58888511017375,41.923195123672485,1971,,regular,axis_kyukyurtly_kubansky
mount-01699,43.513405171226,42.2992730140686,1958,,regular,axis_kyukyurtly_kubansky
mount-01643,43.60274689971311,41.92874193191528,1955,,regular,axis_kyukyurtly_kubansky
mount-01786,43.53069139819908,42.33975291252136,1955,,regular,axis_kyukyurtly_kubansky
mount-00812,43.619292948276865,41.91153287887573,1951,,regular,axis_kyukyurtly_kubansky
mount-00811,43.5655677264171,41.99346899986267,1937,,regular,axis_kyukyurtly_kubansky
mount-01432,43.52834225585016,42.015355825424194,1937,,regular,axis_kyukyurtly_kubansky
mount-01674,43.578338998673274,41.927690505981445,1919,,regular,axis_kyukyurtly_kubansky
mount-01836,43.511024231709285,42.21719741821289,1907,,regular,axis_kyukyurtly_kubansky
mount-01835,43.53143034790119,42.05947279930115,1905,,regular,axis_kyukyurtly_kubansky
mount-01041,43.50479910944179,42.26093888282776,1884,,regular,axis_kyukyurtly_kubansky
mount-00810,43.56559882227364,41.962655782699585,1877,,regular,axis_kyukyurtly_kubansky
mount-00809,43.57797369862905,41.99897289276123,1872,,regular,axis_kyukyurtly_kubansky
mount-00194,43.57355106056693,41.9672691822052,1869,,regular,axis_kyukyurtly_kubansky
mount-00808,43.588822942490935,41.99325442314148,1860,,regular,axis_kyukyurtly_kubansky
mount-01499,43.524709461555545,42.26711869239807,1854,,regular,axis_kyukyurtly_kubansky
mount-00198,43.582085139305974,41.90209150314331,1848,Тегреккая,regular,axis_kyukyurtly_kubansky
mount-00807,43.60245167066347,41.90558910369873,1814,,regular,axis_kyukyurtly_kubansky
hill-00369,43.599157437736125,41.98120594024658,1799,,regular,axis_kyukyurtly_kubansky
hill-00618,43.59448770891956,41.94230318069458,1782,,regular,axis_kyukyurtly_kubansky
hill-00368,43.61231775135525,41.94205641746521,1734,,regular,axis_kyukyurtly_kubansky
hill-00433,43.58353845476191,41.947689056396484,1731,,regular,axis_kyukyurtly_kubansky
hill-00669,43.51464228898885,42.26871728897095,1728,,regular,axis_kyukyurtly_kubansky
hill-00431,43.58742415265161,41.903260946273804,1662,,regular,axis_kyukyurtly_kubansky
hill-00744,43.54433328363618,42.05518126487732,1658,,regular,axis_kyukyurtly_kubansky
hill-00367,43.567993155023714,41.93911671638489,1636,,regular,axis_kyukyurtly_kubansky
hill-00746,43.50145284094265,42.12602376937866,1629,,regular,axis_kyukyurtly_kubansky
hill-00430,43.58686462761406,41.88416361808777,1625,,regular,axis_kyukyurtly_kubansky
hill-00382,43.609334792122155,41.8918240070343,1624,,regular,axis_kyukyurtly_kubansky
hill-00373,43.60141058824203,41.87830567359924,1257,,regular,axis_kyukyurtly_kubansky
mount-01082,43.49450290472362,42.878544330596924,2897,Науджидза,regular,axis_tashorunbash
mount-01081,43.52337141795019,42.86535859107971,2874,Инал,regular,axis_tashorunbash
mount-01261,43.50079134730649,42.920215129852295,2703,Алмалыкая Западная,regular,axis_tashorunbash
mount-01656,43.499569510592636,43.00040245056152,2695,Алмалыкая,regular,axis_tashorunbash
mount-01258,43.496682142145886,42.95506238937378,2610,,regular,axis_tashorunbash
mount-01259,43.497351463566986,42.98584342002869,2496,,regular,axis_tashorunbash
mount-01490,43.622034647131954,42.80942916870117,2426,Домбей,regular,axis_tashorunbash
mount-01260,43.49811416963061,42.97905206680298,2425,,regular,axis_tashorunbash
mount-01370,43.525324018149234,42.94572830200195,2425,,regular,axis_tashorunbash
mount-01545,43.51369305623999,42.839587926864624,2407,,regular,axis_tashorunbash
mount-01077,43.46583082912019,42.855573892593384,2354,Айраш,regular,axis_tashorunbash
mount-01808,43.59921182512139,42.848031520843506,2326,,regular,axis_tashorunbash
mount-01092,43.443307134828274,42.87484288215637,2276,,regular,axis_tashorunbash
mount-01488,43.62242297963732,42.87511110305786,2201,Кертмен,regular,axis_tashorunbash
mount-01480,43.518477970889705,43.05622458457947,2171,,regular,axis_tashorunbash
mount-01803,43.525324018149234,43.03987383842468,2169,,regular,axis_tashorunbash
mount-01801,43.55533631823778,42.946457862854004,2138,,regular,axis_tashorunbash
mount-01369,43.52529290151017,42.981905937194824,2108,,regular,axis_tashorunbash
mount-01800,43.56301781155548,42.972142696380615,1990,,regular,axis_tashorunbash
mount-01804,43.61117585475125,42.88858652114868,1982,,regular,axis_tashorunbash
mount-01256,43.57052731263312,42.98147678375244,1970,Добра,regular,axis_tashorunbash
mount-01140,43.68561006554668,42.7957820892334,1947,Гедмыш,regular,axis_tashorunbash
mount-01457,43.557451159028375,43.057265281677246,1915,Джамбаш,regular,axis_tashorunbash
mount-01139,43.66454991669016,42.8466796875,1913,Бенехука-Омха,regular,axis_tashorunbash
mount-01346,43.720047725284985,42.766181230545044,1880,Уллу-Лахран,regular,axis_tashorunbash
mount-01805,43.64456931359791,42.913219928741455,1842,,regular,axis_tashorunbash
hill-00726,43.56737125956292,43.003127574920654,1736,,regular,axis_tashorunbash
hill-00424,43.84097316335047,42.85444736480713,1530,Верхний Джинал,regular,axis_tashorunbash
hill-00003,43.85473807270668,42.81901001930237,1477,Малый Джинал,regular,axis_tashorunbash
hill-00487,43.7734644729056,42.879520654678345,1475,Псыбгунж,regular,axis_tashorunbash
hill-00437,43.88681291159713,42.78856158256531,1390,Большое Седло,regular,axis_tashorunbash
hill-00009,43.840036817491665,42.924710512161255,1374,Псыншок,regular,axis_tashorunbash
hill-00005,43.786710521810164,42.87545442581177,1319,,regular,axis_tashorunbash
hill-00017,43.88531280967291,42.76745796203613,1300,,regular,axis_tashorunbash
hill-00774,43.88437715996244,42.76749014854431,1291,Малое Седло,regular,axis_tashorunbash
hill-00010,43.92815908871074,42.784613370895386,1279,Кабан,regular,axis_tashorunbash
hill-00486,43.79350282478009,42.88480997085571,1276,курган Хаки-Гон,regular,axis_tashorunbash
hill-00185,43.898595903406346,42.758939266204834,1183,Вершина Синих Гор,regular,axis_tashorunbash
hill-00029,43.92455818952499,42.98627257347107,1167,Джуца 2-я,regular,axis_tashorunbash
hill-00485,43.768211718270436,43.01963925361633,993,Ниваду,regular,axis_tashorunbash
hill-00484,43.75449660053212,43.04237365722656,966,Бгыхурей,regular,axis_tashorunbash
hill-00028,43.96925261699673,43.02267551422119,964,Джуца 1-я (Юца),regular,axis_tashorunbash
hill-00452,43.89045475443507,42.71334171295166,912,Солдатская горка,regular,axis_tashorunbash
hill-00453,43.89239543323421,42.72379159927368,900,Сосновая,regular,axis_tashorunbash
hill-00451,43.89918344564387,42.72004723548889,887,Крестовая,regular,axis_tashorunbash
hill-00011,43.891305258904055,42.70756959915161,861,Скала Черепаха,regular,axis_tashorunbash
hill-00766,43.91897868346581,42.70931839942932,857,Ракитная гора,regular,axis_tashorunbash
hill-00454,43.94150987642038,42.69368648529053,851,Кольцо-гора,regular,axis_tashorunbash
hill-00004,43.900451280191845,42.714468240737915,831,Казачья горка,regular,axis_tashorunbash
hill-00483,44.05616590336959,42.91206121444702,586,Курган,regular,axis_tashorunbash
rock-00180,43.35134974285319,41.73075199127197,3310,,regular,axis_teberda_dombay_side
rock-00062,43.391654797191876,41.767122745513916,3292,Чертова гора,regular,axis_teberda_dombay_side
mount-00677,43.25497873791869,41.66114330291748,3172,пик Инэ,regular,axis_teberda_dombay_side
mount-00049,43.28815547268189,41.68384552001953,3151,Мусса-Ачитара,regular,axis_teberda_dombay_side
mount-01210,43.28923319835792,41.680240631103516,3144,,regular,axis_teberda_dombay_side
mount-00640,43.3187148620834,41.596823930740356,3099,Кругозор,regular,axis_teberda_dombay_side
mount-00912,43.32229759606318,41.61416172981262,3077,,regular,axis_teberda_dombay_side
mount-01535,43.392956777687544,41.759161949157715,3064,,regular,axis_teberda_dombay_side
mount-00911,43.318394825458114,41.60889387130737,3028,,regular,axis_teberda_dombay_side
mount-01390,43.2654719469453,41.63376331329346,3020,пик Театральный,regular,axis_teberda_dombay_side
mount-00254,43.35113129886298,41.631091833114624,3005,Малый Хутый,regular,axis_teberda_dombay_side
mount-00746,43.237215076080815,41.60924792289734,3004,,regular,axis_teberda_dombay_side
mount-01925,43.29398902054413,41.672043800354004,2994,Мусса-Ачитара,regular,axis_teberda_dombay_side
mount-01391,43.24878978780214,41.633849143981934,2983,,regular,axis_teberda_dombay_side
mount-00697,43.29903337783824,41.66345000267029,2952,Мусат-Чери,regular,axis_teberda_dombay_side
mount-00744,43.33199099344807,41.70605421066284,2949,,regular,axis_teberda_dombay_side
mount-00302,43.329579495655025,41.71641826629639,2915,,regular,axis_teberda_dombay_side
mount-00642,43.35054617715858,41.717716455459595,2910,,regular,axis_teberda_dombay_side
mount-00684,43.270698343501635,41.63060903549194,2829,,regular,axis_teberda_dombay_side
mount-01597,43.36508672981594,41.72414302825928,2814,,regular,axis_teberda_dombay_side
mount-00720,43.2840864956396,41.678749322891235,2729,,regular,axis_teberda_dombay_side
mount-00723,43.38886363098152,41.74574017524719,2722,,regular,axis_teberda_dombay_side
mount-01659,43.30858215282149,41.60777807235718,2679,,regular,axis_teberda_dombay_side
mount-00775,43.40690258642471,41.76847457885742,2631,,regular,axis_teberda_dombay_side
mount-00641,43.359103995125025,41.74223184585571,2575,,regular,axis_teberda_dombay_side
mount-00716,43.297877741602804,41.68261170387268,2571,,regular,axis_teberda_dombay_side
mount-00726,43.33985696139382,41.71083927154541,2560,,regular,axis_teberda_dombay_side
mount-00713,43.33826512154829,41.69802904129028,2537,,regular,axis_teberda_dombay_side
mount-00712,43.292903570073264,41.65523171424866,2465,,regular,axis_teberda_dombay_side
mount-00647,43.31570176757339,41.62521243095398,2448,,regular,axis_teberda_dombay_side
mount-00710,43.32546646136453,41.70261025428772,2442,,regular,axis_teberda_dombay_side
mount-00707,43.35695880314799,41.705206632614136,2414,,regular,axis_teberda_dombay_side
mount-00701,43.29897091157625,41.64064049720764,2236,,regular,axis_teberda_dombay_side
mount-00704,43.31717710971921,41.67761206626892,2195,,regular,axis_teberda_dombay_side
mount-00703,43.3840996398022,41.72656774520874,2194,,regular,axis_teberda_dombay_side
mount-00705,43.34481948833246,41.692750453948975,2193,,regular,axis_teberda_dombay_side
mount-00702,43.31264168448695,41.663063764572144,2178,,regular,axis_teberda_dombay_side
mount-00699,43.31039336198782,41.64825797080994,2044,,regular,axis_teberda_dombay_side
mount-01592,43.36508672981594,41.705260276794434,1987,,regular,axis_teberda_dombay_side
hill-00597,43.42302707893472,41.75008535385132,1667,,regular,axis_teberda_dombay_side
rock-00746,43.37008618982111,41.77774429321289,3480,Чёртов Замок,regular,axis_teberda_gonachkhir_side
rock-00067,43.392956777687544,41.825305223464966,3454,,regular,axis_teberda_gonachkhir_side
rock-00179,43.34634873876712,41.74174904823303,3399,,regular,axis_teberda_gonachkhir_side
rock-00054,43.39978586989949,41.826581954956055,3379,Назалыбек,regular,axis_teberda_gonachkhir_side
rock-00194,43.357528261503205,41.78505063056946,3375,,regular,axis_teberda_gonachkhir_side
rock-00214,43.38986940121731,41.80899739265442,3328,,regular,axis_teberda_gonachkhir_side
rock-00744,43.28180587509192,41.71332836151123,3234,,regular,axis_teberda_gonachkhir_side
rock-00526,43.32854931207049,41.75452709197998,3214,Гедейж,regular,axis_teberda_gonachkhir_side
mount-00760,43.310299680078714,41.780630350112915,3187,,regular,axis_teberda_gonachkhir_side
mount-00802,43.432657641639224,41.866289377212524,3187,,regular,axis_teberda_gonachkhir_side
mount-00639,43.362208538658166,41.79672360420227,3173,,regular,axis_teberda_gonachkhir_side
mount-00806,43.382688303754804,41.77618861198425,3170,,regular,axis_teberda_gonachkhir_side
mount-00303,43.338132466344035,41.746437549591064,3141,,regular,axis_teberda_gonachkhir_side
mount-00751,43.272745031226066,41.726428270339966,3135,,regular,axis_teberda_gonachkhir_side
mount-00752,43.28448481443087,41.700013875961304,3135,,regular,axis_teberda_gonachkhir_side
mount-01611,43.321509256606504,41.76029920578003,3135,,regular,axis_teberda_gonachkhir_side
mount-00765,43.2567212202504,41.70978784561157,3130,,regular,axis_teberda_gonachkhir_side
mount-00755,43.314999211104634,41.76934361457825,3114,,regular,axis_teberda_gonachkhir_side
mount-00750,43.33676688121764,41.75061106681824,3098,,regular,axis_teberda_gonachkhir_side
mount-00624,43.409287629659616,41.82813763618469,3074,,regular,axis_teberda_gonachkhir_side
mount-00749,43.27690068918605,41.71662211418152,3070,,regular,axis_teberda_gonachkhir_side
mount-00301,43.32829176344421,41.73729658126831,3039,,regular,axis_teberda_gonachkhir_side
mount-00623,43.419808758112936,41.82191491127014,3038,,regular,axis_teberda_gonachkhir_side
mount-00743,43.28412554661682,41.68904900550842,3002,,regular,axis_teberda_gonachkhir_side
mount-00742,43.31969837872302,41.79302215576172,2958,,regular,axis_teberda_gonachkhir_side
mount-00783,43.48425165094855,41.838544607162476,2893,,regular,axis_teberda_gonachkhir_side
mount-00782,43.45118982434968,41.85682654380798,2879,,regular,axis_teberda_gonachkhir_side
mount-00622,43.433974322801134,41.81513428688049,2868,,regular,axis_teberda_gonachkhir_side
mount-00737,43.288147663005844,41.73088073730469,2842,,regular,axis_teberda_gonachkhir_side
mount-00909,43.32912684138353,41.76754117012024,2812,,regular,axis_teberda_gonachkhir_side
mount-00778,43.479121479052424,41.84736371040344,2790,,regular,axis_teberda_gonachkhir_side
mount-00729,43.29051394896774,41.70690178871155,2773,,regular,axis_teberda_gonachkhir_side
mount-00887,43.27568214219855,41.7729377746582,2767,,regular,axis_teberda_gonachkhir_side
mount-00773,43.43862532809953,41.850067377090454,2674,,regular,axis_teberda_gonachkhir_side
mount-00717,43.303538587750666,41.77759408950806,2639,,regular,axis_teberda_gonachkhir_side
mount-01609,43.470814192089364,41.82915687561035,2599,,regular,axis_teberda_gonachkhir_side
mount-00718,43.29136516463706,41.742671728134155,2588,,regular,axis_teberda_gonachkhir_side
mount-00968,43.41664481834954,41.836827993392944,2577,,regular,axis_teberda_gonachkhir_side
mount-00714,43.3264654782227,41.786381006240845,2503,,regular,axis_teberda_gonachkhir_side
mount-00709,43.32104093129374,41.74586892127991,2500,,regular,axis_teberda_gonachkhir_side
mount-00711,43.31995596378354,41.72738313674927,2420,,regular,axis_teberda_gonachkhir_side
mount-00768,43.4664771321917,41.84397339820862,2330,,regular,axis_teberda_gonachkhir_side
mount-00706,43.28510962296693,41.76650047302246,2240,,regular,axis_teberda_gonachkhir_side
mount-00700,43.35155258299724,41.76184415817261,2137,,regular,axis_teberda_gonachkhir_side
hill-00361,43.300048445601306,41.75225257873535,1757,,regular,axis_teberda_gonachkhir_side
rock-00845,43.31455425447331,42.62820839881897,3967,Кезгенбаши,regular,axis_tegenekli_irik_side
rock-00825,43.29409834541693,42.529181241989136,3780,Терсколак,regular,axis_tegenekli_irik_side
rock-00419,43.31257923220727,42.622833251953125,3771,,regular,axis_tegenekli_irik_side
rock-00826,43.27884562708877,42.54658341407776,3749,Сарыколбаши-Терсак,regular,axis_tegenekli_irik_side
rock-00421,43.32197757830926,42.63585805892944,3747,,regular,axis_tegenekli_irik_side
rock-00846,43.30228934289016,42.63471007347107,3710,,regular,axis_tegenekli_irik_side
rock-00420,43.29070918297228,42.53190636634827,3704,,regular,axis_tegenekli_irik_side
rock-00849,43.311244299382764,42.51684308052063,3685,ЦСКА,regular,axis_tegenekli_irik_side
rock-00842,43.293504865173645,42.63445258140564,3639,Губасанты,regular,axis_tegenekli_irik_side
rock-00414,43.32935316894094,42.655030488967896,3608,,regular,axis_tegenekli_irik_side
rock-00735,43.27472915896118,42.555638551712036,3567,Артыккая,regular,axis_tegenekli_irik_side
rock-00411,43.34020029392832,42.6673150062561,3536,,regular,axis_tegenekli_irik_side
rock-00098,43.276267985142056,42.57408142089844,3525,Артыкколбаши,regular,axis_tegenekli_irik_side
rock-00409,43.33504229840551,42.672303915023804,3509,Гора Виталия Майбороды,regular,axis_tegenekli_irik_side
rock-00027,43.271698260607195,42.54034996032715,3506,Итколбаши,regular,axis_tegenekli_irik_side
rock-00758,43.27133110545361,42.54027485847473,3504,Итколбаши южн,regular,axis_tegenekli_irik_side
rock-00827,43.27450262796344,42.58744955062866,3478,Тегенеклибаши,regular,axis_tegenekli_irik_side
rock-00407,43.3104402028882,42.569661140441895,3470,,regular,axis_tegenekli_irik_side
rock-00405,43.34789355468155,42.65808820724487,3435,,regular,axis_tegenekli_irik_side
rock-00853,43.241279371223186,42.4831759929657,3435,Чегет,regular,axis_tegenekli_irik_side
rock-00404,43.334870617798,42.68664836883545,3434,,regular,axis_tegenekli_irik_side
rock-00402,43.31007328153558,42.60964751243591,3411,,regular,axis_tegenekli_irik_side
rock-00838,43.33503449475205,42.63224244117737,3387,,regular,axis_tegenekli_irik_side
rock-00841,43.340933770565954,42.64100790023804,3375,,regular,axis_tegenekli_irik_side
rock-00401,43.37846969461788,42.636040449142456,3366,,regular,axis_tegenekli_irik_side
rock-00860,43.219868431347976,42.538172006607056,3365,Белиловского,regular,axis_tegenekli_irik_side
rock-00781,43.307778021107055,42.57743954658508,3341,,regular,axis_tegenekli_irik_side
rock-00857,43.22459840262138,42.54775285720825,3334,Кахиани,regular,axis_tegenekli_irik_side
rock-00397,43.38399047686045,42.71437168121338,3314,,regular,axis_tegenekli_irik_side
rock-00778,43.379413253753285,42.644838094711304,3283,,regular,axis_tegenekli_irik_side
rock-00423,43.33440239549242,42.700520753860474,3268,,regular,axis_tegenekli_irik_side
rock-00777,43.385183461202445,42.697269916534424,3256,,regular,axis_tegenekli_irik_side
rock-00173,43.22773327226753,42.61714696884155,3216,,regular,axis_tegenekli_irik_side
rock-00170,43.226349571625576,42.5699508190155,3207,,regular,axis_tegenekli_irik_side
mount-01038,43.27178419021689,42.59845733642578,3155,,regular,axis_tegenekli_irik_side
mount-01033,43.28441452306899,42.57728934288025,2991,,regular,axis_tegenekli_irik_side
mount-01035,43.28371160498304,42.58649468421936,2989,,regular,axis_tegenekli_irik_side
mount-01032,43.371544612993006,42.64546036720276,2946,,regular,axis_tegenekli_irik_side
mount-01031,43.37658253229685,42.684234380722046,2945,,regular,axis_tegenekli_irik_side
mount-01030,43.37371268529347,42.6559853553772,2913,,regular,axis_tegenekli_irik_side
mount-01561,43.36348775158649,42.707451581954956,2853,Уллукая,regular,axis_tegenekli_irik_side
mount-01028,43.374149409903055,42.67531871795654,2713,,regular,axis_tegenekli_irik_side
peak-00020,43.20345532226622,42.86588430404663,4291,Адырсубаши,regular,axis_tyrnyauz_adyrsu_side
peak-00078,43.24140442215915,42.88591504096985,4242,Джайлык,regular,axis_tyrnyauz_adyrsu_side
peak-00081,43.25226724248827,42.86635637283325,4202,Тютюбаши 2 западная,regular,axis_tyrnyauz_adyrsu_side
peak-00077,43.24061503382222,42.88396239280701,4197,Джайлык,regular,axis_tyrnyauz_adyrsu_side
peak-00082,43.25243915644583,42.86868453025818,4185,Тютюбаши центральная,regular,axis_tyrnyauz_adyrsu_side
peak-00025,43.22398860874907,42.88147330284119,4184,Юномкаратау,regular,axis_tyrnyauz_adyrsu_side
peak-00085,43.267456311787015,42.84921169281006,4178,Спартакиады,regular,axis_tyrnyauz_adyrsu_side
peak-00079,43.25043867309071,42.87287950515747,4177,Тютюбаши восточная,regular,axis_tyrnyauz_adyrsu_side
peak-00021,43.23235319772735,42.8831684589386,4171,Кичкидар,regular,axis_tyrnyauz_adyrsu_side
peak-00024,43.252298499607576,42.871044874191284,4154,Тютюбаши главная,regular,axis_tyrnyauz_adyrsu_side
peak-00083,43.25642429853434,42.85695791244507,4131,,regular,axis_tyrnyauz_adyrsu_side
peak-00074,43.27160451907642,42.84045696258545,4125,Суллуколбаши,regular,axis_tyrnyauz_adyrsu_side
peak-00067,43.29170877125685,42.91862726211548,4075,Аджиколчатбаши,regular,axis_tyrnyauz_adyrsu_side
peak-00022,43.25139203663517,42.84450173377991,4056,Куллумколбаши,regular,axis_tyrnyauz_adyrsu_side
peak-00001,43.2668000723055,42.83469557762146,4051,пик Зюзина,regular,axis_tyrnyauz_adyrsu_side
peak-00061,43.210727992746996,42.85695791244507,4037,Химик,regular,axis_tyrnyauz_adyrsu_side
rock-00260,43.24485103754924,42.86409258842468,3986,Шогенцукова,regular,axis_tyrnyauz_adyrsu_side
rock-00154,43.21172889456338,42.849029302597046,3964,Озерная,regular,axis_tyrnyauz_adyrsu_side
rock-00129,43.27373710317977,42.83021092414856,3933,Сталь,regular,axis_tyrnyauz_adyrsu_side
rock-00296,43.28140753876039,42.82675623893738,3907,Ротор,regular,axis_tyrnyauz_adyrsu_side
rock-00153,43.21031355202993,42.839834690093994,3898,Московский Комсомолец,regular,axis_tyrnyauz_adyrsu_side
rock-00295,43.27310436624265,42.81645655632019,3847,Северсталь,regular,axis_tyrnyauz_adyrsu_side
rock-00163,43.30131335248157,42.914217710494995,3821,Аджиколчат,regular,axis_tyrnyauz_adyrsu_side
rock-00261,43.208147466989175,42.8322172164917,3797,Треугольник,regular,axis_tyrnyauz_adyrsu_side
rock-00486,43.31013573639032,42.9439902305603,3796,Байсултанова,regular,axis_tyrnyauz_adyrsu_side
rock-00127,43.25003231688012,42.82523274421692,3795,Терменбаши,regular,axis_tyrnyauz_adyrsu_side
rock-00487,43.31066660006459,42.90504455566406,3795,,regular,axis_tyrnyauz_adyrsu_side
rock-00488,43.31400000569175,42.94324994087219,3710,Орлова,regular,axis_tyrnyauz_adyrsu_side
rock-00493,43.31937054161202,42.940717935562134,3535,Юность,regular,axis_tyrnyauz_adyrsu_side
rock-00297,43.293387730230734,42.853556871414185,3524,,regular,axis_tyrnyauz_adyrsu_side
rock-00259,43.22426223495904,42.83102631568909,3399,Зимний,regular,axis_tyrnyauz_adyrsu_side
rock-00489,43.31846507754466,42.89682626724243,3366,,regular,axis_tyrnyauz_adyrsu_side
mount-00043,43.332724569251866,42.90263056755066,3104,,regular,axis_tyrnyauz_adyrsu_side
mount-00939,43.321251678131205,42.86049842834473,2796,,regular,axis_tyrnyauz_adyrsu_side
mount-01153,43.35106108455628,42.90685772895813,2758,Тотурбаши,regular,axis_tyrnyauz_adyrsu_side
rock-00352,43.31780158237737,42.05311059951782,3222,,regular,axis_uchkulan_ullukam_side
mount-00863,43.316833647021696,42.0417058467865,3109,,regular,axis_uchkulan_ullukam_side
mount-01222,43.317606435361085,42.02892780303955,2974,,regular,axis_uchkulan_ullukam_side
mount-00784,43.33592410478607,41.97327733039856,2885,,regular,axis_uchkulan_ullukam_side
mount-00776,43.33192856105563,41.9827938079834,2838,,regular,axis_uchkulan_ullukam_side
mount-00780,43.346161485681705,41.97349190711975,2838,,regular,axis_uchkulan_ullukam_side
mount-01012,43.47898134684931,42.06310987472534,2663,,regular,axis_uchkulan_ullukam_side
mount-00859,43.31994035259885,42.020108699798584,2571,,regular,axis_uchkulan_ullukam_side
mount-00857,43.47627984585537,42.07243323326111,2409,,regular,axis_uchkulan_ullukam_side
mount-00988,43.390999898226056,42.0042622089386,2266,,regular,axis_uchkulan_ullukam_side
mount-00989,43.41257665286878,42.02641725540161,2238,,regular,axis_uchkulan_ullukam_side
mount-00985,43.42604263834107,42.00477719306946,1856,,regular,axis_uchkulan_ullukam_side
mount-01003,43.44495853429083,42.04295039176941,1806,,regular,axis_uchkulan_ullukam_side
rock-00801,43.02250982755851,43.52580428123474,3913,Туяла Главная,regular,axis_upper_balkar_east
rock-00800,43.03251757129371,43.52749943733215,3907,Туяла Северная,regular,axis_upper_balkar_east
rock-00802,43.01251614215823,43.5283899307251,3885,Туяла Южная,regular,axis_upper_balkar_east
rock-00799,43.04391154967479,43.53283166885376,3765,,regular,axis_upper_balkar_east
rock-00798,43.04981551134773,43.53763818740845,3537,,regular,axis_upper_balkar_east
rock-00797,43.06082217734502,43.54034185409546,3309,Сунгульцубаши,regular,axis_upper_balkar_east
mount-01235,43.066003406625384,43.480507135391235,3141,Эркедыген,regular,axis_upper_balkar_east
mount-00093,43.05168929273145,43.63497018814087,3128,Тоторс,regular,axis_upper_balkar_east
mount-01234,43.124283595799454,43.52779984474182,3094,Мехтыген,regular,axis_upper_balkar_east
mount-01909,43.09957280014203,43.58500599861145,3089,Хазнибаши,regular,axis_upper_balkar_east
mount-00092,43.0698518124058,43.64846706390381,2995,Кунцихонх,regular,axis_upper_balkar_east
mount-01910,43.080486577416934,43.487781286239624,2650,Агачбаши,regular,axis_upper_balkar_east
mount-01912,43.10765679549712,43.5282826423645,2314,Бекаирбаши,regular,axis_upper_balkar_east
mount-01913,43.09683089264419,43.5088849067688,2256,Айдарука-Цырт,regular,axis_upper_balkar_east
mount-01911,43.08820483445692,43.50533366203308,2236,Фытын,regular,axis_upper_balkar_east
hill-00012,43.17135920016733,43.7000298500061,1210,Зилишки,regular,axis_upper_balkar_east
hill-00013,43.2001158594519,43.66649150848389,1149,Тушу,regular,axis_upper_balkar_east
rock-00303,43.00958989662985,43.25095295906067,3908,,regular,axis_upper_balkar_west
rock-00305,43.01145706134969,43.228358030319214,3810,Пик 20-летия ВЛКСМ,regular,axis_upper_balkar_west
rock-00666,43.000527849949464,43.25037360191345,3411,,regular,axis_upper_balkar_west
rock-00636,43.0518225720717,43.30636739730835,3332,,regular,axis_upper_balkar_west
mount-01931,43.05779632505153,43.3155620098114,3106,,regular,axis_upper_balkar_west
mount-01381,43.01814073192659,43.26465368270874,3067,,regular,axis_upper_balkar_west
mount-00916,43.05805501774293,43.422120809555054,2989,,regular,axis_upper_balkar_west
mount-01326,43.02141954375725,43.29415798187256,2985,,regular,axis_upper_balkar_west
mount-01200,43.102385086274836,43.39223027229309,2895,,regular,axis_upper_balkar_west
mount-01364,42.98936910451084,43.28794598579407,2734,,regular,axis_upper_balkar_west
mount-01199,43.102385086274836,43.40280890464783,2515,,regular,axis_upper_balkar_west
mount-01203,42.97812983926357,43.30679655075073,2421,,regular,axis_upper_balkar_west
mount-01195,43.114345651134244,43.40996503829956,2324,,regular,axis_upper_balkar_west
mount-01198,43.1042180946034,43.41304421424866,2050,,regular,axis_upper_balkar_west
mount-01202,43.12877041299919,43.490753173828125,2042,,regular,axis_upper_balkar_west
mount-01197,43.11493304498947,43.41704607009888,2023,,regular,axis_upper_balkar_west
hill-00455,43.10489175053925,43.41980338096619,1787,,regular,axis_upper_balkar_west
mount-00292,43.512455919017924,41.36331081390381,3134,Морг-Сырты,regular,axis_uzhum
mount-01877,43.381814974385804,41.36556386947632,3096,,regular,axis_uzhum
mount-00224,43.513708617552965,41.368889808654785,3084,,regular,axis_uzhum
mount-01403,43.429891738808664,41.360403299331665,3045,,regular,axis_uzhum
mount-00225,43.51761438020844,41.36945843696594,2998,,regular,axis_uzhum
mount-01404,43.44351745707618,41.36011362075806,2995,,regular,axis_uzhum
mount-00223,43.52111534699455,41.343151330947876,2990,,regular,axis_uzhum
mount-01405,43.45635351952819,41.35926604270935,2975,,regular,axis_uzhum
mount-00413,43.392699502322046,41.366647481918335,2937,,regular,axis_uzhum
mount-01443,43.4961217743201,41.35456681251526,2937,,regular,axis_uzhum
mount-01876,43.39761872993779,41.361143589019775,2922,,regular,axis_uzhum
mount-01183,43.43665434270048,41.35750651359558,2909,,regular,axis_uzhum
mount-00222,43.53187371337671,41.327176094055176,2906,,regular,axis_uzhum
mount-01406,43.466913188191455,41.346455812454224,2888,,regular,axis_uzhum
mount-01698,43.52517621397067,41.33828043937683,2876,,regular,axis_uzhum
mount-01400,43.401952932349985,41.35683059692383,2875,,regular,axis_uzhum
mount-01291,43.53328934974326,41.32230520248413,2855,,regular,axis_uzhum
mount-01181,43.516634073105536,41.38281583786011,2844,,regular,axis_uzhum
mount-00589,43.598994275285236,41.298476457595825,2815,,regular,axis_uzhum
mount-01367,43.60124743190133,41.322219371795654,2814,,regular,axis_uzhum
mount-01179,43.4729864982892,41.33810877799988,2793,,regular,axis_uzhum
mount-01468,43.611805065765964,41.279486417770386,2790,,regular,axis_uzhum
mount-01771,43.49230802183061,41.36827826499939,2790,,regular,axis_uzhum
mount-00587,43.51833014993815,41.35609030723572,2781,,regular,axis_uzhum
mount-01470,43.47852202234952,41.35332226753235,2778,,regular,axis_uzhum
mount-00197,43.535264962530306,41.31101846694946,2763,Красная,regular,axis_uzhum
mount-00585,43.62631393285349,41.281535625457764,2646,,regular,axis_uzhum
mount-00583,43.55197730089776,41.380380392074585,2507,,regular,axis_uzhum
mount-00581,43.611160318593534,41.32175803184509,2494,,regular,axis_uzhum
mount-00072,43.63263522403358,41.299474239349365,2486,Махур,regular,axis_uzhum
mount-01366,43.613179985444646,41.32234811782837,2455,,regular,axis_uzhum
mount-00579,43.62256277872518,41.31491303443909,2438,,regular,axis_uzhum
mount-01461,43.50908673121876,41.32005214691162,2434,,regular,axis_uzhum
mount-00577,43.62372775848203,41.304999589920044,2395,,regular,axis_uzhum
mount-00574,43.48312289481615,41.33789420127869,2370,,regular,axis_uzhum
mount-00621,43.54966009185273,41.40920877456665,2355,,regular,axis_uzhum
mount-00575,43.63384659950037,41.33752942085266,2350,,regular,axis_uzhum
mount-00573,43.63529089987469,41.327143907547,2328,,regular,axis_uzhum
mount-00571,43.632309080312865,41.28230810165405,2307,,regular,axis_uzhum
mount-00572,43.54824483982338,41.34154200553894,2298,,regular,axis_uzhum
mount-00569,43.561019784555526,41.37881398200989,2290,,regular,axis_uzhum
mount-01874,43.621638545392386,41.08934998512268,3192,Речепста,regular,ridge_abishira_akhuba
mount-01573,43.65346592760736,41.057034730911255,3179,Чилик-Второй,regular,ridge_abishira_akhuba
mount-00073,43.602140901677615,41.24436020851135,3162,,regular,ridge_abishira_akhuba
mount-00068,43.583942579028644,41.19924545288086,3146,Динника,regular,ridge_abishira_akhuba
mount-00067,43.58650715056163,41.19425654411316,3145,,regular,ridge_abishira_akhuba
mount-01494,43.62839521760981,41.06071472167969,3111,,regular,ridge_abishira_akhuba
mount-00445,43.59367182892734,41.2076461315155,3099,,regular,ridge_abishira_akhuba
mount-00300,43.645586357997814,41.047314405441284,3097,,regular,ridge_abishira_akhuba
mount-00233,43.591744754172424,41.205328702926636,3085,,regular,ridge_abishira_akhuba
mount-00298,43.651571820032956,41.048344373703,3077,,regular,ridge_abishira_akhuba
mount-00239,43.605403895964656,41.1267614364624,3071,Дурицких,regular,ridge_abishira_akhuba
mount-00299,43.649079890799385,41.04498624801636,3069,,regular,ridge_abishira_akhuba
mount-00240,43.60784325702585,41.12180471420288,3064,,regular,ridge_abishira_akhuba
mount-01327,43.59657786528777,41.1367392539978,3057,Мраморная,regular,ridge_abishira_akhuba
mount-00594,43.611393360537846,41.24196767807007,3052,,regular,ridge_abishira_akhuba
mount-00070,43.591029855910534,41.24496102333069,3040,,regular,ridge_abishira_akhuba
mount-00069,43.59421575015122,41.1573600769043,3035,,regular,ridge_abishira_akhuba
mount-00593,43.58084163299009,41.224576234817505,3032,,regular,ridge_abishira_akhuba
mount-00405,43.62129680846124,41.0759711265564,3026,,regular,ridge_abishira_akhuba
mount-00404,43.6658770639165,41.047314405441284,3006,,regular,ridge_abishira_akhuba
mount-00088,43.57963696175412,41.208075284957886,3002,,regular,ridge_abishira_akhuba
mount-00406,43.63359811421583,41.05511426925659,2999,,regular,ridge_abishira_akhuba
mount-01505,43.593259999587644,41.1857271194458,2988,,regular,ridge_abishira_akhuba
mount-01337,43.59806967970616,41.20572566986084,2984,,regular,ridge_abishira_akhuba
mount-01869,43.62024828529968,41.10213875770569,2972,,regular,ridge_abishira_akhuba
mount-00238,43.61070976827406,41.11581802368164,2965,,regular,ridge_abishira_akhuba
mount-00187,43.6147102263175,41.251505613327026,2941,,regular,ridge_abishira_akhuba
mount-00291,43.63807069213857,41.06665849685669,2923,,regular,ridge_abishira_akhuba
mount-00041,43.601379510877905,41.27546310424805,2920,,regular,ridge_abishira_akhuba
mount-00096,43.60161259071754,41.27610683441162,2918,Джамараклитебе,regular,ridge_abishira_akhuba
mount-00087,43.61417425805669,41.10628008842468,2903,Серединка,regular,ridge_abishira_akhuba
mount-00441,43.60367142341718,41.20648741722107,2900,,regular,ridge_abishira_akhuba
mount-01600,43.6209783700271,41.13253355026245,2868,,regular,ridge_abishira_akhuba
mount-00590,43.61774728956553,41.23839497566223,2860,,regular,ridge_abishira_akhuba
mount-01464,43.59797644238856,41.26387596130371,2838,,regular,ridge_abishira_akhuba
mount-00403,43.66691703012705,41.05049014091492,2827,,regular,ridge_abishira_akhuba
mount-00588,43.59438669580621,41.238298416137695,2797,,regular,ridge_abishira_akhuba
mount-00402,43.669858329549754,41.04036211967468,2777,,regular,ridge_abishira_akhuba
mount-00401,43.66049068196176,41.03920340538025,2693,,regular,ridge_abishira_akhuba
mount-00439,43.58774276875164,41.131685972213745,2673,,regular,ridge_abishira_akhuba
mount-00400,43.656314739205555,41.004828214645386,2670,,regular,ridge_abishira_akhuba
mount-00188,43.627983625967886,41.252567768096924,2668,,regular,ridge_abishira_akhuba
mount-00244,43.67709067447785,41.004130840301514,2628,,regular,ridge_abishira_akhuba
mount-00234,43.61008831401921,41.21028542518616,2626,,regular,ridge_abishira_akhuba
mount-00399,43.68026425024138,41.042582988739014,2613,,regular,ridge_abishira_akhuba
mount-01331,43.586328411239265,41.12258791923523,2592,,regular,ridge_abishira_akhuba
mount-01332,43.58654600686583,41.12563490867615,2591,,regular,ridge_abishira_akhuba
mount-00241,43.661810157391926,41.00649118423462,2580,,regular,ridge_abishira_akhuba
mount-00398,43.69021065433478,41.04017972946167,2565,,regular,ridge_abishira_akhuba
mount-00397,43.69917031599425,41.04145646095276,2445,,regular,ridge_abishira_akhuba
mount-00578,43.61060878239462,41.22701168060303,2435,,regular,ridge_abishira_akhuba
mount-00396,43.67805285209778,41.0260283946991,2299,,regular,ridge_abishira_akhuba
mount-01193,43.687898766807734,41.005858182907104,2287,,regular,ridge_abishira_akhuba
mount-00378,43.73711185283025,41.01328253746033,2286,,regular,ridge_abishira_akhuba
mount-00435,43.575027900260324,41.1453652381897,2139,,regular,ridge_abishira_akhuba
mount-00374,43.74206504379808,40.98850965499878,2067,,regular,ridge_abishira_akhuba
mount-00562,43.57434389479971,41.26688003540039,1814,,regular,ridge_abishira_akhuba
peak-00014,43.27537750163896,42.93252110481262,4094,Каярта,regular,ridge_adyrsu
peak-00015,43.28104825277333,42.93873310089111,4058,Физкультурников,regular,ridge_adyrsu
peak-00016,43.28507838269255,42.935460805892944,4049,Килар,regular,ridge_adyrsu
peak-00102,43.26973747018019,42.959654331207275,4023,Сарынтау главный,regular,ridge_adyrsu
rock-00034,43.289975099863454,42.94497728347778,3987,,regular,ridge_adyrsu
rock-00491,43.27513535036266,42.9520583152771,3964,Сарынтау центральный,regular,ridge_adyrsu
rock-00480,43.277041289191345,42.948689460754395,3945,Сарынтау западный,regular,ridge_adyrsu
rock-00152,43.248922638033235,43.048574924468994,3725,Кумтюбе,regular,ridge_adyrsu
rock-00479,43.26849534316375,43.00876021385193,3710,Кестантытау,regular,ridge_adyrsu
rock-00006,43.255752312462334,43.03785681724548,3675,,regular,ridge_adyrsu
rock-00813,43.25567417406569,43.019070625305176,3672,,regular,ridge_adyrsu
rock-00477,43.266464137452175,42.98953413963318,3361,,regular,ridge_adyrsu
rock-00242,43.24907893205179,43.08845400810242,3288,,regular,ridge_adyrsu
mount-01156,43.28087641959473,43.1082808971405,3104,,regular,ridge_adyrsu
mount-01374,43.23463567124034,43.09005260467529,2930,,regular,ridge_adyrsu
mount-00894,43.290834132406275,43.12825798988342,2510,Джулу,regular,ridge_adyrsu
rock-00016,43.41337939681881,41.10614061355591,3460,Аманаузбаши,regular,ridge_arkasara
rock-00792,43.40658301467374,41.10681653022766,3390,,regular,ridge_arkasara
rock-00155,43.419598353457474,41.09537959098816,3284,Азимба,regular,ridge_arkasara
mount-00532,43.41768129958399,41.0834276676178,3198,,regular,ridge_arkasara
mount-00077,43.469373730947865,41.090476512908936,3190,Дукка-Баши,regular,ridge_arkasara
mount-00531,43.42979044982695,41.10883355140686,3188,,regular,ridge_arkasara
mount-00517,43.42679066083201,41.09439253807068,3114,,regular,ridge_arkasara
mount-00470,43.440097682411846,41.11755609512329,3111,,regular,ridge_arkasara
mount-00078,43.44439768669841,41.12165451049805,3083,Дорбун-Кая,regular,ridge_arkasara
mount-00179,43.53724051059538,41.03148937225342,3018,,regular,ridge_arkasara
mount-00183,43.55054655147228,41.02348566055298,3015,,regular,ridge_arkasara
mount-00177,43.46483410722351,41.09938144683838,3009,,regular,ridge_arkasara
mount-00184,43.54280125309526,41.02646827697754,2979,Заксан-Сырт,regular,ridge_arkasara
mount-00891,43.44809762689607,41.12874627113342,2970,,regular,ridge_arkasara
mount-00178,43.45910263739242,41.09586238861084,2969,,regular,ridge_arkasara
mount-00530,43.4212971553504,41.07909321784973,2956,,regular,ridge_arkasara
mount-00176,43.47864658527081,41.07515573501587,2955,,regular,ridge_arkasara
mount-00529,43.43560260485506,41.092021465301514,2925,,regular,ridge_arkasara
mount-00527,43.4525450449423,41.11114025115967,2915,,regular,ridge_arkasara
mount-00315,43.528762307888144,41.03165030479431,2905,,regular,ridge_arkasara
mount-00081,43.52257013344422,41.04186415672302,2904,Разломистая,regular,ridge_arkasara
mount-00528,43.411945361317464,41.08044505119324,2889,,regular,ridge_arkasara
mount-00288,43.52026735368301,41.05733513832092,2863,,regular,ridge_arkasara
mount-01344,43.51808118751694,41.04597330093384,2849,,regular,ridge_arkasara
mount-01347,43.52333252088985,41.04763627052307,2844,,regular,ridge_arkasara
mount-00100,43.50474463678856,41.055006980895996,2843,,regular,ridge_arkasara
mount-01343,43.52481837077542,41.03647828102112,2841,Разломистая,regular,ridge_arkasara
mount-00180,43.53815048537214,41.03787302970886,2839,,regular,ridge_arkasara
mount-00098,43.51742765627384,41.047292947769165,2833,,regular,ridge_arkasara
mount-00145,43.54050702288353,40.942654609680176,2817,,regular,ridge_arkasara
mount-00526,43.547692726999344,41.05216383934021,2789,Карачайка,regular,ridge_arkasara
mount-00182,43.555670654625686,41.01490259170532,2776,,regular,ridge_arkasara
mount-00079,43.46257584838074,41.11475586891174,2758,,regular,ridge_arkasara
mount-01208,43.49777173136519,41.06186270713806,2758,,regular,ridge_arkasara
mount-00316,43.48888322252094,41.064748764038086,2745,,regular,ridge_arkasara
mount-00634,43.56183610709445,41.03067398071289,2728,Домашняя,regular,ridge_arkasara
mount-00166,43.48525583695235,40.991599559783936,2725,,regular,ridge_arkasara
mount-01215,43.542567945536035,41.04873061180115,2706,,regular,ridge_arkasara
mount-00165,43.49138957198198,40.98416447639465,2698,,regular,ridge_arkasara
mount-01207,43.44945291677644,41.14649176597595,2696,,regular,ridge_arkasara
mount-00099,43.51028503203284,41.04971766471863,2685,,regular,ridge_arkasara
mount-00146,43.536649408511124,40.938416719436646,2681,,regular,ridge_arkasara
mount-01875,43.436740039052836,41.13425016403198,2673,Кругозор,regular,ridge_arkasara
mount-00944,43.455232030455335,41.142951250076294,2663,,regular,ridge_arkasara
mount-01341,43.53912266547309,41.044921875,2658,,regular,ridge_arkasara
mount-01342,43.529236807597556,41.05265736579895,2658,,regular,ridge_arkasara
mount-00438,43.55438772583037,41.05264663696289,2634,,regular,ridge_arkasara
mount-00050,43.529159021015744,41.067495346069336,2627,,regular,ridge_arkasara
mount-00175,43.47502637065642,41.06760263442993,2604,,regular,ridge_arkasara
mount-00144,43.552171693579226,40.935691595077515,2578,,regular,ridge_arkasara
mount-00181,43.56263686988592,41.00680232048035,2573,,regular,ridge_arkasara
mount-00489,43.48112222006097,41.06265664100647,2562,,regular,ridge_arkasara
mount-01339,43.55755223411947,41.05123043060303,2539,,regular,ridge_arkasara
mount-01802,43.47220790289404,41.016565561294556,2533,,regular,ridge_arkasara
mount-00890,43.566446178186055,41.03471875190735,2524,,regular,ridge_arkasara
mount-00143,43.55667365265964,40.93506932258606,2513,,regular,ridge_arkasara
mount-00167,43.484742069454484,41.008604764938354,2431,,regular,ridge_arkasara
mount-00525,43.46253691214369,41.03070616722107,2424,,regular,ridge_arkasara
mount-00482,43.49900916956233,40.99156737327576,2410,,regular,ridge_arkasara
mount-00142,43.56228702337364,40.928932428359985,2374,,regular,ridge_arkasara
mount-01879,43.57468589850117,40.99900245666504,2362,,regular,ridge_arkasara
mount-00318,43.49335099031535,41.00239276885986,2341,,regular,ridge_arkasara
mount-01340,43.55270821412657,41.064738035202026,2336,,regular,ridge_arkasara
mount-01878,43.555561801121655,41.0689651966095,2292,,regular,ridge_arkasara
mount-00261,43.63762034346203,41.19090914726257,3067,Кумбыж,regular,ridge_black_rocks
mount-00259,43.62614307791907,41.16855025291443,3005,Кумбыж,regular,ridge_black_rocks
mount-00260,43.62901648267487,41.17596387863159,2975,,regular,ridge_black_rocks
mount-01329,43.6081850704189,41.16755247116089,2965,,regular,ridge_black_rocks
mount-00236,43.61056994162658,41.18923544883728,2941,,regular,ridge_black_rocks
mount-01328,43.604852306980035,41.16974115371704,2941,Турья,regular,ridge_black_rocks
mount-00942,43.60480569359464,41.18579149246216,2939,,regular,ridge_black_rocks
mount-00444,43.6155180535107,41.1663293838501,2929,,regular,ridge_black_rocks
mount-00943,43.60635168494312,41.18996500968933,2919,,regular,ridge_black_rocks
mount-00443,43.640904705490186,41.180180311203,2906,,regular,ridge_black_rocks
mount-01336,43.61346739406068,41.165149211883545,2875,,regular,ridge_black_rocks
mount-00442,43.63887044095165,41.20295763015747,2864,,regular,ridge_black_rocks
mount-00618,43.64456931359791,41.217827796936035,2771,,regular,ridge_black_rocks
mount-00440,43.651859045105994,41.17284178733826,2768,,regular,ridge_black_rocks
mount-00235,43.61723465026398,41.19528651237488,2759,,regular,ridge_black_rocks
mount-00616,43.65327962459327,41.2292754650116,2649,,regular,ridge_black_rocks
mount-00615,43.66159283402172,41.22836351394653,2610,,regular,ridge_black_rocks
mount-00437,43.65255769495471,41.197872161865234,2575,,regular,ridge_black_rocks
mount-00584,43.625265497193766,41.23910307884216,2568,,regular,ridge_black_rocks
mount-00436,43.61839973326468,41.21224880218506,2505,,regular,ridge_black_rocks
mount-00582,43.637822224320644,41.261526346206665,2479,,regular,ridge_black_rocks
mount-00612,43.66413857270467,41.2875759601593,2398,Рассыпной бугор,regular,ridge_black_rocks
mount-01810,43.66926076851058,41.26432657241821,2372,,regular,ridge_black_rocks
mount-00434,43.66285795545818,41.19220733642578,2321,,regular,ridge_black_rocks
mount-00570,43.64915752255385,41.26067876815796,2293,,regular,ridge_black_rocks
mount-00609,43.646323898508854,41.273027658462524,2284,,regular,ridge_black_rocks
mount-00608,43.67016874852075,41.289732456207275,2260,,regular,ridge_black_rocks
mount-01814,43.671441449516664,41.31351828575134,2193,,regular,ridge_black_rocks
mount-01201,43.66667644253104,41.28046274185181,2183,Россыпной Бугор,regular,ridge_black_rocks
mount-00606,43.68263074393505,41.26905798912048,2146,,regular,ridge_black_rocks
mount-01935,43.680450469522185,41.335963010787964,1852,,regular,ridge_black_rocks
hill-00355,43.685866094093456,41.35207772254944,1733,,regular,ridge_black_rocks
rock-00808,43.42146859142571,41.26939058303833,3633,София,regular,ridge_chaget_chat
rock-00505,43.416465575434444,41.28040909767151,3387,,regular,ridge_chaget_chat
rock-00518,43.41983213636286,41.2617301940918,3371,Пятигорск,regular,ridge_chaget_chat
rock-00011,43.41734619856925,41.25923037528992,3330,1300 лет Болгарии,regular,ridge_chaget_chat
rock-00807,43.419045063651794,41.2891960144043,3215,,regular,ridge_chaget_chat
mount-00595,43.42855938557679,41.26513123512268,3104,Позарджик,regular,ridge_chaget_chat
mount-01205,43.42338552538692,41.2911593914032,3086,,regular,ridge_chaget_chat
mount-01164,43.43069425321025,41.266032457351685,3063,Панагюриште,regular,ridge_chaget_chat
mount-00558,43.4095136582969,41.28607392311096,3050,,regular,ridge_chaget_chat
mount-01163,43.42866067661862,41.26238465309143,3047,Мелиоратор,regular,ridge_chaget_chat
mount-01165,43.43511178760474,41.26872539520264,3041,Кисловодск,regular,ridge_chaget_chat
mount-00592,43.406481686693354,41.27441167831421,3025,,regular,ridge_chaget_chat
mount-01446,43.47691825180149,41.28085970878601,2945,,regular,ridge_chaget_chat
mount-00062,43.42851263580795,41.296212673187256,2937,,regular,ridge_chaget_chat
mount-00591,43.4854115232103,41.27612829208374,2910,,regular,ridge_chaget_chat
mount-01919,43.49075910256059,41.271032094955444,2856,,regular,ridge_chaget_chat
mount-01918,43.50328163857185,41.25883340835571,2769,,regular,ridge_chaget_chat
mount-01204,43.4953746091299,41.26539945602417,2741,,regular,ridge_chaget_chat
mount-00637,43.44692924917723,41.30026817321777,2706,,regular,ridge_chaget_chat
mount-00636,43.4404716079606,41.29656672477722,2641,,regular,ridge_chaget_chat
mount-00539,43.39835151255508,41.2841534614563,2577,,regular,ridge_chaget_chat
mount-00638,43.453152547763835,41.29516124725342,2549,,regular,ridge_chaget_chat
mount-01890,43.39409501316905,41.317681074142456,2432,,regular,ridge_chaget_chat
mount-00326,43.531469239740005,41.26896142959595,2104,,regular,ridge_chaget_chat
rock-00749,43.64927396999741,41.1173951625824,3217,Чилик-Первый,regular,ridge_chilik
mount-01515,43.639413953487065,41.109466552734375,3150,,regular,ridge_chilik
mount-00429,43.63588879900988,41.11034631729126,3122,,regular,ridge_chilik
mount-01345,43.65399378300867,41.123961210250854,3075,,regular,ridge_chilik
mount-00427,43.65223942214263,41.10778212547302,3033,,regular,ridge_chilik
mount-00428,43.64578044848395,41.10018610954285,3018,,regular,ridge_chilik
mount-00089,43.631718910985796,41.10487461090088,2964,,regular,ridge_chilik
mount-01844,43.64805514223667,41.095229387283325,2961,,regular,ridge_chilik
mount-00426,43.66264063588088,41.11451983451843,2903,,regular,ridge_chilik
mount-01335,43.63415720466125,41.10092639923096,2843,,regular,ridge_chilik
mount-01334,43.63851327289427,41.091259717941284,2699,,regular,ridge_chilik
mount-01663,43.67337373053164,41.07360005378723,2681,,regular,ridge_chilik
mount-01845,43.681916926160795,41.07679724693298,2652,,regular,ridge_chilik
mount-00237,43.62743224406856,41.13032341003418,2643,,regular,ridge_chilik
mount-00425,43.68029528682831,41.14537596702576,2541,,regular,ridge_chilik
mount-01929,43.72528920130233,41.04126334190369,2498,Ацгара,regular,ridge_chilik
mount-01798,43.686246255677275,41.150944232940674,2495,,regular,ridge_chilik
mount-01487,43.694671259285,41.08829855918884,2482,,regular,ridge_chilik
mount-01888,43.72201720940481,41.05040431022644,2399,,regular,ridge_chilik
mount-00381,43.71079648686484,41.115442514419556,2387,Чилик-Скала,regular,ridge_chilik
mount-00395,43.7018618316329,41.1024284362793,2308,,regular,ridge_chilik
mount-00393,43.71367359667167,41.10856533050537,2286,,regular,ridge_chilik
mount-00394,43.712138121293094,41.13457202911377,2277,,regular,ridge_chilik
mount-01796,43.69336802118846,41.19157433509827,2185,,regular,ridge_chilik
mount-00376,43.769939445119206,41.014569997787476,2148,,regular,ridge_chilik
mount-00391,43.72093942887156,41.16223096847534,2145,,regular,ridge_chilik
mount-00392,43.73755370341195,41.072977781295776,2131,,regular,ridge_chilik
mount-01574,43.71796186245783,41.225305795669556,2119,Чапал 2-й,regular,ridge_chilik
mount-00375,43.7278632494191,41.110442876815796,2091,,regular,ridge_chilik
mount-00390,43.717124395242934,41.15280032157898,2090,,regular,ridge_chilik
mount-01478,43.71532535201817,41.18697166442871,2080,,regular,ridge_chilik
mount-00372,43.74117365468982,41.081979274749756,2065,,regular,ridge_chilik
mount-01479,43.72241264919893,41.22969388961792,2037,,regular,ridge_chilik
mount-00631,43.721714812507,41.17579221725464,2027,,regular,ridge_chilik
mount-00373,43.77193053030413,41.03475093841553,2021,,regular,ridge_chilik
mount-00389,43.73139075617212,41.180180311203,2015,,regular,ridge_chilik
mount-01477,43.71785330255324,41.06621861457825,2008,,regular,ridge_chilik
mount-00388,43.720714565740224,41.13856315612793,1992,,regular,ridge_chilik
mount-01493,43.73636767605956,41.1208176612854,1984,,regular,ridge_chilik
mount-00387,43.73835987852789,41.18825912475586,1983,,regular,ridge_chilik
mount-00922,43.72183111918679,41.242332458496094,1972,,regular,ridge_chilik
mount-01476,43.71969879418194,41.178903579711914,1941,,regular,ridge_chilik
mount-01474,43.70960217430343,41.25337243080139,1940,,regular,ridge_chilik
mount-01852,43.73549945813801,41.2965452671051,1936,Чапал,regular,ridge_chilik
mount-01475,43.720164035201066,41.25137686729431,1931,,regular,ridge_chilik
mount-01472,43.74415006735964,41.114455461502075,1927,,regular,ridge_chilik
mount-00385,43.71320830525687,41.083513498306274,1916,,regular,ridge_chilik
mount-00370,43.773937043253994,41.05507135391235,1913,,regular,ridge_chilik
mount-00386,43.74265412844679,41.17748737335205,1900,,regular,ridge_chilik
mount-00336,43.80016271434209,41.02161884307861,1898,,regular,ridge_chilik
mount-00384,43.74321220329347,41.27755522727966,1881,,regular,ridge_chilik
mount-00343,43.79091610941228,41.03716492652893,1868,,regular,ridge_chilik
mount-01471,43.71065689311837,41.27763032913208,1864,,regular,ridge_chilik
mount-00383,43.7265529797117,41.31028890609741,1863,,regular,ridge_chilik
mount-00368,43.760835390334194,41.03934288024902,1862,,regular,ridge_chilik
mount-00382,43.73105739629125,41.16453766822815,1838,,regular,ridge_chilik
mount-01465,43.733367619662545,41.24072313308716,1836,,regular,ridge_chilik
mount-00340,43.775579389849185,41.07318162918091,1821,,regular,ridge_chilik
mount-00342,43.78736887457961,41.07213020324707,1818,,regular,ridge_chilik
mount-00367,43.76001402023519,41.20767831802368,1809,Хурук,regular,ridge_chilik
hill-00300,43.74738209789339,41.08531594276428,1799,,regular,ridge_chilik
hill-00345,43.714604168663556,41.322680711746216,1794,,regular,ridge_chilik
hill-00553,43.73556147412131,41.31779909133911,1783,,regular,ridge_chilik
hill-00344,43.71083526284781,41.34912729263306,1774,,regular,ridge_chilik
hill-00611,43.77949140169727,41.09863042831421,1766,,regular,ridge_chilik
hill-00302,43.74469262663965,41.15851879119873,1761,,regular,ridge_chilik
hill-00347,43.723350839052216,41.33299112319946,1759,,regular,ridge_chilik
hill-00348,43.733964542085545,41.154634952545166,1757,,regular,ridge_chilik
hill-00301,43.75621697418049,41.13422870635986,1738,,regular,ridge_chilik
hill-00730,43.940752793866125,41.39919877052307,1723,Больше,regular,ridge_chilik
hill-00266,43.79660828425247,41.057753562927246,1718,,regular,ridge_chilik
hill-00343,43.71755088463905,41.37228012084961,1702,,regular,ridge_chilik
hill-00605,43.82573443651265,41.040523052215576,1698,,regular,ridge_chilik
hill-00008,43.97115984064584,41.28560185432434,1695,Баранаха,regular,ridge_chilik
hill-00608,43.97115984064584,41.28559112548828,1695,,regular,ridge_chilik
hill-00662,43.946925053162886,41.40291094779968,1687,,regular,ridge_chilik
hill-00103,43.9567112894392,41.37620687484741,1667,,regular,ridge_chilik
hill-00298,43.789700159613574,41.102739572525024,1659,,regular,ridge_chilik
hill-00342,43.727956285231585,41.38667821884155,1654,,regular,ridge_chilik
hill-00060,43.95115797190232,41.41826391220093,1644,,regular,ridge_chilik
hill-00341,43.72910371503727,41.364630460739136,1631,,regular,ridge_chilik
hill-00061,43.95182995864542,41.43613815307617,1618,,regular,ridge_chilik
hill-00588,43.73666999898808,41.382354497909546,1615,,regular,ridge_chilik
hill-00668,43.95793155948806,41.39851212501526,1615,,regular,ridge_chilik
hill-00046,43.981490214414606,41.30101919174194,1610,,regular,ridge_chilik
hill-00564,43.73373197561526,41.36249542236328,1608,,regular,ridge_chilik
hill-00294,43.78638521541217,41.14156723022461,1598,,regular,ridge_chilik
hill-00084,43.964573096280816,41.389650106430054,1588,,regular,ridge_chilik
hill-00538,43.76080439544086,41.26545310020447,1583,,regular,ridge_chilik
hill-00346,43.732003203210354,41.20418071746826,1579,,regular,ridge_chilik
hill-00603,43.814819600265054,41.11791014671326,1577,,regular,ridge_chilik
hill-00045,43.99054518476498,41.27686858177185,1573,,regular,ridge_chilik
hill-00537,43.77219393738724,41.15023612976074,1573,,regular,ridge_chilik
hill-00063,43.967661930191326,41.40442371368408,1551,,regular,ridge_chilik
hill-00670,43.95557595239643,41.46456956863403,1548,,regular,ridge_chilik
hill-00503,44.017269745508116,41.15955948829651,1542,,regular,ridge_chilik
hill-00767,43.77440960986803,41.13227605819702,1542,,regular,ridge_chilik
hill-00269,43.81140540142039,41.07856750488281,1530,,regular,ridge_chilik
hill-00083,43.98084944381148,41.3645875453949,1528,,regular,ridge_chilik
hill-00506,44.01854277812859,41.167627573013306,1528,,regular,ridge_chilik
hill-00337,43.74864541011286,41.342153549194336,1526,,regular,ridge_chilik
hill-00102,43.98318088919444,41.36154055595398,1524,,regular,ridge_chilik
hill-00082,43.97503587164542,41.390841007232666,1502,,regular,ridge_chilik
hill-00534,43.772426354438295,41.22596025466919,1498,,regular,ridge_chilik
hill-00590,43.975336986969495,41.409562826156616,1496,,regular,ridge_chilik
hill-00665,43.762044178650285,41.306705474853516,1491,,regular,ridge_chilik
hill-00602,43.812349938544514,41.15134119987488,1488,,regular,ridge_chilik
hill-00336,43.75086195484843,41.40467047691345,1480,,regular,ridge_chilik
hill-00601,43.84006777130864,41.067506074905396,1477,,regular,ridge_chilik
hill-00737,43.997993464084345,41.30812168121338,1476,,regular,ridge_chilik
hill-00293,43.76362486498178,41.178345680236816,1475,,regular,ridge_chilik
hill-00044,43.99863404962892,41.29716753959656,1474,,regular,ridge_chilik
hill-00666,43.76940486232314,41.27489447593689,1468,,regular,ridge_chilik
hill-00073,44.023156327928234,41.18157505989075,1466,,regular,ridge_chilik
hill-00134,43.86970641641341,41.067506074905396,1466,Косая,regular,ridge_chilik
hill-00292,43.77486667894203,41.192883253097534,1462,,regular,ridge_chilik
hill-00038,44.005147562930716,41.269733905792236,1448,,regular,ridge_chilik
hill-00732,43.98861542625869,41.38256907463074,1444,,regular,ridge_chilik
hill-00062,43.96316762368559,41.48737907409668,1443,,regular,ridge_chilik
hill-00335,43.763640361699856,41.3226056098938,1431,,regular,ridge_chilik
hill-00162,43.90128618088255,41.08107805252075,1429,,regular,ridge_chilik
hill-00101,43.952756824444094,41.362677812576294,1423,,regular,ridge_chilik
hill-00334,43.75555052899634,41.39329791069031,1417,,regular,ridge_chilik
hill-00291,43.81999084943374,41.19024395942688,1416,,regular,ridge_chilik
hill-00239,43.845221357902034,41.045286655426025,1415,,regular,ridge_chilik
hill-00039,44.0088747612636,41.29184603691101,1406,,regular,ridge_chilik
hill-00160,43.90989734367528,41.091206073760986,1403,,regular,ridge_chilik
hill-00332,43.7638495670011,41.34071588516235,1399,,regular,ridge_chilik
hill-00599,43.824557897640716,41.127437353134155,1399,,regular,ridge_chilik
hill-00268,43.81407638992604,41.09933853149414,1396,,regular,ridge_chilik
hill-00693,43.840176109541574,41.08566999435425,1396,,regular,ridge_chilik
hill-00533,43.822824008615925,41.18643522262573,1391,,regular,ridge_chilik
hill-00043,44.00886704473882,41.28939986228943,1379,,regular,ridge_chilik
hill-00731,43.869605866436984,41.29533290863037,1375,,regular,ridge_chilik
hill-00589,43.72721199468552,41.396355628967285,1371,,regular,ridge_chilik
hill-00290,43.80296584122081,41.205875873565674,1369,,regular,ridge_chilik
hill-00600,43.83162452259003,41.140955686569214,1359,,regular,ridge_chilik
hill-00733,44.00153589269681,41.37705445289612,1359,,regular,ridge_chilik
hill-00497,44.034094715074616,41.190587282180786,1353,,regular,ridge_chilik
hill-00694,43.876504748246646,41.150171756744385,1351,,regular,ridge_chilik
hill-00565,43.87130745856771,41.166908740997314,1348,Мохнатая,regular,ridge_chilik
hill-00064,43.99143285260891,41.425538063049316,1347,,regular,ridge_chilik
hill-00738,44.02908089538366,41.20988845825195,1341,,regular,ridge_chilik
hill-00734,44.006521174660435,41.36457681655884,1338,,regular,ridge_chilik
hill-00288,43.78691964641689,41.26763105392456,1335,,regular,ridge_chilik
hill-00329,43.75150520246328,41.437093019485474,1335,,regular,ridge_chilik
hill-00330,43.77518430115643,41.323732137680054,1335,,regular,ridge_chilik
hill-00592,43.994458542371035,41.43038749694824,1334,,regular,ridge_chilik
hill-00591,43.98194569774651,41.47117853164673,1333,,regular,ridge_chilik
hill-00289,43.80282646232854,41.22017741203308,1331,,regular,ridge_chilik
hill-00695,43.84584037739262,41.10926270484924,1330,,regular,ridge_chilik
hill-00535,43.792031353719466,41.283241510391235,1323,,regular,ridge_chilik
hill-00237,43.874710497087904,41.31415128707886,1315,,regular,ridge_chilik
hill-00235,43.842691048944204,41.10060453414917,1308,,regular,ridge_chilik
hill-00287,43.798311959046686,41.26013159751892,1307,,regular,ridge_chilik
hill-00236,43.84547670422023,41.30180239677429,1306,,regular,ridge_chilik
hill-00286,43.79792476449521,41.24392032623291,1306,,regular,ridge_chilik
hill-00714,43.86105849844847,41.155160665512085,1304,,regular,ridge_chilik
hill-00327,43.78600568904366,41.30101919174194,1301,,regular,ridge_chilik
hill-00182,43.88941093689627,41.08929634094238,1298,,regular,ridge_chilik
hill-00743,43.81577182499433,41.24295473098755,1296,,regular,ridge_chilik
hill-00285,43.81540796855697,41.21612191200256,1294,,regular,ridge_chilik
hill-00312,43.83148521057697,41.30285382270813,1291,,regular,ridge_chilik
hill-00284,43.82570347526047,41.177122592926025,1287,,regular,ridge_chilik
hill-00499,44.04221620281493,41.17696166038513,1286,,regular,ridge_chilik
hill-00716,43.84359640117685,41.26064658164978,1286,,regular,ridge_chilik
hill-00233,43.857871292829685,41.17177963256836,1285,,regular,ridge_chilik
hill-00036,44.00169795953451,41.25986337661743,1284,,regular,ridge_chilik
hill-00234,43.87251401264129,41.340436935424805,1284,,regular,ridge_chilik
hill-00181,43.86558372828446,41.090744733810425,1277,,regular,ridge_chilik
hill-00728,43.78080051286102,41.42167568206787,1277,,regular,ridge_chilik
hill-00231,43.83622937553912,41.2861704826355,1275,,regular,ridge_chilik
hill-00228,43.867703119523014,41.18816256523132,1270,,regular,ridge_chilik
hill-00230,43.85019654538479,41.18299126625061,1270,,regular,ridge_chilik
hill-00282,43.784595998578084,41.20651960372925,1269,,regular,ridge_chilik
hill-00326,43.76948233838672,41.39252543449402,1269,,regular,ridge_chilik
hill-00229,43.86011473201603,41.27135396003723,1268,,regular,ridge_chilik
hill-00313,43.79311559906628,41.42690062522888,1268,Прогон,regular,ridge_chilik
hill-00283,43.79002544797072,41.18804454803467,1266,,regular,ridge_chilik
hill-00081,43.965314431067554,41.322691440582275,1264,,regular,ridge_chilik
hill-00232,43.88245168580832,41.32890343666077,1263,,regular,ridge_chilik
hill-00311,43.82886918016965,41.27293109893799,1263,,regular,ridge_chilik
hill-00717,43.844223175443176,41.17508411407471,1261,,regular,ridge_chilik
hill-00080,44.00145100036707,41.43861651420593,1258,,regular,ridge_chilik
hill-00308,43.81591117368109,41.29179239273071,1258,,regular,ridge_chilik
hill-00309,43.81274478160324,41.248769760131836,1258,,regular,ridge_chilik
hill-00310,43.82999919553728,41.24786853790283,1258,,regular,ridge_chilik
hill-00598,43.82860602283475,41.1054003238678,1258,,regular,ridge_chilik
hill-00739,44.041113350048164,41.2237286567688,1258,,regular,ridge_chilik
hill-00496,44.041175048647176,41.19251847267151,1256,,regular,ridge_chilik
hill-00718,43.838698049540824,41.24637722969055,1256,,regular,ridge_chilik
hill-00227,43.852301009902135,41.33786201477051,1248,,regular,ridge_chilik
hill-00306,43.82866794231202,41.25282526016235,1247,,regular,ridge_chilik
hill-00663,43.8128144595191,41.299012899398804,1243,,regular,ridge_chilik
hill-00058,43.939424013421444,41.35974884033203,1239,,regular,ridge_chilik
hill-00307,43.82315685728983,41.29578351974487,1238,,regular,ridge_chilik
hill-00721,43.88583862289485,41.18043780326843,1237,,regular,ridge_chilik
hill-00325,43.76689458356077,41.4129102230072,1236,,regular,ridge_chilik
hill-00720,43.83622937553912,41.22545599937439,1236,,regular,ridge_chilik
hill-00719,43.895217423028214,41.149678230285645,1235,,regular,ridge_chilik
hill-00305,43.82210412025319,41.25962734222412,1229,,regular,ridge_chilik
hill-00664,43.77843789497575,41.35846138000488,1227,,regular,ridge_chilik
hill-00225,43.85290448235,41.06465220451355,1226,,regular,ridge_chilik
hill-00226,43.875831910393174,41.18392467498779,1225,,regular,ridge_chilik
hill-00304,43.80338397594653,41.2970495223999,1225,,regular,ridge_chilik
hill-00072,44.045948782923546,41.20575785636902,1222,,regular,ridge_chilik
hill-00722,43.8576314719227,41.32264852523804,1220,,regular,ridge_chilik
hill-00049,43.88516589044306,41.30101919174194,1215,,regular,ridge_chilik
hill-00265,43.83221272528215,41.09269738197327,1214,,regular,ridge_chilik
hill-00224,43.9559621238929,41.286460161209106,1213,,regular,ridge_chilik
hill-00559,43.92300494469097,41.13123536109924,1212,,regular,ridge_chilik
hill-00724,43.84974778966907,41.12651467323303,1211,,regular,ridge_chilik
hill-00324,43.77635406598341,41.459301710128784,1209,,regular,ridge_chilik
hill-00222,43.83653893273862,41.20515704154968,1203,,regular,ridge_chilik
hill-00322,43.81118862030064,41.426589488983154,1203,,regular,ridge_chilik
hill-00323,43.76688683562375,41.4428973197937,1203,,regular,ridge_chilik
hill-00079,43.970009336542944,41.33614540100098,1197,,regular,ridge_chilik
hill-00051,43.894305123147234,41.323710680007935,1192,,regular,ridge_chilik
hill-00740,44.045038795402746,41.24239683151245,1192,,regular,ridge_chilik
hill-00513,44.05068357712335,41.18870973587036,1191,,regular,ridge_chilik
hill-00221,43.85194511303189,41.242836713790894,1190,,regular,ridge_chilik
hill-00264,43.83450356471971,41.127212047576904,1190,,regular,ridge_chilik
hill-00180,43.89448294540708,41.07316017150879,1189,,regular,ridge_chilik
hill-00281,43.78144343861746,41.16307854652405,1189,,regular,ridge_chilik
hill-00536,43.80761161822292,41.28613829612732,1186,,regular,ridge_chilik
hill-00065,43.999822587620486,41.492968797683716,1184,,regular,ridge_chilik
hill-00723,43.94784427099415,41.33833408355713,1179,,regular,ridge_chilik
hill-00098,43.9493582458457,41.27141833305359,1176,,regular,ridge_chilik
hill-00280,43.79231016154455,41.16807818412781,1176,,regular,ridge_chilik
hill-00321,43.80091384134957,41.33110284805298,1171,,regular,ridge_chilik
hill-00320,43.81735883246711,41.44347667694092,1169,,regular,ridge_chilik
hill-00215,43.8691108486953,41.25034689903259,1158,,regular,ridge_chilik
hill-00179,43.92211625403456,41.146663427352905,1156,,regular,ridge_chilik
hill-00725,43.83573408067974,41.116740703582764,1156,,regular,ridge_chilik
hill-00673,43.93113391608685,41.29442095756531,1153,,regular,ridge_chilik
hill-00776,43.8279171643174,41.42963647842407,1153,Медвежий Бугор,regular,ridge_chilik
hill-00219,43.90503535908434,41.34352684020996,1152,,regular,ridge_chilik
hill-00040,44.01218505780494,41.26241683959961,1151,,regular,ridge_chilik
hill-00777,43.92715456794244,41.360682249069214,1148,,regular,ridge_chilik
hill-00047,43.90791085741316,41.32284164428711,1144,Большой Киртин,regular,ridge_chilik
hill-00629,43.92271129185568,41.36530637741089,1144,,regular,ridge_chilik
hill-00217,43.842776168115336,41.35604739189148,1143,,regular,ridge_chilik
hill-00066,44.00568775111353,41.486735343933105,1142,,regular,ridge_chilik
hill-00030,44.047144084273356,41.26730918884277,1141,Куцая,regular,ridge_chilik
hill-00279,43.831113710285734,41.17343187332153,1140,,regular,ridge_chilik
hill-00211,43.8521230617325,41.16131901741028,1139,,regular,ridge_chilik
hill-00514,44.05446188726418,41.21151924133301,1139,,regular,ridge_chilik
hill-00319,43.793634480951255,41.35335445404053,1138,,regular,ridge_chilik
hill-00702,43.87088979954339,41.20640158653259,1134,,regular,ridge_chilik
hill-00150,43.91570956079133,41.10516428947449,1133,,regular,ridge_chilik
hill-00558,43.95848762360359,41.12064599990845,1132,,regular,ridge_chilik
hill-00214,43.84354997319147,41.215810775756836,1131,,regular,ridge_chilik
hill-00216,43.87729358295164,41.247793436050415,1131,,regular,ridge_chilik
hill-00213,43.83501434800979,41.11175179481506,1129,,regular,ridge_chilik
hill-00218,43.86088057641132,41.24246120452881,1128,,regular,ridge_chilik
hill-00318,43.785672633306575,41.387622356414795,1127,,regular,ridge_chilik
hill-00048,43.87822161041126,41.269755363464355,1126,,regular,ridge_chilik
hill-00317,43.7971503678651,41.377891302108765,1126,,regular,ridge_chilik
hill-00585,44.007586087707864,41.50809645652771,1125,,regular,ridge_chilik
hill-00210,43.83609007427546,41.15223169326782,1124,,regular,ridge_chilik
hill-00661,43.942514154727974,41.26672983169556,1124,,regular,ridge_chilik
hill-00178,43.88751655463827,41.11632227897644,1122,,regular,ridge_chilik
hill-00052,43.90280907143122,41.30888342857361,1121,,regular,ridge_chilik
hill-00581,44.10478293753465,41.5683388710022,1121,,regular,ridge_chilik
hill-00316,43.79888500237823,41.41443371772766,1118,,regular,ridge_chilik
hill-00729,43.92098798416282,41.31109356880188,1117,Малый Киртин,regular,ridge_chilik
hill-00057,43.93941628786692,41.25997066497803,1112,,regular,ridge_chilik
hill-00212,43.91822904236409,41.396623849868774,1112,,regular,ridge_chilik
hill-00059,43.942645482175436,41.292253732681274,1111,,regular,ridge_chilik
hill-00094,44.011289984191194,41.18203639984131,1110,,regular,ridge_chilik
hill-00209,43.946067618674476,41.31701588630676,1110,,regular,ridge_chilik
hill-00517,44.059758826398024,41.19104862213135,1107,,regular,ridge_chilik
hill-00095,43.93360638665055,41.27344608306885,1106,,regular,ridge_chilik
hill-00516,43.90754756287126,41.112438440322876,1106,,regular,ridge_chilik
hill-00706,43.86463229822212,41.227355003356934,1105,,regular,ridge_chilik
hill-00206,43.84971684087455,41.36693716049194,1101,,regular,ridge_chilik
hill-00208,43.93078621667004,41.3414990901947,1100,,regular,ridge_chilik
hill-00515,44.06014432020959,41.204878091812134,1100,,regular,ridge_chilik
hill-00207,43.88586955293985,41.359909772872925,1098,,regular,ridge_chilik
hill-00741,44.05474717844592,41.24389886856079,1096,,regular,ridge_chilik
hill-00773,43.82335037310759,41.35329008102417,1096,,regular,ridge_chilik
hill-00177,43.866303092152634,41.120238304138184,1095,,regular,ridge_chilik
hill-00681,44.003665878664805,41.16979479789734,1095,,regular,ridge_chilik
hill-00205,43.84470292413599,41.39028310775757,1093,,regular,ridge_chilik
hill-00761,43.95925992624211,41.25816822052002,1089,,regular,ridge_chilik
hill-00204,43.84813069365438,41.2047815322876,1087,,regular,ridge_chilik
hill-00315,43.799899430475506,41.39578700065613,1072,,regular,ridge_chilik
hill-00055,43.93364501818752,41.452789306640625,1065,,regular,ridge_chilik
hill-00314,43.81373574876275,41.36546730995178,1065,,regular,ridge_chilik
hill-00203,43.839317136719984,41.39769673347473,1063,,regular,ridge_chilik
hill-00176,43.93274103364561,41.136900186538696,1059,,regular,ridge_chilik
hill-00707,43.87359679678187,41.3661003112793,1058,,regular,ridge_chilik
hill-00202,43.83543225835891,41.448272466659546,1057,,regular,ridge_chilik
hill-00093,43.96159994194767,41.24493956565857,1055,,regular,ridge_chilik
hill-00667,44.00665236063358,41.25033617019653,1052,,regular,ridge_chilik
hill-00199,43.84215711682788,41.15260720252991,1049,,regular,ridge_chilik
hill-00200,43.893694338297536,41.12134337425232,1049,,regular,ridge_chilik
hill-00708,43.87705384017531,41.39419913291931,1049,,regular,ridge_chilik
hill-00201,43.88516589044306,41.379629373550415,1046,,regular,ridge_chilik
hill-00071,44.06844724761282,41.21464133262634,1045,,regular,ridge_chilik
hill-00032,43.949026101603835,41.2531578540802,1044,,regular,ridge_chilik
hill-00091,43.97405530603402,41.23985409736633,1040,,regular,ridge_chilik
hill-00710,43.898897406068244,41.2171733379364,1039,,regular,ridge_chilik
hill-00198,43.88238208919162,41.13173961639404,1037,,regular,ridge_chilik
hill-00092,43.971213890626046,41.12999081611633,1036,,regular,ridge_chilik
hill-00616,44.07506871051132,41.21776342391968,1036,Баран,regular,ridge_chilik
hill-00742,44.06262684022656,41.23002648353577,1034,,regular,ridge_chilik
hill-00196,43.90858333294818,41.206594705581665,1031,,regular,ridge_chilik
hill-00709,43.86356482202751,41.43584847450256,1031,,regular,ridge_chilik
hill-00042,43.989919949880004,41.24316930770874,1028,,regular,ridge_chilik
hill-00713,43.86383556055273,41.14147067070007,1026,,regular,ridge_chilik
hill-00050,43.89234131157511,41.25689148902893,1020,,regular,ridge_chilik
hill-00194,43.915245840902514,41.19751811027527,1020,,regular,ridge_chilik
hill-00712,43.893168594422775,41.43326282501221,1020,,regular,ridge_chilik
hill-00197,43.91594141938057,41.42216920852661,1014,,regular,ridge_chilik
hill-00069,44.071985467217445,41.18525505065918,1012,,regular,ridge_chilik
hill-00195,43.86581578209368,41.407095193862915,1010,,regular,ridge_chilik
hill-00053,43.918221314056126,41.26498103141785,1009,,regular,ridge_chilik
hill-00175,43.949620870211305,41.129969358444214,1009,,regular,ridge_chilik
hill-00033,43.95101121516598,41.24092698097229,1006,,regular,ridge_chilik
hill-00619,43.9200297107559,41.32949352264404,1001,,regular,ridge_chilik
hill-00685,43.91461208454382,41.16880774497986,1001,,regular,ridge_chilik
hill-00056,43.93855101940716,41.48055553436279,996,,regular,ridge_chilik
hill-00252,43.877046106521306,41.22352480888367,996,,regular,ridge_chilik
hill-00696,43.921011168005606,41.19367718696594,992,,regular,ridge_chilik
hill-00253,43.83882960610384,41.41713738441467,988,,regular,ridge_chilik
hill-00551,44.06748364353723,41.251258850097656,988,,regular,ridge_chilik
hill-00552,44.06531740430566,41.24438166618347,983,,regular,ridge_chilik
hill-00034,43.95686575538761,41.23235464096069,982,,regular,ridge_chilik
hill-00193,43.88421477297891,41.423574686050415,977,Свинячая,regular,ridge_chilik
hill-00542,44.07338065470631,41.23197913169861,969,,regular,ridge_chilik
hill-00711,43.90258489201898,41.43424987792969,969,,regular,ridge_chilik
hill-00697,43.93423994068772,41.16409778594971,968,,regular,ridge_chilik
hill-00698,43.90128618088255,41.426922082901,968,,regular,ridge_chilik
hill-00068,44.08111140139033,41.22696876525879,963,,regular,ridge_chilik
hill-00109,43.993385675132714,41.160653829574585,962,,regular,ridge_chilik
hill-00340,43.852331957355716,41.44944190979004,959,,regular,ridge_chilik
hill-00671,43.98205377802418,41.159183979034424,959,,regular,ridge_chilik
hill-00251,43.85315205902364,41.47314190864563,957,,regular,ridge_chilik
hill-00615,43.91247117473944,41.29603028297424,956,,regular,ridge_chilik
hill-00108,44.019923794729465,41.21202349662781,953,,regular,ridge_chilik
hill-00250,43.886758784865066,41.479225158691406,948,,regular,ridge_chilik
hill-00054,43.92369270486918,41.23973608016968,947,,regular,ridge_chilik
hill-00031,43.93767028679372,41.23815894126892,934,,regular,ridge_chilik
hill-00606,44.06465441133062,41.285773515701294,931,,regular,ridge_chilik
hill-00035,43.97387772155386,41.222108602523804,927,,regular,ridge_chilik
hill-00076,44.07917688256552,41.206616163253784,923,,regular,ridge_chilik
hill-00041,44.01278691005311,41.243040561676025,920,,regular,ridge_chilik
hill-00490,44.08940368164821,41.219093799591064,919,,regular,ridge_chilik
hill-00659,43.90812728715011,41.45288586616516,913,,regular,ridge_chilik
hill-00566,44.08705329274497,41.24311566352844,909,,regular,ridge_chilik
hill-00075,44.081026623006125,41.195608377456665,905,,regular,ridge_chilik
hill-00609,44.08171255372062,41.28385305404663,904,,regular,ridge_chilik
hill-00672,43.93085575671603,41.23052000999451,900,,regular,ridge_chilik
hill-00249,43.93271785437412,41.2002968788147,897,,regular,ridge_chilik
hill-00107,43.97523661536445,41.18826985359192,890,,regular,ridge_chilik
hill-00567,44.08607457867643,41.25511050224304,887,,regular,ridge_chilik
hill-00568,44.08494171618864,41.2691867351532,885,,regular,ridge_chilik
hill-00607,44.075353902399314,41.266783475875854,885,,regular,ridge_chilik
hill-00106,43.963221680938716,41.2186324596405,877,,regular,ridge_chilik
hill-00037,44.00287871884609,41.235541105270386,876,,regular,ridge_chilik
hill-00104,44.01250141679944,41.20278596878052,869,,regular,ridge_chilik
hill-00105,43.99831761667005,41.19251847267151,868,,regular,ridge_chilik
hill-00586,43.92696911609943,41.22643232345581,849,,regular,ridge_chilik
hill-00735,44.02540896761499,41.233588457107544,830,,regular,ridge_chilik
hill-00067,44.07603989887892,41.276514530181885,811,,regular,ridge_chilik
hill-00736,44.03148758177065,41.24812602996826,792,,regular,ridge_chilik
hill-00610,44.03110190142539,41.25824332237244,777,,regular,ridge_chilik
rock-00013,43.39036058526685,41.24790072441101,3448,,regular,ridge_chuchkhur
rock-00809,43.39191207699233,41.25065803527832,3429,Чучхур-Баши,regular,ridge_chuchkhur
rock-00010,43.41659026621414,41.25275015830994,3236,Акайры,regular,ridge_chuchkhur
rock-00030,43.40838350667539,41.24593734741211,3210,,regular,ridge_chuchkhur
mount-01162,43.38793581263161,41.23625993728638,3198,,regular,ridge_chuchkhur
mount-01920,43.41325469942754,41.24999284744263,3190,,regular,ridge_chuchkhur
mount-01921,43.384068450410325,41.22724771499634,3003,,regular,ridge_chuchkhur
mount-00554,43.397049647962035,41.23522996902466,2959,,regular,ridge_chuchkhur
mount-00546,43.39218494831445,41.262019872665405,2885,,regular,ridge_chuchkhur
rock-00644,43.329001970646004,41.92015886306763,3692,Рынджи-Аге,regular,ridge_daut
rock-00249,43.27582274501938,41.89432382583618,3664,,regular,ridge_daut
rock-00690,43.29216951345026,41.88666343688965,3644,,regular,ridge_daut
rock-00112,43.30046227605729,41.87716841697693,3634,Мифи,regular,ridge_daut
rock-00069,43.28635141088037,41.89640522003174,3624,Даут,regular,ridge_daut
rock-00434,43.28161842302549,41.890761852264404,3535,,regular,ridge_daut
rock-00114,43.31942518125339,41.92100644111633,3501,Уллукёльбаши,regular,ridge_daut
rock-00113,43.30682554065339,41.91691875457764,3448,,regular,ridge_daut
rock-00216,43.30125869655541,41.91476225852966,3411,,regular,ridge_daut
rock-00058,43.35879197191451,41.93448185920715,3399,,regular,ridge_daut
rock-00689,43.28112635860319,41.88090205192566,3395,,regular,ridge_daut
rock-00532,43.3312574087835,41.93102717399597,3385,,regular,ridge_daut
rock-00530,43.37032016381477,41.93858027458191,3377,,regular,ridge_daut
rock-00213,43.348065198467395,41.93001866340637,3367,,regular,ridge_daut
rock-00068,43.29087317905177,41.910256147384644,3355,Узловая,regular,ridge_daut
rock-00327,43.26664382376714,41.887521743774414,3350,,regular,ridge_daut
rock-00199,43.28949872204183,41.90876483917236,3334,,regular,ridge_daut
rock-00115,43.31831676748894,41.93263649940491,3291,Уллукёльбаши Главная,regular,ridge_daut
rock-00533,43.33248264629583,41.89493536949158,3277,,regular,ridge_daut
rock-00531,43.35259797914307,41.92383885383606,3274,,regular,ridge_daut
rock-00692,43.48955263038266,41.952162981033325,3242,,regular,ridge_daut
rock-00519,43.334870617798,41.93350553512573,3212,,regular,ridge_daut
mount-00024,43.48732643136299,41.946927309036255,3193,,regular,ridge_daut
mount-00190,43.38285984911687,41.95001721382141,3193,Бекбаши,regular,ridge_daut
mount-00804,43.49255709056851,41.96628212928772,3183,,regular,ridge_daut
mount-00803,43.315295847048844,41.93928837776184,3180,Уллукёль Малая,regular,ridge_daut
mount-01074,43.39039956795742,41.95721626281738,3169,,regular,ridge_daut
mount-01555,43.28510962296693,41.925480365753174,3164,Агач-Баша,regular,ridge_daut
mount-01610,43.49586493732869,41.979371309280396,3140,Гораллыбаши,regular,ridge_daut
mount-01236,43.27326059819677,41.965906620025635,3127,Агуминге,regular,ridge_daut
mount-00798,43.37342413337953,41.954405307769775,3113,,regular,ridge_daut
mount-01571,43.27711158907218,41.98598027229309,3071,,regular,ridge_daut
mount-00874,43.274791650122495,41.984649896621704,3048,Трезубец,regular,ridge_daut
mount-01577,43.29156820514703,41.9892954826355,3040,Чирлы-Баши,regular,ridge_daut
mount-00801,43.34423430578099,41.900986433029175,3033,,regular,ridge_daut
mount-01544,43.289553388538735,41.9907009601593,3028,,regular,ridge_daut
mount-00797,43.32911123255536,41.97308421134949,3013,,regular,ridge_daut
mount-00748,43.31036994152407,41.88313364982605,3000,,regular,ridge_daut
mount-00668,43.49911034263306,41.960424184799194,2977,,regular,ridge_daut
mount-00793,43.3624113425069,41.95520997047424,2964,,regular,ridge_daut
mount-00191,43.40051862630796,41.959941387176514,2945,,regular,ridge_daut
mount-00792,43.32164975349636,41.96208715438843,2944,,regular,ridge_daut
mount-01590,43.4809353832384,42.05238103866577,2937,Ныхытбаши,regular,ridge_daut
mount-01219,43.43337441836877,41.9803261756897,2925,,regular,ridge_daut
mount-01426,43.283813138097315,41.98908090591431,2913,,regular,ridge_daut
mount-00774,43.373455328247246,41.92703604698181,2900,,regular,ridge_daut
mount-00788,43.4234868250866,41.97598099708557,2888,,regular,ridge_daut
mount-01221,43.2948011434778,41.98257923126221,2888,,regular,ridge_daut
mount-00787,43.38131592338374,41.93284034729004,2887,,regular,ridge_daut
mount-00790,43.48234443002309,41.95904016494751,2876,,regular,ridge_daut
mount-00739,43.2670735062826,41.92558765411377,2875,,regular,ridge_daut
mount-00789,43.44154663104055,41.99744939804077,2820,,regular,ridge_daut
mount-00854,43.47476165828297,42.03997850418091,2813,,regular,ridge_daut
mount-00781,43.37402463176409,41.96682929992676,2812,,regular,ridge_daut
mount-00870,43.299751735238715,41.99205279350281,2809,,regular,ridge_daut
mount-01387,43.4978962545955,41.99297547340393,2805,,regular,ridge_daut
mount-00852,43.446430734481766,42.01127886772156,2797,,regular,ridge_daut
mount-01220,43.45661831252406,42.025859355926514,2752,,regular,ridge_daut
mount-01454,43.467232441482366,42.030537128448486,2733,,regular,ridge_daut
mount-00779,43.41514072004327,41.97208642959595,2725,,regular,ridge_daut
mount-00770,43.34778432656509,41.95508122444153,2588,,regular,ridge_daut
mount-00868,43.28451605501007,41.97048783302307,2524,,regular,ridge_daut
mount-01009,43.48831499839818,42.034549713134766,2376,,regular,ridge_daut
mount-00845,43.50329720256926,42.06088900566101,2371,,regular,ridge_daut
mount-00767,43.42644002644033,41.99366211891174,2262,,regular,ridge_daut
mount-01427,43.521208703328085,42.0715856552124,2220,,regular,ridge_daut
mount-01440,43.51997950003286,42.08441734313965,2169,,regular,ridge_daut
mount-00815,43.598963196673026,42.045825719833374,2146,Караултюбе,regular,ridge_daut
mount-01579,43.53278376914125,42.09478139877319,2104,,regular,ridge_daut
mount-01736,43.569563412487526,42.1101450920105,2051,Штымбаши,regular,ridge_daut
mount-01669,43.5932211476177,42.05713391304016,2050,,regular,ridge_daut
mount-01241,43.62680319657014,42.15170860290527,2030,Джаланкол,regular,ridge_daut
mount-01435,43.55732675868356,42.10307478904724,2024,,regular,ridge_daut
mount-01578,43.543594492042985,42.10227012634277,2023,,regular,ridge_daut
mount-01670,43.60478238688839,42.06663966178894,1995,,regular,ridge_daut
mount-01672,43.61480343770131,42.065051794052124,1986,,regular,ridge_daut
mount-00964,43.57973022748479,42.11241960525513,1962,,regular,ridge_daut
mount-01673,43.60878323918277,42.053078413009644,1952,,regular,ridge_daut
mount-01671,43.60001209096421,42.06481575965881,1945,,regular,ridge_daut
mount-01247,43.70556149886289,42.17210412025452,1943,,regular,ridge_daut
mount-00965,43.61047672368102,42.03549385070801,1939,,regular,ridge_daut
mount-00824,43.69197942086208,42.16522693634033,1938,,regular,ridge_daut
mount-01004,43.50889998089721,42.037081718444824,1936,,regular,ridge_daut
mount-01560,43.696595035188636,42.16386437416077,1936,,regular,ridge_daut
mount-01248,43.7286075318728,42.17931389808655,1912,,regular,ridge_daut
mount-00963,43.59207888849147,42.11481213569641,1910,,regular,ridge_daut
mount-01834,43.50305596015866,42.03376650810242,1910,,regular,ridge_daut
mount-01546,43.67772695495444,42.14974522590637,1907,,regular,ridge_daut
mount-00822,43.72224982136453,42.07535147666931,1880,,regular,ridge_daut
mount-00821,43.68304971997739,42.150421142578125,1866,,regular,ridge_daut
mount-01675,43.62376659075181,42.06343173980713,1849,,regular,ridge_daut
mount-01838,43.566321796413234,42.11735486984253,1831,,regular,ridge_daut
mount-01927,43.77779493689957,42.12812662124634,1828,Кеклебаши,regular,ridge_daut
mount-00819,43.63192081167094,41.90786361694336,1816,,regular,ridge_daut
mount-01839,43.64895567978354,41.916478872299194,1813,,regular,ridge_daut
mount-00817,43.6319130462725,41.92686438560486,1802,,regular,ridge_daut
hill-00409,43.727274019250956,41.98375940322876,1793,,regular,ridge_daut
hill-00674,43.625894560783934,41.96272015571594,1781,,regular,ridge_daut
hill-00642,43.627572031507555,42.127933502197266,1774,,regular,ridge_daut
hill-00633,43.62659351260777,42.023831605911255,1770,,regular,ridge_daut
hill-00434,43.58819349108589,42.080533504486084,1767,,regular,ridge_daut
hill-00392,43.697417275417195,42.14903712272644,1765,,regular,ridge_daut
hill-00414,43.67323404965285,42.14786767959595,1754,,regular,ridge_daut
hill-00772,43.77151217549354,42.07810878753662,1749,Бол. Колбаши,regular,ridge_daut
hill-00407,43.668019064209545,41.86468005180359,1748,,regular,ridge_daut
hill-00745,43.5392782128346,42.06832408905029,1747,,regular,ridge_daut
hill-00489,43.711579756856025,42.14983105659485,1743,,regular,ridge_daut
hill-00771,43.77827521948933,42.099469900131226,1739,Субаши,regular,ridge_daut
hill-00617,43.6584958905197,41.91115736961365,1737,,regular,ridge_daut
hill-00387,43.69780512066811,42.06537365913391,1716,,regular,ridge_daut
hill-00594,43.63741069723707,42.00674057006836,1713,Гиляш,regular,ridge_daut
hill-00635,43.63443674793342,42.060277462005615,1709,,regular,ridge_daut
hill-00636,43.627440010045916,42.05261707305908,1703,,regular,ridge_daut
hill-00637,43.63790763524895,42.04983830451965,1700,,regular,ridge_daut
hill-00385,43.68749534106084,42.06336736679077,1676,,regular,ridge_daut
hill-00639,43.63511230547269,42.127439975738525,1674,,regular,ridge_daut
hill-00560,43.66285795545818,42.126227617263794,1668,,regular,ridge_daut
hill-00634,43.64650245958677,42.110230922698975,1668,,regular,ridge_daut
hill-00638,43.613646052778364,42.10108995437622,1666,,regular,ridge_daut
hill-00555,43.674188529178394,42.130476236343384,1657,,regular,ridge_daut
hill-00482,43.645656230645045,42.152920961380005,1656,,regular,ridge_daut
hill-00383,43.689574506250835,42.13351249694824,1655,,regular,ridge_daut
hill-00480,43.69779736378766,42.14275002479553,1646,,regular,ridge_daut
hill-00781,43.71541065270114,41.96633577346802,1646,,regular,ridge_daut
hill-00640,43.625482952018785,42.12109923362732,1643,,regular,ridge_daut
hill-00406,43.71741906096804,41.997395753860474,1622,,regular,ridge_daut
hill-00641,43.60860456601921,42.07760453224182,1620,,regular,ridge_daut
hill-00363,43.704964293400906,41.885740756988525,1613,Джингирик,regular,ridge_daut
hill-00747,43.552855950829894,42.06595301628113,1610,,regular,ridge_daut
hill-00408,43.69899191155244,41.94984555244446,1600,,regular,ridge_daut
hill-00436,43.547381675293906,42.078752517700195,1598,,regular,ridge_daut
hill-00643,43.599499300484126,42.08109140396118,1597,,regular,ridge_daut
hill-00366,43.697200080980934,41.87272667884827,1587,,regular,ridge_daut
hill-00646,43.667017921412594,41.91755175590515,1583,,regular,ridge_daut
hill-00644,43.619712366399995,42.13427424430847,1582,,regular,ridge_daut
hill-00648,43.671053433780116,42.04567551612854,1582,,regular,ridge_daut
hill-00645,43.63179656517573,42.08345174789429,1578,,regular,ridge_daut
hill-00413,43.69277069426238,41.98325514793396,1576,,regular,ridge_daut
hill-00405,43.7099278982713,41.9766891002655,1570,,regular,ridge_daut
hill-00649,43.67649318544878,42.017576694488525,1568,,regular,ridge_daut
hill-00647,43.62563051020206,42.11687207221985,1559,,regular,ridge_daut
hill-00380,43.69161481097774,42.115724086761475,1554,,regular,ridge_daut
hill-00404,43.692351786115665,41.87980771064758,1551,,regular,ridge_daut
hill-00683,43.658682177350954,41.93150997161865,1546,,regular,ridge_daut
hill-00428,43.6743282078356,41.97827696800232,1542,,regular,ridge_daut
hill-00381,43.67129400383229,42.06372141838074,1540,,regular,ridge_daut
hill-00429,43.62097060321494,41.99321150779724,1537,,regular,ridge_daut
hill-00377,43.646114282653144,41.937657594680786,1529,,regular,ridge_daut
hill-00379,43.687673779706614,42.11476922035217,1529,,regular,ridge_daut
hill-00016,43.6726210019512,41.978920698165894,1528,,regular,ridge_daut
hill-00549,43.586157442695196,42.14200973510742,1514,,regular,ridge_daut
hill-00763,43.74363850696315,42.097088098526,1508,,regular,ridge_daut
hill-00412,43.72445183650518,41.96895360946655,1507,,regular,ridge_daut
hill-00654,43.61355283960057,42.08369851112366,1503,,regular,ridge_daut
hill-00403,43.71440254595825,41.98226809501648,1499,,regular,ridge_daut
hill-00402,43.69880574982986,41.94125175476074,1493,,regular,ridge_daut
hill-00650,43.65995512189593,42.062273025512695,1490,,regular,ridge_daut
hill-00657,43.64500408277672,42.03714609146118,1489,,regular,ridge_daut
hill-00543,43.656741661179325,42.141162157058716,1486,,regular,ridge_daut
hill-00401,43.682847991137095,41.87612771987915,1470,,regular,ridge_daut
hill-00400,43.66989713200891,41.922712326049805,1448,,regular,ridge_daut
hill-00622,43.59583971426784,42.126688957214355,1447,,regular,ridge_daut
hill-00653,43.6496854158232,41.98346972465515,1446,,regular,ridge_daut
hill-00399,43.70362249839005,41.97083115577698,1436,,regular,ridge_daut
hill-00376,43.68097808767908,41.91657543182373,1433,,regular,ridge_daut
hill-00554,43.6674835713022,42.15777039527893,1433,,regular,ridge_daut
hill-00411,43.699658986312045,41.96252703666687,1429,,regular,ridge_daut
hill-00656,43.665970195953435,42.03540802001953,1427,,regular,ridge_daut
hill-00620,43.601325125452064,42.121710777282715,1424,,regular,ridge_daut
hill-00002,43.66588482492509,42.09306478500366,1418,,regular,ridge_daut
hill-00658,43.671262962589424,42.00342535972595,1417,,regular,ridge_daut
hill-00365,43.61481120531013,41.96529507637024,1412,,regular,ridge_daut
hill-00398,43.73183264896815,41.87367081642151,1408,,regular,ridge_daut
hill-00621,43.65019001534651,42.00075387954712,1403,,regular,ridge_daut
hill-00364,43.629319347065774,41.98042273521423,1402,,regular,ridge_daut
hill-00397,43.68877543263375,41.94803237915039,1381,,regular,ridge_daut
hill-00375,43.64133173700898,41.957634687423706,1376,,regular,ridge_daut
hill-00624,43.64722446201131,42.06191897392273,1347,,regular,ridge_daut
hill-00396,43.69002446535009,41.91514849662781,1334,,regular,ridge_daut
hill-00426,43.66568303837548,42.019819021224976,1330,,regular,ridge_daut
hill-00394,43.71392175061578,41.887468099594116,1314,,regular,ridge_daut
hill-00395,43.71995467718949,41.88870191574097,1307,,regular,ridge_daut
hill-00425,43.66749909290297,41.984617710113525,1271,,regular,ridge_daut
hill-00410,43.717481095672866,41.9427752494812,1266,,regular,ridge_daut
hill-00372,43.73211948991519,41.901512145996094,1243,,regular,ridge_daut
hill-00625,43.607307227566196,42.11725831031799,1236,,regular,ridge_daut
hill-00371,43.714549885694254,41.911951303482056,1231,,regular,ridge_daut
hill-00374,43.750668204212076,41.87806963920593,1202,,regular,ridge_daut
hill-00370,43.7487771650666,41.89802527427673,1170,,regular,ridge_daut
hill-00627,43.65705214798109,42.045782804489136,1155,,regular,ridge_daut
hill-00626,43.66308303561962,42.00367212295532,1132,,regular,ridge_daut
hill-00439,43.954208885132346,41.93232536315918,1029,Колокольня,regular,ridge_daut
mount-00018,43.779638581305534,40.74361324310303,2988,,regular,ridge_dzhentu
mount-00022,43.79289875157056,40.73013782501221,2881,,regular,ridge_dzhentu
mount-00017,43.78510720885245,40.737444162368774,2863,,regular,ridge_dzhentu
mount-01867,43.79683286234578,40.779597759246826,2832,Дженту,regular,ridge_dzhentu
mount-01582,43.80881946106115,40.78317046165466,2811,,regular,ridge_dzhentu
mount-01904,43.79313883267986,40.76024293899536,2799,,regular,ridge_dzhentu
mount-00013,43.80243155370127,40.73210120201111,2723,,regular,ridge_dzhentu
mount-01866,43.792488288085195,40.78991889953613,2695,,regular,ridge_dzhentu
mount-00364,43.81997536732024,40.78399658203125,2616,,regular,ridge_dzhentu
mount-00362,43.81585698256376,40.79830884933472,2590,,regular,ridge_dzhentu
mount-01583,43.80358529902995,40.79323410987854,2580,,regular,ridge_dzhentu
mount-00361,43.82653942343268,40.79396367073059,2555,,regular,ridge_dzhentu
mount-01572,43.77942168491424,40.76568245887756,2454,,regular,ridge_dzhentu
mount-01905,43.79227918296155,40.81329703330994,2450,,regular,ridge_dzhentu
mount-00359,43.80515714439193,40.751670598983765,2446,,regular,ridge_dzhentu
mount-01917,43.8181871562,40.744396448135376,2441,,regular,ridge_dzhentu
mount-00360,43.827514681504255,40.78355669975281,2437,,regular,ridge_dzhentu
mount-00358,43.83683301059068,40.78118562698364,2395,,regular,ridge_dzhentu
mount-00357,43.821562263071485,40.80544352531433,2389,,regular,ridge_dzhentu
mount-00356,43.79872238253185,40.81663370132446,2377,,regular,ridge_dzhentu
mount-00379,43.76255558173955,40.95770716667175,2347,,regular,ridge_dzhentu
mount-00097,43.7752230354574,40.982372760772705,2305,Семиколенка,regular,ridge_dzhentu
mount-00348,43.83854327674234,40.80751419067383,2304,,regular,ridge_dzhentu
mount-00305,43.84060946050607,40.81865072250366,2279,,regular,ridge_dzhentu
mount-00304,43.807975522161655,40.75996398925781,2278,,regular,ridge_dzhentu
mount-00907,43.81705691722112,40.814616680145264,2263,2278,regular,ridge_dzhentu
mount-00335,43.7780195856879,40.99948525428772,2257,Урденижерта,regular,ridge_dzhentu
mount-00339,43.849035963332426,40.879729986190796,2245,Большой Пцицер,regular,ridge_dzhentu
mount-00354,43.80708511498307,40.81514239311218,2238,,regular,ridge_dzhentu
mount-00353,43.78551772302913,40.80503582954407,2206,,regular,ridge_dzhentu
mount-01942,43.85293542949043,40.82801699638367,2196,,regular,ridge_dzhentu
mount-00334,43.861483962036544,40.863025188446045,2185,,regular,ridge_dzhentu
mount-00331,43.85777072288934,40.848809480667114,2180,Нижний Джент,regular,ridge_dzhentu
mount-00352,43.83140781487367,40.75558662414551,2179,,regular,ridge_dzhentu
mount-00065,43.86922686884736,40.77052116394043,2146,Мал.Маркопидж,regular,ridge_dzhentu
mount-00347,43.858760942606835,40.821815729141235,2145,,regular,ridge_dzhentu
mount-00333,43.86839925348892,40.85885167121887,2120,,regular,ridge_dzhentu
mount-00338,43.821028141893606,41.004592180252075,2112,,regular,ridge_dzhentu
mount-01598,43.82959672676341,40.99724292755127,2098,Нахшир,regular,ridge_dzhentu
mount-00351,43.849113336171825,40.805604457855225,2096,,regular,ridge_dzhentu
mount-01460,43.77969280528043,40.954874753952026,2096,,regular,ridge_dzhentu
mount-01636,43.83749854985163,40.79422116279602,2065,,regular,ridge_dzhentu
mount-01570,43.84316307190801,40.75647711753845,2060,,regular,ridge_dzhentu
mount-01634,43.840655890779885,40.87784171104431,2028,,regular,ridge_dzhentu
mount-00346,43.86560693370603,40.81962704658508,2014,,regular,ridge_dzhentu
mount-00350,43.82219700956199,40.762635469436646,2003,,regular,ridge_dzhentu
mount-00330,43.87544521853383,40.859506130218506,1982,Власычиха,regular,ridge_dzhentu
mount-00295,43.862520533341126,40.89378476142883,1971,,regular,ridge_dzhentu
mount-00337,43.83523878170928,40.999388694763184,1965,,regular,ridge_dzhentu
mount-01633,43.83595077268657,40.860804319381714,1962,,regular,ridge_dzhentu
mount-00349,43.85543435807264,40.760639905929565,1957,,regular,ridge_dzhentu
mount-00332,43.871670974225026,40.84121346473694,1949,,regular,ridge_dzhentu
mount-00371,43.768785050201416,40.93847036361694,1940,,regular,ridge_dzhentu
mount-00369,43.76101361065935,40.93084216117859,1926,,regular,ridge_dzhentu
mount-01842,43.87802053902155,40.77051043510437,1916,,regular,ridge_dzhentu
mount-00112,43.84031540126628,41.012842655181885,1912,,regular,ridge_dzhentu
mount-00329,43.87153175572462,40.90253949165344,1910,Мал. Пцицер,regular,ridge_dzhentu
mount-00296,43.86385876665483,40.91533899307251,1908,,regular,ridge_dzhentu
mount-01906,43.802710313003246,40.8417284488678,1901,,regular,ridge_dzhentu
mount-00344,43.85602232605032,40.79127073287964,1899,,regular,ridge_dzhentu
mount-00345,43.86315484420578,40.80224633216858,1878,,regular,ridge_dzhentu
mount-00297,43.78154413720608,40.85243582725525,1846,,regular,ridge_dzhentu
mount-01224,43.92009153531242,40.81324338912964,1844,,regular,ridge_dzhentu
mount-00627,43.840849349865096,41.02113604545593,1838,,regular,ridge_dzhentu
mount-01907,43.81256671544898,40.84400296211243,1815,,regular,ridge_dzhentu
mount-00341,43.84634332599882,40.90128421783447,1810,,regular,ridge_dzhentu
mount-01522,43.919913789539265,40.8226203918457,1803,Чинарев Бугор,regular,ridge_dzhentu
hill-00303,43.77309261164544,40.92280626296997,1799,,regular,ridge_dzhentu
hill-00275,43.82381480851089,40.834089517593384,1796,,regular,ridge_dzhentu
hill-00263,43.82396961950903,40.98300576210022,1787,,regular,ridge_dzhentu
hill-00273,43.82734439949712,40.87839961051941,1778,,regular,ridge_dzhentu
hill-00687,43.85913227076125,40.99715709686279,1772,,regular,ridge_dzhentu
hill-00127,43.91892458597056,40.82045316696167,1771,,regular,ridge_dzhentu
hill-00274,43.85790997353078,40.914437770843506,1771,,regular,ridge_dzhentu
hill-00272,43.884145178421875,40.81122636795044,1769,,regular,ridge_dzhentu
hill-00686,43.85103215047894,41.003851890563965,1761,,regular,ridge_dzhentu
hill-00026,43.88655774228678,40.839303731918335,1759,Бескес,regular,ridge_dzhentu
hill-00557,43.899461753101235,40.994142293930054,1759,Бол. Беден,regular,ridge_dzhentu
hill-00339,43.77970829783564,40.831793546676636,1744,,regular,ridge_dzhentu
hill-00762,43.8810133392073,40.789350271224976,1740,,regular,ridge_dzhentu
hill-00271,43.8300146750513,40.84872364997864,1736,,regular,ridge_dzhentu
hill-00604,43.83968084744228,40.90661644935608,1734,,regular,ridge_dzhentu
hill-00027,43.91190695102904,40.81389784812927,1732,,regular,ridge_dzhentu
hill-00247,43.83886829915545,40.991084575653076,1727,,regular,ridge_dzhentu
hill-00024,43.88674332007545,40.90713143348694,1724,,regular,ridge_dzhentu
hill-00278,43.77437087504015,40.81488490104675,1724,,regular,ridge_dzhentu
hill-00688,43.88671239048415,40.8612334728241,1720,,regular,ridge_dzhentu
hill-00248,43.87648154706781,40.82563519477844,1709,,regular,ridge_dzhentu
hill-00262,43.817296901259056,40.98594546318054,1706,,regular,ridge_dzhentu
hill-00675,43.9450402259273,40.88417172431946,1700,,regular,ridge_dzhentu
hill-00277,43.76839766436373,40.804359912872314,1685,,regular,ridge_dzhentu
hill-00571,44.02007038119535,41.09431743621826,1681,,regular,ridge_dzhentu
hill-00165,43.902461206464665,41.00368022918701,1680,,regular,ridge_dzhentu
hill-00299,43.799039878010944,40.87213397026062,1672,,regular,ridge_dzhentu
hill-00578,44.01551060090975,41.110968589782715,1668,,regular,ridge_dzhentu
hill-00556,43.946523373681174,40.85834741592407,1663,Мишин Бугор,regular,ridge_dzhentu
hill-00246,43.845221357902034,41.02873206138611,1662,,regular,ridge_dzhentu
hill-00595,43.893230446884246,40.90683102607727,1660,,regular,ridge_dzhentu
hill-00359,43.87174831769585,40.98852038383484,1657,,regular,ridge_dzhentu
hill-00297,43.76330718137643,40.87879657745361,1655,,regular,ridge_dzhentu
hill-00126,43.92002198268182,40.83696484565735,1652,,regular,ridge_dzhentu
hill-00655,44.03275259568605,41.05358004570007,1649,Лысая,regular,ridge_dzhentu
hill-00727,43.94830773677904,40.87383985519409,1649,,regular,ridge_dzhentu
hill-00261,43.79844360462263,40.95610857009888,1645,,regular,ridge_dzhentu
hill-00184,43.883054853080665,40.98304867744446,1641,,regular,ridge_dzhentu
hill-00492,44.01820330543555,41.12139701843262,1633,,regular,ridge_dzhentu
hill-00296,43.8045067306376,40.891456604003906,1631,,regular,ridge_dzhentu
hill-00186,43.89095732672564,40.978907346725464,1620,,regular,ridge_dzhentu
hill-00125,43.904764807737365,40.87144732475281,1613,,regular,ridge_dzhentu
hill-00124,43.938435134282315,40.84368109703064,1609,,regular,ridge_dzhentu
hill-00295,43.80384082350497,40.8642053604126,1603,,regular,ridge_dzhentu
hill-00577,44.02716010439815,41.104896068573,1594,,regular,ridge_dzhentu
hill-00276,43.88907845783885,40.79300880432129,1590,,regular,ridge_dzhentu
hill-00690,43.85928699014306,41.02172613143921,1584,,regular,ridge_dzhentu
hill-00270,43.839038548284265,40.97302794456482,1575,,regular,ridge_dzhentu
hill-00338,43.76979224163756,40.84385275840759,1573,,regular,ridge_dzhentu
hill-00539,43.78699709978926,40.86542844772339,1572,,regular,ridge_dzhentu
hill-00123,43.899469483845365,40.80071210861206,1570,,regular,ridge_dzhentu
hill-00122,43.9128035231887,40.84966778755188,1559,,regular,ridge_dzhentu
hill-00074,44.01503994372521,41.13775849342346,1548,,regular,ridge_dzhentu
hill-00121,43.958618915760326,40.897507667541504,1546,,regular,ridge_dzhentu
hill-00183,43.89234904324371,40.99915266036987,1544,,regular,ridge_dzhentu
hill-00244,43.87986109026639,40.9369683265686,1539,,regular,ridge_dzhentu
hill-00245,43.85010369965164,40.97024917602539,1539,,regular,ridge_dzhentu
hill-00510,43.79670895729524,40.939189195632935,1539,,regular,ridge_dzhentu
hill-00677,43.96166944595524,40.90055465698242,1536,,regular,ridge_dzhentu
hill-00504,44.02741467063689,41.13190054893494,1528,,regular,ridge_dzhentu
hill-00260,43.82959672676341,40.973156690597534,1517,,regular,ridge_dzhentu
hill-00243,43.872019019053226,41.00271463394165,1516,,regular,ridge_dzhentu
hill-00120,43.924898197909016,40.85487127304077,1515,,regular,ridge_dzhentu
hill-00678,43.94440678696378,40.90680956840515,1511,,regular,ridge_dzhentu
hill-00192,43.901332563910955,40.917441844940186,1501,,regular,ridge_dzhentu
hill-00579,44.037611849266824,41.097267866134644,1501,,regular,ridge_dzhentu
hill-00676,43.90941811959431,40.8371901512146,1501,,regular,ridge_dzhentu
hill-00652,43.909773673314106,41.07117533683777,1495,Мал. Беден,regular,ridge_dzhentu
hill-00259,43.82626077534269,40.949392318725586,1492,,regular,ridge_dzhentu
hill-00119,43.912192928098705,40.885244607925415,1480,,regular,ridge_dzhentu
hill-00164,43.910245165188456,41.02026700973511,1471,,regular,ridge_dzhentu
hill-00242,43.85842829250478,40.96325397491455,1471,,regular,ridge_dzhentu
hill-00679,43.92446545962841,40.865299701690674,1469,,regular,ridge_dzhentu
hill-00562,43.898665481079206,41.01144790649414,1468,,regular,ridge_dzhentu
hill-00241,43.864276474947786,40.95726728439331,1462,,regular,ridge_dzhentu
hill-00163,43.9130353931007,41.0453724861145,1459,,regular,ridge_dzhentu
hill-00769,43.81097183839407,40.87584614753723,1454,,regular,ridge_dzhentu
hill-00574,44.03982537712366,41.11607551574707,1453,,regular,ridge_dzhentu
hill-00691,43.91249436190077,40.93454360961914,1451,,regular,ridge_dzhentu
hill-00240,43.86331728858559,40.97919702529907,1441,,regular,ridge_dzhentu
hill-00500,44.02972114521333,41.159827709198,1437,,regular,ridge_dzhentu
hill-00561,43.89895152176902,40.9699273109436,1430,,regular,ridge_dzhentu
hill-00530,44.031965821913104,41.04242205619812,1428,,regular,ridge_dzhentu
hill-00118,43.93487348797527,40.868786573410034,1426,,regular,ridge_dzhentu
hill-00692,44.03089363299537,41.01254224777222,1418,,regular,ridge_dzhentu
hill-00529,44.050806954322695,41.050318479537964,1416,,regular,ridge_dzhentu
hill-00116,43.9021133394655,40.87643623352051,1412,,regular,ridge_dzhentu
hill-00161,44.056243007011176,41.05991005897522,1412,,regular,ridge_dzhentu
hill-00159,43.89868867361875,41.030781269073486,1401,,regular,ridge_dzhentu
hill-00528,43.925717301035775,41.04443907737732,1401,,regular,ridge_dzhentu
hill-00117,43.937562125748826,40.88994383811951,1398,,regular,ridge_dzhentu
hill-00703,44.04499252447738,40.999571084976196,1391,,regular,ridge_dzhentu
hill-00501,44.04378175575076,41.13781213760376,1378,,regular,ridge_dzhentu
hill-00238,43.8786624183912,41.0384202003479,1361,,regular,ridge_dzhentu
hill-00087,44.05435393889107,41.101237535476685,1353,,regular,ridge_dzhentu
hill-00502,44.04077400660509,41.16226315498352,1352,,regular,ridge_dzhentu
hill-00498,44.04976595113888,41.12002372741699,1346,,regular,ridge_dzhentu
hill-00158,43.91350685913568,40.98453998565674,1342,,regular,ridge_dzhentu
hill-00705,44.03853737620025,41.00644826889038,1342,,regular,ridge_dzhentu
hill-00521,43.92264947002144,41.057034730911255,1338,,regular,ridge_dzhentu
hill-00115,43.89973232854871,40.826343297958374,1328,,regular,ridge_dzhentu
hill-00267,43.83029330561729,40.903215408325195,1321,,regular,ridge_dzhentu
hill-00519,43.92387816692684,41.00443124771118,1311,,regular,ridge_dzhentu
hill-00191,43.95539058918675,40.9185254573822,1310,,regular,ridge_dzhentu
hill-00522,44.02719867511067,41.08138918876648,1310,,regular,ridge_dzhentu
hill-00254,44.01040261339489,41.08211874961853,1305,,regular,ridge_dzhentu
hill-00190,43.91910233469889,40.92386841773987,1297,,regular,ridge_dzhentu
hill-00258,43.814316385942504,40.95523953437805,1288,,regular,ridge_dzhentu
hill-00114,43.90165724409809,40.85657715797424,1287,,regular,ridge_dzhentu
hill-00520,44.043774043768735,41.07045650482178,1286,,regular,ridge_dzhentu
hill-00459,43.917595317777256,40.98525881767273,1283,,regular,ridge_dzhentu
hill-00100,44.00328001731364,41.10800743103027,1277,,regular,ridge_dzhentu
hill-00715,44.027175532686186,41.02263808250427,1275,,regular,ridge_dzhentu
hill-00493,44.04872492965799,41.156888008117676,1271,,regular,ridge_dzhentu
hill-00494,44.05453899312451,41.127662658691406,1271,,regular,ridge_dzhentu
hill-00518,44.020510138418615,41.06261372566223,1267,,regular,ridge_dzhentu
hill-00257,43.80839362182246,40.94022989273071,1263,,regular,ridge_dzhentu
hill-00527,44.001844591053754,41.05095148086548,1248,,regular,ridge_dzhentu
hill-00682,44.00371989905369,41.12130045890808,1245,,regular,ridge_dzhentu
hill-00155,43.9470486463035,40.92599272727966,1240,,regular,ridge_dzhentu
hill-00465,43.929650384409484,40.99903464317322,1239,,regular,ridge_dzhentu
hill-00576,44.062449520820365,41.108479499816895,1238,,regular,ridge_dzhentu
hill-00157,43.92516093032924,41.07808470726013,1234,,regular,ridge_dzhentu
hill-00156,43.9351593546634,41.038527488708496,1232,,regular,ridge_dzhentu
hill-00525,44.02510039189576,40.98845601081848,1229,,regular,ridge_dzhentu
hill-00458,43.91608826268657,40.94387769699097,1228,,regular,ridge_dzhentu
hill-00090,43.97032592043138,41.09079837799072,1225,Шапка,regular,ridge_dzhentu
hill-00524,44.019499463443054,41.009345054626465,1220,,regular,ridge_dzhentu
hill-00113,43.92770319292606,40.90789318084717,1219,,regular,ridge_dzhentu
hill-00526,44.00936090030174,41.00119113922119,1218,,regular,ridge_dzhentu
hill-00112,43.97137604027159,40.92676520347595,1206,,regular,ridge_dzhentu
hill-00470,43.93752349675654,40.98092436790466,1204,,regular,ridge_dzhentu
hill-00461,43.920810241067755,40.998605489730835,1203,,regular,ridge_dzhentu
hill-00223,44.00413662611453,41.086517572402954,1199,,regular,ridge_dzhentu
hill-00462,43.92210079842744,40.94782590866089,1199,,regular,ridge_dzhentu
hill-00189,43.88197997381434,40.96023917198181,1189,,regular,ridge_dzhentu
hill-00256,43.814904759192444,40.926722288131714,1187,,regular,ridge_dzhentu
hill-00154,43.92024609642269,40.97303867340088,1183,,regular,ridge_dzhentu
hill-00575,44.062326167876705,41.138466596603394,1183,,regular,ridge_dzhentu
hill-00255,43.82979796148959,40.9319794178009,1182,,regular,ridge_dzhentu
hill-00099,43.9676155988692,41.10785722732544,1176,,regular,ridge_dzhentu
hill-00748,44.05678272969109,41.00244641304016,1167,,regular,ridge_dzhentu
hill-00523,43.93858964773193,40.999335050582886,1166,,regular,ridge_dzhentu
hill-00593,44.072617545182595,41.0459840297699,1164,,regular,ridge_dzhentu
hill-00152,44.080255904850475,41.070231199264526,1160,,regular,ridge_dzhentu
hill-00220,43.83772297420785,40.94355583190918,1160,,regular,ridge_dzhentu
hill-00153,43.99763843779195,41.072977781295776,1157,,regular,ridge_dzhentu
hill-00188,43.9252536591417,40.94902753829956,1150,,regular,ridge_dzhentu
hill-00508,44.05945042954161,41.075477600097656,1149,,regular,ridge_dzhentu
hill-00463,43.925446843703384,40.98680377006531,1147,,regular,ridge_dzhentu
hill-00509,44.01144430819181,41.03876352310181,1147,,regular,ridge_dzhentu
hill-00151,44.01223907043567,40.98771572113037,1146,,regular,ridge_dzhentu
hill-00460,43.91900959629817,40.95196723937988,1140,,regular,ridge_dzhentu
hill-00097,43.977684089978624,41.102471351623535,1138,,regular,ridge_dzhentu
hill-00130,44.09752529014392,41.00689888000488,1135,ск. Двойная,regular,ridge_dzhentu
hill-00149,43.94113133634835,40.97551703453064,1134,,regular,ridge_dzhentu
hill-00507,44.00946893065802,41.025041341781616,1131,,regular,ridge_dzhentu
hill-00778,44.06704423487116,41.15431308746338,1128,,regular,ridge_dzhentu
hill-00148,43.98390655218586,41.06220602989197,1125,,regular,ridge_dzhentu
hill-00468,43.93613283632027,40.9704315662384,1121,,regular,ridge_dzhentu
hill-00471,43.93886004530256,40.991116762161255,1121,,regular,ridge_dzhentu
hill-00096,43.993771600833384,41.11000299453735,1118,,regular,ridge_dzhentu
hill-00015,43.81152153383945,40.92130422592163,1117,Эхо,regular,ridge_dzhentu
hill-00145,43.927038660608304,40.97692251205444,1112,,regular,ridge_dzhentu
hill-00085,44.06996585579287,41.1272656917572,1109,,regular,ridge_dzhentu
hill-00147,43.99611797507629,41.02711200714111,1108,,regular,ridge_dzhentu
hill-00680,43.98680911544906,41.09255790710449,1108,,regular,ridge_dzhentu
hill-00111,43.976502829336624,40.92912554740906,1106,,regular,ridge_dzhentu
hill-00086,44.0770496095669,41.10067963600159,1103,,regular,ridge_dzhentu
hill-00660,43.955985294102874,40.974154472351074,1099,Рваная,regular,ridge_dzhentu
hill-00187,43.93485803568271,40.93112111091614,1097,,regular,ridge_dzhentu
hill-00139,43.95166003168097,41.047818660736084,1093,,regular,ridge_dzhentu
hill-00511,44.06201007478546,41.17254137992859,1093,,regular,ridge_dzhentu
hill-00464,43.92866134273331,40.96732020378113,1092,,regular,ridge_dzhentu
hill-00475,43.945588685919034,40.990344285964966,1091,,regular,ridge_dzhentu
hill-00131,43.98791297858668,40.92453360557556,1078,,regular,ridge_dzhentu
hill-00467,43.932316078899305,40.94061613082886,1078,,regular,ridge_dzhentu
hill-00110,43.96539937508777,40.94127058982849,1072,,regular,ridge_dzhentu
hill-00479,43.95545237698755,40.98375678062439,1072,,regular,ridge_dzhentu
hill-00474,43.944128689676944,40.982866287231445,1071,,regular,ridge_dzhentu
hill-00512,43.99301518409894,41.04815125465393,1062,,regular,ridge_dzhentu
hill-00144,43.954332463127116,40.993133783340454,1058,,regular,ridge_dzhentu
hill-00146,44.09073681154658,41.07208728790283,1056,,regular,ridge_dzhentu
hill-00476,43.95026197775911,40.99193215370178,1048,,regular,ridge_dzhentu
hill-00143,44.09194662018558,41.0539448261261,1047,,regular,ridge_dzhentu
hill-00473,43.943896940944114,40.99841237068176,1041,,regular,ridge_dzhentu
hill-00596,43.93744623869665,40.950658321380615,1036,,regular,ridge_dzhentu
hill-00495,44.06282728761144,41.03869915008545,1033,,regular,ridge_dzhentu
hill-00142,43.9571978558171,41.07659339904785,1032,,regular,ridge_dzhentu
hill-00070,44.08007863825452,41.11377954483032,1031,,regular,ridge_dzhentu
hill-00469,43.936820444712026,40.962653160095215,1028,,regular,ridge_dzhentu
hill-00136,44.06624249837341,40.991342067718506,1026,,regular,ridge_dzhentu
hill-00141,43.98142845369378,41.04369878768921,1020,,regular,ridge_dzhentu
hill-00173,44.09577623340843,41.05050086975098,1014,,regular,ridge_dzhentu
hill-00140,43.94972128510324,41.071786880493164,1013,,regular,ridge_dzhentu
hill-00025,43.95545237698755,40.94128131866455,1011,,regular,ridge_dzhentu
hill-00478,43.953243423201826,40.97777009010315,1000,,regular,ridge_dzhentu
hill-00505,43.962966839171855,40.96828579902649,992,,regular,ridge_dzhentu
hill-00752,44.06187901130147,41.02452635765076,990,,regular,ridge_dzhentu
hill-00172,43.96239537184164,41.030534505844116,987,,regular,ridge_dzhentu
hill-00472,43.941857513138956,40.95999240875244,986,,regular,ridge_dzhentu
hill-00174,44.01207703239595,40.970377922058105,981,,regular,ridge_dzhentu
hill-00488,44.08885655027652,41.09927415847778,981,,regular,ridge_dzhentu
hill-00531,44.093040820698036,41.083781719207764,980,,regular,ridge_dzhentu
hill-00651,44.10510650616186,41.052507162094116,978,Кучерявая,regular,ridge_dzhentu
hill-00078,44.081504463220625,41.17249846458435,976,,regular,ridge_dzhentu
hill-00171,43.9676155988692,41.04092001914978,976,,regular,ridge_dzhentu
hill-00137,44.0711760892348,41.012113094329834,975,,regular,ridge_dzhentu
hill-00077,44.080086345508875,41.144936084747314,968,,regular,ridge_dzhentu
hill-00170,44.00647487365944,40.974122285842896,958,,regular,ridge_dzhentu
hill-00614,44.08721512579453,41.16801381111145,945,Острый Шпиль,regular,ridge_dzhentu
hill-00129,44.10510650616186,41.0070276260376,943,,regular,ridge_dzhentu
hill-00477,43.953011710004574,40.967899560928345,941,,regular,ridge_dzhentu
hill-00128,44.10260265513651,41.01602911949158,934,,regular,ridge_dzhentu
hill-00169,43.99285309354437,40.9829843044281,931,,regular,ridge_dzhentu
hill-00491,44.08505731539563,41.153926849365234,927,,regular,ridge_dzhentu
hill-00613,44.094443217104896,41.145912408828735,927,Каменная База,regular,ridge_dzhentu
hill-00168,43.98379847528122,40.989646911621094,926,,regular,ridge_dzhentu
hill-00466,43.93070122317013,40.962170362472534,917,,regular,ridge_dzhentu
hill-00750,43.991540915613825,40.94499349594116,916,,regular,ridge_dzhentu
hill-00699,44.0357838911022,40.95908045768738,896,,regular,ridge_dzhentu
hill-00138,44.07014315268498,40.979357957839966,890,,regular,ridge_dzhentu
hill-00167,44.08597439443295,41.04042649269104,821,,regular,ridge_dzhentu
hill-00749,44.079562249926255,41.02624297142029,781,,regular,ridge_dzhentu
hill-00166,44.09446633325058,41.04074835777283,710,,regular,ridge_dzhentu
rock-00044,43.432291458946736,41.581653356552124,3712,Малая Марка,regular,ridge_khatipara
rock-00791,43.41743192226116,41.594645977020264,3676,Хаджибей-баши,regular,ridge_khatipara
rock-00045,43.41807094959481,41.59693121910095,3573,Хаджибей-Баши,regular,ridge_khatipara
rock-00043,43.42549719944742,41.59200668334961,3563,,regular,ridge_khatipara
rock-00119,43.37082710437127,41.551419496536255,3557,Большая Марка,regular,ridge_khatipara
rock-00083,43.40844586041794,41.578896045684814,3527,,regular,ridge_khatipara
rock-00050,43.5086898860948,41.644524335861206,3469,Кынгыр-Чад,regular,ridge_khatipara
rock-00052,43.442606055387586,41.57550573348999,3468,,regular,ridge_khatipara
rock-00086,43.3932608289841,41.59201741218567,3449,,regular,ridge_khatipara
rock-00087,43.39068803908839,41.60125494003296,3437,Будукские Пальцы,regular,ridge_khatipara
rock-00769,43.43036701561289,41.604602336883545,3419,,regular,ridge_khatipara
rock-00702,43.385058705769154,41.55630111694336,3412,,regular,ridge_khatipara
rock-00772,43.50621538117238,41.62936449050903,3399,,regular,ridge_khatipara
rock-00174,43.387351045871156,41.554627418518066,3392,пик НПИ,regular,ridge_khatipara
rock-00085,43.398367103578295,41.58541917800903,3381,Бадук-баши,regular,ridge_khatipara
rock-00046,43.413620997283715,41.58156752586365,3373,,regular,ridge_khatipara
rock-00181,43.4048370319253,41.58348798751831,3366,,regular,ridge_khatipara
rock-00089,43.38745240584714,41.61444067955017,3356,,regular,ridge_khatipara
rock-00117,43.364501742669745,41.565184593200684,3343,,regular,ridge_khatipara
rock-00053,43.44723302955521,41.585365533828735,3337,,regular,ridge_khatipara
rock-00184,43.516315080852024,41.649062633514404,3326,,regular,ridge_khatipara
rock-00048,43.438508473048074,41.626789569854736,3282,,regular,ridge_khatipara
rock-00088,43.39040736449252,41.61422610282898,3278,,regular,ridge_khatipara
rock-00081,43.36339415155513,41.601115465164185,3269,Большой Хутый,regular,ridge_khatipara
rock-00082,43.36584330482572,41.58352017402649,3269,,regular,ridge_khatipara
rock-00042,43.410971133047354,41.63395643234253,3247,,regular,ridge_khatipara
rock-00047,43.421219229701194,41.56371474266052,3245,,regular,ridge_khatipara
rock-00051,43.50451118200377,41.656250953674316,3236,,regular,ridge_khatipara
rock-00183,43.49923486310277,41.661776304244995,3232,,regular,ridge_khatipara
rock-00041,43.409653951509625,41.66233420372009,3225,,regular,ridge_khatipara
rock-00049,43.38635303090345,41.61815285682678,3219,,regular,ridge_khatipara
rock-00768,43.49977963713829,41.630555391311646,3217,,regular,ridge_khatipara
mount-01419,43.46243567781002,41.589860916137695,3199,,regular,ridge_khatipara
mount-00940,43.37857106944389,41.5848183631897,3196,,regular,ridge_khatipara
mount-00255,43.45394696532253,41.624794006347656,3184,Белая Папаха,regular,ridge_khatipara
mount-01891,43.44439768669841,41.635318994522095,3165,,regular,ridge_khatipara
mount-01817,43.38899617530072,41.627293825149536,3155,,regular,ridge_khatipara
mount-00293,43.394999349407016,41.558436155319214,3136,,regular,ridge_khatipara
mount-00941,43.37616142194557,41.58747911453247,3134,,regular,ridge_khatipara
mount-00126,43.44005873170096,41.67593836784363,3124,Бол. Хатипара,regular,ridge_khatipara
mount-00644,43.40356648605962,41.66818141937256,3113,,regular,ridge_khatipara
mount-00203,43.35441567732539,41.61601781845093,3094,,regular,ridge_khatipara
mount-00671,43.511358813849625,41.61677956581116,3092,,regular,ridge_khatipara
mount-00202,43.45422734549879,41.64249658584595,3046,,regular,ridge_khatipara
mount-00127,43.46026299240549,41.62323832511902,3034,,regular,ridge_khatipara
mount-00125,43.432868000907376,41.668996810913086,3027,,regular,ridge_khatipara
mount-00651,43.44772374848145,41.64010405540466,3024,,regular,ridge_khatipara
mount-00131,43.48914008920559,41.61969780921936,2988,,regular,ridge_khatipara
mount-00130,43.488299430538774,41.61523461341858,2977,,regular,ridge_khatipara
mount-00650,43.377986212346656,41.617562770843506,2977,,regular,ridge_khatipara
mount-01618,43.447513440857676,41.68490767478943,2943,,regular,ridge_khatipara
mount-01735,43.48200968707803,41.61094307899475,2940,,regular,ridge_khatipara
mount-00129,43.43180061484094,41.55804991722107,2845,,regular,ridge_khatipara
mount-01039,43.41930222714808,41.662763357162476,2844,,regular,ridge_khatipara
mount-00649,43.4368413164037,41.642088890075684,2831,,regular,ridge_khatipara
mount-00913,43.366607669995375,41.64324760437012,2827,,regular,ridge_khatipara
mount-01394,43.471133424776184,41.6126275062561,2795,,regular,ridge_khatipara
mount-00645,43.358604757218046,41.63698196411133,2788,,regular,ridge_khatipara
mount-00643,43.40854718511267,41.55301809310913,2639,,regular,ridge_khatipara
mount-00910,43.43159804309715,41.70228838920593,2506,,regular,ridge_khatipara
mount-00659,43.48759887271211,41.68558359146118,2435,,regular,ridge_khatipara
rock-00523,43.41135303239679,41.894023418426514,3769,Кышхаджер,regular,ridge_kyshkhadzher
rock-00525,43.35591348212159,41.83839440345764,3662,Гаралыколбаши,regular,ridge_kyshkhadzher
rock-00522,43.41934898403005,41.88338041305542,3609,,regular,ridge_kyshkhadzher
rock-00057,43.405086461113285,41.88662052154541,3603,,regular,ridge_kyshkhadzher
rock-00811,43.431239645274076,41.91114664077759,3548,,regular,ridge_kyshkhadzher
rock-00125,43.35791049767565,41.858811378479004,3547,,regular,ridge_kyshkhadzher
rock-00060,43.330172623732096,41.829349994659424,3525,Назалыколбаши,regular,ridge_kyshkhadzher
rock-00061,43.30760626343974,41.84269666671753,3524,Муруджинская игла,regular,ridge_kyshkhadzher
rock-00218,43.42161664946369,41.869304180145264,3521,,regular,ridge_kyshkhadzher
rock-00124,43.33306013820837,41.837300062179565,3510,,regular,ridge_kyshkhadzher
rock-00534,43.442847539223294,41.892210245132446,3502,,regular,ridge_kyshkhadzher
rock-00215,43.34897022131153,41.85543179512024,3455,,regular,ridge_kyshkhadzher
rock-00536,43.36587450359258,41.871256828308105,3453,,regular,ridge_kyshkhadzher
rock-00328,43.323741557648276,41.83323383331299,3442,,regular,ridge_kyshkhadzher
rock-00055,43.358635959707556,41.86461567878723,3432,,regular,ridge_kyshkhadzher
rock-00537,43.35514118114017,41.866750717163086,3412,,regular,ridge_kyshkhadzher
rock-00065,43.40878101068432,41.91251993179321,3398,,regular,ridge_kyshkhadzher
rock-00822,43.48703842060064,41.89136266708374,3396,Кенделляр-Ляр,regular,ridge_kyshkhadzher
rock-00126,43.35816011999873,41.8504536151886,3395,,regular,ridge_kyshkhadzher
rock-00773,43.49162307750487,41.86264157295227,3375,,regular,ridge_kyshkhadzher
rock-00538,43.37734676213137,41.87382102012634,3371,,regular,ridge_kyshkhadzher
rock-00745,43.48734978352675,41.91216588020325,3362,,regular,ridge_kyshkhadzher
rock-00212,43.3386708886093,41.854069232940674,3329,,regular,ridge_kyshkhadzher
rock-00064,43.490572295542194,41.88035488128662,3325,,regular,ridge_kyshkhadzher
rock-00208,43.49026094922755,41.93448185920715,3316,Чимуллярбаши,regular,ridge_kyshkhadzher
rock-00190,43.30571689706747,41.86886429786682,3315,,regular,ridge_kyshkhadzher
rock-00747,43.316622884859754,41.84217095375061,3313,,regular,ridge_kyshkhadzher
rock-00059,43.489863980348645,41.84967041015625,3297,,regular,ridge_kyshkhadzher
rock-00771,43.508472009230985,41.89020395278931,3292,,regular,ridge_kyshkhadzher
rock-00258,43.45232696551784,41.869261264801025,3274,,regular,ridge_kyshkhadzher
rock-00056,43.393307605971245,41.891770362854004,3263,,regular,ridge_kyshkhadzher
rock-00066,43.38855176085187,41.88287615776062,3260,,regular,ridge_kyshkhadzher
rock-00063,43.48095095299567,41.89655542373657,3251,,regular,ridge_kyshkhadzher
rock-00211,43.364205347029184,41.87692165374756,3243,,regular,ridge_kyshkhadzher
rock-00542,43.37757290992943,41.881030797958374,3226,,regular,ridge_kyshkhadzher
rock-00770,43.50394310492277,41.93656325340271,3226,,regular,ridge_kyshkhadzher
rock-00210,43.42608939001758,41.880011558532715,3211,,regular,ridge_kyshkhadzher
rock-00182,43.497670556051474,41.889238357543945,3209,,regular,ridge_kyshkhadzher
rock-00257,43.45316033622191,41.864272356033325,3209,,regular,ridge_kyshkhadzher
rock-00209,43.36572630930692,41.86147212982178,3208,,regular,ridge_kyshkhadzher
mount-00764,43.31088518964157,41.84659123420715,3187,,regular,ridge_kyshkhadzher
mount-00969,43.352114290627384,41.87418580055237,3181,,regular,ridge_kyshkhadzher
mount-00201,43.4125610655023,41.92280888557434,3178,,regular,ridge_kyshkhadzher
mount-00023,43.46645377196009,41.89517140388489,3173,,regular,ridge_kyshkhadzher
mount-00675,43.49993528595991,41.93897724151611,3168,,regular,ridge_kyshkhadzher
mount-00674,43.49801299489067,41.91236972808838,3163,,regular,ridge_kyshkhadzher
mount-01218,43.44926598204668,41.9357693195343,3147,,regular,ridge_kyshkhadzher
mount-00800,43.4053047108103,41.86831712722778,3142,,regular,ridge_kyshkhadzher
mount-00799,43.45688310436043,41.9019091129303,3126,,regular,ridge_kyshkhadzher
mount-01223,43.40500851460234,41.866546869277954,3123,,regular,ridge_kyshkhadzher
mount-00672,43.498806822912286,41.86111807823181,3095,,regular,ridge_kyshkhadzher
mount-00673,43.5189836714064,41.894205808639526,3075,,regular,ridge_kyshkhadzher
mount-00796,43.44374335793543,41.93202495574951,3056,,regular,ridge_kyshkhadzher
mount-01622,43.4734614365546,41.89707040786743,3022,,regular,ridge_kyshkhadzher
mount-00794,43.41037879459853,41.87007665634155,3015,,regular,ridge_kyshkhadzher
mount-00795,43.42813084467792,41.93973898887634,2974,,regular,ridge_kyshkhadzher
mount-00667,43.51519470445322,41.93439602851868,2966,,regular,ridge_kyshkhadzher
mount-00666,43.50139836526998,41.88041925430298,2958,,regular,ridge_kyshkhadzher
mount-00791,43.32394449003931,41.870044469833374,2937,,regular,ridge_kyshkhadzher
mount-01238,43.518026726850366,41.850045919418335,2894,,regular,ridge_kyshkhadzher
mount-00786,43.4205802355942,41.93231463432312,2893,,regular,ridge_kyshkhadzher
mount-00665,43.51967608523924,41.87582731246948,2887,,regular,ridge_kyshkhadzher
mount-00785,43.4349170177513,41.92904233932495,2884,,regular,ridge_kyshkhadzher
mount-00664,43.50810628558443,41.913968324661255,2819,,regular,ridge_kyshkhadzher
mount-01739,43.52799998906377,41.8909227848053,2818,,regular,ridge_kyshkhadzher
mount-01617,43.479549658770395,41.86460494995117,2814,,regular,ridge_kyshkhadzher
mount-01749,43.51117207055816,41.86092495918274,2710,,regular,ridge_kyshkhadzher
mount-00771,43.456462552078705,41.941198110580444,2647,,regular,ridge_kyshkhadzher
mount-00967,43.537784941599256,41.893508434295654,2422,,regular,ridge_kyshkhadzher
mount-01508,43.53523385101954,41.862244606018066,2348,,regular,ridge_kyshkhadzher
mount-00655,43.52422714693259,41.91564202308655,2239,,regular,ridge_kyshkhadzher
mount-01509,43.557233458256405,41.87964677810669,2048,,regular,ridge_kyshkhadzher
mount-00117,43.634669699666915,40.771872997283936,3149,,regular,ridge_magisho
mount-01908,43.75489957537198,40.756144523620605,3107,Магишо,regular,ridge_magisho
mount-00120,43.649731994418346,40.77882528305054,3074,,regular,ridge_magisho
mount-00118,43.65879084440226,40.77220559120178,3072,,regular,ridge_magisho
mount-00119,43.649328312060476,40.75829029083252,2917,,regular,ridge_magisho
mount-01732,43.74216580868841,40.768911838531494,2911,,regular,ridge_magisho
mount-00015,43.7712022811545,40.74480414390564,2897,,regular,ridge_magisho
mount-00366,43.752628931707676,40.78391075134277,2894,,regular,ridge_magisho
mount-00449,43.721683797354274,40.922935009002686,2861,,regular,ridge_magisho
mount-00282,43.74475463310142,40.77856779098511,2848,,regular,ridge_magisho
mount-01414,43.68834098037459,40.728721618652344,2821,,regular,ridge_magisho
mount-00019,43.74807963554434,40.74560880661011,2803,,regular,ridge_magisho
mount-00312,43.730351907634144,40.91827869415283,2776,,regular,ridge_magisho
mount-00321,43.75906865578628,40.770649909973145,2691,,regular,ridge_magisho
mount-00021,43.675003316762314,40.725159645080566,2689,,regular,ridge_magisho
mount-00033,43.65836393699789,40.72450518608093,2670,,regular,ridge_magisho
mount-00310,43.73311954625609,40.914942026138306,2666,,regular,ridge_magisho
mount-00411,43.69624596753141,40.739825963974,2663,,regular,ridge_magisho
mount-00281,43.731886916279706,40.79316973686218,2653,,regular,ridge_magisho
mount-01861,43.73550721013942,40.913225412368774,2644,,regular,ridge_magisho
mount-00040,43.64592795683399,40.726951360702515,2620,,regular,ridge_magisho
mount-00123,43.667995782008575,40.77395439147949,2605,,regular,ridge_magisho
mount-00020,43.73991018478185,40.73222994804382,2601,,regular,ridge_magisho
mount-00016,43.699860658615506,40.73800206184387,2556,,regular,ridge_magisho
mount-00196,43.75324116152001,40.73762655258179,2547,,regular,ridge_magisho
mount-00365,43.75344265350611,40.794349908828735,2532,,regular,ridge_magisho
mount-01811,43.73666224713719,40.900511741638184,2525,,regular,ridge_magisho
mount-00363,43.772031244914075,40.769630670547485,2519,,regular,ridge_magisho
mount-00124,43.674188529178394,40.77847123146057,2470,,regular,ridge_magisho
mount-00417,43.66180239585654,40.75286149978638,2460,,regular,ridge_magisho
mount-00280,43.736499458036576,40.79352378845215,2427,,regular,ridge_magisho
mount-01862,43.73692580950464,40.892261266708374,2412,,regular,ridge_magisho
mount-01860,43.7463202749756,40.912452936172485,2411,,regular,ridge_magisho
mount-00418,43.659877504098745,40.80077648162842,2409,,regular,ridge_magisho
mount-00380,43.702730537112046,40.89284062385559,2383,,regular,ridge_magisho
mount-00355,43.76784757216333,40.780370235443115,2372,,regular,ridge_magisho
mount-01466,43.75094720492973,40.94558358192444,2370,,regular,ridge_magisho
mount-00279,43.70076041908948,40.87608218193054,2311,,regular,ridge_magisho
mount-00278,43.72120306043351,40.789843797683716,2241,,regular,ridge_magisho
mount-00377,43.75635646176809,40.90011477470398,2217,,regular,ridge_magisho
mount-00273,43.71468171567727,40.801066160202026,2179,Закан,regular,ridge_magisho
mount-00274,43.72901843384838,40.7718300819397,2173,,regular,ridge_magisho
mount-00311,43.73559248208886,40.87034225463867,2173,,regular,ridge_magisho
mount-00014,43.713526254781186,40.73549151420593,2114,,regular,ridge_magisho
mount-00042,43.71789207397029,40.79141020774841,2111,,regular,ridge_magisho
mount-00277,43.69225093742108,40.85320830345154,2085,,regular,ridge_magisho
mount-01859,43.72634364402617,40.875492095947266,2063,,regular,ridge_magisho
mount-01691,43.75844873656345,40.81873655319214,1984,,regular,ridge_magisho
mount-00275,43.71188220490518,40.863046646118164,1961,,regular,ridge_magisho
mount-01693,43.755845005690645,40.80914497375488,1850,,regular,ridge_magisho
hill-00022,43.731631084237534,40.82253456115723,1757,,regular,ridge_magisho
hill-00021,43.72840595628813,40.85638403892517,1724,,regular,ridge_magisho
hill-00020,43.70030278398403,40.839582681655884,1660,,regular,ridge_magisho
hill-00019,43.70886541117932,40.81871509552002,1629,,regular,ridge_magisho
hill-00023,43.72351366389418,40.82218050956726,1611,,regular,ridge_magisho
hill-00018,43.697487087747504,40.81987380981445,1490,,regular,ridge_magisho
peak-00058,43.01831330533548,43.05747985839844,5034,მთავარი ჯანღა,main,ridge_main_caucasus
peak-00120,42.99931162939606,43.11313033103943,5022,Шхара,main,ridge_main_caucasus
peak-00119,42.998872214759814,43.08969855308533,4978,Шхара Западная,main,ridge_main_caucasus
peak-00057,43.019034970699465,43.05148243904114,4970,Западная Джанги,main,ridge_main_caucasus
peak-00118,43.01279856062271,43.070772886276245,4943,Восточная Джанги,main,ridge_main_caucasus
peak-00116,43.02960012171593,43.036344051361084,4881,Катынтау,regular,ridge_main_caucasus
peak-00056,43.007801130974485,43.07169556617737,4840,Шота Руставели,regular,ridge_main_caucasus
peak-00115,43.048012236716716,43.02576541900635,4799,Гестола,main,ridge_main_caucasus
peak-00062,43.03067457492347,42.99328923225403,4778,Тетнульд,regular,ridge_main_caucasus
peak-00117,43.024807988264456,43.04444432258606,4766,,main,ridge_main_caucasus
peak-00134,43.003140681073745,43.12676668167114,4726,Шхара Восточная,main,ridge_main_caucasus
peak-00071,43.01679150491978,43.03144097328186,4543,Лакуца-Лаарткол,regular,ridge_main_caucasus
peak-00110,43.11911512625588,42.99007058143616,4531,Тихтенген,regular,ridge_main_caucasus
peak-00096,42.989125818153866,43.120458126068115,4523,Ушгули,main,ridge_main_caucasus
peak-00092,43.124291426482614,42.658560276031494,4521,Ушба Южная,regular,ridge_main_caucasus
peak-00124,42.95731764816111,43.179413080215454,4503,Айлама,regular,ridge_main_caucasus
peak-00107,43.194813011340216,42.51454710960388,4434,Донгуз-Орун Главный,regular,ridge_main_caucasus
peak-00011,43.08911372255238,43.05518388748169,4406,Главный Салынан,regular,ridge_main_caucasus
peak-00104,43.19938068383854,42.511231899261475,4405,Донгузорун Западный,regular,ridge_main_caucasus
peak-00146,43.190847306068775,42.522132396698,4394,Донгузорун Восточный,regular,ridge_main_caucasus
peak-00121,42.98513107542294,43.1333327293396,4384,Лакуца,regular,ridge_main_caucasus
peak-00042,43.07115284809879,43.015615940093994,4285,Ляльвер,regular,ridge_main_caucasus
peak-00113,43.08800111630944,43.043049573898315,4284,Ортокара,regular,ridge_main_caucasus
peak-00153,43.17347182053345,42.824599742889404,4270,Уллутау-Чана,regular,ridge_main_caucasus
peak-00106,43.2001002175098,42.494999170303345,4233,Накратау,regular,ridge_main_caucasus
peak-00144,43.02344322060921,42.98253893852234,4229,Подушка,regular,ridge_main_caucasus
peak-00148,43.17451245481121,42.68565058708191,4221,Бжедух,regular,ridge_main_caucasus
peak-00063,43.03396055960849,43.01095962524414,4219,Адиш,regular,ridge_main_caucasus
peak-00043,43.085274362035335,43.059260845184326,4202,Рязань,regular,ridge_main_caucasus
peak-00111,43.113476297881476,43.00081014633179,4202,,regular,ridge_main_caucasus
peak-00108,43.146847463369625,42.93264985084534,4193,Бодорку,regular,ridge_main_caucasus
peak-00149,43.178815641355186,42.710219621658325,4192,Уллукара,regular,ridge_main_caucasus
peak-00125,42.93761376980436,43.1863009929657,4172,Цурунгал,regular,ridge_main_caucasus
peak-00123,42.96991100348657,43.14282774925232,4161,Намкуани,regular,ridge_main_caucasus
peak-00129,43.148506933346795,42.64514923095703,4157,Главная Шхельда,regular,ridge_main_caucasus
peak-00097,43.06298564856738,43.0229115486145,4153,пик Есенина,regular,ridge_main_caucasus
peak-00099,42.9670141319711,43.14379334449768,4139,Ингури,regular,ridge_main_caucasus
peak-00122,42.97648145023416,43.14148664474487,4132,Мирангула,regular,ridge_main_caucasus
peak-00098,42.97908745450232,43.13458800315857,4099,Саповнелло,regular,ridge_main_caucasus
peak-00095,42.96864707361337,43.14701199531555,4090,Нашкуони,regular,ridge_main_caucasus
peak-00093,43.13439217312771,42.82226085662842,4086,Светгар,regular,ridge_main_caucasus
peak-00075,43.19843432772146,42.8646183013916,4072,,regular,ridge_main_caucasus
peak-00094,43.16303319958999,42.9466187953949,4061,Чаттау,regular,ridge_main_caucasus
peak-00103,43.17270502603452,42.67967462539673,4056,Кавказ,regular,ridge_main_caucasus
peak-00137,42.94739974447347,43.24836730957031,4054,Фытнаргин,regular,ridge_main_caucasus
peak-00114,43.0824847981593,43.03614020347595,4051,,regular,ridge_main_caucasus
peak-00072,43.07893497283368,43.027074337005615,4041,,regular,ridge_main_caucasus
peak-00126,42.93246883351222,43.210633993148804,4037,Черная Незнакомка,regular,ridge_main_caucasus
peak-00109,43.12481607997256,42.92914152145386,4032,Кулактау,regular,ridge_main_caucasus
peak-00069,43.15353986155296,42.88110852241516,4030,Башильтау,regular,ridge_main_caucasus
peak-00112,43.09901659454826,43.02775025367737,4018,Цаннер,regular,ridge_main_caucasus
peak-00136,43.17275197291315,42.6939332485199,4016,Вольной Испании,regular,ridge_main_caucasus
peak-00154,43.17557654370549,42.86338448524475,4016,Местиатау,regular,ridge_main_caucasus
peak-00045,43.01878395762182,43.14301013946533,4014,Дыхниаушбаши,regular,ridge_main_caucasus
peak-00150,43.16544347436107,42.678977251052856,4014,Вуллея,regular,ridge_main_caucasus
peak-00047,43.02145876293474,43.14234495162964,4013,Камнепадный,regular,ridge_main_caucasus
peak-00152,43.17855745871415,42.860262393951416,4011,Сарыколбаши,regular,ridge_main_caucasus
rock-00878,43.17635895018094,42.74083971977234,3999,Башкара,regular,ridge_main_caucasus
rock-00312,43.114204675770054,42.823065519332886,3996,Асмаши,regular,ridge_main_caucasus
rock-00284,42.932311729458036,43.2351279258728,3993,Белая Незнакомка,regular,ridge_main_caucasus
rock-00832,43.18270389637195,42.79072880744934,3983,Чегетау-Чана,regular,ridge_main_caucasus
rock-00137,43.01625808141438,43.13813924789429,3980,Дыхниаушбаши,regular,ridge_main_caucasus
rock-00830,43.14998632850106,42.64239192008972,3979,Аристова,regular,ridge_main_caucasus
rock-00872,43.17520880919898,42.67233610153198,3977,,regular,ridge_main_caucasus
rock-00128,43.193452029107306,42.872300148010254,3976,Адырсу южный,regular,ridge_main_caucasus
rock-00619,43.154134705928016,42.63487100601196,3975,Западная Шхельда,regular,ridge_main_caucasus
rock-00499,43.15973065572493,42.93299317359924,3970,Баумана,regular,ridge_main_caucasus
rock-00324,42.965773695406256,43.165444135665894,3966,Айлама Малая,regular,ridge_main_caucasus
rock-00326,43.019027126556296,42.99431920051575,3948,,regular,ridge_main_caucasus
rock-00877,43.19003379621273,42.70485520362854,3943,Гермогенова,regular,ridge_main_caucasus
rock-00618,43.16280625323583,42.60327458381653,3917,Физкультурник,regular,ridge_main_caucasus
rock-00503,43.16399575579024,42.51287341117859,3916,Хевай,regular,ridge_main_caucasus
rock-00881,43.17451245481121,42.74264216423035,3899,Гадыл,regular,ridge_main_caucasus
rock-00625,42.93053642579551,43.20491552352905,3894,,regular,ridge_main_caucasus
rock-00835,43.17319014204034,42.796897888183594,3888,Лацга,regular,ridge_main_caucasus
rock-00623,43.10417109507543,43.014854192733765,3881,,regular,ridge_main_caucasus
rock-00865,43.163385356056665,42.59870409965515,3880,Малая Шхельда,regular,ridge_main_caucasus
rock-00596,43.20469095538314,42.08069443702698,3876,Гвандра,regular,ridge_main_caucasus
rock-00624,42.96708478899711,43.161678314208984,3872,Айлама Малая,regular,ridge_main_caucasus
rock-00033,43.18889173523459,42.87385582923889,3870,Суздаль,regular,ridge_main_caucasus
rock-00313,43.117086774221264,42.63366937637329,3870,Мазор,regular,ridge_main_caucasus
rock-00622,43.12513713436658,42.96352744102478,3868,Китлод,regular,ridge_main_caucasus
rock-00868,43.1649113439552,42.61213660240173,3836,Профсоюзов,regular,ridge_main_caucasus
rock-00040,42.95763172826378,43.143407106399536,3833,Вахушти,regular,ridge_main_caucasus
rock-00687,43.20982873101323,42.08638072013855,3821,შუა გვანდრა - Гвандра Центральная,regular,ridge_main_caucasus
rock-00603,43.21908658257371,42.19322919845581,3820,Замок,regular,ridge_main_caucasus
rock-00883,43.219188223481325,42.772382497787476,3815,Койавганбаши,regular,ridge_main_caucasus
rock-00831,43.148475623009546,42.608070373535156,3813,Ценцитау,regular,ridge_main_caucasus
rock-00882,43.185919147567546,42.74781346321106,3812,Джантуган,regular,ridge_main_caucasus
rock-00867,43.17186780063807,42.59317874908447,3807,,regular,ridge_main_caucasus
rock-00620,43.145407132152826,42.6513397693634,3806,Восточная Шхельда,regular,ridge_main_caucasus
rock-00836,43.24389757162248,41.72577381134033,3806,Домбай-Ульген главная,main,ridge_main_caucasus
rock-00304,43.00274837117772,43.22724223136902,3803,Колкая,regular,ridge_main_caucasus
rock-00631,43.15742189937768,42.53111243247986,3802,Долра,regular,ridge_main_caucasus
rock-00597,43.21397304440043,42.09541440010071,3796,აღმოსავლეთი გვანდრა - Восточная Гвандра,regular,ridge_main_caucasus
rock-00171,43.17812715188643,42.60269522666931,3793,,regular,ridge_main_caucasus
rock-00465,43.18480830133748,42.505695819854736,3785,,regular,ridge_main_caucasus
rock-00779,42.893911341286554,43.332427740097046,3785,Пасисмта,regular,ridge_main_caucasus
rock-00795,43.24334267884484,42.44636535644531,3783,Чипер,regular,ridge_main_caucasus
rock-00866,43.16996639565954,42.590121030807495,3780,,regular,ridge_main_caucasus
rock-00582,43.23822335919951,41.658804416656494,3777,Джугутурлючат,regular,ridge_main_caucasus
rock-00339,43.222987908150884,42.16528058052063,3771,Далар,regular,ridge_main_caucasus
rock-00464,43.16536522018032,42.47637391090393,3769,Ледешти,regular,ridge_main_caucasus
rock-00575,43.28186054850252,41.50561809539795,3769,Джалаучат,regular,ridge_main_caucasus
rock-00621,43.16268886685978,42.87439227104187,3765,Стахановец,regular,ridge_main_caucasus
rock-00863,43.180888886617026,42.54031777381897,3760,,regular,ridge_main_caucasus
rock-00790,43.237816921499956,42.15312480926514,3758,Трапеция,regular,ridge_main_caucasus
rock-00310,43.09261594970016,42.93339014053345,3757,,regular,ridge_main_caucasus
rock-00753,43.23472946969298,41.588841676712036,3756,Софруджу,regular,ridge_main_caucasus
rock-00331,43.21649859161761,42.09836483001709,3742,,regular,ridge_main_caucasus
rock-00626,42.92415747891067,43.238335847854614,3742,Зесхо,regular,ridge_main_caucasus
rock-00794,43.24529650421982,42.464250326156616,3737,Малый Донгузорун,regular,ridge_main_caucasus
rock-00108,43.28539859474449,42.21266984939575,3732,Чатбаши,regular,ridge_main_caucasus
rock-00600,43.216983359613266,42.13530421257019,3732,Кирпич,regular,ridge_main_caucasus
rock-00223,43.306919227917206,42.098203897476196,3731,Куршо,regular,ridge_main_caucasus
rock-00576,43.27622892912132,41.51135802268982,3729,Эрцог,regular,ridge_main_caucasus
rock-00834,43.2001002175098,42.7802038192749,3726,Чотчат,regular,ridge_main_caucasus
rock-00858,43.21194783964614,42.54335403442383,3726,Большой Когутай,regular,ridge_main_caucasus
rock-00879,43.171069687238486,42.75510907173157,3722,Лекзыртау,regular,ridge_main_caucasus
rock-00417,43.20561375366418,42.4867057800293,3718,,regular,ridge_main_caucasus
rock-00648,42.94170584731327,43.252519369125366,3717,,regular,ridge_main_caucasus
rock-00828,43.29037338009644,42.39727020263672,3715,Уллукамбаши,regular,ridge_main_caucasus
rock-00854,43.2102900930372,42.524428367614746,3714,Интеркосмос,regular,ridge_main_caucasus
rock-00864,43.16999769498608,42.59782433509827,3714,Ахсу,regular,ridge_main_caucasus
rock-00462,43.157938442271416,42.525426149368286,3710,,regular,ridge_main_caucasus
rock-00698,43.235339156115856,41.65262460708618,3700,,regular,ridge_main_caucasus
rock-00185,43.26484693674914,41.58244729042053,3699,Белала-Кая,regular,ridge_main_caucasus
rock-00833,43.18874310928928,42.77509689331055,3699,Гумачи,regular,ridge_main_caucasus
rock-00884,43.21082182799006,42.76877760887146,3698,Виатау,regular,ridge_main_caucasus
rock-00541,42.955401724819126,43.26938509941101,3695,,regular,ridge_main_caucasus
rock-00187,43.28710896715779,41.511433124542236,3691,Узловой Джалаучат,regular,ridge_main_caucasus
rock-00697,43.24325670908908,41.657259464263916,3691,,regular,ridge_main_caucasus
rock-00463,43.1599497873876,42.519986629486084,3689,,regular,ridge_main_caucasus
rock-00077,43.27187011970531,42.21291661262512,3688,Северный Доломит,regular,ridge_main_caucasus
rock-00767,43.22863226997549,41.785393953323364,3688,Буульген,regular,ridge_main_caucasus
rock-00650,42.95252772795865,43.25383901596069,3686,,regular,ridge_main_caucasus
rock-00754,43.24934463096287,41.56182646751404,3685,Чхалтадзихбаши,regular,ridge_main_caucasus
rock-00855,43.2110251371881,42.537946701049805,3684,Малый Когутай,regular,ridge_main_caucasus
rock-00630,42.91481568629871,43.31754684448242,3680,Шаритау,regular,ridge_main_caucasus
rock-00861,43.176593670168785,42.54324674606323,3680,Гогутай,regular,ridge_main_caucasus
rock-00138,43.00694595705917,43.192137479782104,3674,Аманкая,regular,ridge_main_caucasus
rock-00551,43.08753883030781,42.91812300682068,3669,,regular,ridge_main_caucasus
rock-00876,43.17795502830626,42.664954662323,3667,Кавказ,regular,ridge_main_caucasus
rock-00500,43.17946500499008,42.5414764881134,3666,,regular,ridge_main_caucasus
rock-00717,43.25590858895478,41.5788209438324,3663,,regular,ridge_main_caucasus
rock-00616,43.22892150989708,42.44441270828247,3657,Ненскра,regular,ridge_main_caucasus
rock-00645,43.185230738201284,42.48814344406128,3654,,regular,ridge_main_caucasus
rock-00079,43.261635845697185,42.22368836402893,3653,Южный Доломит,regular,ridge_main_caucasus
rock-00234,43.303226278942134,42.111754417419434,3651,Мурсалы,regular,ridge_main_caucasus
rock-00898,43.16969252586796,42.877525091171265,3650,Каракая,regular,ridge_main_caucasus
rock-00169,43.24383504874527,42.450313568115234,3644,,regular,ridge_main_caucasus
rock-00899,43.16801015592162,42.848578691482544,3643,МИИТ,regular,ridge_main_caucasus
rock-00329,43.25229068532926,42.08160638809204,3641,Актур,regular,ridge_main_caucasus
rock-00885,43.19584546037362,42.7727472782135,3640,Уятау,regular,ridge_main_caucasus
rock-00281,43.226834261300326,42.19671607017517,3638,Фильтр,regular,ridge_main_caucasus
rock-00561,42.94827145327551,43.192341327667236,3638,,regular,ridge_main_caucasus
rock-00207,43.239841267011656,41.72181487083435,3636,Западная Домбай-Ульген,main,ridge_main_caucasus
rock-00850,43.274721347561496,42.41598129272461,3634,Азаубаши,regular,ridge_main_caucasus
rock-00337,43.20376814314281,42.09193825721741,3633,,regular,ridge_main_caucasus
rock-00475,43.20478479991374,42.77648091316223,3631,1000-летия Ярославля,regular,ridge_main_caucasus
rock-00501,43.20525402040127,42.48316526412964,3630,,regular,ridge_main_caucasus
rock-00325,43.158994993680864,42.895731925964355,3628,Ласхедари,regular,ridge_main_caucasus
rock-00601,43.221228824315915,42.17194318771362,3623,,regular,ridge_main_caucasus
rock-00711,43.408983658782915,41.15980625152588,3622,Пшиш,regular,ridge_main_caucasus
rock-00375,43.26522975625579,42.22294807434082,3621,Малый Доломит,regular,ridge_main_caucasus
rock-00512,43.33875672360165,41.409326791763306,3619,Марухская,regular,ridge_main_caucasus
rock-00683,43.267846927167085,42.21792697906494,3618,Центральный Доломит,regular,ridge_main_caucasus
rock-00374,43.29047490209163,42.11803078651428,3616,Узловая,regular,ridge_main_caucasus
rock-00742,43.221893373063295,41.82867407798767,3616,Западная Чотча,regular,ridge_main_caucasus
rock-00004,43.409295423764576,41.15948438644409,3604,,regular,ridge_main_caucasus
rock-00602,43.217804328880476,42.18703866004944,3602,,regular,ridge_main_caucasus
rock-00286,42.97199132839782,43.12041521072388,3598,,regular,ridge_main_caucasus
rock-00347,43.28192303234016,42.22116708755493,3598,,regular,ridge_main_caucasus
rock-00232,43.294730864037206,42.11489796638489,3597,Черенколбаши,regular,ridge_main_caucasus
rock-00529,43.23384619520948,42.10568189620972,3593,Пирамида,regular,ridge_main_caucasus
rock-00233,43.28140753876039,42.119683027267456,3590,,regular,ridge_main_caucasus
rock-00559,42.92850183345104,43.17747116088867,3590,,regular,ridge_main_caucasus
rock-00775,43.259049661406294,42.348443269729614,3589,Кичкинекольский Кругозор,regular,ridge_main_caucasus
rock-00157,43.405483986758895,41.158636808395386,3588,,regular,ridge_main_caucasus
rock-00335,43.23945047195846,42.093998193740845,3586,Акбаши,regular,ridge_main_caucasus
rock-00606,43.22809287294183,42.2464120388031,3586,Чунгурбаши,regular,ridge_main_caucasus
rock-00494,43.18529332119172,42.68392324447632,3584,,regular,ridge_main_caucasus
rock-00571,43.30878513584449,41.45547151565552,3583,Аксаут,regular,ridge_main_caucasus
rock-00672,42.98973010829815,43.1617534160614,3582,Панорамный,regular,ridge_main_caucasus
rock-00307,43.067618042136814,43.06084871292114,3581,Кельбаши,regular,ridge_main_caucasus
rock-00168,43.243928833037046,42.456761598587036,3566,,regular,ridge_main_caucasus
rock-00204,43.235815957913985,41.784396171569824,3563,,regular,ridge_main_caucasus
rock-00147,43.28157937043895,42.11601376533508,3558,Джалпаккол,regular,ridge_main_caucasus
rock-00206,43.251360779050685,41.720935106277466,3558,Малый Домбай-Ульген,main,ridge_main_caucasus
rock-00330,43.232235945067174,42.16278076171875,3558,,regular,ridge_main_caucasus
rock-00668,43.28667942609678,41.48754000663757,3557,Туманлытау,regular,ridge_main_caucasus
rock-00859,43.211791450381526,42.556679248809814,3554,Баксан,regular,ridge_main_caucasus
rock-00764,43.34555290916481,41.41115069389343,3552,Марухбаши,regular,ridge_main_caucasus
rock-00646,43.15930021624234,42.48531103134155,3547,,regular,ridge_main_caucasus
rock-00595,43.197487956926466,42.0706844329834,3546,,regular,ridge_main_caucasus
rock-00121,43.337157051530426,41.521228551864624,3545,,regular,ridge_main_caucasus
rock-00557,42.982329106865194,43.06473255157471,3540,,regular,ridge_main_caucasus
rock-00593,43.20214145706831,42.03339099884033,3540,Кичкинеколбаши,regular,ridge_main_caucasus
rock-00761,43.189220275513634,42.04899072647095,3536,,regular,ridge_main_caucasus
rock-00873,43.17333880585139,42.654815912246704,3531,,regular,ridge_main_caucasus
rock-00653,42.96063111248469,43.25324892997742,3530,,regular,ridge_main_caucasus
rock-00856,43.21105641546609,42.561625242233276,3530,Прохладный,regular,ridge_main_caucasus
rock-00390,43.265721949226986,42.35084652900696,3527,Кичкинекол,regular,ridge_main_caucasus
rock-00167,43.24162326067946,42.47489333152771,3526,Академия,regular,ridge_main_caucasus
rock-00552,43.21646731613072,42.1830689907074,3526,,regular,ridge_main_caucasus
rock-00851,43.26729225257992,42.41299867630005,3521,,regular,ridge_main_caucasus
rock-00280,42.977462639503386,43.04962635040283,3519,Каретта,regular,ridge_main_caucasus
rock-00715,43.22530982109643,41.940683126449585,3517,Южный Нахар,regular,ridge_main_caucasus
rock-00372,43.2742839075793,42.107999324798584,3514,Джалпаккол южный,regular,ridge_main_caucasus
rock-00544,43.22010298402523,42.061039209365845,3509,Аккыштык,regular,ridge_main_caucasus
rock-00549,43.23505776314019,41.95249557495117,3505,,regular,ridge_main_caucasus
rock-00874,43.19449232285777,42.624549865722656,3505,,regular,ridge_main_caucasus
rock-00346,43.232329747213356,42.25014567375183,3503,,regular,ridge_main_caucasus
rock-00580,43.23002373593559,41.64262533187866,3503,,regular,ridge_main_caucasus
rock-00151,43.22908567248521,42.104716300964355,3501,ДКГТ,regular,ridge_main_caucasus
rock-00309,43.08054143140532,42.91054844856262,3501,Твибери,regular,ridge_main_caucasus
rock-00391,43.2283508460317,42.42873787879944,3501,,regular,ridge_main_caucasus
rock-00178,43.3273786276971,41.583863496780396,3499,Семенов-Баши,regular,ridge_main_caucasus
rock-00332,43.258737124142954,42.229803800582886,3497,,regular,ridge_main_caucasus
rock-00578,43.26865158694946,41.5458619594574,3497,пик Германского Комсомола,regular,ridge_main_caucasus
rock-00733,42.998974222009025,43.190882205963135,3497,,regular,ridge_main_caucasus
rock-00560,42.93416553176087,43.25125336647034,3494,,regular,ridge_main_caucasus
rock-00413,43.22320681281033,42.44593620300293,3493,,regular,ridge_main_caucasus
rock-00584,43.235104662059655,41.71680450439453,3492,пик ЦДСА,regular,ridge_main_caucasus
rock-00205,43.22699842950999,41.611307859420776,3491,Аманаузбаши,regular,ridge_main_caucasus
rock-00172,43.20240736064213,42.62354135513306,3489,,regular,ridge_main_caucasus
rock-00629,42.907334945731236,43.30039143562317,3487,Мачхапарисцвери,regular,ridge_main_caucasus
rock-00591,43.210532502193615,42.02438950538635,3486,Ирен,regular,ridge_main_caucasus
rock-00103,43.26786255173016,42.3452353477478,3483,,regular,ridge_main_caucasus
rock-00371,43.27116705669033,42.098504304885864,3482,,regular,ridge_main_caucasus
rock-00283,42.92440887848343,43.18218111991882,3481,,regular,ridge_main_caucasus
rock-00334,43.25381445063621,42.093526124954224,3480,,regular,ridge_main_caucasus
rock-00732,43.214074693831805,41.82919979095459,3478,Хакель,regular,ridge_main_caucasus
rock-00105,43.268135980934545,42.34180212020874,3477,,regular,ridge_main_caucasus
rock-00730,43.286343600972685,42.28811502456665,3476,Панорамный,regular,ridge_main_caucasus
rock-00796,43.25697907214504,42.41377115249634,3476,Трёх морей,regular,ridge_main_caucasus
rock-00015,43.22775672455006,42.16185808181763,3473,Шоколадный,regular,ridge_main_caucasus
rock-00075,43.30613849630663,42.1535861492157,3473,Ай-Петри,regular,ridge_main_caucasus
rock-00461,43.15435385765929,42.5396203994751,3473,,regular,ridge_main_caucasus
rock-00520,43.172016467668016,41.81387901306152,3473,Хутиа,regular,ridge_main_caucasus
rock-00090,43.26054200471984,42.415112257003784,3472,,regular,ridge_main_caucasus
rock-00579,43.26147177080341,41.550636291503906,3472,пик Австрийского Комсомола,regular,ridge_main_caucasus
rock-00869,43.201265531216734,42.622318267822266,3470,,regular,ridge_main_caucasus
rock-00608,43.22450458857651,42.3422634601593,3462,,regular,ridge_main_caucasus
rock-00667,43.25246259922062,42.35158681869507,3462,Кичкинекольская Башня,regular,ridge_main_caucasus
rock-00751,43.3501560928884,41.416311264038086,3459,Двушка,regular,ridge_main_caucasus
rock-00078,43.256932190063594,42.21593141555786,3455,40- летия ТАССР,regular,ridge_main_caucasus
rock-00376,43.24001321604098,42.304980754852295,3455,Чиринкол,regular,ridge_main_caucasus
rock-00076,43.30663035839001,42.121689319610596,3453,,regular,ridge_main_caucasus
rock-00203,43.22057208667283,41.617337465286255,3453,,regular,ridge_main_caucasus
rock-00574,43.28263378147673,41.495994329452515,3453,,regular,ridge_main_caucasus
rock-00388,43.31638089777235,42.338401079177856,3451,,regular,ridge_main_caucasus
rock-00628,42.922413366127955,43.273290395736694,3451,Марджанишвили,regular,ridge_main_caucasus
rock-00003,43.195634279037876,41.947892904281616,3449,,regular,ridge_main_caucasus
rock-00627,42.922389796698155,43.25190782546997,3446,Ниношвили,regular,ridge_main_caucasus
rock-00496,43.19607228395728,42.676498889923096,3442,,regular,ridge_main_caucasus
rock-00511,43.32389765954767,41.4134681224823,3442,Низкий Марух,regular,ridge_main_caucasus
rock-00292,43.22154155404053,42.42000460624695,3440,,regular,ridge_main_caucasus
rock-00149,43.28610149333781,42.13584065437317,3439,Кругозор Мырды,regular,ridge_main_caucasus
rock-00345,43.22866353922237,42.203571796417236,3437,,regular,ridge_main_caucasus
rock-00784,43.22050172150577,41.855807304382324,3433,Клухор-Кая,regular,ridge_main_caucasus
rock-00186,43.216983359613266,41.68433904647827,3429,Птыш,regular,ridge_main_caucasus
rock-00200,43.221596281577405,41.635276079177856,3428,пик Наука,regular,ridge_main_caucasus
rock-00344,43.23657414325433,42.21902132034302,3428,Таллычат,regular,ridge_main_caucasus
rock-00543,43.36309775050307,41.55381202697754,3428,,regular,ridge_main_caucasus
rock-00586,43.221142823360424,41.783355474472046,3428,,regular,ridge_main_caucasus
rock-00737,43.254369248023636,42.21463322639465,3428,пик 40-летия ТАССР Южный,regular,ridge_main_caucasus
rock-00610,43.246851704425694,42.35820651054382,3427,,regular,ridge_main_caucasus
rock-00611,43.24712522799433,42.37601637840271,3426,,regular,ridge_main_caucasus
rock-00386,43.28917072202853,42.3808228969574,3425,,regular,ridge_main_caucasus
rock-00823,43.24832871710515,41.8799364566803,3424,Клухорбаши,regular,ridge_main_caucasus
rock-00614,43.24851627170807,42.40703344345093,3423,,regular,ridge_main_caucasus
rock-00333,43.25797140106778,42.05222010612488,3422,Кругозор,regular,ridge_main_caucasus
rock-00348,43.214981712025974,42.18056917190552,3420,Двойняшки,regular,ridge_main_caucasus
rock-00472,43.26373752784693,42.09340810775757,3420,,regular,ridge_main_caucasus
rock-00573,43.29854926262911,41.472294330596924,3420,Малый Аксаут,regular,ridge_main_caucasus
rock-00014,43.382306223703836,41.197636127471924,3419,Псыш,regular,ridge_main_caucasus
rock-00293,43.24541373174961,42.363399267196655,3416,,regular,ridge_main_caucasus
rock-00316,43.13936363345084,42.79144763946533,3415,Марианнажа,regular,ridge_main_caucasus
rock-00366,43.244897928931124,42.16000199317932,3413,Ирчат,regular,ridge_main_caucasus
rock-00290,43.18990081760904,42.46398210525513,3412,,regular,ridge_main_caucasus
rock-00617,43.174543751808045,42.57103443145752,3411,Олимпиец,regular,ridge_main_caucasus
rock-00235,43.2533534179762,41.961175203323364,3410,Нахар,regular,ridge_main_caucasus
rock-00539,42.92410248511737,43.37596535682678,3409,,regular,ridge_main_caucasus
rock-00231,43.30439742870149,42.14580774307251,3407,,regular,ridge_main_caucasus
rock-00731,43.2791658719471,42.33804702758789,3407,,regular,ridge_main_caucasus
rock-00236,43.263167190049955,41.96685075759888,3406,Двузубка,regular,ridge_main_caucasus
rock-00604,43.23098523598904,42.21618890762329,3406,Кичкинекол,regular,ridge_main_caucasus
rock-00262,43.330398947392666,41.529457569122314,3405,Кичи-Теберда,regular,ridge_main_caucasus
rock-00338,43.21238572745369,42.07334518432617,3405,,regular,ridge_main_caucasus
rock-00073,43.25357221357203,42.21673607826233,3404,,regular,ridge_main_caucasus
rock-00633,42.95998727793415,43.2875919342041,3404,,regular,ridge_main_caucasus
rock-00741,43.20715432646787,41.68295502662659,3403,Южный Птыш,regular,ridge_main_caucasus
rock-00870,43.21670188189145,42.62197494506836,3403,Юсеньги,regular,ridge_main_caucasus
rock-00782,43.28805394681518,42.279767990112305,3400,,regular,ridge_main_caucasus
rock-00594,43.18681876174227,42.04037547111511,3399,Мурзук,regular,ridge_main_caucasus
rock-00294,43.165169584289885,42.02598810195923,3394,,regular,ridge_main_caucasus
rock-00570,43.315553450773024,41.42298460006714,3392,Снежная,regular,ridge_main_caucasus
rock-00110,43.24793797649417,42.256518602371216,3391,Каракангакая,regular,ridge_main_caucasus
rock-00647,42.920952044430294,43.382370471954346,3391,,regular,ridge_main_caucasus
rock-00871,43.20935954571485,42.62154579162598,3390,,regular,ridge_main_caucasus
rock-00852,43.25340030281288,42.464561462402344,3389,Азаучегеткарабаши,regular,ridge_main_caucasus
rock-00875,43.19826226139594,42.619861364364624,3389,,regular,ridge_main_caucasus
rock-00282,42.92068491736225,43.17607641220093,3387,Цана,regular,ridge_main_caucasus
rock-00565,43.38159664007787,41.20376229286194,3386,Восточный Псыш,regular,ridge_main_caucasus
rock-00553,43.250087018835615,42.16055989265442,3385,Узункол,regular,ridge_main_caucasus
rock-00365,43.29555078579037,42.1490478515625,3384,Трезубец,regular,ridge_main_caucasus
rock-00581,43.231125942041615,41.64548993110657,3384,,regular,ridge_main_caucasus
rock-00739,43.22534109204773,41.71360731124878,3384,Южный Домбай-Ульген,main,ridge_main_caucasus
rock-00558,42.92323829048996,43.207640647888184,3380,,regular,ridge_main_caucasus
rock-00201,43.21487224502869,41.852535009384155,3377,,regular,ridge_main_caucasus
rock-00510,43.35207528332106,41.3959264755249,3377,Западный Марух,regular,ridge_main_caucasus
rock-00569,43.32970436520523,41.41602158546448,3377,,regular,ridge_main_caucasus
rock-00228,43.2930675602357,42.20165133476257,3376,,regular,ridge_main_caucasus
rock-00240,43.26693288324779,41.96884632110596,3375,,regular,ridge_main_caucasus
rock-00755,43.19188764421929,42.03845500946045,3374,,regular,ridge_main_caucasus
rock-00677,42.94983421562867,43.23240280151367,3373,,regular,ridge_main_caucasus
rock-00467,43.21449692811771,42.17893838882446,3372,,regular,ridge_main_caucasus
rock-00632,43.24365529511584,42.20923662185669,3371,Распопова,regular,ridge_main_caucasus
rock-00362,43.314359097028216,42.124457359313965,3368,,regular,ridge_main_caucasus
rock-00589,43.2167722514437,42.013328075408936,3368,,regular,ridge_main_caucasus
rock-00684,43.25911216866646,42.209569215774536,3367,пик Самосвальный,regular,ridge_main_caucasus
rock-00145,43.2749635004852,42.28734254837036,3366,,regular,ridge_main_caucasus
rock-00740,43.24348335636529,41.591620445251465,3364,Зуб Софруджу,regular,ridge_main_caucasus
rock-00699,43.2978386994545,41.50527477264404,3361,Сунахет Малая,regular,ridge_main_caucasus
rock-00504,43.403083203949535,41.15355134010315,3359,Узловая,regular,ridge_main_caucasus
rock-00605,43.22735803451948,42.2314989566803,3359,Чунгурджар,regular,ridge_main_caucasus
rock-00111,43.23787163442512,42.25685119628906,3358,,regular,ridge_main_caucasus
rock-00567,43.369665034358036,41.23124957084656,3358,,regular,ridge_main_caucasus
rock-00766,43.3481432182096,41.32285237312317,3358,Ак-Шатыр,regular,ridge_main_caucasus
rock-00590,43.21709282282086,42.01914310455322,3357,Гондарай,regular,ridge_main_caucasus
rock-00613,43.24653910455757,42.39442706108093,3357,,regular,ridge_main_caucasus
rock-00150,43.22167446368775,42.10781693458557,3356,Малая Гвандра,regular,ridge_main_caucasus
rock-00612,43.244327414666316,42.38042593002319,3356,,regular,ridge_main_caucasus
rock-00688,43.26037011363667,41.96848154067993,3356,,regular,ridge_main_caucasus
rock-00700,43.21217460336757,41.608314514160156,3356,Южный Аманауз,regular,ridge_main_caucasus
rock-00708,43.35535180965536,41.41293168067932,3354,Каракая Западный,regular,ridge_main_caucasus
rock-00198,43.225997778318856,41.57707214355469,3353,,regular,ridge_main_caucasus
rock-00585,43.21825781192703,41.773152351379395,3352,,regular,ridge_main_caucasus
rock-00497,43.20269672497915,42.670243978500366,3351,,regular,ridge_main_caucasus
rock-00548,43.25872149723767,41.96905016899109,3348,Шидакминге,regular,ridge_main_caucasus
rock-00783,43.239231625633835,42.268052101135254,3347,,regular,ridge_main_caucasus
rock-00556,42.97352993853599,43.065505027770996,3346,,regular,ridge_main_caucasus
rock-00291,43.19471132980871,42.13733196258545,3344,Сакекбаши,regular,ridge_main_caucasus
rock-00116,43.225997778318856,42.10718393325806,3343,Карабаши,regular,ridge_main_caucasus
rock-00285,42.949425859446166,43.147183656692505,3343,,regular,ridge_main_caucasus
rock-00572,43.30513133771785,41.46741271018982,3343,Восточный Аксаут,regular,ridge_main_caucasus
rock-00696,43.2253254565741,41.64139151573181,3341,пик Правды,regular,ridge_main_caucasus
rock-00615,43.25315806410137,42.429853677749634,3337,Чеченского пединститута,regular,ridge_main_caucasus
rock-00609,43.23404161102107,42.35010623931885,3335,,regular,ridge_main_caucasus
rock-00380,43.27743184305697,42.283287048339844,3334,,regular,ridge_main_caucasus
rock-00598,43.21011024045987,42.116539478302,3334,Мырды,regular,ridge_main_caucasus
rock-00577,43.27100300748489,41.526700258255005,3333,Алибекбаши,regular,ridge_main_caucasus
rock-00341,43.30615411103713,42.21316337585449,3330,,regular,ridge_main_caucasus
rock-00757,43.276252362736784,42.04895853996277,3330,,regular,ridge_main_caucasus
rock-00592,43.20463621267365,42.02849864959717,3329,,regular,ridge_main_caucasus
rock-00691,43.18575486876492,41.80475950241089,3329,Хецквара,regular,ridge_main_caucasus
rock-00693,43.19656503573367,41.80218458175659,3329,,regular,ridge_main_caucasus
rock-00862,43.18611471699418,42.55834221839905,3329,Пик обзорный (ICG),regular,ridge_main_caucasus
rock-00563,42.884902998853335,43.3295738697052,3321,,regular,ridge_main_caucasus
rock-00694,43.189916462165684,41.80364370346069,3321,,regular,ridge_main_caucasus
rock-00381,43.246468769366174,42.398868799209595,3319,,regular,ridge_main_caucasus
rock-00398,43.21198693689965,42.46294140815735,3318,,regular,ridge_main_caucasus
rock-00425,43.35118590993423,41.548190116882324,3318,,regular,ridge_main_caucasus
rock-00382,43.253189320763425,42.4312698841095,3317,,regular,ridge_main_caucasus
rock-00229,43.30452235001084,42.12607741355896,3315,,regular,ridge_main_caucasus
rock-00001,43.207709548752376,41.85366153717041,3314,,regular,ridge_main_caucasus
rock-00704,43.31419516429003,41.46115779876709,3314,Северный Аксаут,regular,ridge_main_caucasus
rock-00342,43.248297457948524,42.22097396850586,3309,,regular,ridge_main_caucasus
rock-00676,42.96264894053877,43.21754336357117,3309,,regular,ridge_main_caucasus
rock-00743,43.236652306155094,41.77802324295044,3309,,regular,ridge_main_caucasus
rock-00568,43.36192773220989,41.266010999679565,3308,Алан,regular,ridge_main_caucasus
rock-00287,42.903382044984596,43.30430746078491,3306,,regular,ridge_main_caucasus
rock-00540,42.93008866413621,43.36223244667053,3304,Келасурт,regular,ridge_main_caucasus
rock-00289,43.17527922661634,42.148447036743164,3300,,regular,ridge_main_caucasus
rock-00226,43.27047960944495,42.20046043395996,3299,,regular,ridge_main_caucasus
rock-00074,43.29056861455217,42.14258909225464,3294,,regular,ridge_main_caucasus
rock-00719,43.26737037606702,42.29604363441467,3292,,regular,ridge_main_caucasus
rock-00566,43.374843483614995,41.22661471366882,3285,,regular,ridge_main_caucasus
rock-00736,43.30191456442634,42.21493363380432,3285,,regular,ridge_main_caucasus
rock-00562,42.883338588920594,43.36075186729431,3284,,regular,ridge_main_caucasus
rock-00527,43.2304927622468,41.8320107460022,3278,Чотча,regular,ridge_main_caucasus
rock-00177,43.31806698131368,41.52113199234009,3277,Сулахат,regular,ridge_main_caucasus
rock-00685,43.24422581567512,42.258546352386475,3272,,regular,ridge_main_caucasus
rock-00713,43.37237129718514,41.27856373786926,3271,,regular,ridge_main_caucasus
rock-00237,43.26262809872708,41.9767427444458,3270,,regular,ridge_main_caucasus
rock-00599,43.211079874164085,42.13158130645752,3270,Турья,regular,ridge_main_caucasus
rock-00686,43.24884449087355,42.30210542678833,3270,,regular,ridge_main_caucasus
rock-00396,43.29392654910001,42.28382349014282,3269,,regular,ridge_main_caucasus
rock-00507,43.308472853989855,41.43446445465088,3269,,regular,ridge_main_caucasus
rock-00788,43.25720566836321,42.203614711761475,3268,,regular,ridge_main_caucasus
rock-00120,43.34518619985627,41.50560736656189,3267,,regular,ridge_main_caucasus
rock-00513,43.19619742764252,42.4091362953186,3267,,regular,ridge_main_caucasus
rock-00905,43.227037517113786,42.25623965263367,3265,,regular,ridge_main_caucasus
rock-00340,43.2990489943937,42.2130024433136,3264,,regular,ridge_main_caucasus
rock-00146,43.26444848939968,42.299455404281616,3263,,regular,ridge_main_caucasus
rock-00225,43.30784828546746,42.218570709228516,3262,,regular,ridge_main_caucasus
rock-00104,43.29508226042796,42.282235622406006,3260,,regular,ridge_main_caucasus
rock-00238,43.243905386977644,41.89856171607971,3260,,regular,ridge_main_caucasus
rock-00191,43.213331867159184,41.76977276802063,3259,,regular,ridge_main_caucasus
rock-00721,43.29444193659475,42.372164726257324,3258,,regular,ridge_main_caucasus
rock-00343,43.21136137783603,42.20027804374695,3256,,regular,ridge_main_caucasus
rock-00506,43.36163132399341,41.32282018661499,3255,,regular,ridge_main_caucasus
rock-00508,43.32734740913827,41.43662095069885,3255,,regular,ridge_main_caucasus
rock-00263,43.32655133046731,41.54313683509827,3254,,regular,ridge_main_caucasus
rock-00288,43.169293456259,42.17470049858093,3254,Географов,regular,ridge_main_caucasus
rock-00655,42.96226422356443,43.29383611679077,3253,,regular,ridge_main_caucasus
rock-00495,43.184581435889356,42.58718132972717,3250,,regular,ridge_main_caucasus
rock-00706,43.32451425812906,41.433842182159424,3249,Братцы,regular,ridge_main_caucasus
rock-00197,43.240200796246825,41.640801429748535,3248,,regular,ridge_main_caucasus
rock-00587,43.202039787748504,41.80394411087036,3248,,regular,ridge_main_caucasus
rock-00038,43.315865696247386,41.50603652000427,3246,,regular,ridge_main_caucasus
rock-00239,43.227811446507616,42.019346952438354,3241,,regular,ridge_main_caucasus
rock-00002,43.21519282639437,41.944931745529175,3240,,regular,ridge_main_caucasus
rock-00356,43.276213306705955,42.08640217781067,3239,,regular,ridge_main_caucasus
rock-00634,42.96340266478009,43.29745173454285,3239,,regular,ridge_main_caucasus
rock-00156,43.39058668452316,41.20943784713745,3238,Токмак,regular,ridge_main_caucasus
rock-00607,43.22043135625751,42.34106183052063,3238,,regular,ridge_main_caucasus
rock-00336,43.208491543398225,42.10858941078186,3237,,regular,ridge_main_caucasus
rock-00266,43.33000092935811,41.56596779823303,3236,Малая Семенов-Баши,regular,ridge_main_caucasus
rock-00750,43.29343458423497,41.48085594177246,3236,,regular,ridge_main_caucasus
rock-00528,43.21670970073458,42.20919370651245,3233,,regular,ridge_main_caucasus
rock-00588,43.21534138791918,41.985357999801636,3233,пик Испанской компартии,regular,ridge_main_caucasus
rock-00701,43.21678007027785,41.61253094673157,3233,,regular,ridge_main_caucasus
rock-00583,43.23002373593559,41.67012333869934,3232,,regular,ridge_main_caucasus
rock-00564,43.40396402167957,41.106194257736206,3231,Псырс,regular,ridge_main_caucasus
rock-00705,43.32024476997708,41.4275336265564,3231,Безымянная,regular,ridge_main_caucasus
rock-00188,43.31092422341186,41.52116417884827,3229,,regular,ridge_main_caucasus
rock-00202,43.23993505745145,41.79124116897583,3229,Даттахкая (Елены Мухамедовой),regular,ridge_main_caucasus
rock-00351,43.2663078880515,42.23513603210449,3229,,regular,ridge_main_caucasus
rock-00377,43.255166272043766,42.305753231048584,3225,,regular,ridge_main_caucasus
rock-00189,43.277392787783214,41.547385454177856,3221,,regular,ridge_main_caucasus
rock-00810,43.37140423153929,41.36698007583618,3221,,regular,ridge_main_caucasus
rock-00550,43.08590121284263,42.90386438369751,3220,,regular,ridge_main_caucasus
rock-00250,43.32174341790915,41.52460813522339,3216,Сулахатский,regular,ridge_main_caucasus
rock-00466,43.19392133675416,42.40277409553528,3216,,regular,ridge_main_caucasus
rock-00350,43.31419516429003,42.15506672859192,3213,,regular,ridge_main_caucasus
rock-00554,42.987854435075434,43.052297830581665,3212,,regular,ridge_main_caucasus
rock-00695,43.224465499348554,41.78755044937134,3211,,regular,ridge_main_caucasus
rock-00433,43.26187023763555,41.91327095031738,3209,,regular,ridge_main_caucasus
rock-00195,43.25637741602577,41.72539830207825,3204,,regular,ridge_main_caucasus
rock-00498,43.22311299662397,42.616127729415894,3203,,regular,ridge_main_caucasus
rock-00703,43.32011988098077,41.46713376045227,3202,Низкий Аксаут,regular,ridge_main_caucasus
rock-00752,43.22355080425854,41.70515298843384,3200,,regular,ridge_main_caucasus
mount-01269,42.94887614492225,43.1248676776886,3199,,regular,ridge_main_caucasus
mount-00693,43.26311249984349,41.50839686393738,3197,,regular,ridge_main_caucasus
mount-00762,43.21253429581694,41.6400933265686,3194,,regular,ridge_main_caucasus
mount-00950,43.097982508748004,42.85666823387146,3194,,regular,ridge_main_caucasus
mount-00115,43.62524219841586,40.764920711517334,3190,,regular,ridge_main_caucasus
mount-01316,43.21163506071588,41.83934926986694,3187,,regular,ridge_main_caucasus
mount-00694,43.24363966434038,41.54930591583252,3185,,regular,ridge_main_caucasus
mount-00004,43.20928916760883,41.951186656951904,3184,,regular,ridge_main_caucasus
mount-00036,43.60650705876077,40.74601650238037,3183,Пик Гранитный(Инпси),regular,ridge_main_caucasus
mount-00519,43.398367103578295,41.099220514297485,3183,,regular,ridge_main_caucasus
mount-01311,43.359221003415286,41.276750564575195,3183,,regular,ridge_main_caucasus
mount-01323,42.96541255094559,43.30036997795105,3181,,regular,ridge_main_caucasus
mount-01351,42.94079477489609,43.28907251358032,3179,,regular,ridge_main_caucasus
mount-01386,43.175435709475295,41.814082860946655,3179,Ануква,regular,ridge_main_caucasus
mount-01944,43.23156369212791,41.86243772506714,3175,,regular,ridge_main_caucasus
mount-00045,43.24245952921211,41.95057511329651,3172,,regular,ridge_main_caucasus
mount-00113,43.617723987873944,40.76025366783142,3172,Географов Кубани,regular,ridge_main_caucasus
mount-01266,43.0109706625623,42.994834184646606,3169,,regular,ridge_main_caucasus
mount-00756,43.19467222148225,41.685529947280884,3168,,regular,ridge_main_caucasus
mount-01308,43.398850423308744,41.15522503852844,3166,,regular,ridge_main_caucasus
mount-00114,43.6258324313396,40.76101541519165,3163,,regular,ridge_main_caucasus
mount-00977,43.25837770430684,42.10708737373352,3163,,regular,ridge_main_caucasus
mount-01023,43.28440671291264,42.333691120147705,3163,,regular,ridge_main_caucasus
mount-01368,43.38389690846819,41.18968605995178,3162,Псыш Западный,regular,ridge_main_caucasus
mount-00753,43.2638547198832,41.7815101146698,3159,Даттах-Кая,regular,ridge_main_caucasus
mount-01423,43.36479813686216,41.25840425491333,3157,,regular,ridge_main_caucasus
mount-01233,43.38583062589228,41.151652336120605,3155,,regular,ridge_main_caucasus
mount-01239,43.1135546185005,42.881280183792114,3151,,regular,ridge_main_caucasus
mount-01661,43.34658280431162,41.574658155441284,3149,,regular,ridge_main_caucasus
mount-00946,43.37514762577209,41.27634286880493,3148,Сюнгю,regular,ridge_main_caucasus
mount-00047,43.23309579266987,41.96447968482971,3146,,regular,ridge_main_caucasus
mount-00629,43.359462819833425,41.242021322250366,3141,скала Молчания,regular,ridge_main_caucasus
mount-01317,43.20252467067391,41.95883631706238,3141,Гондарай,regular,ridge_main_caucasus
mount-00266,43.29752636136601,42.27363109588623,3140,,regular,ridge_main_caucasus
mount-00267,43.30040761936607,42.27466106414795,3138,,regular,ridge_main_caucasus
mount-01517,43.319901324619536,41.498483419418335,3138,,regular,ridge_main_caucasus
mount-00039,43.61572777610374,40.7273805141449,3137,Имеретинский Шпиль,regular,ridge_main_caucasus
mount-00285,43.61003393646641,40.737186670303345,3136,Надозерная,regular,ridge_main_caucasus
mount-00928,43.168518784280764,42.158671617507935,3136,,regular,ridge_main_caucasus
mount-01312,43.342205629262764,41.28441095352173,3133,Буран,regular,ridge_main_caucasus
mount-00983,43.313430138997916,42.20852851867676,3130,,regular,ridge_main_caucasus
mount-01314,43.23103995504806,41.75181269645691,3130,,regular,ridge_main_caucasus
mount-00864,43.27326059819677,42.19202756881714,3129,,regular,ridge_main_caucasus
mount-01310,43.38072329498331,41.22091770172119,3126,,regular,ridge_main_caucasus
mount-00914,43.32781568583587,41.54027223587036,3125,,regular,ridge_main_caucasus
mount-00918,42.94452537393724,43.112207651138306,3124,,regular,ridge_main_caucasus
mount-01286,42.900034062020126,43.29279541969299,3124,,regular,ridge_main_caucasus
mount-00692,43.28104044218486,41.55601143836975,3122,Пик КАП,regular,ridge_main_caucasus
mount-00861,43.29799486789713,42.07112431526184,3122,,regular,ridge_main_caucasus
mount-01288,42.913597770461394,43.27462077140808,3119,,regular,ridge_main_caucasus
mount-01630,43.22300354422404,42.05110430717468,3116,,regular,ridge_main_caucasus
mount-00284,43.62326176928832,40.72184443473816,3114,,regular,ridge_main_caucasus
mount-01613,43.248453753571255,41.79182052612305,3114,,regular,ridge_main_caucasus
mount-01421,43.36113990718067,41.35911583900452,3112,,regular,ridge_main_caucasus
mount-01324,42.96706123666414,43.30203294754028,3111,,regular,ridge_main_caucasus
mount-01648,43.35600709369385,41.34972810745239,3111,,regular,ridge_main_caucasus
mount-00560,43.352629184721366,41.26092553138733,3108,,regular,ridge_main_caucasus
mount-00763,43.219172586429636,41.787657737731934,3108,,regular,ridge_main_caucasus
mount-01322,42.957741655920984,43.29535961151123,3108,,regular,ridge_main_caucasus
mount-01729,43.23172784759967,41.899495124816895,3108,,regular,ridge_main_caucasus
mount-00754,43.2107670907825,41.79370880126953,3106,,regular,ridge_main_caucasus
mount-00747,43.225888331098275,41.75904393196106,3104,,regular,ridge_main_caucasus
mount-00116,43.6269895817004,40.77421188354492,3103,Ткачиха,regular,ridge_main_caucasus
mount-01001,43.20559029286386,42.12963938713074,3103,,regular,ridge_main_caucasus
mount-01237,43.265346945419424,41.984349489212036,3103,,regular,ridge_main_caucasus
mount-00121,43.61184390573632,40.754932165145874,3101,Буша,regular,ridge_main_caucasus
mount-00691,43.2718857432356,41.494739055633545,3100,,regular,ridge_main_caucasus
mount-01190,43.308269869924004,41.413350105285645,3100,,regular,ridge_main_caucasus
mount-00518,43.37682427951046,41.19028687477112,3095,,regular,ridge_main_caucasus
mount-01315,43.204870823939984,41.8129563331604,3094,,regular,ridge_main_caucasus
mount-00862,43.26867502348273,42.04534292221069,3092,,regular,ridge_main_caucasus
mount-01309,43.386968995207496,41.16057872772217,3091,,regular,ridge_main_caucasus
mount-00652,43.34979721314559,41.51203393936157,3090,,regular,ridge_main_caucasus
mount-00695,43.29402806516413,41.50939464569092,3090,Сунахет,regular,ridge_main_caucasus
mount-00879,43.32303128894125,41.54136657714844,3087,,regular,ridge_main_caucasus
mount-00930,43.157946268645304,42.04415202140808,3086,,regular,ridge_main_caucasus
mount-01408,43.46177375683513,40.99746823310852,3084,Абгыцха,regular,ridge_main_caucasus
mount-00690,43.27124517520417,41.58799409866333,3076,,regular,ridge_main_caucasus
mount-01552,42.97692102496262,43.199615478515625,3065,,regular,ridge_main_caucasus
mount-01392,43.30528748742927,41.51363253593445,3063,Квадратный,regular,ridge_main_caucasus
mount-00929,43.19779298713283,42.39677667617798,3062,,regular,ridge_main_caucasus
mount-00007,43.188445856312995,41.93235754966736,3060,,regular,ridge_main_caucasus
mount-01037,43.25589296132355,42.2628378868103,3060,,regular,ridge_main_caucasus
mount-00917,42.94131314533834,43.10866713523865,3051,,regular,ridge_main_caucasus
mount-01655,43.318137233779254,41.588401794433594,3050,,regular,ridge_main_caucasus
mount-00688,43.23601136740919,41.56101107597351,3049,,regular,ridge_main_caucasus
mount-01379,42.98571970804687,43.168147802352905,3046,,regular,ridge_main_caucasus
mount-00976,43.2222842807075,42.02570915222168,3045,,regular,ridge_main_caucasus
mount-01289,42.87237088290965,43.37724208831787,3044,,regular,ridge_main_caucasus
mount-01730,43.33700098370616,41.287994384765625,3043,,regular,ridge_main_caucasus
mount-00633,43.259010594336104,42.46942162513733,3039,,regular,ridge_main_caucasus
mount-01265,42.98585313065806,43.03295373916626,3038,,regular,ridge_main_caucasus
mount-00046,43.242905013370375,41.96810603141785,3037,,regular,ridge_main_caucasus
mount-00689,43.26285467392259,41.526957750320435,3037,,regular,ridge_main_caucasus
mount-00766,43.237222892293204,41.74285411834717,3036,,regular,ridge_main_caucasus
mount-00980,43.22598214301365,42.07146763801575,3034,,regular,ridge_main_caucasus
mount-01553,42.97710941317007,43.1738018989563,3032,,regular,ridge_main_caucasus
mount-01350,42.93682045651309,43.31453204154968,3030,,regular,ridge_main_caucasus
mount-01349,42.93085064256016,43.408602476119995,3024,,regular,ridge_main_caucasus
mount-01389,43.18872746443188,41.683748960494995,3024,Малый-Хутый,regular,ridge_main_caucasus
mount-01217,43.195125876528294,41.86638593673706,3023,,regular,ridge_main_caucasus
mount-00516,43.374328778028,41.20480298995972,3018,,regular,ridge_main_caucasus
mount-00873,43.236128612805544,41.9324004650116,3015,,regular,ridge_main_caucasus
mount-01358,42.966315408121886,43.25792670249939,3015,,regular,ridge_main_caucasus
mount-01283,42.88011530771257,43.32209587097168,3014,,regular,ridge_main_caucasus
mount-00927,42.91328346569293,43.23218822479248,3006,,regular,ridge_main_caucasus
mount-01922,43.34588840723006,41.27919673919678,3006,,regular,ridge_main_caucasus
mount-00110,42.93774729677915,43.09510588645935,3004,Чубедиши,regular,ridge_main_caucasus
mount-01216,43.16899610858073,41.91565275192261,3004,Намших,regular,ridge_main_caucasus
mount-00555,43.3559368850282,41.2412166595459,3000,,regular,ridge_main_caucasus
mount-00921,42.94163516114264,43.13186287879944,3000,,regular,ridge_main_caucasus
mount-01231,43.326684010970325,41.286031007766724,2997,,regular,ridge_main_caucasus
mount-01567,43.189110762283775,41.95724844932556,2997,,regular,ridge_main_caucasus
mount-00996,43.282368227825884,42.15105414390564,2996,,regular,ridge_main_caucasus
mount-00731,43.245366840764774,41.780115365982056,2995,,regular,ridge_main_caucasus
mount-00728,43.22847592350047,41.683512926101685,2991,,regular,ridge_main_caucasus
mount-00515,43.40042508343012,41.20879411697388,2989,,regular,ridge_main_caucasus
mount-00186,43.46524681437745,41.00066542625427,2988,Дзичекиш,regular,ridge_main_caucasus
mount-01313,43.340910361873995,41.30328297615051,2988,Чыганак,regular,ridge_main_caucasus
mount-01734,43.40310658865653,41.14181399345398,2987,,regular,ridge_main_caucasus
mount-00975,43.25988569070043,42.07335591316223,2983,,regular,ridge_main_caucasus
mount-01281,42.874533129761744,43.3570396900177,2982,,regular,ridge_main_caucasus
mount-00974,43.20942210396319,42.03335881233215,2979,,regular,ridge_main_caucasus
mount-00003,43.2159747250962,41.93480372428894,2977,,regular,ridge_main_caucasus
mount-01459,43.28865528986259,42.0411479473114,2976,,regular,ridge_main_caucasus
mount-00686,43.317926476138865,41.54902696609497,2975,,regular,ridge_main_caucasus
mount-01764,42.96888259046548,43.24385046958923,2970,,regular,ridge_main_caucasus
mount-00998,43.258252688214355,42.155163288116455,2969,,regular,ridge_main_caucasus
mount-01388,43.201867731590596,41.76078200340271,2969,,regular,ridge_main_caucasus
mount-00982,43.270753026893004,42.24185228347778,2964,,regular,ridge_main_caucasus
mount-01410,43.447817218301765,41.00769281387329,2963,,regular,ridge_main_caucasus
mount-00552,43.3472459851196,41.339921951293945,2960,,regular,ridge_main_caucasus
mount-00556,43.33560415881843,41.32309913635254,2958,,regular,ridge_main_caucasus
mount-00168,43.4748005866459,40.983370542526245,2954,,regular,ridge_main_caucasus
mount-01928,43.32493572697604,41.4684534072876,2954,,regular,ridge_main_caucasus
mount-01516,43.30605261521728,41.49558663368225,2951,,regular,ridge_main_caucasus
mount-00997,43.32996971214703,42.166675329208374,2946,,regular,ridge_main_caucasus
mount-00886,43.1402639334311,42.965415716171265,2945,Каратебе,regular,ridge_main_caucasus
mount-00457,43.45420398053375,40.93599200248718,2944,Санчаро,regular,ridge_main_caucasus
mount-00469,43.430335850035135,40.98330616950989,2942,Алаштраху,regular,ridge_main_caucasus
mount-00550,43.347425432798616,41.350940465927124,2938,,regular,ridge_main_caucasus
mount-00553,43.36187313080515,41.22386813163757,2938,,regular,ridge_main_caucasus
mount-01319,43.27968919528291,42.02911019325256,2929,,regular,ridge_main_caucasus
mount-01768,43.21014933889134,41.86361789703369,2928,,regular,ridge_main_caucasus
mount-00514,43.382688303754804,41.168614625930786,2926,,regular,ridge_main_caucasus
mount-00919,42.96319853204321,43.05608510971069,2926,,regular,ridge_main_caucasus
mount-01407,43.32472499291805,41.32587790489197,2917,Чвахра,regular,ridge_main_caucasus
mount-01807,43.17584256303192,41.917433738708496,2915,,regular,ridge_main_caucasus
mount-01302,43.43222133860391,41.00429177284241,2913,Узловая Цегеркер,regular,ridge_main_caucasus
mount-00741,43.24224069369566,41.76581382751465,2909,,regular,ridge_main_caucasus
mount-00973,43.24889137918137,42.11158275604248,2904,,regular,ridge_main_caucasus
mount-00547,43.375404975636656,41.32398962974548,2903,,regular,ridge_main_caucasus
mount-00979,43.18289947609921,42.02536582946777,2893,,regular,ridge_main_caucasus
mount-00740,43.24725026693093,41.76282048225403,2892,,regular,ridge_main_caucasus
mount-01916,43.59427014200318,40.74096322059631,2888,,regular,ridge_main_caucasus
mount-00029,43.58365502934802,40.72584629058838,2886,,regular,ridge_main_caucasus
mount-01348,42.95021115739246,43.31828713417053,2885,Левханоафцаг,regular,ridge_main_caucasus
mount-01892,43.4111581860908,41.18043780326843,2885,,regular,ridge_main_caucasus
mount-00122,43.595427899763905,40.76553225517273,2878,,regular,ridge_main_caucasus
mount-00738,43.20599694545868,41.66939377784729,2878,,regular,ridge_main_caucasus
mount-01397,43.32870540161551,41.47088885307312,2878,,regular,ridge_main_caucasus
mount-01186,43.29584751665283,41.45213484764099,2875,,regular,ridge_main_caucasus
mount-01268,42.940441338001364,43.144930601119995,2871,,regular,ridge_main_caucasus
mount-01628,43.16085761018917,41.90007448196411,2868,,regular,ridge_main_caucasus
mount-01642,43.53569274417612,40.798877477645874,2868,,regular,ridge_main_caucasus
mount-00931,43.16604602819507,42.055063247680664,2866,,regular,ridge_main_caucasus
mount-00512,43.36540652040435,41.17284178733826,2864,,regular,ridge_main_caucasus
mount-01411,43.43409897752139,40.97993731498718,2862,,regular,ridge_main_caucasus
mount-01354,42.95488347300946,43.298503160476685,2860,,regular,ridge_main_caucasus
mount-00981,43.3119859323497,42.265777587890625,2858,,regular,ridge_main_caucasus
mount-00035,43.60197774731742,40.74183225631714,2851,,regular,ridge_main_caucasus
mount-00872,43.25362691234815,41.98081970214844,2851,,regular,ridge_main_caucasus
mount-01307,43.39821898869559,41.123692989349365,2848,,regular,ridge_main_caucasus
mount-01915,43.579155086510696,40.72483777999878,2848,,regular,ridge_main_caucasus
mount-00926,42.909888872054154,43.26359152793884,2846,,regular,ridge_main_caucasus
mount-00524,43.43219796513824,40.99774718284607,2845,,regular,ridge_main_caucasus
mount-00511,43.43929529270517,40.92777371406555,2844,,regular,ridge_main_caucasus
mount-00871,43.23612079645281,42.00379014015198,2842,,regular,ridge_main_caucasus
mount-01278,42.92245264849089,43.16306233406067,2841,,regular,ridge_main_caucasus
mount-00687,43.29331744915669,41.525927782058716,2840,пик Раздельный,regular,ridge_main_caucasus
mount-01299,43.44722524033381,40.92480182647705,2837,,regular,ridge_main_caucasus
mount-01619,43.217491579986756,41.568628549575806,2835,,regular,ridge_main_caucasus
mount-01755,43.46173482008149,40.932537317276,2835,,regular,ridge_main_caucasus
mount-00860,43.29222417754664,42.035311460494995,2834,,regular,ridge_main_caucasus
mount-01290,42.85942726894609,43.32358717918396,2832,Гориболо,regular,ridge_main_caucasus
mount-00685,43.273299656122646,41.59864783287048,2830,,regular,ridge_main_caucasus
mount-01232,43.334800384682325,41.27446532249451,2830,,regular,ridge_main_caucasus
mount-00185,43.572664939366376,40.85570812225342,2828,,regular,ridge_main_caucasus
mount-01843,43.57652024884297,40.72537422180176,2826,,regular,ridge_main_caucasus
mount-00962,43.197300245272345,41.97374939918518,2825,,regular,ridge_main_caucasus
mount-01194,43.17547483012737,42.45163321495056,2817,,regular,ridge_main_caucasus
mount-01568,43.43894473075542,40.98154664039612,2817,,regular,ridge_main_caucasus
mount-01282,42.875067782755565,43.31956386566162,2811,,regular,ridge_main_caucasus
mount-00008,43.192216168372084,41.91858172416687,2809,,regular,ridge_main_caucasus
mount-01818,43.366061695856985,41.38031601905823,2807,,regular,ridge_main_caucasus
mount-00972,43.230719457003374,42.029324769973755,2805,,regular,ridge_main_caucasus
mount-00509,43.464390249215256,40.984089374542236,2804,,regular,ridge_main_caucasus
mount-01662,43.21505990261801,41.878767013549805,2800,,regular,ridge_main_caucasus
mount-00507,43.42574654355147,40.944167375564575,2797,Шира,regular,ridge_main_caucasus
mount-00147,43.56082542041602,40.84922790527344,2796,,regular,ridge_main_caucasus
mount-00545,43.383000204052024,41.318678855895996,2794,,regular,ridge_main_caucasus
mount-01305,43.385316013569025,41.097503900527954,2794,,regular,ridge_main_caucasus
mount-01297,43.48944365751541,40.89092016220093,2792,,regular,ridge_main_caucasus
mount-01644,43.54745166206757,40.801076889038086,2792,,regular,ridge_main_caucasus
mount-00994,43.26747974878052,42.12574481964111,2790,,regular,ridge_main_caucasus
mount-00732,43.2397240287589,41.83027267456055,2785,,regular,ridge_main_caucasus
mount-00025,43.566399535051346,40.72908639907837,2784,Шепси,regular,ridge_main_caucasus
mount-00466,43.43903042386401,41.008111238479614,2782,,regular,ridge_main_caucasus
mount-01303,43.40698053049846,41.03697180747986,2782,Верхняя Грибза,regular,ridge_main_caucasus
mount-00009,43.184237224633904,41.6701340675354,2773,Мегребачи,regular,ridge_main_caucasus
mount-00551,43.36950905011105,41.28834843635559,2772,,regular,ridge_main_caucasus
mount-01306,43.39118701293839,41.10308289527893,2770,,regular,ridge_main_caucasus
mount-01596,43.22620885454651,41.55395150184631,2770,,regular,ridge_main_caucasus
mount-00869,43.224457681499956,42.004884481430054,2769,,regular,ridge_main_caucasus
mount-01639,43.53096364387952,40.817116498947144,2766,,regular,ridge_main_caucasus
mount-00544,43.35550002928332,41.218568086624146,2765,,regular,ridge_main_caucasus
mount-00505,43.42396215218284,40.96795320510864,2763,,regular,ridge_main_caucasus
mount-01581,43.18215626980242,41.75524592399597,2763,,regular,ridge_main_caucasus
mount-00064,43.388286669980005,41.071979999542236,2761,Гваштхуа,regular,ridge_main_caucasus
mount-00506,43.39756416066493,41.04288339614868,2760,,regular,ridge_main_caucasus
mount-01424,43.383218533305325,41.09810471534729,2759,,regular,ridge_main_caucasus
mount-00286,43.597292697645116,40.753880739212036,2758,,regular,ridge_main_caucasus
mount-00971,43.24471817843792,42.13681697845459,2757,,regular,ridge_main_caucasus
mount-01177,43.31048704375252,41.3945209980011,2757,,regular,ridge_main_caucasus
mount-00510,43.42832563637171,41.168636083602905,2756,,regular,ridge_main_caucasus
mount-00923,42.880154617034265,43.27168107032776,2754,,regular,ridge_main_caucasus
mount-01445,43.18996339581156,42.00270652770996,2753,,regular,ridge_main_caucasus
mount-00162,43.46542591283173,40.941141843795776,2752,,regular,ridge_main_caucasus
mount-00924,42.88559478557022,43.27816128730774,2752,,regular,ridge_main_caucasus
mount-01304,43.39940389761955,41.039310693740845,2752,,regular,ridge_main_caucasus
mount-00683,43.27768179621546,41.57997965812683,2747,,regular,ridge_main_caucasus
mount-00523,43.451446851278405,41.00046157836914,2745,,regular,ridge_main_caucasus
mount-00945,43.425115389297645,41.17321729660034,2744,,regular,ridge_main_caucasus
mount-01300,43.443883571837574,40.92926502227783,2744,,regular,ridge_main_caucasus
mount-00502,43.392340874232644,41.12553834915161,2743,,regular,ridge_main_caucasus
mount-00543,43.37839171386713,41.288756132125854,2740,,regular,ridge_main_caucasus
mount-01301,43.42261408365195,40.96179485321045,2738,,regular,ridge_main_caucasus
mount-00026,43.537341619582065,40.71575045585632,2737,,regular,ridge_main_caucasus
mount-01175,43.35228592247742,41.38456463813782,2735,,regular,ridge_main_caucasus
mount-01638,43.20367429704828,41.920706033706665,2735,,regular,ridge_main_caucasus
mount-00138,43.52881675886405,40.93430757522583,2734,,regular,ridge_main_caucasus
mount-00151,43.527906643239476,40.80978870391846,2734,,regular,ridge_main_caucasus
mount-01270,42.96859997013476,43.10316324234009,2734,,regular,ridge_main_caucasus
mount-01914,43.56224815141354,40.726908445358276,2732,,regular,ridge_main_caucasus
mount-01640,43.54354783121735,40.80666661262512,2725,,regular,ridge_main_caucasus
mount-00733,43.224911115061616,41.79775357246399,2724,,regular,ridge_main_caucasus
mount-01559,43.18364267334857,41.66416883468628,2720,,regular,ridge_main_caucasus
mount-00163,43.47044824034961,40.941946506500244,2717,,regular,ridge_main_caucasus
mount-00467,43.45347966214007,41.021060943603516,2716,,regular,ridge_main_caucasus
mount-00139,43.52908123433363,40.91002821922302,2715,,regular,ridge_main_caucasus
mount-00031,43.568747194657476,40.74358105659485,2714,,regular,ridge_main_caucasus
mount-00680,43.270917076772236,41.56946539878845,2714,,regular,ridge_main_caucasus
mount-00522,43.42255953689454,40.986846685409546,2713,,regular,ridge_main_caucasus
mount-00541,43.35591348212159,41.30651235580444,2713,,regular,ridge_main_caucasus
mount-00501,43.41984772185779,40.95759987831116,2710,,regular,ridge_main_caucasus
mount-01599,43.18629464031335,41.706955432891846,2709,,regular,ridge_main_caucasus
mount-00028,43.61573554359313,40.74252963066101,2708,,regular,ridge_main_caucasus
mount-00135,43.5689337597081,40.76107978820801,2708,,regular,ridge_main_caucasus
mount-00625,43.557194583035766,40.80488562583923,2708,,regular,ridge_main_caucasus
mount-00027,43.54786380475318,40.72582483291626,2701,,regular,ridge_main_caucasus
mount-01731,43.56758892370456,40.75175642967224,2692,,regular,ridge_main_caucasus
mount-00648,43.28366474348854,41.567169427871704,2691,,regular,ridge_main_caucasus
mount-00504,43.386891025388394,41.07417941093445,2688,,regular,ridge_main_caucasus
mount-00500,43.39268390984054,41.0624098777771,2687,,regular,ridge_main_caucasus
mount-00497,43.435875279385044,40.966644287109375,2683,,regular,ridge_main_caucasus
mount-00148,43.55325250545337,40.841535329818726,2680,,regular,ridge_main_caucasus
mount-00498,43.401680105011536,41.0384738445282,2678,,regular,ridge_main_caucasus
mount-00319,43.478755577616255,40.99622368812561,2677,,regular,ridge_main_caucasus
mount-00542,43.36926727373546,41.34682059288025,2674,Пирамида,regular,ridge_main_caucasus
mount-00001,43.21093130225782,41.88820838928223,2671,,regular,ridge_main_caucasus
mount-00464,43.5376449455249,40.90291500091553,2671,,regular,ridge_main_caucasus
mount-00920,42.933969157040764,43.14133644104004,2670,,regular,ridge_main_caucasus
mount-00152,43.567254653449226,40.80962777137756,2663,,regular,ridge_main_caucasus
mount-01276,42.909425244059946,43.17749261856079,2663,,regular,ridge_main_caucasus
mount-01895,43.533724923478474,40.70289731025696,2662,,regular,ridge_main_caucasus
mount-00137,43.52479503310201,40.92601418495178,2660,,regular,ridge_main_caucasus
mount-00149,43.52145765284456,40.8207106590271,2659,,regular,ridge_main_caucasus
mount-00327,43.55917718730947,40.729172229766846,2658,,regular,ridge_main_caucasus
mount-01809,43.37042155226504,41.38982176780701,2658,,regular,ridge_main_caucasus
mount-00462,43.493950299877895,40.894213914871216,2655,,regular,ridge_main_caucasus
mount-00495,43.40385489451427,41.051037311553955,2651,,regular,ridge_main_caucasus
mount-00423,43.50889998089721,40.79572319984436,2650,,regular,ridge_main_caucasus
mount-01412,43.533234902805134,40.761412382125854,2648,,regular,ridge_main_caucasus
mount-00034,43.5282800256698,40.732465982437134,2645,,regular,ridge_main_caucasus
mount-00540,43.34557631606674,41.23137831687927,2645,,regular,ridge_main_caucasus
mount-01013,43.26930780646984,42.273534536361694,2643,,regular,ridge_main_caucasus
mount-01280,42.86976036031854,43.29838514328003,2642,,regular,ridge_main_caucasus
mount-00257,43.48747432824783,40.84519386291504,2639,Чмахара,regular,ridge_main_caucasus
mount-00730,43.255056877207636,41.801133155822754,2631,,regular,ridge_main_caucasus
mount-00463,43.488361701952385,40.902496576309204,2630,,regular,ridge_main_caucasus
mount-00521,43.41518748013877,40.98594546318054,2626,Грибза,regular,ridge_main_caucasus
mount-00032,43.52973463934555,40.72084665298462,2622,,regular,ridge_main_caucasus
mount-00681,43.24255331562139,41.53888821601868,2621,,regular,ridge_main_caucasus
mount-01462,43.284570725985134,42.02574133872986,2620,,regular,ridge_main_caucasus
mount-00725,43.20530094225154,41.64717435836792,2619,,regular,ridge_main_caucasus
mount-01754,43.446524206300126,40.96927285194397,2617,,regular,ridge_main_caucasus
mount-00169,43.482180951142084,40.97598910331726,2615,,regular,ridge_main_caucasus
mount-01267,42.9332307824896,43.12838673591614,2613,,regular,ridge_main_caucasus
mount-00037,43.58501504950664,40.74478268623352,2604,,regular,ridge_main_caucasus
mount-00719,43.204378139238514,41.695464849472046,2603,,regular,ridge_main_caucasus
mount-00925,42.90861585123727,43.20196509361267,2603,,regular,ridge_main_caucasus
mount-01742,43.598504785277896,40.77649712562561,2602,,regular,ridge_main_caucasus
mount-01760,43.524367174155856,40.909727811813354,2599,,regular,ridge_main_caucasus
mount-00494,43.39488241013598,41.030030250549316,2595,,regular,ridge_main_caucasus
mount-00858,43.27850194780481,42.18332648277283,2591,,regular,ridge_main_caucasus
mount-00721,43.19929465207079,41.622315645217896,2587,,regular,ridge_main_caucasus
mount-01708,43.37880501070322,41.139432191848755,2586,,regular,ridge_main_caucasus
mount-00679,43.30367912619107,41.541935205459595,2583,,regular,ridge_main_caucasus
mount-00724,43.244819776607955,41.80826783180237,2581,,regular,ridge_main_caucasus
mount-00491,43.41304427199756,41.02961182594299,2580,,regular,ridge_main_caucasus
mount-00465,43.445129903351386,40.98867058753967,2577,,regular,ridge_main_caucasus
mount-01353,42.94434473961269,43.33412289619446,2577,,regular,ridge_main_caucasus
mount-01880,43.564533780046816,40.84045171737671,2577,,regular,ridge_main_caucasus
mount-00159,43.49191884987121,40.903708934783936,2576,,regular,ridge_main_caucasus
mount-00492,43.40076027807396,41.06610059738159,2576,,regular,ridge_main_caucasus
mount-00421,43.50942910530753,40.81814646720886,2575,,regular,ridge_main_caucasus
mount-01620,43.21051686292225,41.89885139465332,2573,,regular,ridge_main_caucasus
mount-00422,43.59301134654635,40.82925081253052,2572,,regular,ridge_main_caucasus
mount-00978,43.179324179727985,41.99527144432068,2571,,regular,ridge_main_caucasus
mount-01413,43.55694578102987,40.74079155921936,2564,,regular,ridge_main_caucasus
mount-00682,43.25291582442628,41.5132999420166,2557,,regular,ridge_main_caucasus
mount-00157,43.50925791850591,40.906938314437866,2552,,regular,ridge_main_caucasus
mount-00493,43.38685983743272,41.12064599990845,2552,,regular,ridge_main_caucasus
mount-00002,43.209617598075596,41.881985664367676,2551,,regular,ridge_main_caucasus
mount-00161,43.4543597467968,40.90335488319397,2551,,regular,ridge_main_caucasus
mount-00538,43.352629184721366,41.207613945007324,2548,,regular,ridge_main_caucasus
mount-00696,43.20365083550206,41.59542918205261,2545,Ацгара,regular,ridge_main_caucasus
mount-00715,43.24494482027691,41.846312284469604,2545,,regular,ridge_main_caucasus
mount-00490,43.41856969794978,41.04171395301819,2544,,regular,ridge_main_caucasus
mount-00722,43.265432883996056,41.740397214889526,2542,,regular,ridge_main_caucasus
mount-01761,43.488805383916,40.8730673789978,2538,,regular,ridge_main_caucasus
mount-00155,43.50083804121263,40.90042591094971,2534,,regular,ridge_main_caucasus
mount-00160,43.458370589888005,40.89203596115112,2530,,regular,ridge_main_caucasus
mount-00006,43.182860360203904,41.956143379211426,2525,,regular,ridge_main_caucasus
mount-01296,43.49828538803504,40.802847146987915,2520,,regular,ridge_main_caucasus
mount-01409,43.43857079577026,41.02872133255005,2510,,regular,ridge_main_caucasus
mount-00153,43.49961620544374,40.93109965324402,2499,,regular,ridge_main_caucasus
mount-00487,43.35939261516614,41.17226243019104,2496,,regular,ridge_main_caucasus
mount-01762,43.50513372609029,40.938448905944824,2495,,regular,ridge_main_caucasus
mount-00461,43.497429291157715,40.9276020526886,2492,,regular,ridge_main_caucasus
mount-00317,43.417548818009124,41.02996587753296,2485,,regular,ridge_main_caucasus
mount-01380,42.95818136458598,43.31513285636902,2485,,regular,ridge_main_caucasus
mount-00867,43.239231625633835,41.9968056678772,2484,,regular,ridge_main_caucasus
mount-01569,43.47681704155261,40.94186067581177,2479,,regular,ridge_main_caucasus
mount-00933,43.36943105783712,40.95306158065796,2477,,regular,ridge_main_caucasus
mount-01169,43.3102059980252,41.34512543678284,2477,,regular,ridge_main_caucasus
mount-01275,42.906195467542176,43.221083879470825,2477,,regular,ridge_main_caucasus
mount-00420,43.50879882423175,40.80901622772217,2475,,regular,ridge_main_caucasus
mount-01279,42.858050965688165,43.34427237510681,2475,,regular,ridge_main_caucasus
mount-01602,43.18943147904494,41.71864986419678,2475,,regular,ridge_main_caucasus
mount-01170,43.31831676748894,41.3845431804657,2474,,regular,ridge_main_caucasus
mount-01646,43.515467020074794,40.821601152420044,2473,,regular,ridge_main_caucasus
mount-01273,42.900348434351685,43.22000026702881,2469,,regular,ridge_main_caucasus
mount-00935,43.371817576000666,40.93960762023926,2467,,regular,ridge_main_caucasus
mount-01298,43.464904189769044,40.897014141082764,2464,,regular,ridge_main_caucasus
mount-00154,43.49934381830309,40.9195876121521,2461,,regular,ridge_main_caucasus
mount-00053,43.49166199500425,40.75824737548828,2459,,regular,ridge_main_caucasus
mount-00156,43.512868300909815,40.898677110672,2458,,regular,ridge_main_caucasus
mount-01887,43.54341562534853,40.7277774810791,2454,,regular,ridge_main_caucasus
mount-01536,43.496658793590285,40.80645203590393,2453,,regular,ridge_main_caucasus
mount-00158,43.51698418461342,40.88389277458191,2449,,regular,ridge_main_caucasus
mount-01230,43.32552890039952,41.2666118144989,2447,,regular,ridge_main_caucasus
mount-00536,43.345701152724615,41.244767904281616,2445,,regular,ridge_main_caucasus
mount-00419,43.557785483682494,40.79741835594177,2441,,regular,ridge_main_caucasus
mount-00313,43.54637074616559,40.910972356796265,2435,,regular,ridge_main_caucasus
mount-00111,43.49117941623945,40.757378339767456,2429,Каменистая,regular,ridge_main_caucasus
mount-00535,43.372418090293024,41.337432861328125,2427,Тюбетейка,regular,ridge_main_caucasus
mount-00164,43.47547793614669,40.92604637145996,2422,,regular,ridge_main_caucasus
mount-00416,43.58204628012237,40.82127928733826,2422,,regular,ridge_main_caucasus
mount-00654,43.37163040149923,40.960936546325684,2421,,regular,ridge_main_caucasus
mount-01229,43.30981565458137,41.27708315849304,2421,,regular,ridge_main_caucasus
mount-00485,43.3570992180334,41.19028687477112,2419,,regular,ridge_main_caucasus
mount-01287,42.90837224549139,43.25142502784729,2419,,regular,ridge_main_caucasus
mount-01886,43.54407665179326,40.76846122741699,2416,,regular,ridge_main_caucasus
mount-01356,42.96436050934594,43.31736445426941,2412,,regular,ridge_main_caucasus
mount-00005,43.187335056063404,41.96969389915466,2407,,regular,ridge_main_caucasus
mount-00055,43.49711019739826,40.73264837265015,2405,,regular,ridge_main_caucasus
mount-00150,43.525596288056505,40.84669589996338,2403,,regular,ridge_main_caucasus
mount-00483,43.42492058727305,41.04220747947693,2403,,regular,ridge_main_caucasus
mount-00083,43.49669770784459,40.733174085617065,2401,,regular,ridge_main_caucasus
mount-00314,43.47645112616149,40.897486209869385,2399,,regular,ridge_main_caucasus
mount-01228,43.3055295186893,41.27341389656067,2399,,regular,ridge_main_caucasus
mount-00141,43.50107929248594,40.877734422683716,2395,,regular,ridge_main_caucasus
mount-00866,43.246609439667765,42.011826038360596,2392,,regular,ridge_main_caucasus
mount-00484,43.35634253397532,41.16682291030884,2385,,regular,ridge_main_caucasus
mount-00136,43.52491172137883,40.89741110801697,2381,,regular,ridge_main_caucasus
mount-01763,43.46071466820135,40.8846652507782,2381,,regular,ridge_main_caucasus
mount-01540,43.49089920744524,40.74232578277588,2379,,regular,ridge_main_caucasus
mount-00480,43.40635697510018,40.95732092857361,2375,,regular,ridge_main_caucasus
mount-01539,43.481410259030525,40.84159970283508,2375,,regular,ridge_main_caucasus
mount-00054,43.4941059637263,40.74100613594055,2369,,regular,ridge_main_caucasus
mount-01756,43.44106365201989,40.90877294540405,2369,,regular,ridge_main_caucasus
mount-01272,42.8989258867677,43.24341058731079,2366,,regular,ridge_main_caucasus
mount-01757,43.465472634080356,40.916508436203,2366,,regular,ridge_main_caucasus
mount-00478,43.452763123580354,40.96806049346924,2354,,regular,ridge_main_caucasus
mount-00481,43.42608159807398,40.9154999256134,2352,,regular,ridge_main_caucasus
mount-00970,43.24698455888384,42.04094409942627,2352,,regular,ridge_main_caucasus
mount-00140,43.50480689124538,40.8621346950531,2330,,regular,ridge_main_caucasus
mount-00477,43.48932690065374,40.8571994304657,2326,,regular,ridge_main_caucasus
mount-00936,43.377003639723625,40.922173261642456,2326,,regular,ridge_main_caucasus
mount-01274,42.9036806825203,43.19805979728699,2325,,regular,ridge_main_caucasus
mount-00708,43.21061069849014,41.65912628173828,2323,,regular,ridge_main_caucasus
mount-00476,43.47527551065454,40.968017578125,2320,,regular,ridge_main_caucasus
mount-00456,43.495849371415346,40.742433071136475,2318,,regular,ridge_main_caucasus
mount-01285,42.88597212050968,43.29686164855957,2316,,regular,ridge_main_caucasus
mount-01277,42.91285129401899,43.218111991882324,2312,,regular,ridge_main_caucasus
mount-00937,43.3796939792569,40.95777153968811,2293,,regular,ridge_main_caucasus
mount-00455,43.48930354925429,40.82536697387695,2291,,regular,ridge_main_caucasus
mount-01543,43.17281456869523,41.68815851211548,2287,,regular,ridge_main_caucasus
mount-00475,43.430990323797545,40.90384840965271,2278,,regular,ridge_main_caucasus
mount-00460,43.46118970289777,40.87279915809631,2269,,regular,ridge_main_caucasus
mount-01362,42.97803564679512,43.25309872627258,2267,,regular,ridge_main_caucasus
mount-01271,42.89742470980437,43.256574869155884,2262,,regular,ridge_main_caucasus
mount-01547,43.55756000911944,40.90351581573486,2260,,regular,ridge_main_caucasus
mount-01945,43.165803442301325,41.88462495803833,2255,,regular,ridge_main_caucasus
mount-01758,43.458752190224914,40.85899114608765,2245,,regular,ridge_main_caucasus
mount-00459,43.50389641341809,40.8890962600708,2243,,regular,ridge_main_caucasus
mount-00030,43.57910845321797,40.74609160423279,2241,,regular,ridge_main_caucasus
mount-00454,43.47587499956555,40.83314538002014,2241,,regular,ridge_main_caucasus
mount-00520,43.40982542055053,41.005611419677734,2240,,regular,ridge_main_caucasus
mount-00473,43.402966280279145,41.02074980735779,2230,,regular,ridge_main_caucasus
mount-00038,43.50408317922012,40.72436571121216,2220,,regular,ridge_main_caucasus
mount-01797,43.565334506981344,40.86916208267212,2210,,regular,ridge_main_caucasus
mount-00010,43.18476918666522,41.6516375541687,2209,,regular,ridge_main_caucasus
mount-00453,43.4864234741064,40.80471396446228,2201,,regular,ridge_main_caucasus
mount-00961,43.17223555526306,41.979382038116455,2201,,regular,ridge_main_caucasus
mount-00932,43.35667797240248,40.98776936531067,2196,,regular,ridge_main_caucasus
mount-00452,43.47175631296872,40.8272659778595,2185,,regular,ridge_main_caucasus
mount-00534,43.348962419448156,41.18502974510193,2185,,regular,ridge_main_caucasus
mount-00533,43.350975266960035,41.176135540008545,2184,,regular,ridge_main_caucasus
mount-01759,43.43565713985933,40.893269777297974,2179,,regular,ridge_main_caucasus
mount-01534,43.50185751582924,40.75584411621094,2174,,regular,ridge_main_caucasus
mount-01284,42.881050862774,43.29292416572571,2153,,regular,ridge_main_caucasus
mount-00934,43.37159140673873,40.97368240356445,2150,,regular,ridge_main_caucasus
mount-00134,43.57499680927154,40.77499508857727,2147,,regular,ridge_main_caucasus
mount-00471,43.46521566676603,40.96982002258301,2132,,regular,ridge_main_caucasus
mount-00451,43.48170608140765,40.78872799873352,2125,,regular,ridge_main_caucasus
mount-01864,43.54158026686724,40.92355728149414,2103,,regular,ridge_main_caucasus
mount-00646,43.29908022749265,41.589142084121704,2081,,regular,ridge_main_caucasus
mount-00450,43.48200190233629,40.779147148132324,2069,,regular,ridge_main_caucasus
mount-01551,43.484243866495746,40.73554515838623,2068,,regular,ridge_main_caucasus
mount-01744,43.51023056433013,40.868732929229736,2033,,regular,ridge_main_caucasus
mount-00678,43.29707346828789,41.555904150009155,2012,,regular,ridge_main_caucasus
mount-01605,43.384739018799394,40.96844673156738,2007,,regular,ridge_main_caucasus
mount-00458,43.44534021926222,40.876994132995605,2003,,regular,ridge_main_caucasus
mount-01746,43.544084428531846,40.86171627044678,1997,,regular,ridge_main_caucasus
mount-00698,43.19431242370294,41.63246512413025,1944,,regular,ridge_main_caucasus
mount-01554,43.48127013213579,40.7567024230957,1908,,regular,ridge_main_caucasus
mount-00938,43.390087705730764,40.91327905654907,1871,,regular,ridge_main_caucasus
mount-01603,43.388512776972846,40.9525465965271,1821,,regular,ridge_main_caucasus
hill-00417,43.39068024258938,40.896209478378296,1790,,regular,ridge_main_caucasus
hill-00362,43.195438740112365,41.593133211135864,1743,,regular,ridge_main_caucasus
hill-00421,43.428777550687045,40.86739182472229,1689,,regular,ridge_main_caucasus
hill-00351,43.42453877348643,40.89182138442993,1549,,regular,ridge_main_caucasus
hill-00563,43.45327716297294,40.765618085861206,1542,,regular,ridge_main_caucasus
hill-00418,43.39994957156799,40.9056293964386,1526,,regular,ridge_main_caucasus
hill-00001,43.1724702910999,41.64691686630249,1478,,regular,ridge_main_caucasus
hill-00360,43.42044776036212,40.83221197128296,1285,Бахурипш (Святая),regular,ridge_main_caucasus
hill-00419,43.40806394273747,40.85769295692444,1262,,regular,ridge_main_caucasus
hill-00420,43.420346455577345,40.85258603096008,1183,,regular,ridge_main_caucasus
hill-00422,43.429026881278816,40.8256995677948,1063,,regular,ridge_main_caucasus
hill-00423,43.44467811114458,40.80646276473999,858,,regular,ridge_main_caucasus
rock-00710,43.348502107732116,41.425580978393555,3617,Прото-Кая,regular,ridge_mystybashi
rock-00709,43.35063199536154,41.429303884506226,3584,Каракая,regular,ridge_mystybashi
rock-00118,43.38115996910312,41.53014421463013,3575,Марка-Баши,regular,ridge_mystybashi
rock-00707,43.349173069408124,41.42151474952698,3493,Дейта-кая,regular,ridge_mystybashi
rock-00122,43.38981482496612,41.51325702667236,3470,Джигит-Баши,regular,ridge_mystybashi
rock-00084,43.47744765649472,41.45209193229675,3401,Кызыл-Ауш-Дуппур,regular,ridge_mystybashi
rock-00123,43.397665503561086,41.522204875946045,3340,,regular,ridge_mystybashi
rock-00254,43.41393273839486,41.42719030380249,3338,,regular,ridge_mystybashi
rock-00070,43.445527166124634,41.524972915649414,3337,Сухая Марка,regular,ridge_mystybashi
rock-00255,43.40334043522998,41.417094469070435,3295,,regular,ridge_mystybashi
rock-00158,43.47228576288495,41.436545848846436,3224,,regular,ridge_mystybashi
rock-00509,43.35806651174792,41.43266201019287,3224,,regular,ridge_mystybashi
rock-00253,43.42768671727211,41.41918659210205,3222,,regular,ridge_mystybashi
mount-00294,43.410230709081134,41.534264087677,3193,,regular,ridge_mystybashi
mount-01393,43.5245927728875,41.63048028945923,3185,Январский,regular,ridge_mystybashi
mount-01191,43.38834904440711,41.425323486328125,3172,,regular,ridge_mystybashi
mount-00214,43.42559849561357,41.53087377548218,3170,,regular,ridge_mystybashi
mount-01884,43.43676341076426,41.528223752975464,3151,,regular,ridge_mystybashi
mount-00561,43.478015982841214,41.420828104019165,3149,,regular,ridge_mystybashi
mount-00653,43.37139643256012,41.5233314037323,3147,,regular,ridge_mystybashi
mount-01624,43.43095136722408,41.52515530586243,3145,,regular,ridge_mystybashi
mount-00324,43.363004149869994,41.43390655517578,3137,Красная Горка,regular,ridge_mystybashi
mount-00882,43.440417077295336,41.413328647613525,3134,,regular,ridge_mystybashi
mount-00205,43.48263246316563,41.46172642707825,3133,,regular,ridge_mystybashi
mount-01395,43.536991626213506,41.660295724868774,3128,,regular,ridge_mystybashi
mount-01837,43.47133586414293,41.4539909362793,3125,,regular,ridge_mystybashi
mount-00322,43.37918711281901,41.41870379447937,3123,,regular,ridge_mystybashi
mount-01872,43.54647961627094,41.50662660598755,3118,Кызыл-Ауш,regular,ridge_mystybashi
mount-00323,43.37028116821185,41.43022656440735,3112,,regular,ridge_mystybashi
mount-01882,43.39195105868501,41.4953076839447,3103,,regular,ridge_mystybashi
mount-01654,43.36514912811191,41.53413534164429,3101,,regular,ridge_mystybashi
mount-00206,43.48943587373165,41.460020542144775,3100,,regular,ridge_mystybashi
mount-01189,43.394820042432485,41.4309561252594,3099,,regular,ridge_mystybashi
mount-00217,43.541362508763314,41.50754928588867,3089,,regular,ridge_mystybashi
mount-00883,43.43425479556058,41.40372633934021,3075,,regular,ridge_mystybashi
mount-00215,43.421967311793566,41.52552008628845,3072,,regular,ridge_mystybashi
mount-00557,43.452046576530876,41.41767382621765,3070,,regular,ridge_mystybashi
mount-00207,43.50423103507026,41.467777490615845,3066,,regular,ridge_mystybashi
mount-01899,43.5548620239006,41.49933099746704,3064,,regular,ridge_mystybashi
mount-00893,43.51917039052583,41.604613065719604,3059,,regular,ridge_mystybashi
mount-01883,43.39689373415925,41.49611234664917,3048,,regular,ridge_mystybashi
mount-01621,43.531134769106814,41.502699851989746,3043,,regular,ridge_mystybashi
mount-01898,43.555460722691834,41.49667024612427,3033,,regular,ridge_mystybashi
mount-01753,43.532472640510235,41.62715435028076,3025,,regular,ridge_mystybashi
mount-01187,43.36254394465686,41.447564363479614,3023,,regular,ridge_mystybashi
mount-01188,43.42404007430159,41.45261764526367,3023,,regular,ridge_mystybashi
mount-01398,43.43272776147654,41.43566608428955,3023,,regular,ridge_mystybashi
mount-01752,43.53202927943775,41.491209268569946,3023,,regular,ridge_mystybashi
mount-00208,43.504915836390296,41.478763818740845,3022,,regular,ridge_mystybashi
mount-00669,43.53036470176039,41.64671301841736,3021,,regular,ridge_mystybashi
mount-01901,43.53814270786813,41.50556445121765,3016,,regular,ridge_mystybashi
mount-01184,43.4026856625496,41.45048260688782,2999,,regular,ridge_mystybashi
mount-00213,43.451516949342135,41.53181791305542,2995,,regular,ridge_mystybashi
mount-00884,43.421881594522716,41.40479922294617,2976,,regular,ridge_mystybashi
mount-01896,43.56863059120741,41.48704648017883,2966,,regular,ridge_mystybashi
mount-00220,43.552163917884,41.42898201942444,2965,Большой Карабек,regular,ridge_mystybashi
mount-01182,43.41681626759791,41.437296867370605,2958,,regular,ridge_mystybashi
mount-00216,43.51999505972472,41.49333357810974,2957,,regular,ridge_mystybashi
mount-00549,43.455753836986304,41.401097774505615,2950,,regular,ridge_mystybashi
mount-01881,43.402124423191054,41.492722034454346,2950,,regular,ridge_mystybashi
mount-01626,43.461711458017305,41.53399586677551,2940,,regular,ridge_mystybashi
mount-00596,43.5755098085333,41.54683828353882,2917,Караджалмас,regular,ridge_mystybashi
mount-01185,43.38615810418702,41.43774747848511,2917,,regular,ridge_mystybashi
mount-00218,43.565451116812085,41.5338134765625,2905,,regular,ridge_mystybashi
mount-01902,43.55212503939285,41.52104616165161,2899,,regular,ridge_mystybashi
mount-01750,43.5052971428492,41.60340070724487,2878,,regular,ridge_mystybashi
mount-00212,43.44503642937852,41.50803208351135,2865,,regular,ridge_mystybashi
mount-00626,43.37474210255701,41.45165205001831,2865,,regular,ridge_mystybashi
mount-01821,43.534051601715305,41.64348363876343,2858,,regular,ridge_mystybashi
mount-00853,43.54494764027655,41.66184067726135,2827,,regular,ridge_mystybashi
mount-01627,43.47116456933827,41.5463662147522,2824,,regular,ridge_mystybashi
mount-00128,43.52325472669395,41.59904479980469,2819,,regular,ridge_mystybashi
mount-01625,43.40688699759792,41.51053190231323,2812,,regular,ridge_mystybashi
mount-01542,43.35391640084461,41.5062940120697,2810,,regular,ridge_mystybashi
mount-01180,43.3481744260784,41.45318627357483,2808,,regular,ridge_mystybashi
mount-00219,43.52845893726524,41.415356397628784,2807,,regular,ridge_mystybashi
mount-00209,43.47550129289061,41.556655168533325,2795,,regular,ridge_mystybashi
mount-00221,43.559293809058715,41.42399311065674,2790,,regular,ridge_mystybashi
mount-01396,43.5581275814084,41.657999753952026,2789,Мыстылыбаши,regular,ridge_mystybashi
mount-00619,43.5245849936349,41.407127380371094,2785,,regular,ridge_mystybashi
mount-01900,43.541168081220206,41.4888060092926,2776,,regular,ridge_mystybashi
mount-01176,43.3487517687571,41.49465322494507,2771,,regular,ridge_mystybashi
mount-00325,43.36978202228002,41.45785331726074,2763,,regular,ridge_mystybashi
mount-01637,43.48397919450275,41.47704720497131,2739,,regular,ridge_mystybashi
mount-00210,43.501592921018016,41.567223072052,2730,Марка Бикаус,regular,ridge_mystybashi
mount-00617,43.554488806059965,41.48008346557617,2723,,regular,ridge_mystybashi
mount-01399,43.51086083045496,41.486467123031616,2721,,regular,ridge_mystybashi
mount-00915,43.44130514201217,41.45308971405029,2704,,regular,ridge_mystybashi
mount-01174,43.4621163991857,41.46111488342285,2697,,regular,ridge_mystybashi
mount-00663,43.53118921794092,41.60642623901367,2674,,regular,ridge_mystybashi
mount-01635,43.51051846448766,41.45385146141052,2649,,regular,ridge_mystybashi
mount-01903,43.57548649047982,41.52361035346985,2648,,regular,ridge_mystybashi
mount-00851,43.56340652506182,41.64641261100769,2637,,regular,ridge_mystybashi
mount-00211,43.50777946683391,41.568639278411865,2622,,regular,ridge_mystybashi
mount-00849,43.559534826625224,41.67985439300537,2595,,regular,ridge_mystybashi
mount-00602,43.59150386548933,41.56882166862488,2552,,regular,ridge_mystybashi
mount-00614,43.5446599044017,41.47368907928467,2547,,regular,ridge_mystybashi
mount-01171,43.40838350667539,41.459248065948486,2543,,regular,ridge_mystybashi
mount-01748,43.51828346956242,41.521196365356445,2537,,regular,ridge_mystybashi
mount-00613,43.517419876097364,41.45995616912842,2486,,regular,ridge_mystybashi
mount-01168,43.358581355340334,41.46066427230835,2486,,regular,ridge_mystybashi
mount-01897,43.572501705091554,41.50508165359497,2479,,regular,ridge_mystybashi
mount-00848,43.557015756697865,41.64000749588013,2477,,regular,ridge_mystybashi
mount-00847,43.57208973090667,41.67340636253357,2449,,regular,ridge_mystybashi
mount-00660,43.51352188153231,41.59256458282471,2437,,regular,ridge_mystybashi
mount-00611,43.581105880231206,41.46984815597534,2369,,regular,ridge_mystybashi
mount-01737,43.620551193869034,41.77427887916565,2358,Бруш-Серты,regular,ridge_mystybashi
mount-00056,43.632813825797314,41.61754131317139,2349,Джелтмес,regular,ridge_mystybashi
mount-00610,43.525230668183866,41.47437572479248,2341,,regular,ridge_mystybashi
mount-00843,43.61394122688816,41.76706910133362,2326,,regular,ridge_mystybashi
mount-00842,43.57521444585572,41.6856050491333,2324,,regular,ridge_mystybashi
mount-01458,43.626974049628274,41.47862434387207,2318,,regular,ridge_mystybashi
mount-01833,43.624310239894726,41.483999490737915,2316,,regular,ridge_mystybashi
mount-01815,43.54514983223186,41.44251108169556,2296,,regular,ridge_mystybashi
mount-01831,43.62396851815021,41.48908495903015,2289,,regular,ridge_mystybashi
mount-00656,43.506884596913494,41.52539134025574,2280,,regular,ridge_mystybashi
mount-00841,43.599180746621556,41.75586819648743,2269,,regular,ridge_mystybashi
mount-01827,43.59121635192798,41.673288345336914,2260,,regular,ridge_mystybashi
mount-01832,43.62756426554725,41.51635766029358,2256,,regular,ridge_mystybashi
mount-00601,43.6277195845627,41.5033757686615,2253,,regular,ridge_mystybashi
mount-00840,43.58653823560698,41.67435050010681,2251,,regular,ridge_mystybashi
mount-00839,43.589429074659535,41.745922565460205,2227,,regular,ridge_mystybashi
mount-00838,43.608379281708665,41.75472021102905,2211,,regular,ridge_mystybashi
mount-01632,43.63091130146256,41.52688264846802,2203,,regular,ridge_mystybashi
mount-00600,43.59273938110607,41.53328776359558,2157,,regular,ridge_mystybashi
mount-00607,43.57854885088793,41.45916223526001,2130,,regular,ridge_mystybashi
mount-00605,43.594728585659425,41.464054584503174,2128,,regular,ridge_mystybashi
mount-00599,43.618135649763104,41.50166988372803,2096,,regular,ridge_mystybashi
mount-00834,43.54657293334759,41.61352872848511,2081,,regular,ridge_mystybashi
mount-00832,43.59866017936244,41.74131989479065,2052,,regular,ridge_mystybashi
mount-01934,43.64922739104708,41.50857925415039,2023,,regular,ridge_mystybashi
mount-01829,43.59629037596707,41.72438979148865,2014,,regular,ridge_mystybashi
mount-00598,43.645190411461556,41.47220849990845,2009,,regular,ridge_mystybashi
mount-00827,43.60946685334309,41.73476457595825,2003,,regular,ridge_mystybashi
mount-01943,43.60429294397139,41.68168902397156,2001,,regular,ridge_mystybashi
mount-00828,43.58758734647449,41.70440196990967,1996,,regular,ridge_mystybashi
mount-00826,43.56225592580756,41.61798119544983,1973,,regular,ridge_mystybashi
mount-00597,43.60701202089649,41.54560446739197,1957,,regular,ridge_mystybashi
mount-00825,43.580740596973726,41.71954035758972,1934,,regular,ridge_mystybashi
mount-01830,43.59964692243395,41.69279336929321,1932,,regular,ridge_mystybashi
mount-00820,43.62098613683824,41.74078345298767,1845,,regular,ridge_mystybashi
mount-00818,43.543431178995235,41.59301519393921,1828,,regular,ridge_mystybashi
mount-00057,43.68774360338,41.56519532203674,1807,Ожум,regular,ridge_mystybashi
mount-00604,43.52812444993805,41.44983887672424,1805,,regular,ridge_mystybashi
hill-00391,43.60531843884743,41.71404719352722,1764,,regular,ridge_mystybashi
hill-00354,43.696626063326505,41.47197246551514,1604,,regular,ridge_mystybashi
hill-00780,43.92868452358579,41.60114765167236,1595,Джисса,regular,ridge_mystybashi
hill-00440,43.90741615791649,41.79247498512268,1556,Джангур,regular,ridge_mystybashi
hill-00378,43.624931547180836,41.70138716697693,1523,,regular,ridge_mystybashi
hill-00333,43.76646844553332,41.47321701049805,1388,,regular,ridge_mystybashi
hill-00331,43.78737661986315,41.48096323013306,1334,,regular,ridge_mystybashi
hill-00328,43.799233471987264,41.48193955421448,1315,,regular,ridge_mystybashi
hill-00393,43.738259107231954,41.865495443344116,1301,,regular,ridge_mystybashi
hill-00587,44.05584977738951,41.694488525390625,1228,Крейда,regular,ridge_mystybashi
hill-00584,44.00547167643069,41.539446115493774,1094,,regular,ridge_mystybashi
hill-00582,44.091707742733604,41.699241399765015,1073,,regular,ridge_mystybashi
hill-00133,44.08874095849404,41.72241568565369,1058,,regular,ridge_mystybashi
hill-00612,44.04601047648677,41.69944524765015,1044,,regular,ridge_mystybashi
hill-00580,44.106077201416895,41.698243618011475,1021,,regular,ridge_mystybashi
hill-00089,44.11209361560503,41.5992271900177,995,,regular,ridge_mystybashi
hill-00441,43.97395493226267,41.877994537353516,943,Гора-кольцо,regular,ridge_mystybashi
hill-00583,44.11526720067084,41.69957399368286,934,,regular,ridge_mystybashi
hill-00088,44.09698593895837,41.67044520378113,874,,regular,ridge_mystybashi
hill-00569,44.10200171511033,41.68316960334778,865,,regular,ridge_mystybashi
hill-00573,44.13131738371504,41.70414447784424,800,,regular,ridge_mystybashi
hill-00572,44.119511219177554,41.67540192604065,788,,regular,ridge_mystybashi
hill-00570,44.1106685280312,41.615052223205566,745,,regular,ridge_mystybashi
hill-00628,44.150819724553116,41.69493913650513,654,,regular,ridge_mystybashi
hill-00135,44.16952298237007,41.71661138534546,646,,regular,ridge_mystybashi
hill-00623,44.16833015324437,41.703951358795166,631,,regular,ridge_mystybashi
hill-00132,44.17986495379523,41.713961362838745,621,,regular,ridge_mystybashi
hill-00631,44.191035938287655,41.72406792640686,612,,regular,ridge_mystybashi
hill-00630,44.18235014237962,41.706000566482544,608,,regular,ridge_mystybashi
rock-00824,43.42846588600307,41.24016523361206,3290,Надежда,regular,ridge_sofia
rock-00009,43.439435516916376,41.229329109191895,3236,Горда,regular,ridge_sofia
rock-00031,43.42973590953582,41.22724771499634,3218,,regular,ridge_sofia
rock-00029,43.43501050735918,41.234307289123535,3216,Калайтан,regular,ridge_sofia
rock-00012,43.46449148027597,41.208558082580566,3205,БСД,regular,ridge_sofia
rock-00821,43.45147021730867,41.21794581413269,3203,Мингикёльбаши,regular,ridge_sofia
mount-00060,43.46766070544402,41.20801091194153,3165,,regular,ridge_sofia
mount-01588,43.44155442099313,41.227558851242065,3155,,regular,ridge_sofia
mount-00101,43.44594779445271,41.22294545173645,3154,Архызских Спасателей,regular,ridge_sofia
mount-00059,43.44763806768597,41.22443675994873,3130,Кёль,regular,ridge_sofia
mount-00559,43.43562597700577,41.24072313308716,3110,,regular,ridge_sofia
mount-01870,43.471468227977624,41.21174454689026,3108,,regular,ridge_sofia
mount-00103,43.46014617915051,41.2152636051178,3097,Батак,regular,ridge_sofia
mount-01893,43.45419619221005,41.223299503326416,3084,,regular,ridge_sofia
mount-01213,43.468704099485166,41.21139049530029,3054,40-лет НРБ,regular,ridge_sofia
mount-01211,43.462497975881575,41.201616525650024,3000,,regular,ridge_sofia
mount-00091,43.468525010743605,41.194599866867065,2996,Орленок Восточный,regular,ridge_sofia
mount-01212,43.46949052637339,41.19305491447449,2992,Орленок Центральный,regular,ridge_sofia
mount-01871,43.46197622754971,41.200844049453735,2987,,regular,ridge_sofia
mount-00105,43.463689414145904,41.19640231132507,2961,,regular,ridge_sofia
mount-00885,43.45885343072638,41.22991919517517,2937,Пештера,regular,ridge_sofia
mount-00548,43.4310214890383,41.217591762542725,2884,,regular,ridge_sofia
mount-00102,43.450200649918,41.23918890953064,2876,,regular,ridge_sofia
mount-00104,43.46204631340834,41.22777342796326,2837,КЧАО,regular,ridge_sofia
mount-00106,43.47589057062686,41.222301721572876,2793,,regular,ridge_sofia
mount-00586,43.41442372739081,41.22195839881897,2672,,regular,ridge_sofia
mount-00892,43.45647812814127,41.18898868560791,2615,,regular,ridge_sofia
mount-00061,43.48608096954712,41.21796727180481,2595,,regular,ridge_sofia
mount-01439,43.417463094482656,41.20650887489319,2485,,regular,ridge_sofia
peak-00130,42.99364607834514,43.39574933052063,4463,Гюльчи,regular,ridge_sugan
peak-00009,42.9733964891812,43.44459772109985,4445,Сугантау,regular,ridge_sugan
peak-00070,42.97531970189698,43.45259070396423,4391,,regular,ridge_sugan
peak-00010,42.97580638292578,43.45168948173523,4386,Суган Центральная,regular,ridge_sugan
peak-00008,42.96915735898651,43.45675349235535,4350,Суганбаши,regular,ridge_sugan
peak-00142,43.00146942352134,43.392112255096436,4297,Рцывашки,regular,ridge_sugan
peak-00003,42.96221711519817,43.497716188430786,4283,Нахашбита,regular,ridge_sugan
peak-00007,42.961667514926546,43.46665620803833,4264,Доппах Западная,regular,ridge_sugan
peak-00145,42.95749824441603,43.512500524520874,4213,Цухгартыком,regular,ridge_sugan
peak-00105,42.981559916685825,43.4434175491333,4127,,regular,ridge_sugan
peak-00140,42.98274509346285,43.51077318191528,4115,Пик Шевченко,regular,ridge_sugan
peak-00141,43.012147427208305,43.38917255401611,4114,Комсомола Украины,regular,ridge_sugan
peak-00006,42.960010832975456,43.47313642501831,4095,Доппах Центральная,regular,ridge_sugan
peak-00002,42.96332415226914,43.507447242736816,4094,Пик Габуева Махара,regular,ridge_sugan
peak-00132,42.9641720820851,43.4325385093689,4079,Суган Южный,regular,ridge_sugan
peak-00133,42.965930714075654,43.44112157821655,4059,,regular,ridge_sugan
peak-00005,42.962515467575315,43.479992151260376,4044,Доппах Восточная,regular,ridge_sugan
peak-00004,42.960034388007756,43.49082827568054,4027,Нахашбита Малая,regular,ridge_sugan
peak-00131,42.95504837178595,43.468040227890015,4017,Южный Доппах,regular,ridge_sugan
peak-00143,43.00267775513041,43.37820768356323,4002,,regular,ridge_sugan
rock-00022,42.992516044464736,43.46074461936951,3981,Пик Днепровской Правды,regular,ridge_sugan
rock-00663,42.98626909341064,43.385610580444336,3973,Ахсу,regular,ridge_sugan
rock-00654,42.96271175124491,43.42821478843689,3972,,regular,ridge_sugan
rock-00270,42.964658851328664,43.58200192451477,3956,Белягхох Южный,regular,ridge_sugan
rock-00021,42.98666935679813,43.4600043296814,3935,Пик Мориса Тореза,regular,ridge_sugan
rock-00020,42.95325016602749,43.522456884384155,3932,Галдор Главный,regular,ridge_sugan
rock-00274,42.98531159002684,43.40551257133484,3931,Советской милиции,regular,ridge_sugan
rock-00662,42.98526449931171,43.45892071723938,3915,,regular,ridge_sugan
rock-00271,42.97183432519901,43.43043565750122,3914,,regular,ridge_sugan
rock-00659,42.981034036228664,43.39018106460571,3914,,regular,ridge_sugan
rock-00805,43.018454501400186,43.39844226837158,3892,Нальчик,regular,ridge_sugan
rock-00652,42.95798506646307,43.432087898254395,3885,,regular,ridge_sugan
rock-00023,42.997451942389404,43.46496105194092,3871,Пик Днепропетровец,regular,ridge_sugan
rock-00661,42.98469155938835,43.382381200790405,3860,,regular,ridge_sugan
rock-00268,42.94502800579011,43.544933795928955,3849,Пик Уруймаговой,regular,ridge_sugan
rock-00279,43.02792958411911,43.399343490600586,3847,Мухол,regular,ridge_sugan
rock-00273,42.980688679451674,43.409578800201416,3842,,regular,ridge_sugan
rock-00277,42.99914684927572,43.521684408187866,3820,Псыганбаши,regular,ridge_sugan
rock-00278,43.023498125640856,43.39657545089722,3809,Измыльцы,regular,ridge_sugan
rock-00275,42.99082880243043,43.516706228256226,3802,Дыхкая,regular,ridge_sugan
rock-00656,42.964988596047306,43.42169165611267,3802,,regular,ridge_sugan
rock-00664,42.98730506388037,43.44620704650879,3797,,regular,ridge_sugan
rock-00651,42.954216021067,43.430821895599365,3790,Пик Солдат,regular,ridge_sugan
rock-00264,42.98426773737893,43.434544801712036,3777,,regular,ridge_sugan
rock-00272,42.97367123753722,43.424052000045776,3762,,regular,ridge_sugan
rock-00806,42.99505859147601,43.61255764961243,3760,Белягхох Северный,regular,ridge_sugan
rock-00269,42.95054883242892,43.57725977897644,3755,,regular,ridge_sugan
rock-00019,42.94586048076911,43.531683683395386,3738,Пик Боткина,regular,ridge_sugan
rock-00025,42.9939913623308,43.517210483551025,3735,Хазныбаши,regular,ridge_sugan
rock-00816,42.94490234821163,43.55660676956177,3735,Пик Загадок,regular,ridge_sugan
rock-00026,42.979063906765475,43.52699518203735,3734,Пик Зайдлера,regular,ridge_sugan
rock-00024,43.00082601647509,43.4600043296814,3705,Пик Заря,regular,ridge_sugan
rock-00018,42.944336885934405,43.540438413619995,3698,Пик Акритова,regular,ridge_sugan
rock-00267,42.94418766585616,43.5367476940155,3697,Пик Агибаловой,regular,ridge_sugan
rock-00819,42.942012153114916,43.567657470703125,3694,Айхва Западная,regular,ridge_sugan
rock-00265,42.988906074810245,43.43698024749756,3688,,regular,ridge_sugan
rock-00803,43.005831859421534,43.61915588378906,3665,,regular,ridge_sugan
rock-00660,42.98046105687891,43.39672565460205,3664,,regular,ridge_sugan
rock-00649,42.944973030631076,43.42723846435547,3660,,regular,ridge_sugan
rock-00665,42.98980073922593,43.379645347595215,3658,,regular,ridge_sugan
rock-00817,42.989910609396674,43.61065864562988,3623,,regular,ridge_sugan
rock-00804,43.03865787894807,43.3800745010376,3593,Сабалах,regular,ridge_sugan
rock-00658,42.975115608706346,43.38830351829529,3552,,regular,ridge_sugan
rock-00276,42.994234629428576,43.5034453868866,3543,Пик Белгород,regular,ridge_sugan
rock-00818,43.01748965515364,43.61826539039612,3459,,regular,ridge_sugan
rock-00760,42.97870284033786,43.369882106781006,3419,,regular,ridge_sugan
rock-00657,42.97011511394956,43.35728645324707,3229,,regular,ridge_sugan
mount-01355,42.9557943369208,43.3994722366333,3106,,regular,ridge_sugan
mount-01352,42.94066910867707,43.409610986709595,3072,,regular,ridge_sugan
mount-01357,42.96527908397792,43.348424434661865,2941,,regular,ridge_sugan
mount-01361,42.97425997988117,43.35061311721802,2806,,regular,ridge_sugan
mount-01363,42.98234480452376,43.356943130493164,2800,,regular,ridge_sugan
mount-01359,42.968937544267874,43.31905961036682,2480,,regular,ridge_sugan
mount-01360,42.97048408114446,43.324992656707764,2084,,regular,ridge_sugan
mount-01848,43.67744761313705,40.97742676734924,3121,Уруп,regular,ridge_zagedan
mount-00245,43.68564109936813,40.97651481628418,3093,,regular,ridge_zagedan
mount-01612,43.68330575945171,40.97548484802246,3075,,regular,ridge_zagedan
mount-01447,43.65145537704447,40.97947597503662,3068,Загедан Скала,regular,ridge_zagedan
mount-00246,43.68675830624744,40.91715216636658,3061,Загедан,regular,ridge_zagedan
mount-00243,43.67135608626987,40.986149311065674,3032,,regular,ridge_zagedan
mount-01847,43.66167044960139,40.9754204750061,2991,,regular,ridge_zagedan
mount-00287,43.687526373906906,40.93857765197754,2943,,regular,ridge_zagedan
mount-01615,43.68090049706464,40.93723654747009,2937,,regular,ridge_zagedan
mount-01855,43.7143870364913,40.92130422592163,2901,,regular,ridge_zagedan
mount-00086,43.680784110954846,40.91637969017029,2899,,regular,ridge_zagedan
mount-00248,43.70727552305422,40.91788172721863,2894,,regular,ridge_zagedan
mount-00290,43.616434613530544,41.051262617111206,2886,,regular,ridge_zagedan
mount-01614,43.674367007404925,40.93187212944031,2859,,regular,ridge_zagedan
mount-00242,43.6554065496378,40.97682595252991,2853,,regular,ridge_zagedan
mount-00109,43.67872791912109,40.92285990715027,2852,,regular,ridge_zagedan
mount-01733,43.6629976604853,40.9695839881897,2849,Седая Малая,regular,ridge_zagedan
mount-00289,43.59914966810561,41.07367515563965,2839,Речепста Малая,regular,ridge_zagedan
mount-00247,43.69994598130893,40.912946462631226,2827,,regular,ridge_zagedan
mount-00249,43.7103466836289,40.929908752441406,2825,,regular,ridge_zagedan
mount-01853,43.719187024888356,40.923203229904175,2819,,regular,ridge_zagedan
mount-00251,43.69539268248133,40.91676592826843,2803,,regular,ridge_zagedan
mount-00226,43.671177599088736,40.94448924064636,2797,,regular,ridge_zagedan
mount-01849,43.643521196391475,40.962181091308594,2797,,regular,ridge_zagedan
mount-00230,43.609389170307054,41.04792594909668,2795,,regular,ridge_zagedan
mount-00250,43.70183856256304,40.90531826019287,2794,,regular,ridge_zagedan
mount-01629,43.61547921591318,41.03461146354675,2790,,regular,ridge_zagedan
mount-01694,43.71039321515471,40.936195850372314,2778,,regular,ridge_zagedan
mount-00232,43.6193861525571,41.028571128845215,2775,,regular,ridge_zagedan
mount-00253,43.66064591587042,40.96301794052124,2772,,regular,ridge_zagedan
mount-01616,43.65365223004352,40.99727511405945,2750,,regular,ridge_zagedan
mount-01923,43.64622297244742,40.965152978897095,2749,,regular,ridge_zagedan
mount-00231,43.60709747560776,41.06213092803955,2743,,regular,ridge_zagedan
mount-01510,43.57785711304203,40.853283405303955,2737,,regular,ridge_zagedan
mount-01295,43.593438718326496,41.07644319534302,2728,Пастбищная,regular,ridge_zagedan
mount-00955,43.64877712599821,40.956419706344604,2725,Шхуанта 2830 м,regular,ridge_zagedan
mount-00412,43.62340933292381,41.0184109210968,2707,,regular,ridge_zagedan
mount-00227,43.632611928112254,40.974390506744385,2704,,regular,ridge_zagedan
mount-01333,43.62258607854156,41.02901101112366,2703,,regular,ridge_zagedan
mount-01564,43.6138790850907,40.83790898323059,2700,,regular,ridge_zagedan
mount-00252,43.68943486308541,40.89678883552551,2698,,regular,ridge_zagedan
mount-01604,43.65357460409871,40.972867012023926,2697,,regular,ridge_zagedan
mount-00228,43.62726139231276,40.974111557006836,2681,,regular,ridge_zagedan
mount-01885,43.71626365285283,40.94157099723816,2679,,regular,ridge_zagedan
mount-01930,43.702319454838175,40.98220109939575,2677,,regular,ridge_zagedan
mount-00094,43.62495484607916,40.993874073028564,2674,,regular,ridge_zagedan
mount-01606,43.66468185661677,40.964627265930176,2672,,regular,ridge_zagedan
mount-00328,43.62632946509618,40.9794545173645,2671,,regular,ridge_zagedan
mount-01857,43.73563899401009,40.94829797744751,2669,,regular,ridge_zagedan
mount-00307,43.73365445325777,40.95070123672485,2668,,regular,ridge_zagedan
mount-00448,43.7247929865392,40.949950218200684,2664,,regular,ridge_zagedan
mount-00095,43.623626794463235,40.999603271484375,2647,,regular,ridge_zagedan
mount-00306,43.7190784672035,40.94758987426758,2643,,regular,ridge_zagedan
mount-00308,43.74177049930003,40.96185922622681,2626,,regular,ridge_zagedan
mount-01469,43.74545220137054,40.962642431259155,2623,,regular,ridge_zagedan
mount-00204,43.581510020827295,40.86982727050781,2614,,regular,ridge_zagedan
mount-00415,43.689838275787366,40.890501737594604,2612,,regular,ridge_zagedan
mount-00229,43.64612980977864,40.944392681121826,2609,,regular,ridge_zagedan
mount-00430,43.69654073590877,40.98269462585449,2606,,regular,ridge_zagedan
mount-00309,43.745614966130375,40.96659064292908,2603,,regular,ridge_zagedan
mount-01846,43.646587858175536,40.93382477760315,2603,,regular,ridge_zagedan
mount-01541,43.602459439867545,40.83065629005432,2585,,regular,ridge_zagedan
mount-01608,43.68360059143211,40.9909451007843,2569,,regular,ridge_zagedan
mount-01330,43.627222562300545,41.031575202941895,2560,,regular,ridge_zagedan
mount-01607,43.652394677383626,40.957127809524536,2528,,regular,ridge_zagedan
mount-00085,43.66910555687775,40.902099609375,2491,Чистоган,regular,ridge_zagedan
mount-01858,43.68460145760966,40.88613510131836,2491,,regular,ridge_zagedan
mount-00283,43.6718682639295,40.911498069763184,2477,,regular,ridge_zagedan
mount-00880,43.703645766767494,40.94772934913635,2476,,regular,ridge_zagedan
mount-01455,43.631757738093285,40.954145193099976,2476,,regular,ridge_zagedan
mount-01856,43.7089584764947,40.981364250183105,2462,,regular,ridge_zagedan
mount-00447,43.717752496751444,40.984861850738525,2420,,regular,ridge_zagedan
mount-00256,43.62885340121687,40.84449648857117,2379,Мамхурц,regular,ridge_zagedan
mount-00410,43.566562785864846,41.06271028518677,2298,,regular,ridge_zagedan
mount-00424,43.6406018994831,40.841771364212036,2246,,regular,ridge_zagedan
mount-00414,43.67894518045557,40.89380621910095,2226,,regular,ridge_zagedan
mount-00409,43.5957464734949,41.10652685165405,2211,,regular,ridge_zagedan
mount-00063,43.555033081305055,41.089521646499634,2201,Дукка,regular,ridge_zagedan
mount-01453,43.618881294311024,40.96833944320679,2170,,regular,ridge_zagedan
mount-00408,43.57458485215517,41.08511209487915,2092,,regular,ridge_zagedan
mount-00407,43.57132018667318,41.09511137008667,2065,,regular,ridge_zagedan
mount-01772,43.59160488344153,40.89741110801697,1997,,regular,ridge_zagedan
mount-00276,43.6755697816109,40.87717652320862,1990,,regular,ridge_zagedan
mount-00431,43.63716999141013,40.91854691505432,1958,,regular,ridge_zagedan
hill-00349,43.61909877222905,40.92579960823059,1673,,regular,ridge_zagedan
hill-00350,43.643086416480514,40.8910596370697,1378,,regular,ridge_zagedan
