{"type":"FeatureCollection","features":[{"type":"Feature","properties":{"id":"mount-5000-0001","type":"five_thousander","longitude":43.213466,"latitude":43.050027,"elevation_m":5105,"name":"Коштантау"},"geometry":{"type":"Point","coordinates":[43.213466,43.050027]}},{"type":"Feature","properties":{"id":"mount-5000-0002","type":"five_thousander","longitude":43.05748,"latitude":43.018313,"elevation_m":5034,"name":"მთავარი ჯანღა"},"geometry":{"type":"Point","coordinates":[43.05748,43.018313]}},{"type":"Feature","properties":{"id":"mount-5000-0003","type":"five_thousander","longitude":43.133183,"latitude":43.052215,"elevation_m":5001,"name":"Дыхтау"},"geometry":{"type":"Point","coordinates":[43.133183,43.052215]}},{"type":"Feature","properties":{"id":"mount-5000-0004","type":"five_thousander","longitude":43.11313,"latitude":42.999312,"elevation_m":5022,"name":"Шхара"},"geometry":{"type":"Point","coordinates":[43.11313,42.999312]}},{"type":"Feature","properties":{"id":"mount-main-0001","type":"main_mountain","longitude":43.15419,"latitude":43.0445,"elevation_m":4757,"name":"Восточный Мижирги"},"geometry":{"type":"Point","coordinates":[43.15419,43.0445]}},{"type":"Feature","properties":{"id":"mount-main-0002","type":"main_mountain","longitude":43.145092,"latitude":43.033216,"elevation_m":4409,"name":"Башхаузбаши"},"geometry":{"type":"Point","coordinates":[43.145092,43.033216]}},{"type":"Feature","properties":{"id":"mount-main-0003","type":"main_mountain","longitude":43.135478,"latitude":43.049384,"elevation_m":4963,"name":"Восточная Дыхтау"},"geometry":{"type":"Point","coordinates":[43.135478,43.049384]}},{"type":"Feature","properties":{"id":"mount-main-0004","type":"main_mountain","longitude":43.150295,"latitude":43.044923,"elevation_m":4853,"name":"Мижирги"},"geometry":{"type":"Point","coordinates":[43.150295,43.044923]}},{"type":"Feature","properties":{"id":"mount-main-0005","type":"main_mountain","longitude":43.201042,"latitude":43.048875,"elevation_m":4663,"name":"Тихонова"},"geometry":{"type":"Point","coordinates":[43.201042,43.048875]}},{"type":"Feature","properties":{"id":"mount-main-0006","type":"main_mountain","longitude":43.217597,"latitude":43.061528,"elevation_m":4371,"name":"Птица"},"geometry":{"type":"Point","coordinates":[43.217597,43.061528]}},{"type":"Feature","properties":{"id":"mount-main-0007","type":"main_mountain","longitude":43.139695,"latitude":43.048679,"elevation_m":4864,"name":"Пушкина"},"geometry":{"type":"Point","coordinates":[43.139695,43.048679]}},{"type":"Feature","properties":{"id":"mount-main-0008","type":"main_mountain","longitude":43.148031,"latitude":43.045448,"elevation_m":4894,"name":"Боровикова"},"geometry":{"type":"Point","coordinates":[43.148031,43.045448]}},{"type":"Feature","properties":{"id":"mount-main-0009","type":"main_mountain","longitude":43.051482,"latitude":43.019035,"elevation_m":4970,"name":"Западная Джанги"},"geometry":{"type":"Point","coordinates":[43.051482,43.019035]}},{"type":"Feature","properties":{"id":"mount-main-0010","type":"main_mountain","longitude":43.217887,"latitude":43.055891,"elevation_m":4641,"name":"Ледовый Купол"},"geometry":{"type":"Point","coordinates":[43.217887,43.055891]}},{"type":"Feature","properties":{"id":"mount-main-0011","type":"main_mountain","longitude":43.120458,"latitude":42.989126,"elevation_m":4523,"name":"Ушгули"},"geometry":{"type":"Point","coordinates":[43.120458,42.989126]}},{"type":"Feature","properties":{"id":"mount-main-0012","type":"main_mountain","longitude":43.025765,"latitude":43.048012,"elevation_m":4799,"name":"Гестола"},"geometry":{"type":"Point","coordinates":[43.025765,43.048012]}},{"type":"Feature","properties":{"id":"mount-main-0013","type":"main_mountain","longitude":43.044444,"latitude":43.024808,"elevation_m":4766,"name":""},"geometry":{"type":"Point","coordinates":[43.044444,43.024808]}},{"type":"Feature","properties":{"id":"mount-main-0014","type":"main_mountain","longitude":43.070773,"latitude":43.012799,"elevation_m":4943,"name":"Восточная Джанги"},"geometry":{"type":"Point","coordinates":[43.070773,43.012799]}},{"type":"Feature","properties":{"id":"mount-main-0015","type":"main_mountain","longitude":43.089699,"latitude":42.998872,"elevation_m":4978,"name":"Шхара Западная"},"geometry":{"type":"Point","coordinates":[43.089699,42.998872]}},{"type":"Feature","properties":{"id":"mount-main-0016","type":"main_mountain","longitude":43.126767,"latitude":43.003141,"elevation_m":4726,"name":"Шхара Восточная"},"geometry":{"type":"Point","coordinates":[43.126767,43.003141]}},{"type":"Feature","properties":{"id":"mount-main-0017","type":"main_mountain","longitude":43.22544,"latitude":43.055405,"elevation_m":4410,"name":"Коштан Малый"},"geometry":{"type":"Point","coordinates":[43.22544,43.055405]}},{"type":"Feature","properties":{"id":"mount-main-0018","type":"main_mountain","longitude":41.720935,"latitude":43.251361,"elevation_m":3558,"name":"Малый Домбай-Ульген"},"geometry":{"type":"Point","coordinates":[41.720935,43.251361]}},{"type":"Feature","properties":{"id":"mount-main-0019","type":"main_mountain","longitude":41.721815,"latitude":43.239841,"elevation_m":3636,"name":"Западная Домбай-Ульген"},"geometry":{"type":"Point","coordinates":[41.721815,43.239841]}},{"type":"Feature","properties":{"id":"mount-main-0020","type":"main_mountain","longitude":41.713607,"latitude":43.225341,"elevation_m":3384,"name":"Южный Домбай-Ульген"},"geometry":{"type":"Point","coordinates":[41.713607,43.225341]}},{"type":"Feature","properties":{"id":"mount-main-0021","type":"main_mountain","longitude":41.725774,"latitude":43.243898,"elevation_m":3806,"name":"Домбай-Ульген главная"},"geometry":{"type":"Point","coordinates":[41.725774,43.243898]}},{"type":"Feature","properties":{"id":"mount-0003","type":"mountain","longitude":41.934804,"latitude":43.215975,"elevation_m":2977,"name":""},"geometry":{"type":"Point","coordinates":[41.934804,43.215975]}},{"type":"Feature","properties":{"id":"mount-0007","type":"mountain","longitude":41.932358,"latitude":43.188446,"elevation_m":3060,"name":""},"geometry":{"type":"Point","coordinates":[41.932358,43.188446]}},{"type":"Feature","properties":{"id":"mount-0014","type":"mountain","longitude":40.735492,"latitude":43.713526,"elevation_m":2114,"name":""},"geometry":{"type":"Point","coordinates":[40.735492,43.713526]}},{"type":"Feature","properties":{"id":"mount-0021","type":"mountain","longitude":40.72516,"latitude":43.675003,"elevation_m":2689,"name":""},"geometry":{"type":"Point","coordinates":[40.72516,43.675003]}},{"type":"Feature","properties":{"id":"mount-0022","type":"mountain","longitude":40.730138,"latitude":43.792899,"elevation_m":2881,"name":""},"geometry":{"type":"Point","coordinates":[40.730138,43.792899]}},{"type":"Feature","properties":{"id":"mount-0023","type":"mountain","longitude":41.895171,"latitude":43.466454,"elevation_m":3173,"name":""},"geometry":{"type":"Point","coordinates":[41.895171,43.466454]}},{"type":"Feature","properties":{"id":"mount-0029","type":"mountain","longitude":40.725846,"latitude":43.583655,"elevation_m":2886,"name":""},"geometry":{"type":"Point","coordinates":[40.725846,43.583655]}},{"type":"Feature","properties":{"id":"mount-0036","type":"mountain","longitude":40.746017,"latitude":43.606507,"elevation_m":3183,"name":""},"geometry":{"type":"Point","coordinates":[40.746017,43.606507]}},{"type":"Feature","properties":{"id":"mount-0038","type":"mountain","longitude":40.724366,"latitude":43.504083,"elevation_m":2220,"name":""},"geometry":{"type":"Point","coordinates":[40.724366,43.504083]}},{"type":"Feature","properties":{"id":"mount-0040","type":"mountain","longitude":40.726951,"latitude":43.645928,"elevation_m":2620,"name":""},"geometry":{"type":"Point","coordinates":[40.726951,43.645928]}},{"type":"Feature","properties":{"id":"mount-0044","type":"mountain","longitude":42.898479,"latitude":43.377534,"elevation_m":2045,"name":""},"geometry":{"type":"Point","coordinates":[42.898479,43.377534]}},{"type":"Feature","properties":{"id":"mount-0047","type":"mountain","longitude":41.96448,"latitude":43.233096,"elevation_m":3146,"name":""},"geometry":{"type":"Point","coordinates":[41.96448,43.233096]}},{"type":"Feature","properties":{"id":"mount-0050","type":"mountain","longitude":41.067495,"latitude":43.529159,"elevation_m":2627,"name":""},"geometry":{"type":"Point","coordinates":[41.067495,43.529159]}},{"type":"Feature","properties":{"id":"mount-0056","type":"mountain","longitude":41.617541,"latitude":43.632814,"elevation_m":2349,"name":""},"geometry":{"type":"Point","coordinates":[41.617541,43.632814]}},{"type":"Feature","properties":{"id":"mount-0057","type":"mountain","longitude":41.565195,"latitude":43.687744,"elevation_m":1807,"name":""},"geometry":{"type":"Point","coordinates":[41.565195,43.687744]}},{"type":"Feature","properties":{"id":"mount-0066","type":"mountain","longitude":42.595561,"latitude":43.597502,"elevation_m":2272,"name":""},"geometry":{"type":"Point","coordinates":[42.595561,43.597502]}},{"type":"Feature","properties":{"id":"mount-0067","type":"mountain","longitude":41.194257,"latitude":43.586507,"elevation_m":3145,"name":""},"geometry":{"type":"Point","coordinates":[41.194257,43.586507]}},{"type":"Feature","properties":{"id":"mount-0069","type":"mountain","longitude":41.15736,"latitude":43.594216,"elevation_m":3035,"name":""},"geometry":{"type":"Point","coordinates":[41.15736,43.594216]}},{"type":"Feature","properties":{"id":"mount-0071","type":"mountain","longitude":41.244586,"latitude":43.547312,"elevation_m":2231,"name":""},"geometry":{"type":"Point","coordinates":[41.244586,43.547312]}},{"type":"Feature","properties":{"id":"mount-0080","type":"mountain","longitude":41.096077,"latitude":43.506643,"elevation_m":3000,"name":""},"geometry":{"type":"Point","coordinates":[41.096077,43.506643]}},{"type":"Feature","properties":{"id":"mount-0084","type":"mountain","longitude":43.302462,"latitude":43.405328,"elevation_m":2259,"name":""},"geometry":{"type":"Point","coordinates":[43.302462,43.405328]}},{"type":"Feature","properties":{"id":"mount-0092","type":"mountain","longitude":43.648467,"latitude":43.069852,"elevation_m":2995,"name":""},"geometry":{"type":"Point","coordinates":[43.648467,43.069852]}},{"type":"Feature","properties":{"id":"mount-0096","type":"mountain","longitude":41.276107,"latitude":43.601613,"elevation_m":2918,"name":""},"geometry":{"type":"Point","coordinates":[41.276107,43.601613]}},{"type":"Feature","properties":{"id":"mount-0097","type":"mountain","longitude":40.982373,"latitude":43.775223,"elevation_m":2305,"name":""},"geometry":{"type":"Point","coordinates":[40.982373,43.775223]}},{"type":"Feature","properties":{"id":"mount-0100","type":"mountain","longitude":41.055007,"latitude":43.504745,"elevation_m":2843,"name":""},"geometry":{"type":"Point","coordinates":[41.055007,43.504745]}},{"type":"Feature","properties":{"id":"mount-0108","type":"mountain","longitude":43.109375,"latitude":43.407464,"elevation_m":2691,"name":""},"geometry":{"type":"Point","coordinates":[43.109375,43.407464]}},{"type":"Feature","properties":{"id":"mount-0110","type":"mountain","longitude":43.095106,"latitude":42.937747,"elevation_m":3004,"name":""},"geometry":{"type":"Point","coordinates":[43.095106,42.937747]}},{"type":"Feature","properties":{"id":"mount-0115","type":"mountain","longitude":40.764921,"latitude":43.625242,"elevation_m":3190,"name":""},"geometry":{"type":"Point","coordinates":[40.764921,43.625242]}},{"type":"Feature","properties":{"id":"mount-0119","type":"mountain","longitude":40.75829,"latitude":43.649328,"elevation_m":2917,"name":""},"geometry":{"type":"Point","coordinates":[40.75829,43.649328]}},{"type":"Feature","properties":{"id":"mount-0125","type":"mountain","longitude":41.668997,"latitude":43.432868,"elevation_m":3027,"name":""},"geometry":{"type":"Point","coordinates":[41.668997,43.432868]}},{"type":"Feature","properties":{"id":"mount-0132","type":"mountain","longitude":41.707213,"latitude":43.49051,"elevation_m":2590,"name":""},"geometry":{"type":"Point","coordinates":[41.707213,43.49051]}},{"type":"Feature","properties":{"id":"mount-0135","type":"mountain","longitude":40.76108,"latitude":43.568934,"elevation_m":2708,"name":""},"geometry":{"type":"Point","coordinates":[40.76108,43.568934]}},{"type":"Feature","properties":{"id":"mount-0139","type":"mountain","longitude":40.910028,"latitude":43.529081,"elevation_m":2715,"name":""},"geometry":{"type":"Point","coordinates":[40.910028,43.529081]}},{"type":"Feature","properties":{"id":"mount-0143","type":"mountain","longitude":40.935069,"latitude":43.556674,"elevation_m":2513,"name":""},"geometry":{"type":"Point","coordinates":[40.935069,43.556674]}},{"type":"Feature","properties":{"id":"mount-0152","type":"mountain","longitude":40.809628,"latitude":43.567255,"elevation_m":2663,"name":""},"geometry":{"type":"Point","coordinates":[40.809628,43.567255]}},{"type":"Feature","properties":{"id":"mount-0172","type":"mountain","longitude":41.130044,"latitude":43.497865,"elevation_m":3113,"name":""},"geometry":{"type":"Point","coordinates":[41.130044,43.497865]}},{"type":"Feature","properties":{"id":"mount-0176","type":"mountain","longitude":41.075156,"latitude":43.478647,"elevation_m":2955,"name":""},"geometry":{"type":"Point","coordinates":[41.075156,43.478647]}},{"type":"Feature","properties":{"id":"mount-0178","type":"mountain","longitude":41.095862,"latitude":43.459103,"elevation_m":2969,"name":""},"geometry":{"type":"Point","coordinates":[41.095862,43.459103]}},{"type":"Feature","properties":{"id":"mount-0179","type":"mountain","longitude":41.031489,"latitude":43.537241,"elevation_m":3018,"name":""},"geometry":{"type":"Point","coordinates":[41.031489,43.537241]}},{"type":"Feature","properties":{"id":"mount-0189","type":"mountain","longitude":41.774397,"latitude":43.434379,"elevation_m":2812,"name":""},"geometry":{"type":"Point","coordinates":[41.774397,43.434379]}},{"type":"Feature","properties":{"id":"mount-0191","type":"mountain","longitude":41.959941,"latitude":43.400519,"elevation_m":2945,"name":""},"geometry":{"type":"Point","coordinates":[41.959941,43.400519]}},{"type":"Feature","properties":{"id":"mount-0192","type":"mountain","longitude":41.815714,"latitude":43.488891,"elevation_m":3050,"name":""},"geometry":{"type":"Point","coordinates":[41.815714,43.488891]}},{"type":"Feature","properties":{"id":"mount-0196","type":"mountain","longitude":40.737627,"latitude":43.753241,"elevation_m":2547,"name":""},"geometry":{"type":"Point","coordinates":[40.737627,43.753241]}},{"type":"Feature","properties":{"id":"mount-0199","type":"mountain","longitude":41.808289,"latitude":43.522788,"elevation_m":2153,"name":""},"geometry":{"type":"Point","coordinates":[41.808289,43.522788]}},{"type":"Feature","properties":{"id":"mount-0201","type":"mountain","longitude":41.922809,"latitude":43.412561,"elevation_m":3178,"name":""},"geometry":{"type":"Point","coordinates":[41.922809,43.412561]}},{"type":"Feature","properties":{"id":"mount-0209","type":"mountain","longitude":41.556655,"latitude":43.475501,"elevation_m":2795,"name":""},"geometry":{"type":"Point","coordinates":[41.556655,43.475501]}},{"type":"Feature","properties":{"id":"mount-0210","type":"mountain","longitude":41.567223,"latitude":43.501593,"elevation_m":2730,"name":""},"geometry":{"type":"Point","coordinates":[41.567223,43.501593]}},{"type":"Feature","properties":{"id":"mount-0213","type":"mountain","longitude":41.531818,"latitude":43.451517,"elevation_m":2995,"name":""},"geometry":{"type":"Point","coordinates":[41.531818,43.451517]}},{"type":"Feature","properties":{"id":"mount-0214","type":"mountain","longitude":41.530874,"latitude":43.425598,"elevation_m":3170,"name":""},"geometry":{"type":"Point","coordinates":[41.530874,43.425598]}},{"type":"Feature","properties":{"id":"mount-0220","type":"mountain","longitude":41.428982,"latitude":43.552164,"elevation_m":2965,"name":""},"geometry":{"type":"Point","coordinates":[41.428982,43.552164]}},{"type":"Feature","properties":{"id":"mount-0222","type":"mountain","longitude":41.327176,"latitude":43.531874,"elevation_m":2906,"name":""},"geometry":{"type":"Point","coordinates":[41.327176,43.531874]}},{"type":"Feature","properties":{"id":"mount-0225","type":"mountain","longitude":41.369458,"latitude":43.517614,"elevation_m":2998,"name":""},"geometry":{"type":"Point","coordinates":[41.369458,43.517614]}},{"type":"Feature","properties":{"id":"mount-0230","type":"mountain","longitude":41.047926,"latitude":43.609389,"elevation_m":2795,"name":""},"geometry":{"type":"Point","coordinates":[41.047926,43.609389]}},{"type":"Feature","properties":{"id":"mount-0236","type":"mountain","longitude":41.189235,"latitude":43.61057,"elevation_m":2941,"name":""},"geometry":{"type":"Point","coordinates":[41.189235,43.61057]}},{"type":"Feature","properties":{"id":"mount-0238","type":"mountain","longitude":41.115818,"latitude":43.61071,"elevation_m":2965,"name":""},"geometry":{"type":"Point","coordinates":[41.115818,43.61071]}},{"type":"Feature","properties":{"id":"mount-0244","type":"mountain","longitude":41.004131,"latitude":43.677091,"elevation_m":2628,"name":""},"geometry":{"type":"Point","coordinates":[41.004131,43.677091]}},{"type":"Feature","properties":{"id":"mount-0254","type":"mountain","longitude":41.631092,"latitude":43.351131,"elevation_m":3005,"name":""},"geometry":{"type":"Point","coordinates":[41.631092,43.351131]}},{"type":"Feature","properties":{"id":"mount-0255","type":"mountain","longitude":41.624794,"latitude":43.453947,"elevation_m":3184,"name":""},"geometry":{"type":"Point","coordinates":[41.624794,43.453947]}},{"type":"Feature","properties":{"id":"mount-0256","type":"mountain","longitude":40.844496,"latitude":43.628853,"elevation_m":2379,"name":""},"geometry":{"type":"Point","coordinates":[40.844496,43.628853]}},{"type":"Feature","properties":{"id":"mount-0257","type":"mountain","longitude":40.845194,"latitude":43.487474,"elevation_m":2639,"name":""},"geometry":{"type":"Point","coordinates":[40.845194,43.487474]}},{"type":"Feature","properties":{"id":"mount-0258","type":"mountain","longitude":42.233999,"latitude":43.775812,"elevation_m":2306,"name":""},"geometry":{"type":"Point","coordinates":[42.233999,43.775812]}},{"type":"Feature","properties":{"id":"mount-0262","type":"mountain","longitude":42.227046,"latitude":43.43607,"elevation_m":2756,"name":""},"geometry":{"type":"Point","coordinates":[42.227046,43.43607]}},{"type":"Feature","properties":{"id":"mount-0268","type":"mountain","longitude":42.16733,"latitude":43.464133,"elevation_m":3038,"name":""},"geometry":{"type":"Point","coordinates":[42.16733,43.464133]}},{"type":"Feature","properties":{"id":"mount-0272","type":"mountain","longitude":42.403772,"latitude":43.494884,"elevation_m":2480,"name":""},"geometry":{"type":"Point","coordinates":[42.403772,43.494884]}},{"type":"Feature","properties":{"id":"mount-0277","type":"mountain","longitude":40.853208,"latitude":43.692251,"elevation_m":2085,"name":""},"geometry":{"type":"Point","coordinates":[40.853208,43.692251]}},{"type":"Feature","properties":{"id":"mount-0278","type":"mountain","longitude":40.789844,"latitude":43.721203,"elevation_m":2241,"name":""},"geometry":{"type":"Point","coordinates":[40.789844,43.721203]}},{"type":"Feature","properties":{"id":"mount-0284","type":"mountain","longitude":40.721844,"latitude":43.623262,"elevation_m":3114,"name":""},"geometry":{"type":"Point","coordinates":[40.721844,43.623262]}},{"type":"Feature","properties":{"id":"mount-0299","type":"mountain","longitude":41.044986,"latitude":43.64908,"elevation_m":3069,"name":""},"geometry":{"type":"Point","coordinates":[41.044986,43.64908]}},{"type":"Feature","properties":{"id":"mount-0303","type":"mountain","longitude":41.746438,"latitude":43.338132,"elevation_m":3141,"name":""},"geometry":{"type":"Point","coordinates":[41.746438,43.338132]}},{"type":"Feature","properties":{"id":"mount-0320","type":"mountain","longitude":42.441162,"latitude":43.704794,"elevation_m":2554,"name":""},"geometry":{"type":"Point","coordinates":[42.441162,43.704794]}},{"type":"Feature","properties":{"id":"mount-0322","type":"mountain","longitude":41.418704,"latitude":43.379187,"elevation_m":3123,"name":""},"geometry":{"type":"Point","coordinates":[41.418704,43.379187]}},{"type":"Feature","properties":{"id":"mount-0326","type":"mountain","longitude":41.268961,"latitude":43.531469,"elevation_m":2104,"name":""},"geometry":{"type":"Point","coordinates":[41.268961,43.531469]}},{"type":"Feature","properties":{"id":"mount-0327","type":"mountain","longitude":40.729172,"latitude":43.559177,"elevation_m":2658,"name":""},"geometry":{"type":"Point","coordinates":[40.729172,43.559177]}},{"type":"Feature","properties":{"id":"mount-0331","type":"mountain","longitude":40.848809,"latitude":43.857771,"elevation_m":2180,"name":""},"geometry":{"type":"Point","coordinates":[40.848809,43.857771]}},{"type":"Feature","properties":{"id":"mount-0336","type":"mountain","longitude":41.021619,"latitude":43.800163,"elevation_m":1898,"name":""},"geometry":{"type":"Point","coordinates":[41.021619,43.800163]}},{"type":"Feature","properties":{"id":"mount-0338","type":"mountain","longitude":41.004592,"latitude":43.821028,"elevation_m":2112,"name":""},"geometry":{"type":"Point","coordinates":[41.004592,43.821028]}},{"type":"Feature","properties":{"id":"mount-0345","type":"mountain","longitude":40.802246,"latitude":43.863155,"elevation_m":1878,"name":""},"geometry":{"type":"Point","coordinates":[40.802246,43.863155]}},{"type":"Feature","properties":{"id":"mount-0349","type":"mountain","longitude":40.76064,"latitude":43.855434,"elevation_m":1957,"name":""},"geometry":{"type":"Point","coordinates":[40.76064,43.855434]}},{"type":"Feature","properties":{"id":"mount-0361","type":"mountain","longitude":40.793964,"latitude":43.826539,"elevation_m":2555,"name":""},"geometry":{"type":"Point","coordinates":[40.793964,43.826539]}},{"type":"Feature","properties":{"id":"mount-0367","type":"mountain","longitude":41.207678,"latitude":43.760014,"elevation_m":1809,"name":""},"geometry":{"type":"Point","coordinates":[41.207678,43.760014]}},{"type":"Feature","properties":{"id":"mount-0373","type":"mountain","longitude":41.034751,"latitude":43.771931,"elevation_m":2021,"name":""},"geometry":{"type":"Point","coordinates":[41.034751,43.771931]}},{"type":"Feature","properties":{"id":"mount-0374","type":"mountain","longitude":40.98851,"latitude":43.742065,"elevation_m":2067,"name":""},"geometry":{"type":"Point","coordinates":[40.98851,43.742065]}},{"type":"Feature","properties":{"id":"mount-0375","type":"mountain","longitude":41.110443,"latitude":43.727863,"elevation_m":2091,"name":""},"geometry":{"type":"Point","coordinates":[41.110443,43.727863]}},{"type":"Feature","properties":{"id":"mount-0377","type":"mountain","longitude":40.900115,"latitude":43.756356,"elevation_m":2217,"name":""},"geometry":{"type":"Point","coordinates":[40.900115,43.756356]}},{"type":"Feature","properties":{"id":"mount-0380","type":"mountain","longitude":40.892841,"latitude":43.702731,"elevation_m":2383,"name":""},"geometry":{"type":"Point","coordinates":[40.892841,43.702731]}},{"type":"Feature","properties":{"id":"mount-0389","type":"mountain","longitude":41.18018,"latitude":43.731391,"elevation_m":2015,"name":""},"geometry":{"type":"Point","coordinates":[41.18018,43.731391]}},{"type":"Feature","properties":{"id":"mount-0392","type":"mountain","longitude":41.072978,"latitude":43.737554,"elevation_m":2131,"name":""},"geometry":{"type":"Point","coordinates":[41.072978,43.737554]}},{"type":"Feature","properties":{"id":"mount-0394","type":"mountain","longitude":41.134572,"latitude":43.712138,"elevation_m":2277,"name":""},"geometry":{"type":"Point","coordinates":[41.134572,43.712138]}},{"type":"Feature","properties":{"id":"mount-0399","type":"mountain","longitude":41.042583,"latitude":43.680264,"elevation_m":2613,"name":""},"geometry":{"type":"Point","coordinates":[41.042583,43.680264]}},{"type":"Feature","properties":{"id":"mount-0405","type":"mountain","longitude":41.075971,"latitude":43.621297,"elevation_m":3026,"name":""},"geometry":{"type":"Point","coordinates":[41.075971,43.621297]}},{"type":"Feature","properties":{"id":"mount-0408","type":"mountain","longitude":41.085112,"latitude":43.574585,"elevation_m":2092,"name":""},"geometry":{"type":"Point","coordinates":[41.085112,43.574585]}},{"type":"Feature","properties":{"id":"mount-0412","type":"mountain","longitude":41.018411,"latitude":43.623409,"elevation_m":2707,"name":""},"geometry":{"type":"Point","coordinates":[41.018411,43.623409]}},{"type":"Feature","properties":{"id":"mount-0414","type":"mountain","longitude":40.893806,"latitude":43.678945,"elevation_m":2226,"name":""},"geometry":{"type":"Point","coordinates":[40.893806,43.678945]}},{"type":"Feature","properties":{"id":"mount-0418","type":"mountain","longitude":40.800776,"latitude":43.659878,"elevation_m":2409,"name":""},"geometry":{"type":"Point","coordinates":[40.800776,43.659878]}},{"type":"Feature","properties":{"id":"mount-0423","type":"mountain","longitude":40.795723,"latitude":43.5089,"elevation_m":2650,"name":""},"geometry":{"type":"Point","coordinates":[40.795723,43.5089]}},{"type":"Feature","properties":{"id":"mount-0425","type":"mountain","longitude":41.145376,"latitude":43.680295,"elevation_m":2541,"name":""},"geometry":{"type":"Point","coordinates":[41.145376,43.680295]}},{"type":"Feature","properties":{"id":"mount-0433","type":"mountain","longitude":41.153122,"latitude":43.562209,"elevation_m":1994,"name":""},"geometry":{"type":"Point","coordinates":[41.153122,43.562209]}},{"type":"Feature","properties":{"id":"mount-0434","type":"mountain","longitude":41.192207,"latitude":43.662858,"elevation_m":2321,"name":""},"geometry":{"type":"Point","coordinates":[41.192207,43.662858]}},{"type":"Feature","properties":{"id":"mount-0443","type":"mountain","longitude":41.18018,"latitude":43.640905,"elevation_m":2906,"name":""},"geometry":{"type":"Point","coordinates":[41.18018,43.640905]}},{"type":"Feature","properties":{"id":"mount-0446","type":"mountain","longitude":43.069657,"latitude":43.353105,"elevation_m":2581,"name":""},"geometry":{"type":"Point","coordinates":[43.069657,43.353105]}},{"type":"Feature","properties":{"id":"mount-0453","type":"mountain","longitude":40.804714,"latitude":43.486423,"elevation_m":2201,"name":""},"geometry":{"type":"Point","coordinates":[40.804714,43.486423]}},{"type":"Feature","properties":{"id":"mount-0460","type":"mountain","longitude":40.872799,"latitude":43.46119,"elevation_m":2269,"name":""},"geometry":{"type":"Point","coordinates":[40.872799,43.46119]}},{"type":"Feature","properties":{"id":"mount-0461","type":"mountain","longitude":40.927602,"latitude":43.497429,"elevation_m":2492,"name":""},"geometry":{"type":"Point","coordinates":[40.927602,43.497429]}},{"type":"Feature","properties":{"id":"mount-0466","type":"mountain","longitude":41.008111,"latitude":43.43903,"elevation_m":2782,"name":""},"geometry":{"type":"Point","coordinates":[41.008111,43.43903]}},{"type":"Feature","properties":{"id":"mount-0470","type":"mountain","longitude":41.117556,"latitude":43.440098,"elevation_m":3111,"name":""},"geometry":{"type":"Point","coordinates":[41.117556,43.440098]}},{"type":"Feature","properties":{"id":"mount-0474","type":"mountain","longitude":41.057292,"latitude":43.437823,"elevation_m":2308,"name":""},"geometry":{"type":"Point","coordinates":[41.057292,43.437823]}},{"type":"Feature","properties":{"id":"mount-0475","type":"mountain","longitude":40.903848,"latitude":43.43099,"elevation_m":2278,"name":""},"geometry":{"type":"Point","coordinates":[40.903848,43.43099]}},{"type":"Feature","properties":{"id":"mount-0482","type":"mountain","longitude":40.991567,"latitude":43.499009,"elevation_m":2410,"name":""},"geometry":{"type":"Point","coordinates":[40.991567,43.499009]}},{"type":"Feature","properties":{"id":"mount-0488","type":"mountain","longitude":41.12483,"latitude":43.526055,"elevation_m":2626,"name":""},"geometry":{"type":"Point","coordinates":[41.12483,43.526055]}},{"type":"Feature","properties":{"id":"mount-0495","type":"mountain","longitude":41.051037,"latitude":43.403855,"elevation_m":2651,"name":""},"geometry":{"type":"Point","coordinates":[41.051037,43.403855]}},{"type":"Feature","properties":{"id":"mount-0507","type":"mountain","longitude":40.944167,"latitude":43.425747,"elevation_m":2797,"name":""},"geometry":{"type":"Point","coordinates":[40.944167,43.425747]}},{"type":"Feature","properties":{"id":"mount-0509","type":"mountain","longitude":40.984089,"latitude":43.46439,"elevation_m":2804,"name":""},"geometry":{"type":"Point","coordinates":[40.984089,43.46439]}},{"type":"Feature","properties":{"id":"mount-0514","type":"mountain","longitude":41.168615,"latitude":43.382688,"elevation_m":2926,"name":""},"geometry":{"type":"Point","coordinates":[41.168615,43.382688]}},{"type":"Feature","properties":{"id":"mount-0516","type":"mountain","longitude":41.204803,"latitude":43.374329,"elevation_m":3018,"name":""},"geometry":{"type":"Point","coordinates":[41.204803,43.374329]}},{"type":"Feature","properties":{"id":"mount-0520","type":"mountain","longitude":41.005611,"latitude":43.409825,"elevation_m":2240,"name":""},"geometry":{"type":"Point","coordinates":[41.005611,43.409825]}},{"type":"Feature","properties":{"id":"mount-0525","type":"mountain","longitude":41.030706,"latitude":43.462537,"elevation_m":2424,"name":""},"geometry":{"type":"Point","coordinates":[41.030706,43.462537]}},{"type":"Feature","properties":{"id":"mount-0534","type":"mountain","longitude":41.18503,"latitude":43.348962,"elevation_m":2185,"name":""},"geometry":{"type":"Point","coordinates":[41.18503,43.348962]}},{"type":"Feature","properties":{"id":"mount-0537","type":"mountain","longitude":41.200887,"latitude":43.488183,"elevation_m":2547,"name":""},"geometry":{"type":"Point","coordinates":[41.200887,43.488183]}},{"type":"Feature","properties":{"id":"mount-0543","type":"mountain","longitude":41.288756,"latitude":43.378392,"elevation_m":2740,"name":""},"geometry":{"type":"Point","coordinates":[41.288756,43.378392]}},{"type":"Feature","properties":{"id":"mount-0549","type":"mountain","longitude":41.401098,"latitude":43.455754,"elevation_m":2950,"name":""},"geometry":{"type":"Point","coordinates":[41.401098,43.455754]}},{"type":"Feature","properties":{"id":"mount-0554","type":"mountain","longitude":41.23523,"latitude":43.39705,"elevation_m":2959,"name":""},"geometry":{"type":"Point","coordinates":[41.23523,43.39705]}},{"type":"Feature","properties":{"id":"mount-0556","type":"mountain","longitude":41.323099,"latitude":43.335604,"elevation_m":2958,"name":""},"geometry":{"type":"Point","coordinates":[41.323099,43.335604]}},{"type":"Feature","properties":{"id":"mount-0561","type":"mountain","longitude":41.420828,"latitude":43.478016,"elevation_m":3149,"name":""},"geometry":{"type":"Point","coordinates":[41.420828,43.478016]}},{"type":"Feature","properties":{"id":"mount-0563","type":"mountain","longitude":41.194289,"latitude":43.54798,"elevation_m":1936,"name":""},"geometry":{"type":"Point","coordinates":[41.194289,43.54798]}},{"type":"Feature","properties":{"id":"mount-0565","type":"mountain","longitude":41.365371,"latitude":43.59514,"elevation_m":2155,"name":""},"geometry":{"type":"Point","coordinates":[41.365371,43.59514]}},{"type":"Feature","properties":{"id":"mount-0569","type":"mountain","longitude":41.378814,"latitude":43.56102,"elevation_m":2290,"name":""},"geometry":{"type":"Point","coordinates":[41.378814,43.56102]}},{"type":"Feature","properties":{"id":"mount-0571","type":"mountain","longitude":41.282308,"latitude":43.632309,"elevation_m":2307,"name":""},"geometry":{"type":"Point","coordinates":[41.282308,43.632309]}},{"type":"Feature","properties":{"id":"mount-0575","type":"mountain","longitude":41.337529,"latitude":43.633847,"elevation_m":2350,"name":""},"geometry":{"type":"Point","coordinates":[41.337529,43.633847]}},{"type":"Feature","properties":{"id":"mount-0590","type":"mountain","longitude":41.238395,"latitude":43.617747,"elevation_m":2860,"name":""},"geometry":{"type":"Point","coordinates":[41.238395,43.617747]}},{"type":"Feature","properties":{"id":"mount-0593","type":"mountain","longitude":41.224576,"latitude":43.580842,"elevation_m":3032,"name":""},"geometry":{"type":"Point","coordinates":[41.224576,43.580842]}},{"type":"Feature","properties":{"id":"mount-0600","type":"mountain","longitude":41.533288,"latitude":43.592739,"elevation_m":2157,"name":""},"geometry":{"type":"Point","coordinates":[41.533288,43.592739]}},{"type":"Feature","properties":{"id":"mount-0602","type":"mountain","longitude":41.568822,"latitude":43.591504,"elevation_m":2552,"name":""},"geometry":{"type":"Point","coordinates":[41.568822,43.591504]}},{"type":"Feature","properties":{"id":"mount-0603","type":"mountain","longitude":41.462435,"latitude":43.702537,"elevation_m":1833,"name":""},"geometry":{"type":"Point","coordinates":[41.462435,43.702537]}},{"type":"Feature","properties":{"id":"mount-0607","type":"mountain","longitude":41.459162,"latitude":43.578549,"elevation_m":2130,"name":""},"geometry":{"type":"Point","coordinates":[41.459162,43.578549]}},{"type":"Feature","properties":{"id":"mount-0614","type":"mountain","longitude":41.473689,"latitude":43.54466,"elevation_m":2547,"name":""},"geometry":{"type":"Point","coordinates":[41.473689,43.54466]}},{"type":"Feature","properties":{"id":"mount-0616","type":"mountain","longitude":41.229275,"latitude":43.65328,"elevation_m":2649,"name":""},"geometry":{"type":"Point","coordinates":[41.229275,43.65328]}},{"type":"Feature","properties":{"id":"mount-0619","type":"mountain","longitude":41.407127,"latitude":43.524585,"elevation_m":2785,"name":""},"geometry":{"type":"Point","coordinates":[41.407127,43.524585]}},{"type":"Feature","properties":{"id":"mount-0623","type":"mountain","longitude":41.821915,"latitude":43.419809,"elevation_m":3038,"name":""},"geometry":{"type":"Point","coordinates":[41.821915,43.419809]}},{"type":"Feature","properties":{"id":"mount-0628","type":"mountain","longitude":42.705842,"latitude":43.311713,"elevation_m":2905,"name":""},"geometry":{"type":"Point","coordinates":[42.705842,43.311713]}},{"type":"Feature","properties":{"id":"mount-0629","type":"mountain","longitude":41.242021,"latitude":43.359463,"elevation_m":3141,"name":""},"geometry":{"type":"Point","coordinates":[41.242021,43.359463]}},{"type":"Feature","properties":{"id":"mount-0630","type":"mountain","longitude":43.013041,"latitude":43.187898,"elevation_m":3177,"name":""},"geometry":{"type":"Point","coordinates":[43.013041,43.187898]}},{"type":"Feature","properties":{"id":"mount-0637","type":"mountain","longitude":41.300268,"latitude":43.446929,"elevation_m":2706,"name":""},"geometry":{"type":"Point","coordinates":[41.300268,43.446929]}},{"type":"Feature","properties":{"id":"mount-0640","type":"mountain","longitude":41.596824,"latitude":43.318715,"elevation_m":3099,"name":""},"geometry":{"type":"Point","coordinates":[41.596824,43.318715]}},{"type":"Feature","properties":{"id":"mount-0648","type":"mountain","longitude":41.567169,"latitude":43.283665,"elevation_m":2691,"name":""},"geometry":{"type":"Point","coordinates":[41.567169,43.283665]}},{"type":"Feature","properties":{"id":"mount-0653","type":"mountain","longitude":41.523331,"latitude":43.371396,"elevation_m":3147,"name":""},"geometry":{"type":"Point","coordinates":[41.523331,43.371396]}},{"type":"Feature","properties":{"id":"mount-0657","type":"mountain","longitude":41.702203,"latitude":43.532488,"elevation_m":2346,"name":""},"geometry":{"type":"Point","coordinates":[41.702203,43.532488]}},{"type":"Feature","properties":{"id":"mount-0658","type":"mountain","longitude":41.744485,"latitude":43.530015,"elevation_m":2340,"name":""},"geometry":{"type":"Point","coordinates":[41.744485,43.530015]}},{"type":"Feature","properties":{"id":"mount-0664","type":"mountain","longitude":41.913968,"latitude":43.508106,"elevation_m":2819,"name":""},"geometry":{"type":"Point","coordinates":[41.913968,43.508106]}},{"type":"Feature","properties":{"id":"mount-0671","type":"mountain","longitude":41.61678,"latitude":43.511359,"elevation_m":3092,"name":""},"geometry":{"type":"Point","coordinates":[41.61678,43.511359]}},{"type":"Feature","properties":{"id":"mount-0682","type":"mountain","longitude":41.5133,"latitude":43.252916,"elevation_m":2557,"name":""},"geometry":{"type":"Point","coordinates":[41.5133,43.252916]}},{"type":"Feature","properties":{"id":"mount-0685","type":"mountain","longitude":41.598648,"latitude":43.2733,"elevation_m":2830,"name":""},"geometry":{"type":"Point","coordinates":[41.598648,43.2733]}},{"type":"Feature","properties":{"id":"mount-0686","type":"mountain","longitude":41.549027,"latitude":43.317926,"elevation_m":2975,"name":""},"geometry":{"type":"Point","coordinates":[41.549027,43.317926]}},{"type":"Feature","properties":{"id":"mount-0699","type":"mountain","longitude":41.648258,"latitude":43.310393,"elevation_m":2044,"name":""},"geometry":{"type":"Point","coordinates":[41.648258,43.310393]}},{"type":"Feature","properties":{"id":"mount-0707","type":"mountain","longitude":41.705207,"latitude":43.356959,"elevation_m":2414,"name":""},"geometry":{"type":"Point","coordinates":[41.705207,43.356959]}},{"type":"Feature","properties":{"id":"mount-0710","type":"mountain","longitude":41.70261,"latitude":43.325466,"elevation_m":2442,"name":""},"geometry":{"type":"Point","coordinates":[41.70261,43.325466]}},{"type":"Feature","properties":{"id":"mount-0721","type":"mountain","longitude":41.622316,"latitude":43.199295,"elevation_m":2587,"name":""},"geometry":{"type":"Point","coordinates":[41.622316,43.199295]}},{"type":"Feature","properties":{"id":"mount-0723","type":"mountain","longitude":41.74574,"latitude":43.388864,"elevation_m":2722,"name":""},"geometry":{"type":"Point","coordinates":[41.74574,43.388864]}},{"type":"Feature","properties":{"id":"mount-0734","type":"mountain","longitude":41.814383,"latitude":43.291217,"elevation_m":2852,"name":""},"geometry":{"type":"Point","coordinates":[41.814383,43.291217]}},{"type":"Feature","properties":{"id":"mount-0736","type":"mountain","longitude":41.842214,"latitude":43.259112,"elevation_m":2850,"name":""},"geometry":{"type":"Point","coordinates":[41.842214,43.259112]}},{"type":"Feature","properties":{"id":"mount-0738","type":"mountain","longitude":41.669394,"latitude":43.205997,"elevation_m":2878,"name":""},"geometry":{"type":"Point","coordinates":[41.669394,43.205997]}},{"type":"Feature","properties":{"id":"mount-0742","type":"mountain","longitude":41.793022,"latitude":43.319698,"elevation_m":2958,"name":""},"geometry":{"type":"Point","coordinates":[41.793022,43.319698]}},{"type":"Feature","properties":{"id":"mount-0743","type":"mountain","longitude":41.689049,"latitude":43.284126,"elevation_m":3002,"name":""},"geometry":{"type":"Point","coordinates":[41.689049,43.284126]}},{"type":"Feature","properties":{"id":"mount-0775","type":"mountain","longitude":41.768475,"latitude":43.406903,"elevation_m":2631,"name":""},"geometry":{"type":"Point","coordinates":[41.768475,43.406903]}},{"type":"Feature","properties":{"id":"mount-0776","type":"mountain","longitude":41.982794,"latitude":43.331929,"elevation_m":2838,"name":""},"geometry":{"type":"Point","coordinates":[41.982794,43.331929]}},{"type":"Feature","properties":{"id":"mount-0782","type":"mountain","longitude":41.856827,"latitude":43.45119,"elevation_m":2879,"name":""},"geometry":{"type":"Point","coordinates":[41.856827,43.45119]}},{"type":"Feature","properties":{"id":"mount-0787","type":"mountain","longitude":41.93284,"latitude":43.381316,"elevation_m":2887,"name":""},"geometry":{"type":"Point","coordinates":[41.93284,43.381316]}},{"type":"Feature","properties":{"id":"mount-0793","type":"mountain","longitude":41.95521,"latitude":43.362411,"elevation_m":2964,"name":""},"geometry":{"type":"Point","coordinates":[41.95521,43.362411]}},{"type":"Feature","properties":{"id":"mount-0803","type":"mountain","longitude":41.939288,"latitude":43.315296,"elevation_m":3180,"name":""},"geometry":{"type":"Point","coordinates":[41.939288,43.315296]}},{"type":"Feature","properties":{"id":"mount-0806","type":"mountain","longitude":41.776189,"latitude":43.382688,"elevation_m":3170,"name":""},"geometry":{"type":"Point","coordinates":[41.776189,43.382688]}},{"type":"Feature","properties":{"id":"mount-0807","type":"mountain","longitude":41.905589,"latitude":43.602452,"elevation_m":1814,"name":""},"geometry":{"type":"Point","coordinates":[41.905589,43.602452]}},{"type":"Feature","properties":{"id":"mount-0811","type":"mountain","longitude":41.993469,"latitude":43.565568,"elevation_m":1937,"name":""},"geometry":{"type":"Point","coordinates":[41.993469,43.565568]}},{"type":"Feature","properties":{"id":"mount-0816","type":"mountain","longitude":42.203443,"latitude":43.6581,"elevation_m":1949,"name":""},"geometry":{"type":"Point","coordinates":[42.203443,43.6581]}},{"type":"Feature","properties":{"id":"mount-0819","type":"mountain","longitude":41.907864,"latitude":43.631921,"elevation_m":1816,"name":""},"geometry":{"type":"Point","coordinates":[41.907864,43.631921]}},{"type":"Feature","properties":{"id":"mount-0820","type":"mountain","longitude":41.740783,"latitude":43.620986,"elevation_m":1845,"name":""},"geometry":{"type":"Point","coordinates":[41.740783,43.620986]}},{"type":"Feature","properties":{"id":"mount-0822","type":"mountain","longitude":42.075351,"latitude":43.72225,"elevation_m":1880,"name":""},"geometry":{"type":"Point","coordinates":[42.075351,43.72225]}},{"type":"Feature","properties":{"id":"mount-0834","type":"mountain","longitude":41.613529,"latitude":43.546573,"elevation_m":2081,"name":""},"geometry":{"type":"Point","coordinates":[41.613529,43.546573]}},{"type":"Feature","properties":{"id":"mount-0836","type":"mountain","longitude":41.769644,"latitude":43.596422,"elevation_m":2202,"name":""},"geometry":{"type":"Point","coordinates":[41.769644,43.596422]}},{"type":"Feature","properties":{"id":"mount-0846","type":"mountain","longitude":41.721536,"latitude":43.56151,"elevation_m":2421,"name":""},"geometry":{"type":"Point","coordinates":[41.721536,43.56151]}},{"type":"Feature","properties":{"id":"mount-0847","type":"mountain","longitude":41.673406,"latitude":43.57209,"elevation_m":2449,"name":""},"geometry":{"type":"Point","coordinates":[41.673406,43.57209]}},{"type":"Feature","properties":{"id":"mount-0856","type":"mountain","longitude":41.871053,"latitude":43.56825,"elevation_m":1956,"name":""},"geometry":{"type":"Point","coordinates":[41.871053,43.56825]}},{"type":"Feature","properties":{"id":"mount-0857","type":"mountain","longitude":42.072433,"latitude":43.47628,"elevation_m":2409,"name":""},"geometry":{"type":"Point","coordinates":[42.072433,43.47628]}},{"type":"Feature","properties":{"id":"mount-0858","type":"mountain","longitude":42.183326,"latitude":43.278502,"elevation_m":2591,"name":""},"geometry":{"type":"Point","coordinates":[42.183326,43.278502]}},{"type":"Feature","properties":{"id":"mount-0859","type":"mountain","longitude":42.020109,"latitude":43.31994,"elevation_m":2571,"name":""},"geometry":{"type":"Point","coordinates":[42.020109,43.31994]}},{"type":"Feature","properties":{"id":"mount-0866","type":"mountain","longitude":42.011826,"latitude":43.246609,"elevation_m":2392,"name":""},"geometry":{"type":"Point","coordinates":[42.011826,43.246609]}},{"type":"Feature","properties":{"id":"mount-0870","type":"mountain","longitude":41.992053,"latitude":43.299752,"elevation_m":2809,"name":""},"geometry":{"type":"Point","coordinates":[41.992053,43.299752]}},{"type":"Feature","properties":{"id":"mount-0872","type":"mountain","longitude":41.98082,"latitude":43.253627,"elevation_m":2851,"name":""},"geometry":{"type":"Point","coordinates":[41.98082,43.253627]}},{"type":"Feature","properties":{"id":"mount-0875","type":"mountain","longitude":42.962798,"latitude":43.216241,"elevation_m":3136,"name":""},"geometry":{"type":"Point","coordinates":[42.962798,43.216241]}},{"type":"Feature","properties":{"id":"mount-0876","type":"mountain","longitude":43.162966,"latitude":43.241139,"elevation_m":2172,"name":""},"geometry":{"type":"Point","coordinates":[43.162966,43.241139]}},{"type":"Feature","properties":{"id":"mount-0880","type":"mountain","longitude":40.947729,"latitude":43.703646,"elevation_m":2476,"name":""},"geometry":{"type":"Point","coordinates":[40.947729,43.703646]}},{"type":"Feature","properties":{"id":"mount-0881","type":"mountain","longitude":43.017558,"latitude":43.221526,"elevation_m":2872,"name":""},"geometry":{"type":"Point","coordinates":[43.017558,43.221526]}},{"type":"Feature","properties":{"id":"mount-0884","type":"mountain","longitude":41.404799,"latitude":43.421882,"elevation_m":2976,"name":""},"geometry":{"type":"Point","coordinates":[41.404799,43.421882]}},{"type":"Feature","properties":{"id":"mount-0886","type":"mountain","longitude":42.965416,"latitude":43.140264,"elevation_m":2945,"name":""},"geometry":{"type":"Point","coordinates":[42.965416,43.140264]}},{"type":"Feature","properties":{"id":"mount-0889","type":"mountain","longitude":41.418736,"latitude":43.578813,"elevation_m":2739,"name":""},"geometry":{"type":"Point","coordinates":[41.418736,43.578813]}},{"type":"Feature","properties":{"id":"mount-0890","type":"mountain","longitude":41.034719,"latitude":43.566446,"elevation_m":2524,"name":""},"geometry":{"type":"Point","coordinates":[41.034719,43.566446]}},{"type":"Feature","properties":{"id":"mount-0895","type":"mountain","longitude":42.352338,"latitude":43.658791,"elevation_m":2286,"name":""},"geometry":{"type":"Point","coordinates":[42.352338,43.658791]}},{"type":"Feature","properties":{"id":"mount-0896","type":"mountain","longitude":42.257828,"latitude":43.627448,"elevation_m":1871,"name":""},"geometry":{"type":"Point","coordinates":[42.257828,43.627448]}},{"type":"Feature","properties":{"id":"mount-0898","type":"mountain","longitude":42.298758,"latitude":43.630663,"elevation_m":2069,"name":""},"geometry":{"type":"Point","coordinates":[42.298758,43.630663]}},{"type":"Feature","properties":{"id":"mount-0902","type":"mountain","longitude":42.484936,"latitude":43.652325,"elevation_m":2238,"name":""},"geometry":{"type":"Point","coordinates":[42.484936,43.652325]}},{"type":"Feature","properties":{"id":"mount-0905","type":"mountain","longitude":42.612383,"latitude":43.475564,"elevation_m":2724,"name":""},"geometry":{"type":"Point","coordinates":[42.612383,43.475564]}},{"type":"Feature","properties":{"id":"mount-0908","type":"mountain","longitude":42.340375,"latitude":43.739902,"elevation_m":2479,"name":""},"geometry":{"type":"Point","coordinates":[42.340375,43.739902]}},{"type":"Feature","properties":{"id":"mount-0910","type":"mountain","longitude":41.702288,"latitude":43.431598,"elevation_m":2506,"name":""},"geometry":{"type":"Point","coordinates":[41.702288,43.431598]}},{"type":"Feature","properties":{"id":"mount-0916","type":"mountain","longitude":43.422121,"latitude":43.058055,"elevation_m":2989,"name":""},"geometry":{"type":"Point","coordinates":[43.422121,43.058055]}},{"type":"Feature","properties":{"id":"mount-0919","type":"mountain","longitude":43.056085,"latitude":42.963199,"elevation_m":2926,"name":""},"geometry":{"type":"Point","coordinates":[43.056085,42.963199]}},{"type":"Feature","properties":{"id":"mount-0920","type":"mountain","longitude":43.141336,"latitude":42.933969,"elevation_m":2670,"name":""},"geometry":{"type":"Point","coordinates":[43.141336,42.933969]}},{"type":"Feature","properties":{"id":"mount-0923","type":"mountain","longitude":43.271681,"latitude":42.880155,"elevation_m":2754,"name":""},"geometry":{"type":"Point","coordinates":[43.271681,42.880155]}},{"type":"Feature","properties":{"id":"mount-0931","type":"mountain","longitude":42.055063,"latitude":43.166046,"elevation_m":2866,"name":""},"geometry":{"type":"Point","coordinates":[42.055063,43.166046]}},{"type":"Feature","properties":{"id":"mount-0932","type":"mountain","longitude":40.987769,"latitude":43.356678,"elevation_m":2196,"name":""},"geometry":{"type":"Point","coordinates":[40.987769,43.356678]}},{"type":"Feature","properties":{"id":"mount-0936","type":"mountain","longitude":40.922173,"latitude":43.377004,"elevation_m":2326,"name":""},"geometry":{"type":"Point","coordinates":[40.922173,43.377004]}},{"type":"Feature","properties":{"id":"mount-0939","type":"mountain","longitude":42.860498,"latitude":43.321252,"elevation_m":2796,"name":""},"geometry":{"type":"Point","coordinates":[42.860498,43.321252]}},{"type":"Feature","properties":{"id":"mount-0944","type":"mountain","longitude":41.142951,"latitude":43.455232,"elevation_m":2663,"name":""},"geometry":{"type":"Point","coordinates":[41.142951,43.455232]}},{"type":"Feature","properties":{"id":"mount-0945","type":"mountain","longitude":41.173217,"latitude":43.425115,"elevation_m":2744,"name":""},"geometry":{"type":"Point","coordinates":[41.173217,43.425115]}},{"type":"Feature","properties":{"id":"mount-0947","type":"mountain","longitude":42.126925,"latitude":43.469078,"elevation_m":2342,"name":""},"geometry":{"type":"Point","coordinates":[42.126925,43.469078]}},{"type":"Feature","properties":{"id":"mount-0950","type":"mountain","longitude":42.856668,"latitude":43.097983,"elevation_m":3194,"name":""},"geometry":{"type":"Point","coordinates":[42.856668,43.097983]}},{"type":"Feature","properties":{"id":"mount-0951","type":"mountain","longitude":43.242284,"latitude":43.1512,"elevation_m":2710,"name":""},"geometry":{"type":"Point","coordinates":[43.242284,43.1512]}},{"type":"Feature","properties":{"id":"mount-0953","type":"mountain","longitude":43.10474,"latitude":43.201406,"elevation_m":2931,"name":""},"geometry":{"type":"Point","coordinates":[43.10474,43.201406]}},{"type":"Feature","properties":{"id":"mount-0957","type":"mountain","longitude":42.562205,"latitude":43.469413,"elevation_m":2355,"name":""},"geometry":{"type":"Point","coordinates":[42.562205,43.469413]}},{"type":"Feature","properties":{"id":"mount-0959","type":"mountain","longitude":42.588834,"latitude":43.435392,"elevation_m":2951,"name":""},"geometry":{"type":"Point","coordinates":[42.588834,43.435392]}},{"type":"Feature","properties":{"id":"mount-0961","type":"mountain","longitude":41.979382,"latitude":43.172236,"elevation_m":2201,"name":""},"geometry":{"type":"Point","coordinates":[41.979382,43.172236]}},{"type":"Feature","properties":{"id":"mount-0962","type":"mountain","longitude":41.973749,"latitude":43.1973,"elevation_m":2825,"name":""},"geometry":{"type":"Point","coordinates":[41.973749,43.1973]}},{"type":"Feature","properties":{"id":"mount-0965","type":"mountain","longitude":42.035494,"latitude":43.610477,"elevation_m":1939,"name":""},"geometry":{"type":"Point","coordinates":[42.035494,43.610477]}},{"type":"Feature","properties":{"id":"mount-0979","type":"mountain","longitude":42.025366,"latitude":43.182899,"elevation_m":2893,"name":""},"geometry":{"type":"Point","coordinates":[42.025366,43.182899]}},{"type":"Feature","properties":{"id":"mount-0981","type":"mountain","longitude":42.265778,"latitude":43.311986,"elevation_m":2858,"name":""},"geometry":{"type":"Point","coordinates":[42.265778,43.311986]}},{"type":"Feature","properties":{"id":"mount-0982","type":"mountain","longitude":42.241852,"latitude":43.270753,"elevation_m":2964,"name":""},"geometry":{"type":"Point","coordinates":[42.241852,43.270753]}},{"type":"Feature","properties":{"id":"mount-0983","type":"mountain","longitude":42.208529,"latitude":43.31343,"elevation_m":3130,"name":""},"geometry":{"type":"Point","coordinates":[42.208529,43.31343]}},{"type":"Feature","properties":{"id":"mount-0987","type":"mountain","longitude":42.175173,"latitude":43.370967,"elevation_m":2060,"name":""},"geometry":{"type":"Point","coordinates":[42.175173,43.370967]}},{"type":"Feature","properties":{"id":"mount-0991","type":"mountain","longitude":42.043605,"latitude":43.41412,"elevation_m":2386,"name":""},"geometry":{"type":"Point","coordinates":[42.043605,43.41412]}},{"type":"Feature","properties":{"id":"mount-0993","type":"mountain","longitude":42.013296,"latitude":43.392099,"elevation_m":2681,"name":""},"geometry":{"type":"Point","coordinates":[42.013296,43.392099]}},{"type":"Feature","properties":{"id":"mount-0997","type":"mountain","longitude":42.166675,"latitude":43.32997,"elevation_m":2946,"name":""},"geometry":{"type":"Point","coordinates":[42.166675,43.32997]}},{"type":"Feature","properties":{"id":"mount-1001","type":"mountain","longitude":42.129639,"latitude":43.20559,"elevation_m":3103,"name":""},"geometry":{"type":"Point","coordinates":[42.129639,43.20559]}},{"type":"Feature","properties":{"id":"mount-1002","type":"mountain","longitude":42.104008,"latitude":43.343329,"elevation_m":3164,"name":""},"geometry":{"type":"Point","coordinates":[42.104008,43.343329]}},{"type":"Feature","properties":{"id":"mount-1006","type":"mountain","longitude":42.219268,"latitude":43.496643,"elevation_m":2110,"name":""},"geometry":{"type":"Point","coordinates":[42.219268,43.496643]}},{"type":"Feature","properties":{"id":"mount-1009","type":"mountain","longitude":42.03455,"latitude":43.488315,"elevation_m":2376,"name":""},"geometry":{"type":"Point","coordinates":[42.03455,43.488315]}},{"type":"Feature","properties":{"id":"mount-1011","type":"mountain","longitude":42.096144,"latitude":43.43173,"elevation_m":2556,"name":""},"geometry":{"type":"Point","coordinates":[42.096144,43.43173]}},{"type":"Feature","properties":{"id":"mount-1015","type":"mountain","longitude":42.272505,"latitude":43.338187,"elevation_m":2784,"name":""},"geometry":{"type":"Point","coordinates":[42.272505,43.338187]}},{"type":"Feature","properties":{"id":"mount-1019","type":"mountain","longitude":42.295336,"latitude":43.450785,"elevation_m":3088,"name":""},"geometry":{"type":"Point","coordinates":[42.295336,43.450785]}},{"type":"Feature","properties":{"id":"mount-1021","type":"mountain","longitude":42.340246,"latitude":43.428497,"elevation_m":3184,"name":""},"geometry":{"type":"Point","coordinates":[42.340246,43.428497]}},{"type":"Feature","properties":{"id":"mount-1022","type":"mountain","longitude":42.328885,"latitude":43.398796,"elevation_m":3129,"name":""},"geometry":{"type":"Point","coordinates":[42.328885,43.398796]}},{"type":"Feature","properties":{"id":"mount-1026","type":"mountain","longitude":42.768252,"latitude":43.333443,"elevation_m":2499,"name":""},"geometry":{"type":"Point","coordinates":[42.768252,43.333443]}},{"type":"Feature","properties":{"id":"mount-1029","type":"mountain","longitude":42.736645,"latitude":43.371303,"elevation_m":2741,"name":""},"geometry":{"type":"Point","coordinates":[42.736645,43.371303]}},{"type":"Feature","properties":{"id":"mount-1040","type":"mountain","longitude":42.141581,"latitude":43.443907,"elevation_m":1813,"name":""},"geometry":{"type":"Point","coordinates":[42.141581,43.443907]}},{"type":"Feature","properties":{"id":"mount-1045","type":"mountain","longitude":42.291462,"latitude":43.494503,"elevation_m":2221,"name":""},"geometry":{"type":"Point","coordinates":[42.291462,43.494503]}},{"type":"Feature","properties":{"id":"mount-1048","type":"mountain","longitude":42.441784,"latitude":43.529914,"elevation_m":2349,"name":""},"geometry":{"type":"Point","coordinates":[42.441784,43.529914]}},{"type":"Feature","properties":{"id":"mount-1051","type":"mountain","longitude":42.484957,"latitude":43.492705,"elevation_m":2267,"name":""},"geometry":{"type":"Point","coordinates":[42.484957,43.492705]}},{"type":"Feature","properties":{"id":"mount-1059","type":"mountain","longitude":42.495836,"latitude":43.456416,"elevation_m":2662,"name":""},"geometry":{"type":"Point","coordinates":[42.495836,43.456416]}},{"type":"Feature","properties":{"id":"mount-1062","type":"mountain","longitude":42.374986,"latitude":43.438999,"elevation_m":2865,"name":""},"geometry":{"type":"Point","coordinates":[42.374986,43.438999]}},{"type":"Feature","properties":{"id":"mount-1065","type":"mountain","longitude":42.340289,"latitude":43.454126,"elevation_m":2968,"name":""},"geometry":{"type":"Point","coordinates":[42.340289,43.454126]}},{"type":"Feature","properties":{"id":"mount-1070","type":"mountain","longitude":42.307706,"latitude":43.554535,"elevation_m":1927,"name":""},"geometry":{"type":"Point","coordinates":[42.307706,43.554535]}},{"type":"Feature","properties":{"id":"mount-1076","type":"mountain","longitude":42.683494,"latitude":43.486634,"elevation_m":2610,"name":""},"geometry":{"type":"Point","coordinates":[42.683494,43.486634]}},{"type":"Feature","properties":{"id":"mount-1079","type":"mountain","longitude":42.793819,"latitude":43.568724,"elevation_m":2722,"name":""},"geometry":{"type":"Point","coordinates":[42.793819,43.568724]}},{"type":"Feature","properties":{"id":"mount-1080","type":"mountain","longitude":42.734435,"latitude":43.581013,"elevation_m":2826,"name":""},"geometry":{"type":"Point","coordinates":[42.734435,43.581013]}},{"type":"Feature","properties":{"id":"mount-1081","type":"mountain","longitude":42.865359,"latitude":43.523371,"elevation_m":2874,"name":""},"geometry":{"type":"Point","coordinates":[42.865359,43.523371]}},{"type":"Feature","properties":{"id":"mount-1082","type":"mountain","longitude":42.878544,"latitude":43.494503,"elevation_m":2897,"name":""},"geometry":{"type":"Point","coordinates":[42.878544,43.494503]}},{"type":"Feature","properties":{"id":"mount-1083","type":"mountain","longitude":42.780075,"latitude":43.434496,"elevation_m":2860,"name":""},"geometry":{"type":"Point","coordinates":[42.780075,43.434496]}},{"type":"Feature","properties":{"id":"mount-1084","type":"mountain","longitude":42.780526,"latitude":43.516245,"elevation_m":2493,"name":""},"geometry":{"type":"Point","coordinates":[42.780526,43.516245]}},{"type":"Feature","properties":{"id":"mount-1085","type":"mountain","longitude":42.678773,"latitude":43.570838,"elevation_m":2393,"name":""},"geometry":{"type":"Point","coordinates":[42.678773,43.570838]}},{"type":"Feature","properties":{"id":"mount-1086","type":"mountain","longitude":42.868931,"latitude":43.423705,"elevation_m":2712,"name":""},"geometry":{"type":"Point","coordinates":[42.868931,43.423705]}},{"type":"Feature","properties":{"id":"mount-1087","type":"mountain","longitude":42.801147,"latitude":43.33814,"elevation_m":2196,"name":""},"geometry":{"type":"Point","coordinates":[42.801147,43.33814]}},{"type":"Feature","properties":{"id":"mount-1095","type":"mountain","longitude":42.914325,"latitude":43.438212,"elevation_m":2293,"name":""},"geometry":{"type":"Point","coordinates":[42.914325,43.438212]}},{"type":"Feature","properties":{"id":"mount-1098","type":"mountain","longitude":42.43451,"latitude":43.563857,"elevation_m":2344,"name":""},"geometry":{"type":"Point","coordinates":[42.43451,43.563857]}},{"type":"Feature","properties":{"id":"mount-1099","type":"mountain","longitude":42.491566,"latitude":43.549512,"elevation_m":2343,"name":""},"geometry":{"type":"Point","coordinates":[42.491566,43.549512]}},{"type":"Feature","properties":{"id":"mount-1101","type":"mountain","longitude":42.479249,"latitude":43.522765,"elevation_m":2386,"name":""},"geometry":{"type":"Point","coordinates":[42.479249,43.522765]}},{"type":"Feature","properties":{"id":"mount-1103","type":"mountain","longitude":42.526735,"latitude":43.481379,"elevation_m":2405,"name":""},"geometry":{"type":"Point","coordinates":[42.526735,43.481379]}},{"type":"Feature","properties":{"id":"mount-1108","type":"mountain","longitude":42.672079,"latitude":43.521792,"elevation_m":2530,"name":""},"geometry":{"type":"Point","coordinates":[42.672079,43.521792]}},{"type":"Feature","properties":{"id":"mount-1113","type":"mountain","longitude":42.827196,"latitude":43.360539,"elevation_m":2799,"name":""},"geometry":{"type":"Point","coordinates":[42.827196,43.360539]}},{"type":"Feature","properties":{"id":"mount-1117","type":"mountain","longitude":42.833848,"latitude":43.412171,"elevation_m":2956,"name":""},"geometry":{"type":"Point","coordinates":[42.833848,43.412171]}},{"type":"Feature","properties":{"id":"mount-1119","type":"mountain","longitude":42.6378,"latitude":43.450286,"elevation_m":3155,"name":""},"geometry":{"type":"Point","coordinates":[42.6378,43.450286]}},{"type":"Feature","properties":{"id":"mount-1124","type":"mountain","longitude":42.340654,"latitude":43.561735,"elevation_m":2124,"name":""},"geometry":{"type":"Point","coordinates":[42.340654,43.561735]}},{"type":"Feature","properties":{"id":"mount-1127","type":"mountain","longitude":42.509172,"latitude":43.58057,"elevation_m":2147,"name":""},"geometry":{"type":"Point","coordinates":[42.509172,43.58057]}},{"type":"Feature","properties":{"id":"mount-1136","type":"mountain","longitude":42.723781,"latitude":43.26537,"elevation_m":3155,"name":""},"geometry":{"type":"Point","coordinates":[42.723781,43.26537]}},{"type":"Feature","properties":{"id":"mount-1137","type":"mountain","longitude":42.461343,"latitude":43.780801,"elevation_m":2149,"name":""},"geometry":{"type":"Point","coordinates":[42.461343,43.780801]}},{"type":"Feature","properties":{"id":"mount-1138","type":"mountain","longitude":42.461375,"latitude":43.753574,"elevation_m":2327,"name":""},"geometry":{"type":"Point","coordinates":[42.461375,43.753574]}},{"type":"Feature","properties":{"id":"mount-1139","type":"mountain","longitude":42.84668,"latitude":43.66455,"elevation_m":1913,"name":""},"geometry":{"type":"Point","coordinates":[42.84668,43.66455]}},{"type":"Feature","properties":{"id":"mount-1140","type":"mountain","longitude":42.795782,"latitude":43.68561,"elevation_m":1947,"name":""},"geometry":{"type":"Point","coordinates":[42.795782,43.68561]}},{"type":"Feature","properties":{"id":"mount-1141","type":"mountain","longitude":42.589842,"latitude":43.623075,"elevation_m":2392,"name":""},"geometry":{"type":"Point","coordinates":[42.589842,43.623075]}},{"type":"Feature","properties":{"id":"mount-1142","type":"mountain","longitude":42.705638,"latitude":43.632068,"elevation_m":2134,"name":""},"geometry":{"type":"Point","coordinates":[42.705638,43.632068]}},{"type":"Feature","properties":{"id":"mount-1143","type":"mountain","longitude":42.706711,"latitude":43.705825,"elevation_m":2047,"name":""},"geometry":{"type":"Point","coordinates":[42.706711,43.705825]}},{"type":"Feature","properties":{"id":"mount-1145","type":"mountain","longitude":42.357466,"latitude":43.633691,"elevation_m":2183,"name":""},"geometry":{"type":"Point","coordinates":[42.357466,43.633691]}},{"type":"Feature","properties":{"id":"mount-1147","type":"mountain","longitude":42.576152,"latitude":43.729949,"elevation_m":2218,"name":""},"geometry":{"type":"Point","coordinates":[42.576152,43.729949]}},{"type":"Feature","properties":{"id":"mount-1148","type":"mountain","longitude":42.402248,"latitude":43.629281,"elevation_m":2321,"name":""},"geometry":{"type":"Point","coordinates":[42.402248,43.629281]}},{"type":"Feature","properties":{"id":"mount-1150","type":"mountain","longitude":42.992045,"latitude":43.356623,"elevation_m":2987,"name":""},"geometry":{"type":"Point","coordinates":[42.992045,43.356623]}},{"type":"Feature","properties":{"id":"mount-1152","type":"mountain","longitude":43.051118,"latitude":43.218453,"elevation_m":2552,"name":""},"geometry":{"type":"Point","coordinates":[43.051118,43.218453]}},{"type":"Feature","properties":{"id":"mount-1153","type":"mountain","longitude":42.906858,"latitude":43.351061,"elevation_m":2758,"name":""},"geometry":{"type":"Point","coordinates":[42.906858,43.351061]}},{"type":"Feature","properties":{"id":"mount-1155","type":"mountain","longitude":43.038661,"latitude":43.322454,"elevation_m":2535,"name":""},"geometry":{"type":"Point","coordinates":[43.038661,43.322454]}},{"type":"Feature","properties":{"id":"mount-1156","type":"mountain","longitude":43.108281,"latitude":43.280876,"elevation_m":3104,"name":""},"geometry":{"type":"Point","coordinates":[43.108281,43.280876]}},{"type":"Feature","properties":{"id":"mount-1158","type":"mountain","longitude":43.114568,"latitude":43.317099,"elevation_m":2947,"name":""},"geometry":{"type":"Point","coordinates":[43.114568,43.317099]}},{"type":"Feature","properties":{"id":"mount-1159","type":"mountain","longitude":43.095235,"latitude":43.339006,"elevation_m":2856,"name":""},"geometry":{"type":"Point","coordinates":[43.095235,43.339006]}},{"type":"Feature","properties":{"id":"mount-1161","type":"mountain","longitude":43.170143,"latitude":43.46256,"elevation_m":2071,"name":""},"geometry":{"type":"Point","coordinates":[43.170143,43.46256]}},{"type":"Feature","properties":{"id":"mount-1168","type":"mountain","longitude":41.460664,"latitude":43.358581,"elevation_m":2486,"name":""},"geometry":{"type":"Point","coordinates":[41.460664,43.358581]}},{"type":"Feature","properties":{"id":"mount-1169","type":"mountain","longitude":41.345125,"latitude":43.310206,"elevation_m":2477,"name":""},"geometry":{"type":"Point","coordinates":[41.345125,43.310206]}},{"type":"Feature","properties":{"id":"mount-1170","type":"mountain","longitude":41.384543,"latitude":43.318317,"elevation_m":2474,"name":""},"geometry":{"type":"Point","coordinates":[41.384543,43.318317]}},{"type":"Feature","properties":{"id":"mount-1172","type":"mountain","longitude":41.347786,"latitude":43.449321,"elevation_m":2640,"name":""},"geometry":{"type":"Point","coordinates":[41.347786,43.449321]}},{"type":"Feature","properties":{"id":"mount-1174","type":"mountain","longitude":41.461115,"latitude":43.462116,"elevation_m":2697,"name":""},"geometry":{"type":"Point","coordinates":[41.461115,43.462116]}},{"type":"Feature","properties":{"id":"mount-1179","type":"mountain","longitude":41.338109,"latitude":43.472986,"elevation_m":2793,"name":""},"geometry":{"type":"Point","coordinates":[41.338109,43.472986]}},{"type":"Feature","properties":{"id":"mount-1184","type":"mountain","longitude":41.450483,"latitude":43.402686,"elevation_m":2999,"name":""},"geometry":{"type":"Point","coordinates":[41.450483,43.402686]}},{"type":"Feature","properties":{"id":"mount-1190","type":"mountain","longitude":41.41335,"latitude":43.30827,"elevation_m":3100,"name":""},"geometry":{"type":"Point","coordinates":[41.41335,43.30827]}},{"type":"Feature","properties":{"id":"mount-1192","type":"mountain","longitude":43.078144,"latitude":43.517404,"elevation_m":2258,"name":""},"geometry":{"type":"Point","coordinates":[43.078144,43.517404]}},{"type":"Feature","properties":{"id":"mount-1194","type":"mountain","longitude":42.451633,"latitude":43.175475,"elevation_m":2817,"name":""},"geometry":{"type":"Point","coordinates":[42.451633,43.175475]}},{"type":"Feature","properties":{"id":"mount-1202","type":"mountain","longitude":43.490753,"latitude":43.12877,"elevation_m":2042,"name":""},"geometry":{"type":"Point","coordinates":[43.490753,43.12877]}},{"type":"Feature","properties":{"id":"mount-1209","type":"mountain","longitude":43.120673,"latitude":43.357325,"elevation_m":2011,"name":""},"geometry":{"type":"Point","coordinates":[43.120673,43.357325]}},{"type":"Feature","properties":{"id":"mount-1216","type":"mountain","longitude":41.915653,"latitude":43.168996,"elevation_m":3004,"name":""},"geometry":{"type":"Point","coordinates":[41.915653,43.168996]}},{"type":"Feature","properties":{"id":"mount-1218","type":"mountain","longitude":41.935769,"latitude":43.449266,"elevation_m":3147,"name":""},"geometry":{"type":"Point","coordinates":[41.935769,43.449266]}},{"type":"Feature","properties":{"id":"mount-1219","type":"mountain","longitude":41.980326,"latitude":43.433374,"elevation_m":2925,"name":""},"geometry":{"type":"Point","coordinates":[41.980326,43.433374]}},{"type":"Feature","properties":{"id":"mount-1220","type":"mountain","longitude":42.025859,"latitude":43.456618,"elevation_m":2752,"name":""},"geometry":{"type":"Point","coordinates":[42.025859,43.456618]}},{"type":"Feature","properties":{"id":"mount-1224","type":"mountain","longitude":40.813243,"latitude":43.920092,"elevation_m":1844,"name":""},"geometry":{"type":"Point","coordinates":[40.813243,43.920092]}},{"type":"Feature","properties":{"id":"mount-1225","type":"mountain","longitude":43.09634,"latitude":43.376325,"elevation_m":2181,"name":""},"geometry":{"type":"Point","coordinates":[43.09634,43.376325]}},{"type":"Feature","properties":{"id":"mount-1226","type":"mountain","longitude":43.014811,"latitude":43.424274,"elevation_m":1957,"name":""},"geometry":{"type":"Point","coordinates":[43.014811,43.424274]}},{"type":"Feature","properties":{"id":"mount-1228","type":"mountain","longitude":41.273414,"latitude":43.30553,"elevation_m":2399,"name":""},"geometry":{"type":"Point","coordinates":[41.273414,43.30553]}},{"type":"Feature","properties":{"id":"mount-1234","type":"mountain","longitude":43.5278,"latitude":43.124284,"elevation_m":3094,"name":""},"geometry":{"type":"Point","coordinates":[43.5278,43.124284]}},{"type":"Feature","properties":{"id":"mount-1236","type":"mountain","longitude":41.965907,"latitude":43.273261,"elevation_m":3127,"name":""},"geometry":{"type":"Point","coordinates":[41.965907,43.273261]}},{"type":"Feature","properties":{"id":"mount-1238","type":"mountain","longitude":41.850046,"latitude":43.518027,"elevation_m":2894,"name":""},"geometry":{"type":"Point","coordinates":[41.850046,43.518027]}},{"type":"Feature","properties":{"id":"mount-1239","type":"mountain","longitude":42.88128,"latitude":43.113555,"elevation_m":3151,"name":""},"geometry":{"type":"Point","coordinates":[42.88128,43.113555]}},{"type":"Feature","properties":{"id":"mount-1245","type":"mountain","longitude":42.562494,"latitude":43.663836,"elevation_m":2171,"name":""},"geometry":{"type":"Point","coordinates":[42.562494,43.663836]}},{"type":"Feature","properties":{"id":"mount-1246","type":"mountain","longitude":42.539685,"latitude":43.699527,"elevation_m":1933,"name":""},"geometry":{"type":"Point","coordinates":[42.539685,43.699527]}},{"type":"Feature","properties":{"id":"mount-1248","type":"mountain","longitude":42.179314,"latitude":43.728608,"elevation_m":1912,"name":""},"geometry":{"type":"Point","coordinates":[42.179314,43.728608]}},{"type":"Feature","properties":{"id":"mount-1249","type":"mountain","longitude":42.203304,"latitude":43.754249,"elevation_m":2049,"name":""},"geometry":{"type":"Point","coordinates":[42.203304,43.754249]}},{"type":"Feature","properties":{"id":"mount-1253","type":"mountain","longitude":42.366865,"latitude":43.610174,"elevation_m":2257,"name":""},"geometry":{"type":"Point","coordinates":[42.366865,43.610174]}},{"type":"Feature","properties":{"id":"mount-1254","type":"mountain","longitude":42.551529,"latitude":43.614617,"elevation_m":2131,"name":""},"geometry":{"type":"Point","coordinates":[42.551529,43.614617]}},{"type":"Feature","properties":{"id":"mount-1258","type":"mountain","longitude":42.955062,"latitude":43.496682,"elevation_m":2610,"name":""},"geometry":{"type":"Point","coordinates":[42.955062,43.496682]}},{"type":"Feature","properties":{"id":"mount-1259","type":"mountain","longitude":42.985843,"latitude":43.497351,"elevation_m":2496,"name":""},"geometry":{"type":"Point","coordinates":[42.985843,43.497351]}},{"type":"Feature","properties":{"id":"mount-1261","type":"mountain","longitude":42.920215,"latitude":43.500791,"elevation_m":2703,"name":""},"geometry":{"type":"Point","coordinates":[42.920215,43.500791]}},{"type":"Feature","properties":{"id":"mount-1262","type":"mountain","longitude":42.738565,"latitude":43.483621,"elevation_m":2562,"name":""},"geometry":{"type":"Point","coordinates":[42.738565,43.483621]}},{"type":"Feature","properties":{"id":"mount-1263","type":"mountain","longitude":42.648046,"latitude":43.506285,"elevation_m":2456,"name":""},"geometry":{"type":"Point","coordinates":[42.648046,43.506285]}},{"type":"Feature","properties":{"id":"mount-1264","type":"mountain","longitude":42.617705,"latitude":43.517583,"elevation_m":2377,"name":""},"geometry":{"type":"Point","coordinates":[42.617705,43.517583]}},{"type":"Feature","properties":{"id":"mount-1265","type":"mountain","longitude":43.032954,"latitude":42.985853,"elevation_m":3038,"name":""},"geometry":{"type":"Point","coordinates":[43.032954,42.985853]}},{"type":"Feature","properties":{"id":"mount-1270","type":"mountain","longitude":43.103163,"latitude":42.9686,"elevation_m":2734,"name":""},"geometry":{"type":"Point","coordinates":[43.103163,42.9686]}},{"type":"Feature","properties":{"id":"mount-1272","type":"mountain","longitude":43.243411,"latitude":42.898926,"elevation_m":2366,"name":""},"geometry":{"type":"Point","coordinates":[43.243411,42.898926]}},{"type":"Feature","properties":{"id":"mount-1274","type":"mountain","longitude":43.19806,"latitude":42.903681,"elevation_m":2325,"name":""},"geometry":{"type":"Point","coordinates":[43.19806,42.903681]}},{"type":"Feature","properties":{"id":"mount-1279","type":"mountain","longitude":43.344272,"latitude":42.858051,"elevation_m":2475,"name":""},"geometry":{"type":"Point","coordinates":[43.344272,42.858051]}},{"type":"Feature","properties":{"id":"mount-1283","type":"mountain","longitude":43.322096,"latitude":42.880115,"elevation_m":3014,"name":""},"geometry":{"type":"Point","coordinates":[43.322096,42.880115]}},{"type":"Feature","properties":{"id":"mount-1286","type":"mountain","longitude":43.292795,"latitude":42.900034,"elevation_m":3124,"name":""},"geometry":{"type":"Point","coordinates":[43.292795,42.900034]}},{"type":"Feature","properties":{"id":"mount-1292","type":"mountain","longitude":42.335322,"latitude":43.798684,"elevation_m":2146,"name":""},"geometry":{"type":"Point","coordinates":[42.335322,43.798684]}},{"type":"Feature","properties":{"id":"mount-1293","type":"mountain","longitude":42.295089,"latitude":43.777136,"elevation_m":1999,"name":""},"geometry":{"type":"Point","coordinates":[42.295089,43.777136]}},{"type":"Feature","properties":{"id":"mount-1294","type":"mountain","longitude":42.264276,"latitude":43.811103,"elevation_m":2062,"name":""},"geometry":{"type":"Point","coordinates":[42.264276,43.811103]}},{"type":"Feature","properties":{"id":"mount-1297","type":"mountain","longitude":40.89092,"latitude":43.489444,"elevation_m":2792,"name":""},"geometry":{"type":"Point","coordinates":[40.89092,43.489444]}},{"type":"Feature","properties":{"id":"mount-1314","type":"mountain","longitude":41.751813,"latitude":43.23104,"elevation_m":3130,"name":""},"geometry":{"type":"Point","coordinates":[41.751813,43.23104]}},{"type":"Feature","properties":{"id":"mount-1318","type":"mountain","longitude":41.172928,"latitude":43.515677,"elevation_m":2475,"name":""},"geometry":{"type":"Point","coordinates":[41.172928,43.515677]}},{"type":"Feature","properties":{"id":"mount-1319","type":"mountain","longitude":42.02911,"latitude":43.279689,"elevation_m":2929,"name":""},"geometry":{"type":"Point","coordinates":[42.02911,43.279689]}},{"type":"Feature","properties":{"id":"mount-1320","type":"mountain","longitude":43.176699,"latitude":43.081302,"elevation_m":3069,"name":""},"geometry":{"type":"Point","coordinates":[43.176699,43.081302]}},{"type":"Feature","properties":{"id":"mount-1326","type":"mountain","longitude":43.294158,"latitude":43.02142,"elevation_m":2985,"name":""},"geometry":{"type":"Point","coordinates":[43.294158,43.02142]}},{"type":"Feature","properties":{"id":"mount-1331","type":"mountain","longitude":41.122588,"latitude":43.586328,"elevation_m":2592,"name":""},"geometry":{"type":"Point","coordinates":[41.122588,43.586328]}},{"type":"Feature","properties":{"id":"mount-1340","type":"mountain","longitude":41.064738,"latitude":43.552708,"elevation_m":2336,"name":""},"geometry":{"type":"Point","coordinates":[41.064738,43.552708]}},{"type":"Feature","properties":{"id":"mount-1346","type":"mountain","longitude":42.766181,"latitude":43.720048,"elevation_m":1880,"name":""},"geometry":{"type":"Point","coordinates":[42.766181,43.720048]}},{"type":"Feature","properties":{"id":"mount-1348","type":"mountain","longitude":43.318287,"latitude":42.950211,"elevation_m":2885,"name":""},"geometry":{"type":"Point","coordinates":[43.318287,42.950211]}},{"type":"Feature","properties":{"id":"mount-1349","type":"mountain","longitude":43.408602,"latitude":42.930851,"elevation_m":3024,"name":""},"geometry":{"type":"Point","coordinates":[43.408602,42.930851]}},{"type":"Feature","properties":{"id":"mount-1357","type":"mountain","longitude":43.348424,"latitude":42.965279,"elevation_m":2941,"name":""},"geometry":{"type":"Point","coordinates":[43.348424,42.965279]}},{"type":"Feature","properties":{"id":"mount-1362","type":"mountain","longitude":43.253099,"latitude":42.978036,"elevation_m":2267,"name":""},"geometry":{"type":"Point","coordinates":[43.253099,42.978036]}},{"type":"Feature","properties":{"id":"mount-1364","type":"mountain","longitude":43.287946,"latitude":42.989369,"elevation_m":2734,"name":""},"geometry":{"type":"Point","coordinates":[43.287946,42.989369]}},{"type":"Feature","properties":{"id":"mount-1366","type":"mountain","longitude":41.322348,"latitude":43.61318,"elevation_m":2455,"name":""},"geometry":{"type":"Point","coordinates":[41.322348,43.61318]}},{"type":"Feature","properties":{"id":"mount-1369","type":"mountain","longitude":42.981906,"latitude":43.525293,"elevation_m":2108,"name":""},"geometry":{"type":"Point","coordinates":[42.981906,43.525293]}},{"type":"Feature","properties":{"id":"mount-1370","type":"mountain","longitude":42.945728,"latitude":43.525324,"elevation_m":2425,"name":""},"geometry":{"type":"Point","coordinates":[42.945728,43.525324]}},{"type":"Feature","properties":{"id":"mount-1371","type":"mountain","longitude":42.7722,"latitude":43.489366,"elevation_m":2512,"name":""},"geometry":{"type":"Point","coordinates":[42.7722,43.489366]}},{"type":"Feature","properties":{"id":"mount-1373","type":"mountain","longitude":42.635472,"latitude":43.423214,"elevation_m":2976,"name":""},"geometry":{"type":"Point","coordinates":[42.635472,43.423214]}},{"type":"Feature","properties":{"id":"mount-1375","type":"mountain","longitude":43.14905,"latitude":43.20089,"elevation_m":3069,"name":""},"geometry":{"type":"Point","coordinates":[43.14905,43.20089]}},{"type":"Feature","properties":{"id":"mount-1376","type":"mountain","longitude":43.317107,"latitude":43.28222,"elevation_m":2483,"name":""},"geometry":{"type":"Point","coordinates":[43.317107,43.28222]}},{"type":"Feature","properties":{"id":"mount-1377","type":"mountain","longitude":43.252584,"latitude":43.215928,"elevation_m":2377,"name":""},"geometry":{"type":"Point","coordinates":[43.252584,43.215928]}},{"type":"Feature","properties":{"id":"mount-1383","type":"mountain","longitude":43.310026,"latitude":43.124229,"elevation_m":3085,"name":""},"geometry":{"type":"Point","coordinates":[43.310026,43.124229]}},{"type":"Feature","properties":{"id":"mount-1391","type":"mountain","longitude":41.633849,"latitude":43.24879,"elevation_m":2983,"name":""},"geometry":{"type":"Point","coordinates":[41.633849,43.24879]}},{"type":"Feature","properties":{"id":"mount-1395","type":"mountain","longitude":41.660296,"latitude":43.536992,"elevation_m":3128,"name":""},"geometry":{"type":"Point","coordinates":[41.660296,43.536992]}},{"type":"Feature","properties":{"id":"mount-1397","type":"mountain","longitude":41.470889,"latitude":43.328705,"elevation_m":2878,"name":""},"geometry":{"type":"Point","coordinates":[41.470889,43.328705]}},{"type":"Feature","properties":{"id":"mount-1398","type":"mountain","longitude":41.435666,"latitude":43.432728,"elevation_m":3023,"name":""},"geometry":{"type":"Point","coordinates":[41.435666,43.432728]}},{"type":"Feature","properties":{"id":"mount-1399","type":"mountain","longitude":41.486467,"latitude":43.510861,"elevation_m":2721,"name":""},"geometry":{"type":"Point","coordinates":[41.486467,43.510861]}},{"type":"Feature","properties":{"id":"mount-1412","type":"mountain","longitude":40.761412,"latitude":43.533235,"elevation_m":2648,"name":""},"geometry":{"type":"Point","coordinates":[40.761412,43.533235]}},{"type":"Feature","properties":{"id":"mount-1416","type":"mountain","longitude":42.280927,"latitude":43.701924,"elevation_m":2159,"name":""},"geometry":{"type":"Point","coordinates":[42.280927,43.701924]}},{"type":"Feature","properties":{"id":"mount-1419","type":"mountain","longitude":41.589861,"latitude":43.462436,"elevation_m":3199,"name":""},"geometry":{"type":"Point","coordinates":[41.589861,43.462436]}},{"type":"Feature","properties":{"id":"mount-1420","type":"mountain","longitude":42.31822,"latitude":43.705864,"elevation_m":2227,"name":""},"geometry":{"type":"Point","coordinates":[42.31822,43.705864]}},{"type":"Feature","properties":{"id":"mount-1421","type":"mountain","longitude":41.359116,"latitude":43.36114,"elevation_m":3112,"name":""},"geometry":{"type":"Point","coordinates":[41.359116,43.36114]}},{"type":"Feature","properties":{"id":"mount-1424","type":"mountain","longitude":41.098105,"latitude":43.383219,"elevation_m":2759,"name":""},"geometry":{"type":"Point","coordinates":[41.098105,43.383219]}},{"type":"Feature","properties":{"id":"mount-1427","type":"mountain","longitude":42.071586,"latitude":43.521209,"elevation_m":2220,"name":""},"geometry":{"type":"Point","coordinates":[42.071586,43.521209]}},{"type":"Feature","properties":{"id":"mount-1432","type":"mountain","longitude":42.015356,"latitude":43.528342,"elevation_m":1937,"name":""},"geometry":{"type":"Point","coordinates":[42.015356,43.528342]}},{"type":"Feature","properties":{"id":"mount-1435","type":"mountain","longitude":42.103075,"latitude":43.557327,"elevation_m":2024,"name":""},"geometry":{"type":"Point","coordinates":[42.103075,43.557327]}},{"type":"Feature","properties":{"id":"mount-1436","type":"mountain","longitude":42.223946,"latitude":43.724638,"elevation_m":1812,"name":""},"geometry":{"type":"Point","coordinates":[42.223946,43.724638]}},{"type":"Feature","properties":{"id":"mount-1439","type":"mountain","longitude":41.206509,"latitude":43.417463,"elevation_m":2485,"name":""},"geometry":{"type":"Point","coordinates":[41.206509,43.417463]}},{"type":"Feature","properties":{"id":"mount-1442","type":"mountain","longitude":42.229643,"latitude":43.349867,"elevation_m":2988,"name":""},"geometry":{"type":"Point","coordinates":[42.229643,43.349867]}},{"type":"Feature","properties":{"id":"mount-1443","type":"mountain","longitude":41.354567,"latitude":43.496122,"elevation_m":2937,"name":""},"geometry":{"type":"Point","coordinates":[41.354567,43.496122]}},{"type":"Feature","properties":{"id":"mount-1446","type":"mountain","longitude":41.28086,"latitude":43.476918,"elevation_m":2945,"name":""},"geometry":{"type":"Point","coordinates":[41.28086,43.476918]}},{"type":"Feature","properties":{"id":"mount-1447","type":"mountain","longitude":40.979476,"latitude":43.651455,"elevation_m":3068,"name":""},"geometry":{"type":"Point","coordinates":[40.979476,43.651455]}},{"type":"Feature","properties":{"id":"mount-1448","type":"mountain","longitude":42.198508,"latitude":43.410691,"elevation_m":2475,"name":""},"geometry":{"type":"Point","coordinates":[42.198508,43.410691]}},{"type":"Feature","properties":{"id":"mount-1450","type":"mountain","longitude":42.182747,"latitude":43.507243,"elevation_m":2112,"name":""},"geometry":{"type":"Point","coordinates":[42.182747,43.507243]}},{"type":"Feature","properties":{"id":"mount-1451","type":"mountain","longitude":42.284961,"latitude":43.424243,"elevation_m":2620,"name":""},"geometry":{"type":"Point","coordinates":[42.284961,43.424243]}},{"type":"Feature","properties":{"id":"mount-1453","type":"mountain","longitude":40.968339,"latitude":43.618881,"elevation_m":2170,"name":""},"geometry":{"type":"Point","coordinates":[40.968339,43.618881]}},{"type":"Feature","properties":{"id":"mount-1456","type":"mountain","longitude":41.369351,"latitude":43.641316,"elevation_m":2043,"name":""},"geometry":{"type":"Point","coordinates":[41.369351,43.641316]}},{"type":"Feature","properties":{"id":"mount-1457","type":"mountain","longitude":43.057265,"latitude":43.557451,"elevation_m":1915,"name":""},"geometry":{"type":"Point","coordinates":[43.057265,43.557451]}},{"type":"Feature","properties":{"id":"mount-1461","type":"mountain","longitude":41.320052,"latitude":43.509087,"elevation_m":2434,"name":""},"geometry":{"type":"Point","coordinates":[41.320052,43.509087]}},{"type":"Feature","properties":{"id":"mount-1466","type":"mountain","longitude":40.945584,"latitude":43.750947,"elevation_m":2370,"name":""},"geometry":{"type":"Point","coordinates":[40.945584,43.750947]}},{"type":"Feature","properties":{"id":"mount-1475","type":"mountain","longitude":41.251377,"latitude":43.720164,"elevation_m":1931,"name":""},"geometry":{"type":"Point","coordinates":[41.251377,43.720164]}},{"type":"Feature","properties":{"id":"mount-1483","type":"mountain","longitude":42.280937,"latitude":43.741662,"elevation_m":2192,"name":""},"geometry":{"type":"Point","coordinates":[42.280937,43.741662]}},{"type":"Feature","properties":{"id":"mount-1487","type":"mountain","longitude":41.088299,"latitude":43.694671,"elevation_m":2482,"name":""},"geometry":{"type":"Point","coordinates":[41.088299,43.694671]}},{"type":"Feature","properties":{"id":"mount-1489","type":"mountain","longitude":43.094441,"latitude":43.463689,"elevation_m":2104,"name":""},"geometry":{"type":"Point","coordinates":[43.094441,43.463689]}},{"type":"Feature","properties":{"id":"mount-1490","type":"mountain","longitude":42.809429,"latitude":43.622035,"elevation_m":2426,"name":""},"geometry":{"type":"Point","coordinates":[42.809429,43.622035]}},{"type":"Feature","properties":{"id":"mount-1492","type":"mountain","longitude":42.246863,"latitude":43.746127,"elevation_m":2134,"name":""},"geometry":{"type":"Point","coordinates":[42.246863,43.746127]}},{"type":"Feature","properties":{"id":"mount-1495","type":"mountain","longitude":42.451601,"latitude":43.654281,"elevation_m":2372,"name":""},"geometry":{"type":"Point","coordinates":[42.451601,43.654281]}},{"type":"Feature","properties":{"id":"mount-1499","type":"mountain","longitude":42.267119,"latitude":43.524709,"elevation_m":1854,"name":""},"geometry":{"type":"Point","coordinates":[42.267119,43.524709]}},{"type":"Feature","properties":{"id":"mount-1510","type":"mountain","longitude":40.853283,"latitude":43.577857,"elevation_m":2737,"name":""},"geometry":{"type":"Point","coordinates":[40.853283,43.577857]}},{"type":"Feature","properties":{"id":"mount-1512","type":"mountain","longitude":42.254663,"latitude":43.455746,"elevation_m":3186,"name":""},"geometry":{"type":"Point","coordinates":[42.254663,43.455746]}},{"type":"Feature","properties":{"id":"mount-1513","type":"mountain","longitude":42.527937,"latitude":43.730972,"elevation_m":2358,"name":""},"geometry":{"type":"Point","coordinates":[42.527937,43.730972]}},{"type":"Feature","properties":{"id":"mount-1518","type":"mountain","longitude":42.253901,"latitude":43.667266,"elevation_m":2059,"name":""},"geometry":{"type":"Point","coordinates":[42.253901,43.667266]}},{"type":"Feature","properties":{"id":"mount-1520","type":"mountain","longitude":42.304788,"latitude":43.66791,"elevation_m":2212,"name":""},"geometry":{"type":"Point","coordinates":[42.304788,43.66791]}},{"type":"Feature","properties":{"id":"mount-1524","type":"mountain","longitude":43.382446,"latitude":43.336876,"elevation_m":1825,"name":""},"geometry":{"type":"Point","coordinates":[43.382446,43.336876]}},{"type":"Feature","properties":{"id":"mount-1525","type":"mountain","longitude":43.229592,"latitude":43.327566,"elevation_m":3088,"name":""},"geometry":{"type":"Point","coordinates":[43.229592,43.327566]}},{"type":"Feature","properties":{"id":"mount-1526","type":"mountain","longitude":43.192878,"latitude":43.272753,"elevation_m":2383,"name":""},"geometry":{"type":"Point","coordinates":[43.192878,43.272753]}},{"type":"Feature","properties":{"id":"mount-1528","type":"mountain","longitude":42.625312,"latitude":43.732926,"elevation_m":2143,"name":""},"geometry":{"type":"Point","coordinates":[42.625312,43.732926]}},{"type":"Feature","properties":{"id":"mount-1529","type":"mountain","longitude":42.397335,"latitude":43.595723,"elevation_m":2259,"name":""},"geometry":{"type":"Point","coordinates":[42.397335,43.595723]}},{"type":"Feature","properties":{"id":"mount-1533","type":"mountain","longitude":42.307738,"latitude":43.588613,"elevation_m":2184,"name":""},"geometry":{"type":"Point","coordinates":[42.307738,43.588613]}},{"type":"Feature","properties":{"id":"mount-1534","type":"mountain","longitude":40.755844,"latitude":43.501858,"elevation_m":2174,"name":""},"geometry":{"type":"Point","coordinates":[40.755844,43.501858]}},{"type":"Feature","properties":{"id":"mount-1538","type":"mountain","longitude":42.334335,"latitude":43.608496,"elevation_m":2111,"name":""},"geometry":{"type":"Point","coordinates":[42.334335,43.608496]}},{"type":"Feature","properties":{"id":"mount-1541","type":"mountain","longitude":40.830656,"latitude":43.602459,"elevation_m":2585,"name":""},"geometry":{"type":"Point","coordinates":[40.830656,43.602459]}},{"type":"Feature","properties":{"id":"mount-1543","type":"mountain","longitude":41.688159,"latitude":43.172815,"elevation_m":2287,"name":""},"geometry":{"type":"Point","coordinates":[41.688159,43.172815]}},{"type":"Feature","properties":{"id":"mount-1547","type":"mountain","longitude":40.903516,"latitude":43.55756,"elevation_m":2260,"name":""},"geometry":{"type":"Point","coordinates":[40.903516,43.55756]}},{"type":"Feature","properties":{"id":"mount-1550","type":"mountain","longitude":42.664279,"latitude":43.732848,"elevation_m":2118,"name":""},"geometry":{"type":"Point","coordinates":[42.664279,43.732848]}},{"type":"Feature","properties":{"id":"mount-1555","type":"mountain","longitude":41.92548,"latitude":43.28511,"elevation_m":3164,"name":""},"geometry":{"type":"Point","coordinates":[41.92548,43.28511]}},{"type":"Feature","properties":{"id":"mount-1557","type":"mountain","longitude":42.167426,"latitude":43.532768,"elevation_m":1966,"name":""},"geometry":{"type":"Point","coordinates":[42.167426,43.532768]}},{"type":"Feature","properties":{"id":"mount-1561","type":"mountain","longitude":42.707452,"latitude":43.363488,"elevation_m":2853,"name":""},"geometry":{"type":"Point","coordinates":[42.707452,43.363488]}},{"type":"Feature","properties":{"id":"mount-1562","type":"mountain","longitude":43.429953,"latitude":43.165639,"elevation_m":2989,"name":""},"geometry":{"type":"Point","coordinates":[43.429953,43.165639]}},{"type":"Feature","properties":{"id":"mount-1565","type":"mountain","longitude":42.831434,"latitude":43.475836,"elevation_m":2418,"name":""},"geometry":{"type":"Point","coordinates":[42.831434,43.475836]}},{"type":"Feature","properties":{"id":"mount-1572","type":"mountain","longitude":40.765682,"latitude":43.779422,"elevation_m":2454,"name":""},"geometry":{"type":"Point","coordinates":[40.765682,43.779422]}},{"type":"Feature","properties":{"id":"mount-1576","type":"mountain","longitude":42.148994,"latitude":43.387468,"elevation_m":3008,"name":""},"geometry":{"type":"Point","coordinates":[42.148994,43.387468]}},{"type":"Feature","properties":{"id":"mount-1580","type":"mountain","longitude":43.19895,"latitude":43.316139,"elevation_m":2146,"name":""},"geometry":{"type":"Point","coordinates":[43.19895,43.316139]}},{"type":"Feature","properties":{"id":"mount-1581","type":"mountain","longitude":41.755246,"latitude":43.182156,"elevation_m":2763,"name":""},"geometry":{"type":"Point","coordinates":[41.755246,43.182156]}},{"type":"Feature","properties":{"id":"mount-1594","type":"mountain","longitude":42.598232,"latitude":43.67564,"elevation_m":2224,"name":""},"geometry":{"type":"Point","coordinates":[42.598232,43.67564]}},{"type":"Feature","properties":{"id":"mount-1595","type":"mountain","longitude":42.367219,"latitude":43.691545,"elevation_m":2342,"name":""},"geometry":{"type":"Point","coordinates":[42.367219,43.691545]}},{"type":"Feature","properties":{"id":"mount-1601","type":"mountain","longitude":41.794374,"latitude":43.265745,"elevation_m":2557,"name":""},"geometry":{"type":"Point","coordinates":[41.794374,43.265745]}},{"type":"Feature","properties":{"id":"mount-1602","type":"mountain","longitude":41.71865,"latitude":43.189431,"elevation_m":2475,"name":""},"geometry":{"type":"Point","coordinates":[41.71865,43.189431]}},{"type":"Feature","properties":{"id":"mount-1605","type":"mountain","longitude":40.968447,"latitude":43.384739,"elevation_m":2007,"name":""},"geometry":{"type":"Point","coordinates":[40.968447,43.384739]}},{"type":"Feature","properties":{"id":"mount-1615","type":"mountain","longitude":40.937237,"latitude":43.6809,"elevation_m":2937,"name":""},"geometry":{"type":"Point","coordinates":[40.937237,43.6809]}},{"type":"Feature","properties":{"id":"mount-1619","type":"mountain","longitude":41.568629,"latitude":43.217492,"elevation_m":2835,"name":""},"geometry":{"type":"Point","coordinates":[41.568629,43.217492]}},{"type":"Feature","properties":{"id":"mount-1625","type":"mountain","longitude":41.510532,"latitude":43.406887,"elevation_m":2812,"name":""},"geometry":{"type":"Point","coordinates":[41.510532,43.406887]}},{"type":"Feature","properties":{"id":"mount-1631","type":"mountain","longitude":42.771825,"latitude":43.465558,"elevation_m":2698,"name":""},"geometry":{"type":"Point","coordinates":[42.771825,43.465558]}},{"type":"Feature","properties":{"id":"mount-1632","type":"mountain","longitude":41.526883,"latitude":43.630911,"elevation_m":2203,"name":""},"geometry":{"type":"Point","coordinates":[41.526883,43.630911]}},{"type":"Feature","properties":{"id":"mount-1634","type":"mountain","longitude":40.877842,"latitude":43.840656,"elevation_m":2028,"name":""},"geometry":{"type":"Point","coordinates":[40.877842,43.840656]}},{"type":"Feature","properties":{"id":"mount-1635","type":"mountain","longitude":41.453851,"latitude":43.510518,"elevation_m":2649,"name":""},"geometry":{"type":"Point","coordinates":[41.453851,43.510518]}},{"type":"Feature","properties":{"id":"mount-1637","type":"mountain","longitude":41.477047,"latitude":43.483979,"elevation_m":2739,"name":""},"geometry":{"type":"Point","coordinates":[41.477047,43.483979]}},{"type":"Feature","properties":{"id":"mount-1639","type":"mountain","longitude":40.817116,"latitude":43.530964,"elevation_m":2766,"name":""},"geometry":{"type":"Point","coordinates":[40.817116,43.530964]}},{"type":"Feature","properties":{"id":"mount-1645","type":"mountain","longitude":43.374882,"latitude":43.210446,"elevation_m":3174,"name":""},"geometry":{"type":"Point","coordinates":[43.374882,43.210446]}},{"type":"Feature","properties":{"id":"mount-1647","type":"mountain","longitude":42.552098,"latitude":43.775324,"elevation_m":2111,"name":""},"geometry":{"type":"Point","coordinates":[42.552098,43.775324]}},{"type":"Feature","properties":{"id":"mount-1653","type":"mountain","longitude":42.480462,"latitude":43.614803,"elevation_m":2329,"name":""},"geometry":{"type":"Point","coordinates":[42.480462,43.614803]}},{"type":"Feature","properties":{"id":"mount-1658","type":"mountain","longitude":42.741548,"latitude":43.627487,"elevation_m":2441,"name":""},"geometry":{"type":"Point","coordinates":[42.741548,43.627487]}},{"type":"Feature","properties":{"id":"mount-1662","type":"mountain","longitude":41.878767,"latitude":43.21506,"elevation_m":2800,"name":""},"geometry":{"type":"Point","coordinates":[41.878767,43.21506]}},{"type":"Feature","properties":{"id":"mount-1663","type":"mountain","longitude":41.0736,"latitude":43.673374,"elevation_m":2681,"name":""},"geometry":{"type":"Point","coordinates":[41.0736,43.673374]}},{"type":"Feature","properties":{"id":"mount-1668","type":"mountain","longitude":41.844682,"latitude":43.282173,"elevation_m":2911,"name":""},"geometry":{"type":"Point","coordinates":[41.844682,43.282173]}},{"type":"Feature","properties":{"id":"mount-1671","type":"mountain","longitude":42.064816,"latitude":43.600012,"elevation_m":1945,"name":""},"geometry":{"type":"Point","coordinates":[42.064816,43.600012]}},{"type":"Feature","properties":{"id":"mount-1677","type":"mountain","longitude":42.557108,"latitude":43.640936,"elevation_m":2149,"name":""},"geometry":{"type":"Point","coordinates":[42.557108,43.640936]}},{"type":"Feature","properties":{"id":"mount-1680","type":"mountain","longitude":42.51797,"latitude":43.641937,"elevation_m":2274,"name":""},"geometry":{"type":"Point","coordinates":[42.51797,43.641937]}},{"type":"Feature","properties":{"id":"mount-1682","type":"mountain","longitude":42.517776,"latitude":43.602871,"elevation_m":2307,"name":""},"geometry":{"type":"Point","coordinates":[42.517776,43.602871]}},{"type":"Feature","properties":{"id":"mount-1683","type":"mountain","longitude":42.538762,"latitude":43.56853,"elevation_m":2149,"name":""},"geometry":{"type":"Point","coordinates":[42.538762,43.56853]}},{"type":"Feature","properties":{"id":"mount-1685","type":"mountain","longitude":42.077358,"latitude":43.400293,"elevation_m":3123,"name":""},"geometry":{"type":"Point","coordinates":[42.077358,43.400293]}},{"type":"Feature","properties":{"id":"mount-1689","type":"mountain","longitude":42.56891,"latitude":43.550578,"elevation_m":2349,"name":""},"geometry":{"type":"Point","coordinates":[42.56891,43.550578]}},{"type":"Feature","properties":{"id":"mount-1690","type":"mountain","longitude":42.803013,"latitude":43.498675,"elevation_m":2279,"name":""},"geometry":{"type":"Point","coordinates":[42.803013,43.498675]}},{"type":"Feature","properties":{"id":"mount-1693","type":"mountain","longitude":40.809145,"latitude":43.755845,"elevation_m":1850,"name":""},"geometry":{"type":"Point","coordinates":[40.809145,43.755845]}},{"type":"Feature","properties":{"id":"mount-1696","type":"mountain","longitude":42.245221,"latitude":43.477938,"elevation_m":2264,"name":""},"geometry":{"type":"Point","coordinates":[42.245221,43.477938]}},{"type":"Feature","properties":{"id":"mount-1702","type":"mountain","longitude":42.537453,"latitude":43.530512,"elevation_m":2264,"name":""},"geometry":{"type":"Point","coordinates":[42.537453,43.530512]}},{"type":"Feature","properties":{"id":"mount-1703","type":"mountain","longitude":42.435937,"latitude":43.602366,"elevation_m":2267,"name":""},"geometry":{"type":"Point","coordinates":[42.435937,43.602366]}},{"type":"Feature","properties":{"id":"mount-1704","type":"mountain","longitude":42.398483,"latitude":43.572502,"elevation_m":2293,"name":""},"geometry":{"type":"Point","coordinates":[42.398483,43.572502]}},{"type":"Feature","properties":{"id":"mount-1707","type":"mountain","longitude":42.556121,"latitude":43.500885,"elevation_m":2299,"name":""},"geometry":{"type":"Point","coordinates":[42.556121,43.500885]}},{"type":"Feature","properties":{"id":"mount-1709","type":"mountain","longitude":42.469679,"latitude":43.58765,"elevation_m":2302,"name":""},"geometry":{"type":"Point","coordinates":[42.469679,43.58765]}},{"type":"Feature","properties":{"id":"mount-1715","type":"mountain","longitude":42.846615,"latitude":43.453301,"elevation_m":2346,"name":""},"geometry":{"type":"Point","coordinates":[42.846615,43.453301]}},{"type":"Feature","properties":{"id":"mount-1718","type":"mountain","longitude":42.402989,"latitude":43.5484,"elevation_m":2143,"name":""},"geometry":{"type":"Point","coordinates":[42.402989,43.5484]}},{"type":"Feature","properties":{"id":"mount-1732","type":"mountain","longitude":40.768912,"latitude":43.742166,"elevation_m":2911,"name":""},"geometry":{"type":"Point","coordinates":[40.768912,43.742166]}},{"type":"Feature","properties":{"id":"mount-1734","type":"mountain","longitude":41.141814,"latitude":43.403107,"elevation_m":2987,"name":""},"geometry":{"type":"Point","coordinates":[41.141814,43.403107]}},{"type":"Feature","properties":{"id":"mount-1735","type":"mountain","longitude":41.610943,"latitude":43.48201,"elevation_m":2940,"name":""},"geometry":{"type":"Point","coordinates":[41.610943,43.48201]}},{"type":"Feature","properties":{"id":"mount-1737","type":"mountain","longitude":41.774279,"latitude":43.620551,"elevation_m":2358,"name":""},"geometry":{"type":"Point","coordinates":[41.774279,43.620551]}},{"type":"Feature","properties":{"id":"mount-1739","type":"mountain","longitude":41.890923,"latitude":43.528,"elevation_m":2818,"name":""},"geometry":{"type":"Point","coordinates":[41.890923,43.528]}},{"type":"Feature","properties":{"id":"mount-1742","type":"mountain","longitude":40.776497,"latitude":43.598505,"elevation_m":2602,"name":""},"geometry":{"type":"Point","coordinates":[40.776497,43.598505]}},{"type":"Feature","properties":{"id":"mount-1744","type":"mountain","longitude":40.868733,"latitude":43.510231,"elevation_m":2033,"name":""},"geometry":{"type":"Point","coordinates":[40.868733,43.510231]}},{"type":"Feature","properties":{"id":"mount-1746","type":"mountain","longitude":40.861716,"latitude":43.544084,"elevation_m":1997,"name":""},"geometry":{"type":"Point","coordinates":[40.861716,43.544084]}},{"type":"Feature","properties":{"id":"mount-1747","type":"mountain","longitude":41.948118,"latitude":43.524997,"elevation_m":2334,"name":""},"geometry":{"type":"Point","coordinates":[41.948118,43.524997]}},{"type":"Feature","properties":{"id":"mount-1748","type":"mountain","longitude":41.521196,"latitude":43.518283,"elevation_m":2537,"name":""},"geometry":{"type":"Point","coordinates":[41.521196,43.518283]}},{"type":"Feature","properties":{"id":"mount-1751","type":"mountain","longitude":41.974865,"latitude":43.505834,"elevation_m":3019,"name":""},"geometry":{"type":"Point","coordinates":[41.974865,43.505834]}},{"type":"Feature","properties":{"id":"mount-1755","type":"mountain","longitude":40.932537,"latitude":43.461735,"elevation_m":2835,"name":""},"geometry":{"type":"Point","coordinates":[40.932537,43.461735]}},{"type":"Feature","properties":{"id":"mount-1772","type":"mountain","longitude":40.897411,"latitude":43.591605,"elevation_m":1997,"name":""},"geometry":{"type":"Point","coordinates":[40.897411,43.591605]}},{"type":"Feature","properties":{"id":"mount-1775","type":"mountain","longitude":42.338272,"latitude":43.485528,"elevation_m":2635,"name":""},"geometry":{"type":"Point","coordinates":[42.338272,43.485528]}},{"type":"Feature","properties":{"id":"mount-1778","type":"mountain","longitude":42.273846,"latitude":43.572183,"elevation_m":2240,"name":""},"geometry":{"type":"Point","coordinates":[42.273846,43.572183]}},{"type":"Feature","properties":{"id":"mount-1782","type":"mountain","longitude":42.348701,"latitude":43.508877,"elevation_m":2104,"name":""},"geometry":{"type":"Point","coordinates":[42.348701,43.508877]}},{"type":"Feature","properties":{"id":"mount-1787","type":"mountain","longitude":42.222798,"latitude":43.564977,"elevation_m":2103,"name":""},"geometry":{"type":"Point","coordinates":[42.222798,43.564977]}},{"type":"Feature","properties":{"id":"mount-1788","type":"mountain","longitude":42.319669,"latitude":43.520034,"elevation_m":2007,"name":""},"geometry":{"type":"Point","coordinates":[42.319669,43.520034]}},{"type":"Feature","properties":{"id":"mount-1791","type":"mountain","longitude":42.443984,"latitude":43.496246,"elevation_m":2397,"name":""},"geometry":{"type":"Point","coordinates":[42.443984,43.496246]}},{"type":"Feature","properties":{"id":"mount-1796","type":"mountain","longitude":41.191574,"latitude":43.693368,"elevation_m":2185,"name":""},"geometry":{"type":"Point","coordinates":[41.191574,43.693368]}},{"type":"Feature","properties":{"id":"mount-1801","type":"mountain","longitude":42.946458,"latitude":43.555336,"elevation_m":2138,"name":""},"geometry":{"type":"Point","coordinates":[42.946458,43.555336]}},{"type":"Feature","properties":{"id":"mount-1803","type":"mountain","longitude":43.039874,"latitude":43.525324,"elevation_m":2169,"name":""},"geometry":{"type":"Point","coordinates":[43.039874,43.525324]}},{"type":"Feature","properties":{"id":"mount-1804","type":"mountain","longitude":42.888587,"latitude":43.611176,"elevation_m":1982,"name":""},"geometry":{"type":"Point","coordinates":[42.888587,43.611176]}},{"type":"Feature","properties":{"id":"mount-1805","type":"mountain","longitude":42.91322,"latitude":43.644569,"elevation_m":1842,"name":""},"geometry":{"type":"Point","coordinates":[42.91322,43.644569]}},{"type":"Feature","properties":{"id":"mount-1806","type":"mountain","longitude":43.210849,"latitude":43.188242,"elevation_m":3127,"name":""},"geometry":{"type":"Point","coordinates":[43.210849,43.188242]}},{"type":"Feature","properties":{"id":"mount-1808","type":"mountain","longitude":42.848032,"latitude":43.599212,"elevation_m":2326,"name":""},"geometry":{"type":"Point","coordinates":[42.848032,43.599212]}},{"type":"Feature","properties":{"id":"mount-1809","type":"mountain","longitude":41.389822,"latitude":43.370422,"elevation_m":2658,"name":""},"geometry":{"type":"Point","coordinates":[41.389822,43.370422]}},{"type":"Feature","properties":{"id":"mount-1810","type":"mountain","longitude":41.264327,"latitude":43.669261,"elevation_m":2372,"name":""},"geometry":{"type":"Point","coordinates":[41.264327,43.669261]}},{"type":"Feature","properties":{"id":"mount-1817","type":"mountain","longitude":41.627294,"latitude":43.388996,"elevation_m":3155,"name":""},"geometry":{"type":"Point","coordinates":[41.627294,43.388996]}},{"type":"Feature","properties":{"id":"mount-1822","type":"mountain","longitude":42.20296,"latitude":43.78149,"elevation_m":2140,"name":""},"geometry":{"type":"Point","coordinates":[42.20296,43.78149]}},{"type":"Feature","properties":{"id":"mount-1824","type":"mountain","longitude":41.751577,"latitude":43.572727,"elevation_m":2276,"name":""},"geometry":{"type":"Point","coordinates":[41.751577,43.572727]}},{"type":"Feature","properties":{"id":"mount-1829","type":"mountain","longitude":41.72439,"latitude":43.59629,"elevation_m":2014,"name":""},"geometry":{"type":"Point","coordinates":[41.72439,43.59629]}},{"type":"Feature","properties":{"id":"mount-1831","type":"mountain","longitude":41.489085,"latitude":43.623969,"elevation_m":2289,"name":""},"geometry":{"type":"Point","coordinates":[41.489085,43.623969]}},{"type":"Feature","properties":{"id":"mount-1846","type":"mountain","longitude":40.933825,"latitude":43.646588,"elevation_m":2603,"name":""},"geometry":{"type":"Point","coordinates":[40.933825,43.646588]}},{"type":"Feature","properties":{"id":"mount-1851","type":"mountain","longitude":41.426278,"latitude":43.60702,"elevation_m":2730,"name":""},"geometry":{"type":"Point","coordinates":[41.426278,43.60702]}},{"type":"Feature","properties":{"id":"mount-1852","type":"mountain","longitude":41.296545,"latitude":43.735499,"elevation_m":1936,"name":""},"geometry":{"type":"Point","coordinates":[41.296545,43.735499]}},{"type":"Feature","properties":{"id":"mount-1853","type":"mountain","longitude":40.923203,"latitude":43.719187,"elevation_m":2819,"name":""},"geometry":{"type":"Point","coordinates":[40.923203,43.719187]}},{"type":"Feature","properties":{"id":"mount-1854","type":"mountain","longitude":42.425423,"latitude":43.461003,"elevation_m":3169,"name":""},"geometry":{"type":"Point","coordinates":[42.425423,43.461003]}},{"type":"Feature","properties":{"id":"mount-1859","type":"mountain","longitude":40.875492,"latitude":43.726344,"elevation_m":2063,"name":""},"geometry":{"type":"Point","coordinates":[40.875492,43.726344]}},{"type":"Feature","properties":{"id":"mount-1863","type":"mountain","longitude":42.529074,"latitude":43.434527,"elevation_m":2550,"name":""},"geometry":{"type":"Point","coordinates":[42.529074,43.434527]}},{"type":"Feature","properties":{"id":"mount-1873","type":"mountain","longitude":41.44721,"latitude":43.63335,"elevation_m":2299,"name":""},"geometry":{"type":"Point","coordinates":[41.44721,43.63335]}},{"type":"Feature","properties":{"id":"mount-1876","type":"mountain","longitude":41.361144,"latitude":43.397619,"elevation_m":2922,"name":""},"geometry":{"type":"Point","coordinates":[41.361144,43.397619]}},{"type":"Feature","properties":{"id":"mount-1879","type":"mountain","longitude":40.999002,"latitude":43.574686,"elevation_m":2362,"name":""},"geometry":{"type":"Point","coordinates":[40.999002,43.574686]}},{"type":"Feature","properties":{"id":"mount-1889","type":"mountain","longitude":43.283397,"latitude":43.289592,"elevation_m":2865,"name":""},"geometry":{"type":"Point","coordinates":[43.283397,43.289592]}},{"type":"Feature","properties":{"id":"mount-1890","type":"mountain","longitude":41.317681,"latitude":43.394095,"elevation_m":2432,"name":""},"geometry":{"type":"Point","coordinates":[41.317681,43.394095]}},{"type":"Feature","properties":{"id":"mount-1895","type":"mountain","longitude":40.702897,"latitude":43.533725,"elevation_m":2662,"name":""},"geometry":{"type":"Point","coordinates":[40.702897,43.533725]}},{"type":"Feature","properties":{"id":"mount-1897","type":"mountain","longitude":41.505082,"latitude":43.572502,"elevation_m":2479,"name":""},"geometry":{"type":"Point","coordinates":[41.505082,43.572502]}},{"type":"Feature","properties":{"id":"mount-1902","type":"mountain","longitude":41.521046,"latitude":43.552125,"elevation_m":2899,"name":""},"geometry":{"type":"Point","coordinates":[41.521046,43.552125]}},{"type":"Feature","properties":{"id":"mount-1905","type":"mountain","longitude":40.813297,"latitude":43.792279,"elevation_m":2450,"name":""},"geometry":{"type":"Point","coordinates":[40.813297,43.792279]}},{"type":"Feature","properties":{"id":"mount-1909","type":"mountain","longitude":43.585006,"latitude":43.099573,"elevation_m":3089,"name":""},"geometry":{"type":"Point","coordinates":[43.585006,43.099573]}},{"type":"Feature","properties":{"id":"mount-1910","type":"mountain","longitude":43.487781,"latitude":43.080487,"elevation_m":2650,"name":""},"geometry":{"type":"Point","coordinates":[43.487781,43.080487]}},{"type":"Feature","properties":{"id":"mount-1917","type":"mountain","longitude":40.744396,"latitude":43.818187,"elevation_m":2441,"name":""},"geometry":{"type":"Point","coordinates":[40.744396,43.818187]}},{"type":"Feature","properties":{"id":"mount-1918","type":"mountain","longitude":41.258833,"latitude":43.503282,"elevation_m":2769,"name":""},"geometry":{"type":"Point","coordinates":[41.258833,43.503282]}},{"type":"Feature","properties":{"id":"mount-1922","type":"mountain","longitude":41.279197,"latitude":43.345888,"elevation_m":3006,"name":""},"geometry":{"type":"Point","coordinates":[41.279197,43.345888]}},{"type":"Feature","properties":{"id":"mount-1927","type":"mountain","longitude":42.128127,"latitude":43.777795,"elevation_m":1828,"name":""},"geometry":{"type":"Point","coordinates":[42.128127,43.777795]}},{"type":"Feature","properties":{"id":"mount-1929","type":"mountain","longitude":41.041263,"latitude":43.725289,"elevation_m":2498,"name":""},"geometry":{"type":"Point","coordinates":[41.041263,43.725289]}},{"type":"Feature","properties":{"id":"mount-1930","type":"mountain","longitude":40.982201,"latitude":43.702319,"elevation_m":2677,"name":""},"geometry":{"type":"Point","coordinates":[40.982201,43.702319]}},{"type":"Feature","properties":{"id":"mount-1935","type":"mountain","longitude":41.335963,"latitude":43.68045,"elevation_m":1852,"name":""},"geometry":{"type":"Point","coordinates":[41.335963,43.68045]}},{"type":"Feature","properties":{"id":"mount-1943","type":"mountain","longitude":41.681689,"latitude":43.604293,"elevation_m":2001,"name":""},"geometry":{"type":"Point","coordinates":[41.681689,43.604293]}},{"type":"Feature","properties":{"id":"mount-1945","type":"mountain","longitude":41.884625,"latitude":43.165803,"elevation_m":2255,"name":""},"geometry":{"type":"Point","coordinates":[41.884625,43.165803]}},{"type":"Feature","properties":{"id":"mount-1947","type":"mountain","longitude":43.507447,"latitude":42.963324,"elevation_m":4094,"name":""},"geometry":{"type":"Point","coordinates":[43.507447,42.963324]}},{"type":"Feature","properties":{"id":"mount-1961","type":"mountain","longitude":42.935461,"latitude":43.285078,"elevation_m":4049,"name":""},"geometry":{"type":"Point","coordinates":[42.935461,43.285078]}},{"type":"Feature","properties":{"id":"mount-1968","type":"mountain","longitude":42.888533,"latitude":43.215779,"elevation_m":4197,"name":""},"geometry":{"type":"Point","coordinates":[42.888533,43.215779]}},{"type":"Feature","properties":{"id":"mount-2005","type":"mountain","longitude":43.065752,"latitude":43.098053,"elevation_m":4311,"name":""},"geometry":{"type":"Point","coordinates":[43.065752,43.098053]}},{"type":"Feature","properties":{"id":"mount-2007","type":"mountain","longitude":42.864618,"latitude":43.198434,"elevation_m":4072,"name":""},"geometry":{"type":"Point","coordinates":[42.864618,43.198434]}},{"type":"Feature","properties":{"id":"mount-2016","type":"mountain","longitude":42.917093,"latitude":43.258807,"elevation_m":4118,"name":""},"geometry":{"type":"Point","coordinates":[42.917093,43.258807]}},{"type":"Feature","properties":{"id":"mount-2017","type":"mountain","longitude":42.849212,"latitude":43.267456,"elevation_m":4178,"name":""},"geometry":{"type":"Point","coordinates":[42.849212,43.267456]}},{"type":"Feature","properties":{"id":"mount-2019","type":"mountain","longitude":43.227296,"latitude":43.028463,"elevation_m":4499,"name":""},"geometry":{"type":"Point","coordinates":[43.227296,43.028463]}},{"type":"Feature","properties":{"id":"mount-2031","type":"mountain","longitude":42.404158,"latitude":43.370827,"elevation_m":4323,"name":""},"geometry":{"type":"Point","coordinates":[42.404158,43.370827]}},{"type":"Feature","properties":{"id":"mount-2032","type":"mountain","longitude":42.4061,"latitude":43.341347,"elevation_m":4931,"name":""},"geometry":{"type":"Point","coordinates":[42.4061,43.341347]}},{"type":"Feature","properties":{"id":"mount-2040","type":"mountain","longitude":42.929142,"latitude":43.124816,"elevation_m":4032,"name":""},"geometry":{"type":"Point","coordinates":[42.929142,43.124816]}},{"type":"Feature","properties":{"id":"mount-2041","type":"mountain","longitude":42.990071,"latitude":43.119115,"elevation_m":4531,"name":""},"geometry":{"type":"Point","coordinates":[42.990071,43.119115]}},{"type":"Feature","properties":{"id":"mount-2045","type":"mountain","longitude":43.03614,"latitude":43.082485,"elevation_m":4051,"name":""},"geometry":{"type":"Point","coordinates":[43.03614,43.082485]}},{"type":"Feature","properties":{"id":"mount-2051","type":"mountain","longitude":43.186301,"latitude":42.937614,"elevation_m":4172,"name":""},"geometry":{"type":"Point","coordinates":[43.186301,42.937614]}},{"type":"Feature","properties":{"id":"mount-2056","type":"mountain","longitude":43.395749,"latitude":42.993646,"elevation_m":4463,"name":""},"geometry":{"type":"Point","coordinates":[43.395749,42.993646]}},{"type":"Feature","properties":{"id":"mount-2057","type":"mountain","longitude":43.46804,"latitude":42.955048,"elevation_m":4017,"name":""},"geometry":{"type":"Point","coordinates":[43.46804,42.955048]}},{"type":"Feature","properties":{"id":"mount-2063","type":"mountain","longitude":43.098958,"latitude":43.050733,"elevation_m":4061,"name":""},"geometry":{"type":"Point","coordinates":[43.098958,43.050733]}},{"type":"Feature","properties":{"id":"mount-2070","type":"mountain","longitude":42.522132,"latitude":43.190847,"elevation_m":4394,"name":""},"geometry":{"type":"Point","coordinates":[42.522132,43.190847]}},{"type":"Feature","properties":{"id":"mount-2074","type":"mountain","longitude":42.678977,"latitude":43.165443,"elevation_m":4014,"name":""},"geometry":{"type":"Point","coordinates":[42.678977,43.165443]}},{"type":"Feature","properties":{"id":"mount-2077","type":"mountain","longitude":42.8246,"latitude":43.173472,"elevation_m":4270,"name":""},"geometry":{"type":"Point","coordinates":[42.8246,43.173472]}},{"type":"Feature","properties":{"id":"mount-2078","type":"mountain","longitude":42.863384,"latitude":43.175577,"elevation_m":4016,"name":""},"geometry":{"type":"Point","coordinates":[42.863384,43.175577]}},{"type":"Feature","properties":{"id":"rock-0006","type":"rock","longitude":43.037857,"latitude":43.255752,"elevation_m":3675,"name":""},"geometry":{"type":"Point","coordinates":[43.037857,43.255752]}},{"type":"Feature","properties":{"id":"rock-0026","type":"rock","longitude":43.526995,"latitude":42.979064,"elevation_m":3734,"name":""},"geometry":{"type":"Point","coordinates":[43.526995,42.979064]}},{"type":"Feature","properties":{"id":"rock-0037","type":"rock","longitude":42.995059,"latitude":43.33189,"elevation_m":3212,"name":""},"geometry":{"type":"Point","coordinates":[42.995059,43.33189]}},{"type":"Feature","properties":{"id":"rock-0038","type":"rock","longitude":41.506037,"latitude":43.315866,"elevation_m":3246,"name":""},"geometry":{"type":"Point","coordinates":[41.506037,43.315866]}},{"type":"Feature","properties":{"id":"rock-0039","type":"rock","longitude":42.392271,"latitude":43.46073,"elevation_m":3294,"name":""},"geometry":{"type":"Point","coordinates":[42.392271,43.46073]}},{"type":"Feature","properties":{"id":"rock-0041","type":"rock","longitude":41.662334,"latitude":43.409654,"elevation_m":3225,"name":""},"geometry":{"type":"Point","coordinates":[41.662334,43.409654]}},{"type":"Feature","properties":{"id":"rock-0042","type":"rock","longitude":41.633956,"latitude":43.410971,"elevation_m":3247,"name":""},"geometry":{"type":"Point","coordinates":[41.633956,43.410971]}},{"type":"Feature","properties":{"id":"rock-0046","type":"rock","longitude":41.581568,"latitude":43.413621,"elevation_m":3373,"name":""},"geometry":{"type":"Point","coordinates":[41.581568,43.413621]}},{"type":"Feature","properties":{"id":"rock-0052","type":"rock","longitude":41.575506,"latitude":43.442606,"elevation_m":3468,"name":""},"geometry":{"type":"Point","coordinates":[41.575506,43.442606]}},{"type":"Feature","properties":{"id":"rock-0056","type":"rock","longitude":41.89177,"latitude":43.393308,"elevation_m":3263,"name":""},"geometry":{"type":"Point","coordinates":[41.89177,43.393308]}},{"type":"Feature","properties":{"id":"rock-0075","type":"rock","longitude":42.153586,"latitude":43.306138,"elevation_m":3473,"name":""},"geometry":{"type":"Point","coordinates":[42.153586,43.306138]}},{"type":"Feature","properties":{"id":"rock-0082","type":"rock","longitude":41.58352,"latitude":43.365843,"elevation_m":3269,"name":""},"geometry":{"type":"Point","coordinates":[41.58352,43.365843]}},{"type":"Feature","properties":{"id":"rock-0086","type":"rock","longitude":41.592017,"latitude":43.393261,"elevation_m":3449,"name":""},"geometry":{"type":"Point","coordinates":[41.592017,43.393261]}},{"type":"Feature","properties":{"id":"rock-0090","type":"rock","longitude":42.415112,"latitude":43.260542,"elevation_m":3472,"name":""},"geometry":{"type":"Point","coordinates":[42.415112,43.260542]}},{"type":"Feature","properties":{"id":"rock-0091","type":"rock","longitude":42.256958,"latitude":43.372605,"elevation_m":3504,"name":""},"geometry":{"type":"Point","coordinates":[42.256958,43.372605]}},{"type":"Feature","properties":{"id":"rock-0096","type":"rock","longitude":42.234492,"latitude":43.397057,"elevation_m":3358,"name":""},"geometry":{"type":"Point","coordinates":[42.234492,43.397057]}},{"type":"Feature","properties":{"id":"rock-0097","type":"rock","longitude":42.534267,"latitude":43.335994,"elevation_m":3897,"name":""},"geometry":{"type":"Point","coordinates":[42.534267,43.335994]}},{"type":"Feature","properties":{"id":"rock-0098","type":"rock","longitude":42.574081,"latitude":43.276268,"elevation_m":3525,"name":""},"geometry":{"type":"Point","coordinates":[42.574081,43.276268]}},{"type":"Feature","properties":{"id":"rock-0101","type":"rock","longitude":42.71803,"latitude":43.43318,"elevation_m":3404,"name":""},"geometry":{"type":"Point","coordinates":[42.71803,43.43318]}},{"type":"Feature","properties":{"id":"rock-0102","type":"rock","longitude":42.706872,"latitude":43.410129,"elevation_m":3359,"name":""},"geometry":{"type":"Point","coordinates":[42.706872,43.410129]}},{"type":"Feature","properties":{"id":"rock-0105","type":"rock","longitude":42.341802,"latitude":43.268136,"elevation_m":3477,"name":""},"geometry":{"type":"Point","coordinates":[42.341802,43.268136]}},{"type":"Feature","properties":{"id":"rock-0108","type":"rock","longitude":42.21267,"latitude":43.285399,"elevation_m":3732,"name":""},"geometry":{"type":"Point","coordinates":[42.21267,43.285399]}},{"type":"Feature","properties":{"id":"rock-0120","type":"rock","longitude":41.505607,"latitude":43.345186,"elevation_m":3267,"name":""},"geometry":{"type":"Point","coordinates":[41.505607,43.345186]}},{"type":"Feature","properties":{"id":"rock-0127","type":"rock","longitude":42.825233,"latitude":43.250032,"elevation_m":3795,"name":""},"geometry":{"type":"Point","coordinates":[42.825233,43.250032]}},{"type":"Feature","properties":{"id":"rock-0131","type":"rock","longitude":43.143761,"latitude":43.074554,"elevation_m":3758,"name":""},"geometry":{"type":"Point","coordinates":[43.143761,43.074554]}},{"type":"Feature","properties":{"id":"rock-0133","type":"rock","longitude":43.121831,"latitude":43.026628,"elevation_m":3942,"name":""},"geometry":{"type":"Point","coordinates":[43.121831,43.026628]}},{"type":"Feature","properties":{"id":"rock-0134","type":"rock","longitude":43.113184,"latitude":43.129068,"elevation_m":3964,"name":""},"geometry":{"type":"Point","coordinates":[43.113184,43.129068]}},{"type":"Feature","properties":{"id":"rock-0138","type":"rock","longitude":43.192137,"latitude":43.006946,"elevation_m":3674,"name":""},"geometry":{"type":"Point","coordinates":[43.192137,43.006946]}},{"type":"Feature","properties":{"id":"rock-0139","type":"rock","longitude":43.208864,"latitude":43.085925,"elevation_m":3945,"name":""},"geometry":{"type":"Point","coordinates":[43.208864,43.085925]}},{"type":"Feature","properties":{"id":"rock-0142","type":"rock","longitude":43.250792,"latitude":43.261222,"elevation_m":3468,"name":""},"geometry":{"type":"Point","coordinates":[43.250792,43.261222]}},{"type":"Feature","properties":{"id":"rock-0143","type":"rock","longitude":43.198146,"latitude":43.113578,"elevation_m":3948,"name":""},"geometry":{"type":"Point","coordinates":[43.198146,43.113578]}},{"type":"Feature","properties":{"id":"rock-0146","type":"rock","longitude":42.299455,"latitude":43.264448,"elevation_m":3263,"name":""},"geometry":{"type":"Point","coordinates":[42.299455,43.264448]}},{"type":"Feature","properties":{"id":"rock-0149","type":"rock","longitude":42.135841,"latitude":43.286101,"elevation_m":3439,"name":""},"geometry":{"type":"Point","coordinates":[42.135841,43.286101]}},{"type":"Feature","properties":{"id":"rock-0150","type":"rock","longitude":42.107817,"latitude":43.221674,"elevation_m":3356,"name":""},"geometry":{"type":"Point","coordinates":[42.107817,43.221674]}},{"type":"Feature","properties":{"id":"rock-0155","type":"rock","longitude":41.09538,"latitude":43.419598,"elevation_m":3284,"name":""},"geometry":{"type":"Point","coordinates":[41.09538,43.419598]}},{"type":"Feature","properties":{"id":"rock-0160","type":"rock","longitude":43.243432,"latitude":43.093509,"elevation_m":3855,"name":""},"geometry":{"type":"Point","coordinates":[43.243432,43.093509]}},{"type":"Feature","properties":{"id":"rock-0161","type":"rock","longitude":43.084742,"latitude":43.147059,"elevation_m":3910,"name":""},"geometry":{"type":"Point","coordinates":[43.084742,43.147059]}},{"type":"Feature","properties":{"id":"rock-0165","type":"rock","longitude":42.725605,"latitude":43.394477,"elevation_m":3566,"name":""},"geometry":{"type":"Point","coordinates":[42.725605,43.394477]}},{"type":"Feature","properties":{"id":"rock-0170","type":"rock","longitude":42.569951,"latitude":43.22635,"elevation_m":3207,"name":""},"geometry":{"type":"Point","coordinates":[42.569951,43.22635]}},{"type":"Feature","properties":{"id":"rock-0171","type":"rock","longitude":42.602695,"latitude":43.178127,"elevation_m":3793,"name":""},"geometry":{"type":"Point","coordinates":[42.602695,43.178127]}},{"type":"Feature","properties":{"id":"rock-0173","type":"rock","longitude":42.617147,"latitude":43.227733,"elevation_m":3216,"name":""},"geometry":{"type":"Point","coordinates":[42.617147,43.227733]}},{"type":"Feature","properties":{"id":"rock-0174","type":"rock","longitude":41.554627,"latitude":43.387351,"elevation_m":3392,"name":""},"geometry":{"type":"Point","coordinates":[41.554627,43.387351]}},{"type":"Feature","properties":{"id":"rock-0183","type":"rock","longitude":41.661776,"latitude":43.499235,"elevation_m":3232,"name":""},"geometry":{"type":"Point","coordinates":[41.661776,43.499235]}},{"type":"Feature","properties":{"id":"rock-0191","type":"rock","longitude":41.769773,"latitude":43.213332,"elevation_m":3259,"name":""},"geometry":{"type":"Point","coordinates":[41.769773,43.213332]}},{"type":"Feature","properties":{"id":"rock-0193","type":"rock","longitude":41.805865,"latitude":43.33793,"elevation_m":3241,"name":""},"geometry":{"type":"Point","coordinates":[41.805865,43.33793]}},{"type":"Feature","properties":{"id":"rock-0194","type":"rock","longitude":41.785051,"latitude":43.357528,"elevation_m":3375,"name":""},"geometry":{"type":"Point","coordinates":[41.785051,43.357528]}},{"type":"Feature","properties":{"id":"rock-0200","type":"rock","longitude":41.635276,"latitude":43.221596,"elevation_m":3428,"name":""},"geometry":{"type":"Point","coordinates":[41.635276,43.221596]}},{"type":"Feature","properties":{"id":"rock-0204","type":"rock","longitude":41.784396,"latitude":43.235816,"elevation_m":3563,"name":""},"geometry":{"type":"Point","coordinates":[41.784396,43.235816]}},{"type":"Feature","properties":{"id":"rock-0206","type":"rock","longitude":41.934482,"latitude":43.490261,"elevation_m":3316,"name":""},"geometry":{"type":"Point","coordinates":[41.934482,43.490261]}},{"type":"Feature","properties":{"id":"rock-0210","type":"rock","longitude":41.854069,"latitude":43.338671,"elevation_m":3329,"name":""},"geometry":{"type":"Point","coordinates":[41.854069,43.338671]}},{"type":"Feature","properties":{"id":"rock-0215","type":"rock","longitude":41.828481,"latitude":43.382447,"elevation_m":3450,"name":""},"geometry":{"type":"Point","coordinates":[41.828481,43.382447]}},{"type":"Feature","properties":{"id":"rock-0216","type":"rock","longitude":41.869304,"latitude":43.421617,"elevation_m":3521,"name":""},"geometry":{"type":"Point","coordinates":[41.869304,43.421617]}},{"type":"Feature","properties":{"id":"rock-0218","type":"rock","longitude":42.12038,"latitude":43.399926,"elevation_m":3207,"name":""},"geometry":{"type":"Point","coordinates":[42.12038,43.399926]}},{"type":"Feature","properties":{"id":"rock-0228","type":"rock","longitude":42.050761,"latitude":43.391398,"elevation_m":3361,"name":""},"geometry":{"type":"Point","coordinates":[42.050761,43.391398]}},{"type":"Feature","properties":{"id":"rock-0239","type":"rock","longitude":43.129234,"latitude":43.184057,"elevation_m":3287,"name":""},"geometry":{"type":"Point","coordinates":[43.129234,43.184057]}},{"type":"Feature","properties":{"id":"rock-0240","type":"rock","longitude":43.088454,"latitude":43.249079,"elevation_m":3288,"name":""},"geometry":{"type":"Point","coordinates":[43.088454,43.249079]}},{"type":"Feature","properties":{"id":"rock-0243","type":"rock","longitude":43.137238,"latitude":43.15271,"elevation_m":3885,"name":""},"geometry":{"type":"Point","coordinates":[43.137238,43.15271]}},{"type":"Feature","properties":{"id":"rock-0244","type":"rock","longitude":43.162172,"latitude":43.174317,"elevation_m":3548,"name":""},"geometry":{"type":"Point","coordinates":[43.162172,43.174317]}},{"type":"Feature","properties":{"id":"rock-0246","type":"rock","longitude":43.180379,"latitude":43.197199,"elevation_m":3584,"name":""},"geometry":{"type":"Point","coordinates":[43.180379,43.197199]}},{"type":"Feature","properties":{"id":"rock-0253","type":"rock","longitude":41.417094,"latitude":43.40334,"elevation_m":3295,"name":""},"geometry":{"type":"Point","coordinates":[41.417094,43.40334]}},{"type":"Feature","properties":{"id":"rock-0257","type":"rock","longitude":42.831026,"latitude":43.224262,"elevation_m":3399,"name":""},"geometry":{"type":"Point","coordinates":[42.831026,43.224262]}},{"type":"Feature","properties":{"id":"rock-0258","type":"rock","longitude":42.864093,"latitude":43.244851,"elevation_m":3986,"name":""},"geometry":{"type":"Point","coordinates":[42.864093,43.244851]}},{"type":"Feature","properties":{"id":"rock-0268","type":"rock","longitude":43.582002,"latitude":42.964659,"elevation_m":3956,"name":""},"geometry":{"type":"Point","coordinates":[43.582002,42.964659]}},{"type":"Feature","properties":{"id":"rock-0275","type":"rock","longitude":43.521684,"latitude":42.999147,"elevation_m":3820,"name":""},"geometry":{"type":"Point","coordinates":[43.521684,42.999147]}},{"type":"Feature","properties":{"id":"rock-0279","type":"rock","longitude":42.196716,"latitude":43.226834,"elevation_m":3638,"name":""},"geometry":{"type":"Point","coordinates":[42.196716,43.226834]}},{"type":"Feature","properties":{"id":"rock-0282","type":"rock","longitude":43.235128,"latitude":42.932312,"elevation_m":3993,"name":""},"geometry":{"type":"Point","coordinates":[43.235128,42.932312]}},{"type":"Feature","properties":{"id":"rock-0286","type":"rock","longitude":42.1747,"latitude":43.169293,"elevation_m":3254,"name":""},"geometry":{"type":"Point","coordinates":[42.1747,43.169293]}},{"type":"Feature","properties":{"id":"rock-0290","type":"rock","longitude":42.420005,"latitude":43.221542,"elevation_m":3440,"name":""},"geometry":{"type":"Point","coordinates":[42.420005,43.221542]}},{"type":"Feature","properties":{"id":"rock-0294","type":"rock","longitude":42.826756,"latitude":43.281408,"elevation_m":3907,"name":""},"geometry":{"type":"Point","coordinates":[42.826756,43.281408]}},{"type":"Feature","properties":{"id":"rock-0295","type":"rock","longitude":42.853557,"latitude":43.293388,"elevation_m":3524,"name":""},"geometry":{"type":"Point","coordinates":[42.853557,43.293388]}},{"type":"Feature","properties":{"id":"rock-0298","type":"rock","longitude":42.924271,"latitude":43.221893,"elevation_m":3995,"name":""},"geometry":{"type":"Point","coordinates":[42.924271,43.221893]}},{"type":"Feature","properties":{"id":"rock-0301","type":"rock","longitude":43.250953,"latitude":43.00959,"elevation_m":3908,"name":""},"geometry":{"type":"Point","coordinates":[43.250953,43.00959]}},{"type":"Feature","properties":{"id":"rock-0302","type":"rock","longitude":43.227242,"latitude":43.002748,"elevation_m":3803,"name":""},"geometry":{"type":"Point","coordinates":[43.227242,43.002748]}},{"type":"Feature","properties":{"id":"rock-0305","type":"rock","longitude":43.060849,"latitude":43.067618,"elevation_m":3581,"name":""},"geometry":{"type":"Point","coordinates":[43.060849,43.067618]}},{"type":"Feature","properties":{"id":"rock-0306","type":"rock","longitude":43.293654,"latitude":43.071208,"elevation_m":3466,"name":""},"geometry":{"type":"Point","coordinates":[43.293654,43.071208]}},{"type":"Feature","properties":{"id":"rock-0308","type":"rock","longitude":42.93339,"latitude":43.092616,"elevation_m":3757,"name":""},"geometry":{"type":"Point","coordinates":[42.93339,43.092616]}},{"type":"Feature","properties":{"id":"rock-0309","type":"rock","longitude":43.09723,"latitude":43.107218,"elevation_m":3712,"name":""},"geometry":{"type":"Point","coordinates":[43.09723,43.107218]}},{"type":"Feature","properties":{"id":"rock-0310","type":"rock","longitude":42.823066,"latitude":43.114205,"elevation_m":3996,"name":""},"geometry":{"type":"Point","coordinates":[42.823066,43.114205]}},{"type":"Feature","properties":{"id":"rock-0311","type":"rock","longitude":42.633669,"latitude":43.117087,"elevation_m":3870,"name":""},"geometry":{"type":"Point","coordinates":[42.633669,43.117087]}},{"type":"Feature","properties":{"id":"rock-0312","type":"rock","longitude":43.052319,"latitude":43.117345,"elevation_m":3764,"name":""},"geometry":{"type":"Point","coordinates":[43.052319,43.117345]}},{"type":"Feature","properties":{"id":"rock-0313","type":"rock","longitude":43.220462,"latitude":43.126907,"elevation_m":3578,"name":""},"geometry":{"type":"Point","coordinates":[43.220462,43.126907]}},{"type":"Feature","properties":{"id":"rock-0314","type":"rock","longitude":42.791448,"latitude":43.139364,"elevation_m":3415,"name":""},"geometry":{"type":"Point","coordinates":[42.791448,43.139364]}},{"type":"Feature","properties":{"id":"rock-0317","type":"rock","longitude":42.97564,"latitude":43.164356,"elevation_m":3726,"name":""},"geometry":{"type":"Point","coordinates":[42.97564,43.164356]}},{"type":"Feature","properties":{"id":"rock-0321","type":"rock","longitude":43.088078,"latitude":43.182524,"elevation_m":3489,"name":""},"geometry":{"type":"Point","coordinates":[43.088078,43.182524]}},{"type":"Feature","properties":{"id":"rock-0322","type":"rock","longitude":43.165444,"latitude":42.965774,"elevation_m":3966,"name":""},"geometry":{"type":"Point","coordinates":[43.165444,42.965774]}},{"type":"Feature","properties":{"id":"rock-0323","type":"rock","longitude":42.895732,"latitude":43.158995,"elevation_m":3628,"name":""},"geometry":{"type":"Point","coordinates":[42.895732,43.158995]}},{"type":"Feature","properties":{"id":"rock-0324","type":"rock","longitude":42.994319,"latitude":43.019027,"elevation_m":3948,"name":""},"geometry":{"type":"Point","coordinates":[42.994319,43.019027]}},{"type":"Feature","properties":{"id":"rock-0331","type":"rock","longitude":42.05222,"latitude":43.257971,"elevation_m":3422,"name":""},"geometry":{"type":"Point","coordinates":[42.05222,43.257971]}},{"type":"Feature","properties":{"id":"rock-0333","type":"rock","longitude":42.093998,"latitude":43.23945,"elevation_m":3586,"name":""},"geometry":{"type":"Point","coordinates":[42.093998,43.23945]}},{"type":"Feature","properties":{"id":"rock-0344","type":"rock","longitude":42.250146,"latitude":43.23233,"elevation_m":3503,"name":""},"geometry":{"type":"Point","coordinates":[42.250146,43.23233]}},{"type":"Feature","properties":{"id":"rock-0354","type":"rock","longitude":42.086402,"latitude":43.276213,"elevation_m":3239,"name":""},"geometry":{"type":"Point","coordinates":[42.086402,43.276213]}},{"type":"Feature","properties":{"id":"rock-0359","type":"rock","longitude":42.047832,"latitude":43.342884,"elevation_m":3336,"name":""},"geometry":{"type":"Point","coordinates":[42.047832,43.342884]}},{"type":"Feature","properties":{"id":"rock-0360","type":"rock","longitude":42.124457,"latitude":43.314359,"elevation_m":3368,"name":""},"geometry":{"type":"Point","coordinates":[42.124457,43.314359]}},{"type":"Feature","properties":{"id":"rock-0365","type":"rock","longitude":42.080576,"latitude":43.317528,"elevation_m":3443,"name":""},"geometry":{"type":"Point","coordinates":[42.080576,43.317528]}},{"type":"Feature","properties":{"id":"rock-0366","type":"rock","longitude":42.121528,"latitude":43.368402,"elevation_m":3473,"name":""},"geometry":{"type":"Point","coordinates":[42.121528,43.368402]}},{"type":"Feature","properties":{"id":"rock-0371","type":"rock","longitude":42.061168,"latitude":43.368136,"elevation_m":3483,"name":""},"geometry":{"type":"Point","coordinates":[42.061168,43.368136]}},{"type":"Feature","properties":{"id":"rock-0374","type":"rock","longitude":42.304981,"latitude":43.240013,"elevation_m":3455,"name":""},"geometry":{"type":"Point","coordinates":[42.304981,43.240013]}},{"type":"Feature","properties":{"id":"rock-0376","type":"rock","longitude":42.372079,"latitude":43.39029,"elevation_m":3254,"name":""},"geometry":{"type":"Point","coordinates":[42.372079,43.39029]}},{"type":"Feature","properties":{"id":"rock-0386","type":"rock","longitude":42.338401,"latitude":43.316381,"elevation_m":3451,"name":""},"geometry":{"type":"Point","coordinates":[42.338401,43.316381]}},{"type":"Feature","properties":{"id":"rock-0390","type":"rock","longitude":42.561904,"latitude":43.356046,"elevation_m":3653,"name":""},"geometry":{"type":"Point","coordinates":[42.561904,43.356046]}},{"type":"Feature","properties":{"id":"rock-0393","type":"rock","longitude":42.335773,"latitude":43.345553,"elevation_m":3295,"name":""},"geometry":{"type":"Point","coordinates":[42.335773,43.345553]}},{"type":"Feature","properties":{"id":"rock-0401","type":"rock","longitude":42.636191,"latitude":43.288195,"elevation_m":3438,"name":""},"geometry":{"type":"Point","coordinates":[42.636191,43.288195]}},{"type":"Feature","properties":{"id":"rock-0403","type":"rock","longitude":42.658088,"latitude":43.347894,"elevation_m":3435,"name":""},"geometry":{"type":"Point","coordinates":[42.658088,43.347894]}},{"type":"Feature","properties":{"id":"rock-0405","type":"rock","longitude":42.569661,"latitude":43.31044,"elevation_m":3470,"name":""},"geometry":{"type":"Point","coordinates":[42.569661,43.31044]}},{"type":"Feature","properties":{"id":"rock-0418","type":"rock","longitude":42.531906,"latitude":43.290709,"elevation_m":3704,"name":""},"geometry":{"type":"Point","coordinates":[42.531906,43.290709]}},{"type":"Feature","properties":{"id":"rock-0421","type":"rock","longitude":42.700521,"latitude":43.334402,"elevation_m":3268,"name":""},"geometry":{"type":"Point","coordinates":[42.700521,43.334402]}},{"type":"Feature","properties":{"id":"rock-0423","type":"rock","longitude":41.54819,"latitude":43.351186,"elevation_m":3318,"name":""},"geometry":{"type":"Point","coordinates":[41.54819,43.351186]}},{"type":"Feature","properties":{"id":"rock-0431","type":"rock","longitude":41.913271,"latitude":43.26187,"elevation_m":3209,"name":""},"geometry":{"type":"Point","coordinates":[41.913271,43.26187]}},{"type":"Feature","properties":{"id":"rock-0445","type":"rock","longitude":42.579435,"latitude":43.407456,"elevation_m":3293,"name":""},"geometry":{"type":"Point","coordinates":[42.579435,43.407456]}},{"type":"Feature","properties":{"id":"rock-0447","type":"rock","longitude":42.622619,"latitude":43.401353,"elevation_m":3349,"name":""},"geometry":{"type":"Point","coordinates":[42.622619,43.401353]}},{"type":"Feature","properties":{"id":"rock-0449","type":"rock","longitude":42.806726,"latitude":43.389066,"elevation_m":3368,"name":""},"geometry":{"type":"Point","coordinates":[42.806726,43.389066]}},{"type":"Feature","properties":{"id":"rock-0451","type":"rock","longitude":42.684642,"latitude":43.443549,"elevation_m":3432,"name":""},"geometry":{"type":"Point","coordinates":[42.684642,43.443549]}},{"type":"Feature","properties":{"id":"rock-0453","type":"rock","longitude":42.787424,"latitude":43.365422,"elevation_m":3433,"name":""},"geometry":{"type":"Point","coordinates":[42.787424,43.365422]}},{"type":"Feature","properties":{"id":"rock-0457","type":"rock","longitude":42.769775,"latitude":43.388567,"elevation_m":3535,"name":""},"geometry":{"type":"Point","coordinates":[42.769775,43.388567]}},{"type":"Feature","properties":{"id":"rock-0459","type":"rock","longitude":42.53962,"latitude":43.154354,"elevation_m":3473,"name":""},"geometry":{"type":"Point","coordinates":[42.53962,43.154354]}},{"type":"Feature","properties":{"id":"rock-0462","type":"rock","longitude":42.476374,"latitude":43.165365,"elevation_m":3769,"name":""},"geometry":{"type":"Point","coordinates":[42.476374,43.165365]}},{"type":"Feature","properties":{"id":"rock-0464","type":"rock","longitude":42.402774,"latitude":43.193921,"elevation_m":3216,"name":""},"geometry":{"type":"Point","coordinates":[42.402774,43.193921]}},{"type":"Feature","properties":{"id":"rock-0477","type":"rock","longitude":43.00876,"latitude":43.268495,"elevation_m":3710,"name":""},"geometry":{"type":"Point","coordinates":[43.00876,43.268495]}},{"type":"Feature","properties":{"id":"rock-0480","type":"rock","longitude":43.034542,"latitude":43.292458,"elevation_m":3604,"name":""},"geometry":{"type":"Point","coordinates":[43.034542,43.292458]}},{"type":"Feature","properties":{"id":"rock-0485","type":"rock","longitude":42.905045,"latitude":43.310667,"elevation_m":3795,"name":""},"geometry":{"type":"Point","coordinates":[42.905045,43.310667]}},{"type":"Feature","properties":{"id":"rock-0488","type":"rock","longitude":42.956747,"latitude":43.260894,"elevation_m":3772,"name":""},"geometry":{"type":"Point","coordinates":[42.956747,43.260894]}},{"type":"Feature","properties":{"id":"rock-0490","type":"rock","longitude":42.970362,"latitude":43.30275,"elevation_m":3693,"name":""},"geometry":{"type":"Point","coordinates":[42.970362,43.30275]}},{"type":"Feature","properties":{"id":"rock-0491","type":"rock","longitude":42.940718,"latitude":43.319371,"elevation_m":3535,"name":""},"geometry":{"type":"Point","coordinates":[42.940718,43.319371]}},{"type":"Feature","properties":{"id":"rock-0492","type":"rock","longitude":42.683923,"latitude":43.185293,"elevation_m":3584,"name":""},"geometry":{"type":"Point","coordinates":[42.683923,43.185293]}},{"type":"Feature","properties":{"id":"rock-0495","type":"rock","longitude":42.670244,"latitude":43.202697,"elevation_m":3351,"name":""},"geometry":{"type":"Point","coordinates":[42.670244,43.202697]}},{"type":"Feature","properties":{"id":"rock-0497","type":"rock","longitude":42.932993,"latitude":43.159731,"elevation_m":3970,"name":""},"geometry":{"type":"Point","coordinates":[42.932993,43.159731]}},{"type":"Feature","properties":{"id":"rock-0499","type":"rock","longitude":42.483165,"latitude":43.205254,"elevation_m":3630,"name":""},"geometry":{"type":"Point","coordinates":[42.483165,43.205254]}},{"type":"Feature","properties":{"id":"rock-0500","type":"rock","longitude":43.073959,"latitude":43.293606,"elevation_m":3339,"name":""},"geometry":{"type":"Point","coordinates":[43.073959,43.293606]}},{"type":"Feature","properties":{"id":"rock-0501","type":"rock","longitude":42.512873,"latitude":43.163996,"elevation_m":3916,"name":""},"geometry":{"type":"Point","coordinates":[42.512873,43.163996]}},{"type":"Feature","properties":{"id":"rock-0503","type":"rock","longitude":41.280409,"latitude":43.416466,"elevation_m":3387,"name":""},"geometry":{"type":"Point","coordinates":[41.280409,43.416466]}},{"type":"Feature","properties":{"id":"rock-0504","type":"rock","longitude":41.32282,"latitude":43.361631,"elevation_m":3255,"name":""},"geometry":{"type":"Point","coordinates":[41.32282,43.361631]}},{"type":"Feature","properties":{"id":"rock-0506","type":"rock","longitude":41.436621,"latitude":43.327347,"elevation_m":3255,"name":""},"geometry":{"type":"Point","coordinates":[41.436621,43.327347]}},{"type":"Feature","properties":{"id":"rock-0507","type":"rock","longitude":41.432662,"latitude":43.358067,"elevation_m":3224,"name":""},"geometry":{"type":"Point","coordinates":[41.432662,43.358067]}},{"type":"Feature","properties":{"id":"rock-0510","type":"rock","longitude":41.409327,"latitude":43.338757,"elevation_m":3619,"name":""},"geometry":{"type":"Point","coordinates":[41.409327,43.338757]}},{"type":"Feature","properties":{"id":"rock-0514","type":"rock","longitude":43.297795,"latitude":43.100552,"elevation_m":3652,"name":""},"geometry":{"type":"Point","coordinates":[43.297795,43.100552]}},{"type":"Feature","properties":{"id":"rock-0518","type":"rock","longitude":41.813879,"latitude":43.172016,"elevation_m":3473,"name":""},"geometry":{"type":"Point","coordinates":[41.813879,43.172016]}},{"type":"Feature","properties":{"id":"rock-0522","type":"rock","longitude":41.804931,"latitude":43.400238,"elevation_m":3339,"name":""},"geometry":{"type":"Point","coordinates":[41.804931,43.400238]}},{"type":"Feature","properties":{"id":"rock-0523","type":"rock","longitude":41.838394,"latitude":43.355913,"elevation_m":3662,"name":""},"geometry":{"type":"Point","coordinates":[41.838394,43.355913]}},{"type":"Feature","properties":{"id":"rock-0529","type":"rock","longitude":41.923839,"latitude":43.352598,"elevation_m":3274,"name":""},"geometry":{"type":"Point","coordinates":[41.923839,43.352598]}},{"type":"Feature","properties":{"id":"rock-0531","type":"rock","longitude":41.894935,"latitude":43.332483,"elevation_m":3277,"name":""},"geometry":{"type":"Point","coordinates":[41.894935,43.332483]}},{"type":"Feature","properties":{"id":"rock-0532","type":"rock","longitude":41.89221,"latitude":43.442848,"elevation_m":3502,"name":""},"geometry":{"type":"Point","coordinates":[41.89221,43.442848]}},{"type":"Feature","properties":{"id":"rock-0534","type":"rock","longitude":41.871257,"latitude":43.365875,"elevation_m":3453,"name":""},"geometry":{"type":"Point","coordinates":[41.871257,43.365875]}},{"type":"Feature","properties":{"id":"rock-0538","type":"rock","longitude":43.362232,"latitude":42.930089,"elevation_m":3304,"name":""},"geometry":{"type":"Point","coordinates":[43.362232,42.930089]}},{"type":"Feature","properties":{"id":"rock-0542","type":"rock","longitude":42.061039,"latitude":43.220103,"elevation_m":3509,"name":""},"geometry":{"type":"Point","coordinates":[42.061039,43.220103]}},{"type":"Feature","properties":{"id":"rock-0548","type":"rock","longitude":42.903864,"latitude":43.085901,"elevation_m":3220,"name":""},"geometry":{"type":"Point","coordinates":[42.903864,43.085901]}},{"type":"Feature","properties":{"id":"rock-0553","type":"rock","longitude":42.956597,"latitude":43.047918,"elevation_m":3699,"name":""},"geometry":{"type":"Point","coordinates":[42.956597,43.047918]}},{"type":"Feature","properties":{"id":"rock-0555","type":"rock","longitude":43.064733,"latitude":42.982329,"elevation_m":3540,"name":""},"geometry":{"type":"Point","coordinates":[43.064733,42.982329]}},{"type":"Feature","properties":{"id":"rock-0556","type":"rock","longitude":43.207641,"latitude":42.923238,"elevation_m":3380,"name":""},"geometry":{"type":"Point","coordinates":[43.207641,42.923238]}},{"type":"Feature","properties":{"id":"rock-0560","type":"rock","longitude":43.360752,"latitude":42.883339,"elevation_m":3284,"name":""},"geometry":{"type":"Point","coordinates":[43.360752,42.883339]}},{"type":"Feature","properties":{"id":"rock-0571","type":"rock","longitude":41.472294,"latitude":43.298549,"elevation_m":3420,"name":""},"geometry":{"type":"Point","coordinates":[41.472294,43.298549]}},{"type":"Feature","properties":{"id":"rock-0574","type":"rock","longitude":41.511358,"latitude":43.276229,"elevation_m":3729,"name":""},"geometry":{"type":"Point","coordinates":[41.511358,43.276229]}},{"type":"Feature","properties":{"id":"rock-0577","type":"rock","longitude":41.550636,"latitude":43.261472,"elevation_m":3472,"name":""},"geometry":{"type":"Point","coordinates":[41.550636,43.261472]}},{"type":"Feature","properties":{"id":"rock-0581","type":"rock","longitude":41.670123,"latitude":43.230024,"elevation_m":3232,"name":""},"geometry":{"type":"Point","coordinates":[41.670123,43.230024]}},{"type":"Feature","properties":{"id":"rock-0589","type":"rock","longitude":42.02439,"latitude":43.210533,"elevation_m":3486,"name":""},"geometry":{"type":"Point","coordinates":[42.02439,43.210533]}},{"type":"Feature","properties":{"id":"rock-0594","type":"rock","longitude":42.080694,"latitude":43.204691,"elevation_m":3876,"name":""},"geometry":{"type":"Point","coordinates":[42.080694,43.204691]}},{"type":"Feature","properties":{"id":"rock-0605","type":"rock","longitude":42.341062,"latitude":43.220431,"elevation_m":3238,"name":""},"geometry":{"type":"Point","coordinates":[42.341062,43.220431]}},{"type":"Feature","properties":{"id":"rock-0610","type":"rock","longitude":42.380426,"latitude":43.244327,"elevation_m":3356,"name":""},"geometry":{"type":"Point","coordinates":[42.380426,43.244327]}},{"type":"Feature","properties":{"id":"rock-0615","type":"rock","longitude":42.571034,"latitude":43.174544,"elevation_m":3411,"name":""},"geometry":{"type":"Point","coordinates":[42.571034,43.174544]}},{"type":"Feature","properties":{"id":"rock-0618","type":"rock","longitude":42.65134,"latitude":43.145407,"elevation_m":3806,"name":""},"geometry":{"type":"Point","coordinates":[42.65134,43.145407]}},{"type":"Feature","properties":{"id":"rock-0621","type":"rock","longitude":43.014854,"latitude":43.104171,"elevation_m":3881,"name":""},"geometry":{"type":"Point","coordinates":[43.014854,43.104171]}},{"type":"Feature","properties":{"id":"rock-0626","type":"rock","longitude":43.27329,"latitude":42.922413,"elevation_m":3451,"name":""},"geometry":{"type":"Point","coordinates":[43.27329,42.922413]}},{"type":"Feature","properties":{"id":"rock-0628","type":"rock","longitude":43.317547,"latitude":42.914816,"elevation_m":3680,"name":""},"geometry":{"type":"Point","coordinates":[43.317547,42.914816]}},{"type":"Feature","properties":{"id":"rock-0631","type":"rock","longitude":43.287592,"latitude":42.959987,"elevation_m":3404,"name":""},"geometry":{"type":"Point","coordinates":[43.287592,42.959987]}},{"type":"Feature","properties":{"id":"rock-0633","type":"rock","longitude":43.261017,"latitude":43.045417,"elevation_m":3913,"name":""},"geometry":{"type":"Point","coordinates":[43.261017,43.045417]}},{"type":"Feature","properties":{"id":"rock-0634","type":"rock","longitude":43.306367,"latitude":43.051823,"elevation_m":3332,"name":""},"geometry":{"type":"Point","coordinates":[43.306367,43.051823]}},{"type":"Feature","properties":{"id":"rock-0638","type":"rock","longitude":43.316324,"latitude":43.086653,"elevation_m":3685,"name":""},"geometry":{"type":"Point","coordinates":[43.316324,43.086653]}},{"type":"Feature","properties":{"id":"rock-0639","type":"rock","longitude":43.347909,"latitude":43.090806,"elevation_m":3407,"name":""},"geometry":{"type":"Point","coordinates":[43.347909,43.090806]}},{"type":"Feature","properties":{"id":"rock-0641","type":"rock","longitude":43.364239,"latitude":43.113288,"elevation_m":3462,"name":""},"geometry":{"type":"Point","coordinates":[43.364239,43.113288]}},{"type":"Feature","properties":{"id":"rock-0643","type":"rock","longitude":42.488143,"latitude":43.185231,"elevation_m":3654,"name":""},"geometry":{"type":"Point","coordinates":[42.488143,43.185231]}},{"type":"Feature","properties":{"id":"rock-0647","type":"rock","longitude":43.427238,"latitude":42.944973,"elevation_m":3660,"name":""},"geometry":{"type":"Point","coordinates":[43.427238,42.944973]}},{"type":"Feature","properties":{"id":"rock-0648","type":"rock","longitude":43.253839,"latitude":42.952528,"elevation_m":3686,"name":""},"geometry":{"type":"Point","coordinates":[43.253839,42.952528]}},{"type":"Feature","properties":{"id":"rock-0654","type":"rock","longitude":43.421692,"latitude":42.964989,"elevation_m":3802,"name":""},"geometry":{"type":"Point","coordinates":[43.421692,42.964989]}},{"type":"Feature","properties":{"id":"rock-0660","type":"rock","longitude":43.458921,"latitude":42.985264,"elevation_m":3915,"name":""},"geometry":{"type":"Point","coordinates":[43.458921,42.985264]}},{"type":"Feature","properties":{"id":"rock-0667","type":"rock","longitude":42.978301,"latitude":43.236949,"elevation_m":3345,"name":""},"geometry":{"type":"Point","coordinates":[42.978301,43.236949]}},{"type":"Feature","properties":{"id":"rock-0670","type":"rock","longitude":43.161753,"latitude":42.98973,"elevation_m":3582,"name":""},"geometry":{"type":"Point","coordinates":[43.161753,42.98973]}},{"type":"Feature","properties":{"id":"rock-0674","type":"rock","longitude":43.217543,"latitude":42.962649,"elevation_m":3309,"name":""},"geometry":{"type":"Point","coordinates":[43.217543,42.962649]}},{"type":"Feature","properties":{"id":"rock-0678","type":"rock","longitude":43.345807,"latitude":43.1638,"elevation_m":3405,"name":""},"geometry":{"type":"Point","coordinates":[43.345807,43.1638]}},{"type":"Feature","properties":{"id":"rock-0680","type":"rock","longitude":43.249258,"latitude":43.115873,"elevation_m":3581,"name":""},"geometry":{"type":"Point","coordinates":[43.249258,43.115873]}},{"type":"Feature","properties":{"id":"rock-0688","type":"rock","longitude":41.886663,"latitude":43.29217,"elevation_m":3644,"name":""},"geometry":{"type":"Point","coordinates":[41.886663,43.29217]}},{"type":"Feature","properties":{"id":"rock-0691","type":"rock","longitude":41.802185,"latitude":43.196565,"elevation_m":3329,"name":""},"geometry":{"type":"Point","coordinates":[41.802185,43.196565]}},{"type":"Feature","properties":{"id":"rock-0724","type":"rock","longitude":42.297535,"latitude":43.369166,"elevation_m":3444,"name":""},"geometry":{"type":"Point","coordinates":[42.297535,43.369166]}},{"type":"Feature","properties":{"id":"rock-0726","type":"rock","longitude":42.378194,"latitude":43.415289,"elevation_m":3523,"name":""},"geometry":{"type":"Point","coordinates":[42.378194,43.415289]}},{"type":"Feature","properties":{"id":"rock-0732","type":"rock","longitude":42.579038,"latitude":43.384178,"elevation_m":3625,"name":""},"geometry":{"type":"Point","coordinates":[42.579038,43.384178]}},{"type":"Feature","properties":{"id":"rock-0735","type":"rock","longitude":42.214633,"latitude":43.254369,"elevation_m":3428,"name":""},"geometry":{"type":"Point","coordinates":[42.214633,43.254369]}},{"type":"Feature","properties":{"id":"rock-0737","type":"rock","longitude":41.59162,"latitude":43.243483,"elevation_m":3364,"name":""},"geometry":{"type":"Point","coordinates":[41.59162,43.243483]}},{"type":"Feature","properties":{"id":"rock-0739","type":"rock","longitude":41.828674,"latitude":43.221893,"elevation_m":3616,"name":""},"geometry":{"type":"Point","coordinates":[41.828674,43.221893]}},{"type":"Feature","properties":{"id":"rock-0744","type":"rock","longitude":41.842171,"latitude":43.316623,"elevation_m":3313,"name":""},"geometry":{"type":"Point","coordinates":[41.842171,43.316623]}},{"type":"Feature","properties":{"id":"rock-0745","type":"rock","longitude":42.304455,"latitude":43.342783,"elevation_m":3627,"name":""},"geometry":{"type":"Point","coordinates":[42.304455,43.342783]}},{"type":"Feature","properties":{"id":"rock-0746","type":"rock","longitude":41.117395,"latitude":43.649274,"elevation_m":3217,"name":""},"geometry":{"type":"Point","coordinates":[41.117395,43.649274]}},{"type":"Feature","properties":{"id":"rock-0755","type":"rock","longitude":42.540275,"latitude":43.271331,"elevation_m":3504,"name":""},"geometry":{"type":"Point","coordinates":[42.540275,43.271331]}},{"type":"Feature","properties":{"id":"rock-0756","type":"rock","longitude":43.30052,"latitude":43.145838,"elevation_m":3404,"name":""},"geometry":{"type":"Point","coordinates":[43.30052,43.145838]}},{"type":"Feature","properties":{"id":"rock-0757","type":"rock","longitude":43.369882,"latitude":42.978703,"elevation_m":3419,"name":""},"geometry":{"type":"Point","coordinates":[43.369882,42.978703]}},{"type":"Feature","properties":{"id":"rock-0766","type":"rock","longitude":41.604602,"latitude":43.430367,"elevation_m":3419,"name":""},"geometry":{"type":"Point","coordinates":[41.604602,43.430367]}},{"type":"Feature","properties":{"id":"rock-0770","type":"rock","longitude":41.862642,"latitude":43.491623,"elevation_m":3375,"name":""},"geometry":{"type":"Point","coordinates":[41.862642,43.491623]}},{"type":"Feature","properties":{"id":"rock-0774","type":"rock","longitude":42.69727,"latitude":43.385183,"elevation_m":3256,"name":""},"geometry":{"type":"Point","coordinates":[42.69727,43.385183]}},{"type":"Feature","properties":{"id":"rock-0775","type":"rock","longitude":42.644838,"latitude":43.379413,"elevation_m":3283,"name":""},"geometry":{"type":"Point","coordinates":[42.644838,43.379413]}},{"type":"Feature","properties":{"id":"rock-0777","type":"rock","longitude":42.34162,"latitude":43.370609,"elevation_m":3513,"name":""},"geometry":{"type":"Point","coordinates":[42.34162,43.370609]}},{"type":"Feature","properties":{"id":"rock-0779","type":"rock","longitude":42.279768,"latitude":43.288054,"elevation_m":3400,"name":""},"geometry":{"type":"Point","coordinates":[42.279768,43.288054]}},{"type":"Feature","properties":{"id":"rock-0786","type":"rock","longitude":43.398228,"latitude":43.176703,"elevation_m":3485,"name":""},"geometry":{"type":"Point","coordinates":[43.398228,43.176703]}},{"type":"Feature","properties":{"id":"rock-0787","type":"rock","longitude":42.153125,"latitude":43.237817,"elevation_m":3758,"name":""},"geometry":{"type":"Point","coordinates":[42.153125,43.237817]}},{"type":"Feature","properties":{"id":"rock-0790","type":"rock","longitude":43.290703,"latitude":43.267566,"elevation_m":3285,"name":""},"geometry":{"type":"Point","coordinates":[43.290703,43.267566]}},{"type":"Feature","properties":{"id":"rock-0792","type":"rock","longitude":42.446365,"latitude":43.243343,"elevation_m":3783,"name":""},"geometry":{"type":"Point","coordinates":[42.446365,43.243343]}},{"type":"Feature","properties":{"id":"rock-0796","type":"rock","longitude":43.532832,"latitude":43.043912,"elevation_m":3765,"name":""},"geometry":{"type":"Point","coordinates":[43.532832,43.043912]}},{"type":"Feature","properties":{"id":"rock-0798","type":"rock","longitude":43.525804,"latitude":43.02251,"elevation_m":3913,"name":""},"geometry":{"type":"Point","coordinates":[43.525804,43.02251]}},{"type":"Feature","properties":{"id":"rock-0800","type":"rock","longitude":43.619156,"latitude":43.005832,"elevation_m":3665,"name":""},"geometry":{"type":"Point","coordinates":[43.619156,43.005832]}},{"type":"Feature","properties":{"id":"rock-0801","type":"rock","longitude":43.380075,"latitude":43.038658,"elevation_m":3593,"name":""},"geometry":{"type":"Point","coordinates":[43.380075,43.038658]}},{"type":"Feature","properties":{"id":"rock-0802","type":"rock","longitude":43.398442,"latitude":43.018455,"elevation_m":3892,"name":""},"geometry":{"type":"Point","coordinates":[43.398442,43.018455]}},{"type":"Feature","properties":{"id":"rock-0813","type":"rock","longitude":43.556607,"latitude":42.944902,"elevation_m":3735,"name":""},"geometry":{"type":"Point","coordinates":[43.556607,42.944902]}},{"type":"Feature","properties":{"id":"rock-0818","type":"rock","longitude":41.217946,"latitude":43.45147,"elevation_m":3203,"name":""},"geometry":{"type":"Point","coordinates":[41.217946,43.45147]}},{"type":"Feature","properties":{"id":"rock-0819","type":"rock","longitude":41.891363,"latitude":43.487038,"elevation_m":3396,"name":""},"geometry":{"type":"Point","coordinates":[41.891363,43.487038]}},{"type":"Feature","properties":{"id":"rock-0820","type":"rock","longitude":41.879936,"latitude":43.248329,"elevation_m":3424,"name":""},"geometry":{"type":"Point","coordinates":[41.879936,43.248329]}},{"type":"Feature","properties":{"id":"rock-0821","type":"rock","longitude":41.240165,"latitude":43.428466,"elevation_m":3290,"name":""},"geometry":{"type":"Point","coordinates":[41.240165,43.428466]}},{"type":"Feature","properties":{"id":"rock-0825","type":"rock","longitude":42.39727,"latitude":43.290373,"elevation_m":3715,"name":""},"geometry":{"type":"Point","coordinates":[42.39727,43.290373]}},{"type":"Feature","properties":{"id":"rock-0826","type":"rock","longitude":42.53328,"latitude":43.36426,"elevation_m":3534,"name":""},"geometry":{"type":"Point","coordinates":[42.53328,43.36426]}},{"type":"Feature","properties":{"id":"rock-0828","type":"rock","longitude":42.60807,"latitude":43.148476,"elevation_m":3813,"name":""},"geometry":{"type":"Point","coordinates":[42.60807,43.148476]}},{"type":"Feature","properties":{"id":"rock-0829","type":"rock","longitude":42.790729,"latitude":43.182704,"elevation_m":3983,"name":""},"geometry":{"type":"Point","coordinates":[42.790729,43.182704]}},{"type":"Feature","properties":{"id":"rock-0831","type":"rock","longitude":42.780204,"latitude":43.2001,"elevation_m":3726,"name":""},"geometry":{"type":"Point","coordinates":[42.780204,43.2001]}},{"type":"Feature","properties":{"id":"rock-0833","type":"rock","longitude":42.587514,"latitude":43.336377,"elevation_m":3936,"name":""},"geometry":{"type":"Point","coordinates":[42.587514,43.336377]}},{"type":"Feature","properties":{"id":"rock-0836","type":"rock","longitude":42.620527,"latitude":43.321306,"elevation_m":3984,"name":""},"geometry":{"type":"Point","coordinates":[42.620527,43.321306]}},{"type":"Feature","properties":{"id":"rock-0844","type":"rock","longitude":42.659998,"latitude":43.317544,"elevation_m":3787,"name":""},"geometry":{"type":"Point","coordinates":[42.659998,43.317544]}},{"type":"Feature","properties":{"id":"rock-0845","type":"rock","longitude":42.516843,"latitude":43.311244,"elevation_m":3685,"name":""},"geometry":{"type":"Point","coordinates":[42.516843,43.311244]}},{"type":"Feature","properties":{"id":"rock-0849","type":"rock","longitude":42.483176,"latitude":43.241279,"elevation_m":3435,"name":""},"geometry":{"type":"Point","coordinates":[42.483176,43.241279]}},{"type":"Feature","properties":{"id":"rock-0856","type":"rock","longitude":42.538172,"latitude":43.219868,"elevation_m":3365,"name":""},"geometry":{"type":"Point","coordinates":[42.538172,43.219868]}},{"type":"Feature","properties":{"id":"rock-0857","type":"rock","longitude":42.543247,"latitude":43.176594,"elevation_m":3680,"name":""},"geometry":{"type":"Point","coordinates":[42.543247,43.176594]}},{"type":"Feature","properties":{"id":"rock-0871","type":"rock","longitude":42.619861,"latitude":43.198262,"elevation_m":3389,"name":""},"geometry":{"type":"Point","coordinates":[42.619861,43.198262]}},{"type":"Feature","properties":{"id":"rock-0875","type":"rock","longitude":42.755109,"latitude":43.17107,"elevation_m":3722,"name":""},"geometry":{"type":"Point","coordinates":[42.755109,43.17107]}},{"type":"Feature","properties":{"id":"rock-0876","type":"rock","longitude":42.708857,"latitude":43.195009,"elevation_m":3715,"name":""},"geometry":{"type":"Point","coordinates":[42.708857,43.195009]}},{"type":"Feature","properties":{"id":"rock-0879","type":"rock","longitude":42.772382,"latitude":43.219188,"elevation_m":3815,"name":""},"geometry":{"type":"Point","coordinates":[42.772382,43.219188]}},{"type":"Feature","properties":{"id":"rock-0884","type":"rock","longitude":42.712097,"latitude":43.241295,"elevation_m":3850,"name":""},"geometry":{"type":"Point","coordinates":[42.712097,43.241295]}},{"type":"Feature","properties":{"id":"rock-0893","type":"rock","longitude":42.75438,"latitude":43.24471,"elevation_m":3637,"name":""},"geometry":{"type":"Point","coordinates":[42.75438,43.24471]}},{"type":"Feature","properties":{"id":"rock-0903","type":"rock","longitude":42.407988,"latitude":43.398562,"elevation_m":3685,"name":""},"geometry":{"type":"Point","coordinates":[42.407988,43.398562]}},{"type":"Feature","properties":{"id":"rock-0904","type":"rock","longitude":42.482897,"latitude":43.400589,"elevation_m":3459,"name":""},"geometry":{"type":"Point","coordinates":[42.482897,43.400589]}},{"type":"Feature","properties":{"id":"rock-0905","type":"rock","longitude":42.4563,"latitude":43.443377,"elevation_m":3441,"name":""},"geometry":{"type":"Point","coordinates":[42.4563,43.443377]}},{"type":"Feature","properties":{"id":"rock-0906","type":"rock","longitude":42.416818,"latitude":43.439576,"elevation_m":3620,"name":""},"geometry":{"type":"Point","coordinates":[42.416818,43.439576]}},{"type":"Feature","properties":{"id":"rock-0909","type":"rock","longitude":42.613961,"latitude":43.379405,"elevation_m":3649,"name":""},"geometry":{"type":"Point","coordinates":[42.613961,43.379405]}},{"type":"Feature","properties":{"id":"rock-0911","type":"rock","longitude":42.67475,"latitude":43.401329,"elevation_m":3643,"name":""},"geometry":{"type":"Point","coordinates":[42.67475,43.401329]}},{"type":"Feature","properties":{"id":"hill-0001","type":"hill","longitude":41.646917,"latitude":43.17247,"elevation_m":1478,"name":""},"geometry":{"type":"Point","coordinates":[41.646917,43.17247]}},{"type":"Feature","properties":{"id":"hill-0003","type":"hill","longitude":42.81901,"latitude":43.854738,"elevation_m":1477,"name":""},"geometry":{"type":"Point","coordinates":[42.81901,43.854738]}},{"type":"Feature","properties":{"id":"hill-0007","type":"hill","longitude":42.664461,"latitude":43.818032,"elevation_m":1606,"name":""},"geometry":{"type":"Point","coordinates":[42.664461,43.818032]}},{"type":"Feature","properties":{"id":"hill-0009","type":"hill","longitude":42.924711,"latitude":43.840037,"elevation_m":1374,"name":""},"geometry":{"type":"Point","coordinates":[42.924711,43.840037]}},{"type":"Feature","properties":{"id":"hill-0010","type":"hill","longitude":42.784613,"latitude":43.928159,"elevation_m":1279,"name":""},"geometry":{"type":"Point","coordinates":[42.784613,43.928159]}},{"type":"Feature","properties":{"id":"hill-0011","type":"hill","longitude":42.70757,"latitude":43.891305,"elevation_m":861,"name":""},"geometry":{"type":"Point","coordinates":[42.70757,43.891305]}},{"type":"Feature","properties":{"id":"hill-0012","type":"hill","longitude":43.70003,"latitude":43.171359,"elevation_m":1210,"name":""},"geometry":{"type":"Point","coordinates":[43.70003,43.171359]}},{"type":"Feature","properties":{"id":"hill-0013","type":"hill","longitude":43.666492,"latitude":43.200116,"elevation_m":1149,"name":""},"geometry":{"type":"Point","coordinates":[43.666492,43.200116]}},{"type":"Feature","properties":{"id":"hill-0014","type":"hill","longitude":41.769934,"latitude":43.474186,"elevation_m":1662,"name":""},"geometry":{"type":"Point","coordinates":[41.769934,43.474186]}},{"type":"Feature","properties":{"id":"hill-0017","type":"hill","longitude":42.767458,"latitude":43.885313,"elevation_m":1300,"name":""},"geometry":{"type":"Point","coordinates":[42.767458,43.885313]}},{"type":"Feature","properties":{"id":"hill-0018","type":"hill","longitude":40.819874,"latitude":43.697487,"elevation_m":1490,"name":""},"geometry":{"type":"Point","coordinates":[40.819874,43.697487]}},{"type":"Feature","properties":{"id":"hill-0022","type":"hill","longitude":40.822535,"latitude":43.731631,"elevation_m":1757,"name":""},"geometry":{"type":"Point","coordinates":[40.822535,43.731631]}},{"type":"Feature","properties":{"id":"hill-0025","type":"hill","longitude":40.941281,"latitude":43.955452,"elevation_m":1011,"name":""},"geometry":{"type":"Point","coordinates":[40.941281,43.955452]}},{"type":"Feature","properties":{"id":"hill-0028","type":"hill","longitude":43.022676,"latitude":43.969253,"elevation_m":964,"name":""},"geometry":{"type":"Point","coordinates":[43.022676,43.969253]}},{"type":"Feature","properties":{"id":"hill-0029","type":"hill","longitude":42.986273,"latitude":43.924558,"elevation_m":1167,"name":""},"geometry":{"type":"Point","coordinates":[42.986273,43.924558]}},{"type":"Feature","properties":{"id":"hill-0032","type":"hill","longitude":41.253158,"latitude":43.949026,"elevation_m":1044,"name":""},"geometry":{"type":"Point","coordinates":[41.253158,43.949026]}},{"type":"Feature","properties":{"id":"hill-0040","type":"hill","longitude":41.262417,"latitude":44.012185,"elevation_m":1151,"name":""},"geometry":{"type":"Point","coordinates":[41.262417,44.012185]}},{"type":"Feature","properties":{"id":"hill-0046","type":"hill","longitude":41.301019,"latitude":43.98149,"elevation_m":1610,"name":""},"geometry":{"type":"Point","coordinates":[41.301019,43.98149]}},{"type":"Feature","properties":{"id":"hill-0049","type":"hill","longitude":41.301019,"latitude":43.885166,"elevation_m":1215,"name":""},"geometry":{"type":"Point","coordinates":[41.301019,43.885166]}},{"type":"Feature","properties":{"id":"hill-0054","type":"hill","longitude":41.239736,"latitude":43.923693,"elevation_m":947,"name":""},"geometry":{"type":"Point","coordinates":[41.239736,43.923693]}},{"type":"Feature","properties":{"id":"hill-0059","type":"hill","longitude":41.292254,"latitude":43.942645,"elevation_m":1111,"name":""},"geometry":{"type":"Point","coordinates":[41.292254,43.942645]}},{"type":"Feature","properties":{"id":"hill-0063","type":"hill","longitude":41.404424,"latitude":43.967662,"elevation_m":1551,"name":""},"geometry":{"type":"Point","coordinates":[41.404424,43.967662]}},{"type":"Feature","properties":{"id":"hill-0066","type":"hill","longitude":41.486735,"latitude":44.005688,"elevation_m":1142,"name":""},"geometry":{"type":"Point","coordinates":[41.486735,44.005688]}},{"type":"Feature","properties":{"id":"hill-0075","type":"hill","longitude":41.195608,"latitude":44.081027,"elevation_m":905,"name":""},"geometry":{"type":"Point","coordinates":[41.195608,44.081027]}},{"type":"Feature","properties":{"id":"hill-0080","type":"hill","longitude":41.438617,"latitude":44.001451,"elevation_m":1258,"name":""},"geometry":{"type":"Point","coordinates":[41.438617,44.001451]}},{"type":"Feature","properties":{"id":"hill-0083","type":"hill","longitude":41.364588,"latitude":43.980849,"elevation_m":1528,"name":""},"geometry":{"type":"Point","coordinates":[41.364588,43.980849]}},{"type":"Feature","properties":{"id":"hill-0087","type":"hill","longitude":41.101238,"latitude":44.054354,"elevation_m":1353,"name":""},"geometry":{"type":"Point","coordinates":[41.101238,44.054354]}},{"type":"Feature","properties":{"id":"hill-0090","type":"hill","longitude":41.090798,"latitude":43.970326,"elevation_m":1225,"name":""},"geometry":{"type":"Point","coordinates":[41.090798,43.970326]}},{"type":"Feature","properties":{"id":"hill-0091","type":"hill","longitude":41.239854,"latitude":43.974055,"elevation_m":1040,"name":""},"geometry":{"type":"Point","coordinates":[41.239854,43.974055]}},{"type":"Feature","properties":{"id":"hill-0101","type":"hill","longitude":41.362678,"latitude":43.952757,"elevation_m":1423,"name":""},"geometry":{"type":"Point","coordinates":[41.362678,43.952757]}},{"type":"Feature","properties":{"id":"hill-0105","type":"hill","longitude":41.192518,"latitude":43.998318,"elevation_m":868,"name":""},"geometry":{"type":"Point","coordinates":[41.192518,43.998318]}},{"type":"Feature","properties":{"id":"hill-0113","type":"hill","longitude":40.907893,"latitude":43.927703,"elevation_m":1219,"name":""},"geometry":{"type":"Point","coordinates":[40.907893,43.927703]}},{"type":"Feature","properties":{"id":"hill-0122","type":"hill","longitude":40.849668,"latitude":43.912804,"elevation_m":1559,"name":""},"geometry":{"type":"Point","coordinates":[40.849668,43.912804]}},{"type":"Feature","properties":{"id":"hill-0128","type":"hill","longitude":41.016029,"latitude":44.102603,"elevation_m":934,"name":""},"geometry":{"type":"Point","coordinates":[41.016029,44.102603]}},{"type":"Feature","properties":{"id":"hill-0133","type":"hill","longitude":41.722416,"latitude":44.088741,"elevation_m":1058,"name":""},"geometry":{"type":"Point","coordinates":[41.722416,44.088741]}},{"type":"Feature","properties":{"id":"hill-0138","type":"hill","longitude":40.979358,"latitude":44.070143,"elevation_m":890,"name":""},"geometry":{"type":"Point","coordinates":[40.979358,44.070143]}},{"type":"Feature","properties":{"id":"hill-0144","type":"hill","longitude":40.993134,"latitude":43.954332,"elevation_m":1058,"name":""},"geometry":{"type":"Point","coordinates":[40.993134,43.954332]}},{"type":"Feature","properties":{"id":"hill-0146","type":"hill","longitude":41.072087,"latitude":44.090737,"elevation_m":1056,"name":""},"geometry":{"type":"Point","coordinates":[41.072087,44.090737]}},{"type":"Feature","properties":{"id":"hill-0147","type":"hill","longitude":41.027112,"latitude":43.996118,"elevation_m":1108,"name":""},"geometry":{"type":"Point","coordinates":[41.027112,43.996118]}},{"type":"Feature","properties":{"id":"hill-0151","type":"hill","longitude":40.987716,"latitude":44.012239,"elevation_m":1146,"name":""},"geometry":{"type":"Point","coordinates":[40.987716,44.012239]}},{"type":"Feature","properties":{"id":"hill-0160","type":"hill","longitude":41.091206,"latitude":43.909897,"elevation_m":1403,"name":""},"geometry":{"type":"Point","coordinates":[41.091206,43.909897]}},{"type":"Feature","properties":{"id":"hill-0165","type":"hill","longitude":41.00368,"latitude":43.902461,"elevation_m":1680,"name":""},"geometry":{"type":"Point","coordinates":[41.00368,43.902461]}},{"type":"Feature","properties":{"id":"hill-0168","type":"hill","longitude":40.989647,"latitude":43.983798,"elevation_m":926,"name":""},"geometry":{"type":"Point","coordinates":[40.989647,43.983798]}},{"type":"Feature","properties":{"id":"hill-0171","type":"hill","longitude":41.04092,"latitude":43.967616,"elevation_m":976,"name":""},"geometry":{"type":"Point","coordinates":[41.04092,43.967616]}},{"type":"Feature","properties":{"id":"hill-0175","type":"hill","longitude":41.129969,"latitude":43.949621,"elevation_m":1009,"name":""},"geometry":{"type":"Point","coordinates":[41.129969,43.949621]}},{"type":"Feature","properties":{"id":"hill-0178","type":"hill","longitude":41.116322,"latitude":43.887517,"elevation_m":1122,"name":""},"geometry":{"type":"Point","coordinates":[41.116322,43.887517]}},{"type":"Feature","properties":{"id":"hill-0193","type":"hill","longitude":41.423575,"latitude":43.884215,"elevation_m":977,"name":""},"geometry":{"type":"Point","coordinates":[41.423575,43.884215]}},{"type":"Feature","properties":{"id":"hill-0194","type":"hill","longitude":41.197518,"latitude":43.915246,"elevation_m":1020,"name":""},"geometry":{"type":"Point","coordinates":[41.197518,43.915246]}},{"type":"Feature","properties":{"id":"hill-0201","type":"hill","longitude":41.379629,"latitude":43.885166,"elevation_m":1046,"name":""},"geometry":{"type":"Point","coordinates":[41.379629,43.885166]}},{"type":"Feature","properties":{"id":"hill-0206","type":"hill","longitude":41.366937,"latitude":43.849717,"elevation_m":1101,"name":""},"geometry":{"type":"Point","coordinates":[41.366937,43.849717]}},{"type":"Feature","properties":{"id":"hill-0212","type":"hill","longitude":41.396624,"latitude":43.918229,"elevation_m":1112,"name":""},"geometry":{"type":"Point","coordinates":[41.396624,43.918229]}},{"type":"Feature","properties":{"id":"hill-0214","type":"hill","longitude":41.215811,"latitude":43.84355,"elevation_m":1131,"name":""},"geometry":{"type":"Point","coordinates":[41.215811,43.84355]}},{"type":"Feature","properties":{"id":"hill-0215","type":"hill","longitude":41.250347,"latitude":43.869111,"elevation_m":1158,"name":""},"geometry":{"type":"Point","coordinates":[41.250347,43.869111]}},{"type":"Feature","properties":{"id":"hill-0220","type":"hill","longitude":40.943556,"latitude":43.837723,"elevation_m":1160,"name":""},"geometry":{"type":"Point","coordinates":[40.943556,43.837723]}},{"type":"Feature","properties":{"id":"hill-0225","type":"hill","longitude":41.064652,"latitude":43.852904,"elevation_m":1226,"name":""},"geometry":{"type":"Point","coordinates":[41.064652,43.852904]}},{"type":"Feature","properties":{"id":"hill-0231","type":"hill","longitude":41.28617,"latitude":43.836229,"elevation_m":1275,"name":""},"geometry":{"type":"Point","coordinates":[41.28617,43.836229]}},{"type":"Feature","properties":{"id":"hill-0238","type":"hill","longitude":41.03842,"latitude":43.878662,"elevation_m":1361,"name":""},"geometry":{"type":"Point","coordinates":[41.03842,43.878662]}},{"type":"Feature","properties":{"id":"hill-0244","type":"hill","longitude":40.936968,"latitude":43.879861,"elevation_m":1539,"name":""},"geometry":{"type":"Point","coordinates":[40.936968,43.879861]}},{"type":"Feature","properties":{"id":"hill-0246","type":"hill","longitude":41.028732,"latitude":43.845221,"elevation_m":1662,"name":""},"geometry":{"type":"Point","coordinates":[41.028732,43.845221]}},{"type":"Feature","properties":{"id":"hill-0250","type":"hill","longitude":41.479225,"latitude":43.886759,"elevation_m":948,"name":""},"geometry":{"type":"Point","coordinates":[41.479225,43.886759]}},{"type":"Feature","properties":{"id":"hill-0251","type":"hill","longitude":41.473142,"latitude":43.853152,"elevation_m":957,"name":""},"geometry":{"type":"Point","coordinates":[41.473142,43.853152]}},{"type":"Feature","properties":{"id":"hill-0253","type":"hill","longitude":41.417137,"latitude":43.83883,"elevation_m":988,"name":""},"geometry":{"type":"Point","coordinates":[41.417137,43.83883]}},{"type":"Feature","properties":{"id":"hill-0266","type":"hill","longitude":41.057754,"latitude":43.796608,"elevation_m":1718,"name":""},"geometry":{"type":"Point","coordinates":[41.057754,43.796608]}},{"type":"Feature","properties":{"id":"hill-0268","type":"hill","longitude":41.099339,"latitude":43.814076,"elevation_m":1396,"name":""},"geometry":{"type":"Point","coordinates":[41.099339,43.814076]}},{"type":"Feature","properties":{"id":"hill-0274","type":"hill","longitude":40.914438,"latitude":43.85791,"elevation_m":1771,"name":""},"geometry":{"type":"Point","coordinates":[40.914438,43.85791]}},{"type":"Feature","properties":{"id":"hill-0275","type":"hill","longitude":40.83409,"latitude":43.823815,"elevation_m":1796,"name":""},"geometry":{"type":"Point","coordinates":[40.83409,43.823815]}},{"type":"Feature","properties":{"id":"hill-0276","type":"hill","longitude":40.793009,"latitude":43.889078,"elevation_m":1590,"name":""},"geometry":{"type":"Point","coordinates":[40.793009,43.889078]}},{"type":"Feature","properties":{"id":"hill-0280","type":"hill","longitude":41.168078,"latitude":43.79231,"elevation_m":1176,"name":""},"geometry":{"type":"Point","coordinates":[41.168078,43.79231]}},{"type":"Feature","properties":{"id":"hill-0284","type":"hill","longitude":41.177123,"latitude":43.825703,"elevation_m":1287,"name":""},"geometry":{"type":"Point","coordinates":[41.177123,43.825703]}},{"type":"Feature","properties":{"id":"hill-0288","type":"hill","longitude":41.267631,"latitude":43.78692,"elevation_m":1335,"name":""},"geometry":{"type":"Point","coordinates":[41.267631,43.78692]}},{"type":"Feature","properties":{"id":"hill-0290","type":"hill","longitude":41.205876,"latitude":43.802966,"elevation_m":1369,"name":""},"geometry":{"type":"Point","coordinates":[41.205876,43.802966]}},{"type":"Feature","properties":{"id":"hill-0299","type":"hill","longitude":40.872134,"latitude":43.79904,"elevation_m":1672,"name":""},"geometry":{"type":"Point","coordinates":[40.872134,43.79904]}},{"type":"Feature","properties":{"id":"hill-0301","type":"hill","longitude":41.134229,"latitude":43.756217,"elevation_m":1738,"name":""},"geometry":{"type":"Point","coordinates":[41.134229,43.756217]}},{"type":"Feature","properties":{"id":"hill-0304","type":"hill","longitude":41.29705,"latitude":43.803384,"elevation_m":1225,"name":""},"geometry":{"type":"Point","coordinates":[41.29705,43.803384]}},{"type":"Feature","properties":{"id":"hill-0313","type":"hill","longitude":41.426901,"latitude":43.793116,"elevation_m":1268,"name":""},"geometry":{"type":"Point","coordinates":[41.426901,43.793116]}},{"type":"Feature","properties":{"id":"hill-0317","type":"hill","longitude":41.377891,"latitude":43.79715,"elevation_m":1126,"name":""},"geometry":{"type":"Point","coordinates":[41.377891,43.79715]}},{"type":"Feature","properties":{"id":"hill-0320","type":"hill","longitude":41.443477,"latitude":43.817359,"elevation_m":1169,"name":""},"geometry":{"type":"Point","coordinates":[41.443477,43.817359]}},{"type":"Feature","properties":{"id":"hill-0323","type":"hill","longitude":41.442897,"latitude":43.766887,"elevation_m":1203,"name":""},"geometry":{"type":"Point","coordinates":[41.442897,43.766887]}},{"type":"Feature","properties":{"id":"hill-0331","type":"hill","longitude":41.480963,"latitude":43.787377,"elevation_m":1334,"name":""},"geometry":{"type":"Point","coordinates":[41.480963,43.787377]}},{"type":"Feature","properties":{"id":"hill-0335","type":"hill","longitude":41.322606,"latitude":43.76364,"elevation_m":1431,"name":""},"geometry":{"type":"Point","coordinates":[41.322606,43.76364]}},{"type":"Feature","properties":{"id":"hill-0336","type":"hill","longitude":41.40467,"latitude":43.750862,"elevation_m":1480,"name":""},"geometry":{"type":"Point","coordinates":[41.40467,43.750862]}},{"type":"Feature","properties":{"id":"hill-0338","type":"hill","longitude":40.843853,"latitude":43.769792,"elevation_m":1573,"name":""},"geometry":{"type":"Point","coordinates":[40.843853,43.769792]}},{"type":"Feature","properties":{"id":"hill-0343","type":"hill","longitude":41.37228,"latitude":43.717551,"elevation_m":1702,"name":""},"geometry":{"type":"Point","coordinates":[41.37228,43.717551]}},{"type":"Feature","properties":{"id":"hill-0347","type":"hill","longitude":41.332991,"latitude":43.723351,"elevation_m":1759,"name":""},"geometry":{"type":"Point","coordinates":[41.332991,43.723351]}},{"type":"Feature","properties":{"id":"hill-0349","type":"hill","longitude":40.9258,"latitude":43.619099,"elevation_m":1673,"name":""},"geometry":{"type":"Point","coordinates":[40.9258,43.619099]}},{"type":"Feature","properties":{"id":"hill-0350","type":"hill","longitude":40.89106,"latitude":43.643086,"elevation_m":1378,"name":""},"geometry":{"type":"Point","coordinates":[40.89106,43.643086]}},{"type":"Feature","properties":{"id":"hill-0352","type":"hill","longitude":41.219823,"latitude":43.523869,"elevation_m":1759,"name":""},"geometry":{"type":"Point","coordinates":[41.219823,43.523869]}},{"type":"Feature","properties":{"id":"hill-0361","type":"hill","longitude":41.752253,"latitude":43.300048,"elevation_m":1757,"name":""},"geometry":{"type":"Point","coordinates":[41.752253,43.300048]}},{"type":"Feature","properties":{"id":"hill-0363","type":"hill","longitude":41.885741,"latitude":43.704964,"elevation_m":1613,"name":""},"geometry":{"type":"Point","coordinates":[41.885741,43.704964]}},{"type":"Feature","properties":{"id":"hill-0367","type":"hill","longitude":41.939117,"latitude":43.567993,"elevation_m":1636,"name":""},"geometry":{"type":"Point","coordinates":[41.939117,43.567993]}},{"type":"Feature","properties":{"id":"hill-0368","type":"hill","longitude":41.942056,"latitude":43.612318,"elevation_m":1734,"name":""},"geometry":{"type":"Point","coordinates":[41.942056,43.612318]}},{"type":"Feature","properties":{"id":"hill-0374","type":"hill","longitude":41.87807,"latitude":43.750668,"elevation_m":1202,"name":""},"geometry":{"type":"Point","coordinates":[41.87807,43.750668]}},{"type":"Feature","properties":{"id":"hill-0375","type":"hill","longitude":41.957635,"latitude":43.641332,"elevation_m":1376,"name":""},"geometry":{"type":"Point","coordinates":[41.957635,43.641332]}},{"type":"Feature","properties":{"id":"hill-0378","type":"hill","longitude":41.701387,"latitude":43.624932,"elevation_m":1523,"name":""},"geometry":{"type":"Point","coordinates":[41.701387,43.624932]}},{"type":"Feature","properties":{"id":"hill-0383","type":"hill","longitude":42.133512,"latitude":43.689575,"elevation_m":1655,"name":""},"geometry":{"type":"Point","coordinates":[42.133512,43.689575]}},{"type":"Feature","properties":{"id":"hill-0384","type":"hill","longitude":41.817098,"latitude":43.580764,"elevation_m":1632,"name":""},"geometry":{"type":"Point","coordinates":[41.817098,43.580764]}},{"type":"Feature","properties":{"id":"hill-0385","type":"hill","longitude":42.063367,"latitude":43.687495,"elevation_m":1676,"name":""},"geometry":{"type":"Point","coordinates":[42.063367,43.687495]}},{"type":"Feature","properties":{"id":"hill-0389","type":"hill","longitude":41.85349,"latitude":43.611929,"elevation_m":1712,"name":""},"geometry":{"type":"Point","coordinates":[41.85349,43.611929]}},{"type":"Feature","properties":{"id":"hill-0402","type":"hill","longitude":41.941252,"latitude":43.698806,"elevation_m":1493,"name":""},"geometry":{"type":"Point","coordinates":[41.941252,43.698806]}},{"type":"Feature","properties":{"id":"hill-0407","type":"hill","longitude":41.86468,"latitude":43.668019,"elevation_m":1748,"name":""},"geometry":{"type":"Point","coordinates":[41.86468,43.668019]}},{"type":"Feature","properties":{"id":"hill-0409","type":"hill","longitude":41.983759,"latitude":43.727274,"elevation_m":1793,"name":""},"geometry":{"type":"Point","coordinates":[41.983759,43.727274]}},{"type":"Feature","properties":{"id":"hill-0413","type":"hill","longitude":41.983255,"latitude":43.692771,"elevation_m":1576,"name":""},"geometry":{"type":"Point","coordinates":[41.983255,43.692771]}},{"type":"Feature","properties":{"id":"hill-0415","type":"hill","longitude":42.589016,"latitude":43.886504,"elevation_m":1127,"name":""},"geometry":{"type":"Point","coordinates":[42.589016,43.886504]}},{"type":"Feature","properties":{"id":"hill-0416","type":"hill","longitude":42.448447,"latitude":43.83835,"elevation_m":1719,"name":""},"geometry":{"type":"Point","coordinates":[42.448447,43.83835]}},{"type":"Feature","properties":{"id":"hill-0418","type":"hill","longitude":40.905629,"latitude":43.39995,"elevation_m":1526,"name":""},"geometry":{"type":"Point","coordinates":[40.905629,43.39995]}},{"type":"Feature","properties":{"id":"hill-0419","type":"hill","longitude":40.857693,"latitude":43.408064,"elevation_m":1262,"name":""},"geometry":{"type":"Point","coordinates":[40.857693,43.408064]}},{"type":"Feature","properties":{"id":"hill-0422","type":"hill","longitude":40.8257,"latitude":43.429027,"elevation_m":1063,"name":""},"geometry":{"type":"Point","coordinates":[40.8257,43.429027]}},{"type":"Feature","properties":{"id":"hill-0424","type":"hill","longitude":42.854447,"latitude":43.840973,"elevation_m":1530,"name":""},"geometry":{"type":"Point","coordinates":[42.854447,43.840973]}},{"type":"Feature","properties":{"id":"hill-0425","type":"hill","longitude":41.984618,"latitude":43.667499,"elevation_m":1271,"name":""},"geometry":{"type":"Point","coordinates":[41.984618,43.667499]}},{"type":"Feature","properties":{"id":"hill-0429","type":"hill","longitude":41.993212,"latitude":43.620971,"elevation_m":1537,"name":""},"geometry":{"type":"Point","coordinates":[41.993212,43.620971]}},{"type":"Feature","properties":{"id":"hill-0438","type":"hill","longitude":42.508367,"latitude":43.848502,"elevation_m":1626,"name":""},"geometry":{"type":"Point","coordinates":[42.508367,43.848502]}},{"type":"Feature","properties":{"id":"hill-0439","type":"hill","longitude":41.932325,"latitude":43.954209,"elevation_m":1029,"name":""},"geometry":{"type":"Point","coordinates":[41.932325,43.954209]}},{"type":"Feature","properties":{"id":"hill-0440","type":"hill","longitude":41.792475,"latitude":43.907416,"elevation_m":1556,"name":""},"geometry":{"type":"Point","coordinates":[41.792475,43.907416]}},{"type":"Feature","properties":{"id":"hill-0441","type":"hill","longitude":41.877995,"latitude":43.973955,"elevation_m":943,"name":""},"geometry":{"type":"Point","coordinates":[41.877995,43.973955]}},{"type":"Feature","properties":{"id":"hill-0442","type":"hill","longitude":43.164006,"latitude":43.510332,"elevation_m":993,"name":""},"geometry":{"type":"Point","coordinates":[43.164006,43.510332]}},{"type":"Feature","properties":{"id":"hill-0443","type":"hill","longitude":43.004984,"latitude":43.46731,"elevation_m":1402,"name":""},"geometry":{"type":"Point","coordinates":[43.004984,43.46731]}},{"type":"Feature","properties":{"id":"hill-0444","type":"hill","longitude":43.599608,"latitude":43.460247,"elevation_m":621,"name":""},"geometry":{"type":"Point","coordinates":[43.599608,43.460247]}},{"type":"Feature","properties":{"id":"hill-0445","type":"hill","longitude":43.609951,"latitude":43.417159,"elevation_m":997,"name":""},"geometry":{"type":"Point","coordinates":[43.609951,43.417159]}},{"type":"Feature","properties":{"id":"hill-0446","type":"hill","longitude":43.599511,"latitude":43.287984,"elevation_m":1008,"name":""},"geometry":{"type":"Point","coordinates":[43.599511,43.287984]}},{"type":"Feature","properties":{"id":"hill-0447","type":"hill","longitude":43.530546,"latitude":43.267448,"elevation_m":1067,"name":""},"geometry":{"type":"Point","coordinates":[43.530546,43.267448]}},{"type":"Feature","properties":{"id":"hill-0448","type":"hill","longitude":43.514249,"latitude":43.223434,"elevation_m":1413,"name":""},"geometry":{"type":"Point","coordinates":[43.514249,43.223434]}},{"type":"Feature","properties":{"id":"hill-0450","type":"hill","longitude":43.44316,"latitude":43.317107,"elevation_m":1574,"name":""},"geometry":{"type":"Point","coordinates":[43.44316,43.317107]}},{"type":"Feature","properties":{"id":"hill-0454","type":"hill","longitude":42.693686,"latitude":43.94151,"elevation_m":851,"name":""},"geometry":{"type":"Point","coordinates":[42.693686,43.94151]}},{"type":"Feature","properties":{"id":"hill-0455","type":"hill","longitude":43.419803,"latitude":43.104892,"elevation_m":1787,"name":""},"geometry":{"type":"Point","coordinates":[43.419803,43.104892]}},{"type":"Feature","properties":{"id":"hill-0456","type":"hill","longitude":42.537668,"latitude":43.943217,"elevation_m":1075,"name":""},"geometry":{"type":"Point","coordinates":[42.537668,43.943217]}},{"type":"Feature","properties":{"id":"hill-0457","type":"hill","longitude":42.559887,"latitude":43.858181,"elevation_m":1472,"name":""},"geometry":{"type":"Point","coordinates":[42.559887,43.858181]}},{"type":"Feature","properties":{"id":"hill-0460","type":"hill","longitude":40.951967,"latitude":43.91901,"elevation_m":1140,"name":""},"geometry":{"type":"Point","coordinates":[40.951967,43.91901]}},{"type":"Feature","properties":{"id":"hill-0463","type":"hill","longitude":40.986804,"latitude":43.925447,"elevation_m":1147,"name":""},"geometry":{"type":"Point","coordinates":[40.986804,43.925447]}},{"type":"Feature","properties":{"id":"hill-0481","type":"hill","longitude":43.419846,"latitude":43.271066,"elevation_m":1688,"name":""},"geometry":{"type":"Point","coordinates":[43.419846,43.271066]}},{"type":"Feature","properties":{"id":"hill-0483","type":"hill","longitude":42.912061,"latitude":44.056166,"elevation_m":586,"name":""},"geometry":{"type":"Point","coordinates":[42.912061,44.056166]}},{"type":"Feature","properties":{"id":"hill-0484","type":"hill","longitude":43.042374,"latitude":43.754497,"elevation_m":966,"name":""},"geometry":{"type":"Point","coordinates":[43.042374,43.754497]}},{"type":"Feature","properties":{"id":"hill-0487","type":"hill","longitude":42.879521,"latitude":43.773464,"elevation_m":1475,"name":""},"geometry":{"type":"Point","coordinates":[42.879521,43.773464]}},{"type":"Feature","properties":{"id":"hill-0489","type":"hill","longitude":42.149831,"latitude":43.71158,"elevation_m":1743,"name":""},"geometry":{"type":"Point","coordinates":[42.149831,43.71158]}},{"type":"Feature","properties":{"id":"hill-0495","type":"hill","longitude":41.038699,"latitude":44.062827,"elevation_m":1033,"name":""},"geometry":{"type":"Point","coordinates":[41.038699,44.062827]}},{"type":"Feature","properties":{"id":"hill-0502","type":"hill","longitude":41.162263,"latitude":44.040774,"elevation_m":1352,"name":""},"geometry":{"type":"Point","coordinates":[41.162263,44.040774]}},{"type":"Feature","properties":{"id":"hill-0510","type":"hill","longitude":40.939189,"latitude":43.796709,"elevation_m":1539,"name":""},"geometry":{"type":"Point","coordinates":[40.939189,43.796709]}},{"type":"Feature","properties":{"id":"hill-0518","type":"hill","longitude":41.062614,"latitude":44.02051,"elevation_m":1267,"name":""},"geometry":{"type":"Point","coordinates":[41.062614,44.02051]}},{"type":"Feature","properties":{"id":"hill-0528","type":"hill","longitude":41.044439,"latitude":43.925717,"elevation_m":1401,"name":""},"geometry":{"type":"Point","coordinates":[41.044439,43.925717]}},{"type":"Feature","properties":{"id":"hill-0532","type":"hill","longitude":41.400905,"latitude":43.624776,"elevation_m":1691,"name":""},"geometry":{"type":"Point","coordinates":[41.400905,43.624776]}},{"type":"Feature","properties":{"id":"hill-0538","type":"hill","longitude":41.265453,"latitude":43.760804,"elevation_m":1583,"name":""},"geometry":{"type":"Point","coordinates":[41.265453,43.760804]}},{"type":"Feature","properties":{"id":"hill-0541","type":"hill","longitude":42.222508,"latitude":43.533834,"elevation_m":1755,"name":""},"geometry":{"type":"Point","coordinates":[42.222508,43.533834]}},{"type":"Feature","properties":{"id":"hill-0549","type":"hill","longitude":42.14201,"latitude":43.586157,"elevation_m":1514,"name":""},"geometry":{"type":"Point","coordinates":[42.14201,43.586157]}},{"type":"Feature","properties":{"id":"hill-0554","type":"hill","longitude":42.15777,"latitude":43.667484,"elevation_m":1433,"name":""},"geometry":{"type":"Point","coordinates":[42.15777,43.667484]}},{"type":"Feature","properties":{"id":"hill-0556","type":"hill","longitude":40.858347,"latitude":43.946523,"elevation_m":1663,"name":""},"geometry":{"type":"Point","coordinates":[40.858347,43.946523]}},{"type":"Feature","properties":{"id":"hill-0559","type":"hill","longitude":41.131235,"latitude":43.923005,"elevation_m":1212,"name":""},"geometry":{"type":"Point","coordinates":[41.131235,43.923005]}},{"type":"Feature","properties":{"id":"hill-0563","type":"hill","longitude":40.765618,"latitude":43.453277,"elevation_m":1542,"name":""},"geometry":{"type":"Point","coordinates":[40.765618,43.453277]}},{"type":"Feature","properties":{"id":"hill-0565","type":"hill","longitude":41.166909,"latitude":43.871307,"elevation_m":1348,"name":""},"geometry":{"type":"Point","coordinates":[41.166909,43.871307]}},{"type":"Feature","properties":{"id":"hill-0566","type":"hill","longitude":41.243116,"latitude":44.087053,"elevation_m":909,"name":""},"geometry":{"type":"Point","coordinates":[41.243116,44.087053]}},{"type":"Feature","properties":{"id":"hill-0570","type":"hill","longitude":41.615052,"latitude":44.110669,"elevation_m":745,"name":""},"geometry":{"type":"Point","coordinates":[41.615052,44.110669]}},{"type":"Feature","properties":{"id":"hill-0572","type":"hill","longitude":41.675402,"latitude":44.119511,"elevation_m":788,"name":""},"geometry":{"type":"Point","coordinates":[41.675402,44.119511]}},{"type":"Feature","properties":{"id":"hill-0575","type":"hill","longitude":41.138467,"latitude":44.062326,"elevation_m":1183,"name":""},"geometry":{"type":"Point","coordinates":[41.138467,44.062326]}},{"type":"Feature","properties":{"id":"hill-0577","type":"hill","longitude":41.104896,"latitude":44.02716,"elevation_m":1594,"name":""},"geometry":{"type":"Point","coordinates":[41.104896,44.02716]}},{"type":"Feature","properties":{"id":"hill-0581","type":"hill","longitude":41.568339,"latitude":44.104783,"elevation_m":1121,"name":""},"geometry":{"type":"Point","coordinates":[41.568339,44.104783]}},{"type":"Feature","properties":{"id":"hill-0584","type":"hill","longitude":41.539446,"latitude":44.005472,"elevation_m":1094,"name":""},"geometry":{"type":"Point","coordinates":[41.539446,44.005472]}},{"type":"Feature","properties":{"id":"hill-0591","type":"hill","longitude":41.471179,"latitude":43.981946,"elevation_m":1333,"name":""},"geometry":{"type":"Point","coordinates":[41.471179,43.981946]}},{"type":"Feature","properties":{"id":"hill-0595","type":"hill","longitude":40.906831,"latitude":43.89323,"elevation_m":1660,"name":""},"geometry":{"type":"Point","coordinates":[40.906831,43.89323]}},{"type":"Feature","properties":{"id":"hill-0606","type":"hill","longitude":41.285774,"latitude":44.064654,"elevation_m":931,"name":""},"geometry":{"type":"Point","coordinates":[41.285774,44.064654]}},{"type":"Feature","properties":{"id":"hill-0611","type":"hill","longitude":41.09863,"latitude":43.779491,"elevation_m":1766,"name":""},"geometry":{"type":"Point","coordinates":[41.09863,43.779491]}},{"type":"Feature","properties":{"id":"hill-0612","type":"hill","longitude":41.699445,"latitude":44.04601,"elevation_m":1044,"name":""},"geometry":{"type":"Point","coordinates":[41.699445,44.04601]}},{"type":"Feature","properties":{"id":"hill-0613","type":"hill","longitude":41.145912,"latitude":44.094443,"elevation_m":927,"name":""},"geometry":{"type":"Point","coordinates":[41.145912,44.094443]}},{"type":"Feature","properties":{"id":"hill-0617","type":"hill","longitude":41.911157,"latitude":43.658496,"elevation_m":1737,"name":""},"geometry":{"type":"Point","coordinates":[41.911157,43.658496]}},{"type":"Feature","properties":{"id":"hill-0619","type":"hill","longitude":41.329494,"latitude":43.92003,"elevation_m":1001,"name":""},"geometry":{"type":"Point","coordinates":[41.329494,43.92003]}},{"type":"Feature","properties":{"id":"hill-0625","type":"hill","longitude":42.117258,"latitude":43.607307,"elevation_m":1236,"name":""},"geometry":{"type":"Point","coordinates":[42.117258,43.607307]}},{"type":"Feature","properties":{"id":"hill-0628","type":"hill","longitude":41.694939,"latitude":44.15082,"elevation_m":654,"name":""},"geometry":{"type":"Point","coordinates":[41.694939,44.15082]}},{"type":"Feature","properties":{"id":"hill-0631","type":"hill","longitude":41.724068,"latitude":44.191036,"elevation_m":612,"name":""},"geometry":{"type":"Point","coordinates":[41.724068,44.191036]}},{"type":"Feature","properties":{"id":"hill-0632","type":"hill","longitude":42.169873,"latitude":43.619813,"elevation_m":1655,"name":""},"geometry":{"type":"Point","coordinates":[42.169873,43.619813]}},{"type":"Feature","properties":{"id":"hill-0639","type":"hill","longitude":42.12744,"latitude":43.635112,"elevation_m":1674,"name":""},"geometry":{"type":"Point","coordinates":[42.12744,43.635112]}},{"type":"Feature","properties":{"id":"hill-0645","type":"hill","longitude":42.083452,"latitude":43.631797,"elevation_m":1578,"name":""},"geometry":{"type":"Point","coordinates":[42.083452,43.631797]}},{"type":"Feature","properties":{"id":"hill-0649","type":"hill","longitude":42.017577,"latitude":43.676493,"elevation_m":1568,"name":""},"geometry":{"type":"Point","coordinates":[42.017577,43.676493]}},{"type":"Feature","properties":{"id":"hill-0650","type":"hill","longitude":42.062273,"latitude":43.659955,"elevation_m":1490,"name":""},"geometry":{"type":"Point","coordinates":[42.062273,43.659955]}},{"type":"Feature","properties":{"id":"hill-0659","type":"hill","longitude":41.452886,"latitude":43.908127,"elevation_m":913,"name":""},"geometry":{"type":"Point","coordinates":[41.452886,43.908127]}},{"type":"Feature","properties":{"id":"hill-0670","type":"hill","longitude":41.46457,"latitude":43.955576,"elevation_m":1548,"name":""},"geometry":{"type":"Point","coordinates":[41.46457,43.955576]}},{"type":"Feature","properties":{"id":"hill-0671","type":"hill","longitude":41.159184,"latitude":43.982054,"elevation_m":959,"name":""},"geometry":{"type":"Point","coordinates":[41.159184,43.982054]}},{"type":"Feature","properties":{"id":"hill-0677","type":"hill","longitude":40.900555,"latitude":43.961669,"elevation_m":1536,"name":""},"geometry":{"type":"Point","coordinates":[40.900555,43.961669]}},{"type":"Feature","properties":{"id":"hill-0682","type":"hill","longitude":41.1213,"latitude":44.00372,"elevation_m":1245,"name":""},"geometry":{"type":"Point","coordinates":[41.1213,44.00372]}},{"type":"Feature","properties":{"id":"hill-0684","type":"hill","longitude":43.044466,"latitude":43.449087,"elevation_m":1560,"name":""},"geometry":{"type":"Point","coordinates":[43.044466,43.449087]}},{"type":"Feature","properties":{"id":"hill-0687","type":"hill","longitude":40.997157,"latitude":43.859132,"elevation_m":1772,"name":""},"geometry":{"type":"Point","coordinates":[40.997157,43.859132]}},{"type":"Feature","properties":{"id":"hill-0688","type":"hill","longitude":40.861233,"latitude":43.886712,"elevation_m":1720,"name":""},"geometry":{"type":"Point","coordinates":[40.861233,43.886712]}},{"type":"Feature","properties":{"id":"hill-0689","type":"hill","longitude":41.409273,"latitude":43.688194,"elevation_m":1715,"name":""},"geometry":{"type":"Point","coordinates":[41.409273,43.688194]}},{"type":"Feature","properties":{"id":"hill-0697","type":"hill","longitude":41.164098,"latitude":43.93424,"elevation_m":968,"name":""},"geometry":{"type":"Point","coordinates":[41.164098,43.93424]}},{"type":"Feature","properties":{"id":"hill-0699","type":"hill","longitude":40.95908,"latitude":44.035784,"elevation_m":896,"name":""},"geometry":{"type":"Point","coordinates":[40.95908,44.035784]}},{"type":"Feature","properties":{"id":"hill-0702","type":"hill","longitude":41.206402,"latitude":43.87089,"elevation_m":1134,"name":""},"geometry":{"type":"Point","coordinates":[41.206402,43.87089]}},{"type":"Feature","properties":{"id":"hill-0704","type":"hill","longitude":42.17985,"latitude":43.568638,"elevation_m":1611,"name":""},"geometry":{"type":"Point","coordinates":[42.17985,43.568638]}},{"type":"Feature","properties":{"id":"hill-0705","type":"hill","longitude":41.006448,"latitude":44.038537,"elevation_m":1342,"name":""},"geometry":{"type":"Point","coordinates":[41.006448,44.038537]}},{"type":"Feature","properties":{"id":"hill-0722","type":"hill","longitude":41.322649,"latitude":43.857631,"elevation_m":1220,"name":""},"geometry":{"type":"Point","coordinates":[41.322649,43.857631]}},{"type":"Feature","properties":{"id":"hill-0724","type":"hill","longitude":41.126515,"latitude":43.849748,"elevation_m":1211,"name":""},"geometry":{"type":"Point","coordinates":[41.126515,43.849748]}},{"type":"Feature","properties":{"id":"hill-0726","type":"hill","longitude":43.003128,"latitude":43.567371,"elevation_m":1736,"name":""},"geometry":{"type":"Point","coordinates":[43.003128,43.567371]}},{"type":"Feature","properties":{"id":"hill-0734","type":"hill","longitude":41.364577,"latitude":44.006521,"elevation_m":1338,"name":""},"geometry":{"type":"Point","coordinates":[41.364577,44.006521]}},{"type":"Feature","properties":{"id":"hill-0739","type":"hill","longitude":41.223729,"latitude":44.041113,"elevation_m":1258,"name":""},"geometry":{"type":"Point","coordinates":[41.223729,44.041113]}},{"type":"Feature","properties":{"id":"hill-0743","type":"hill","longitude":41.242955,"latitude":43.815772,"elevation_m":1296,"name":""},"geometry":{"type":"Point","coordinates":[41.242955,43.815772]}},{"type":"Feature","properties":{"id":"hill-0746","type":"hill","longitude":42.126024,"latitude":43.501453,"elevation_m":1629,"name":""},"geometry":{"type":"Point","coordinates":[42.126024,43.501453]}},{"type":"Feature","properties":{"id":"hill-0747","type":"hill","longitude":42.065953,"latitude":43.552856,"elevation_m":1610,"name":""},"geometry":{"type":"Point","coordinates":[42.065953,43.552856]}},{"type":"Feature","properties":{"id":"hill-0750","type":"hill","longitude":40.944993,"latitude":43.991541,"elevation_m":916,"name":""},"geometry":{"type":"Point","coordinates":[40.944993,43.991541]}},{"type":"Feature","properties":{"id":"hill-0753","type":"hill","longitude":42.38681,"latitude":44.086653,"elevation_m":759,"name":""},"geometry":{"type":"Point","coordinates":[42.38681,44.086653]}},{"type":"Feature","properties":{"id":"hill-0760","type":"hill","longitude":43.424202,"latitude":43.360118,"elevation_m":1206,"name":""},"geometry":{"type":"Point","coordinates":[43.424202,43.360118]}},{"type":"Feature","properties":{"id":"hill-0763","type":"hill","longitude":42.097088,"latitude":43.743639,"elevation_m":1508,"name":""},"geometry":{"type":"Point","coordinates":[42.097088,43.743639]}},{"type":"Feature","properties":{"id":"hill-0765","type":"hill","longitude":42.657605,"latitude":43.928669,"elevation_m":872,"name":""},"geometry":{"type":"Point","coordinates":[42.657605,43.928669]}},{"type":"Feature","properties":{"id":"hill-0770","type":"hill","longitude":41.291857,"latitude":43.573675,"elevation_m":1656,"name":""},"geometry":{"type":"Point","coordinates":[41.291857,43.573675]}},{"type":"Feature","properties":{"id":"hill-0772","type":"hill","longitude":42.078109,"latitude":43.771512,"elevation_m":1749,"name":""},"geometry":{"type":"Point","coordinates":[42.078109,43.771512]}},{"type":"Feature","properties":{"id":"hill-0773","type":"hill","longitude":41.35329,"latitude":43.82335,"elevation_m":1096,"name":""},"geometry":{"type":"Point","coordinates":[41.35329,43.82335]}},{"type":"Feature","properties":{"id":"hill-0775","type":"hill","longitude":43.311367,"latitude":43.238817,"elevation_m":1706,"name":""},"geometry":{"type":"Point","coordinates":[43.311367,43.238817]}},{"type":"Feature","properties":{"id":"hill-0780","type":"hill","longitude":41.601148,"latitude":43.928685,"elevation_m":1595,"name":""},"geometry":{"type":"Point","coordinates":[41.601148,43.928685]}}]}