{"type":"FeatureCollection","features":[{"type":"Feature","properties":{"id":"mount-5000-0001","type":"five_thousander","longitude":43.213466,"latitude":43.050027,"elevation_m":5105,"name":"Коштантау"},"geometry":{"type":"Point","coordinates":[43.213466,43.050027]}},{"type":"Feature","properties":{"id":"mount-5000-0002","type":"five_thousander","longitude":43.05748,"latitude":43.018313,"elevation_m":5034,"name":"მთავარი ჯანღა"},"geometry":{"type":"Point","coordinates":[43.05748,43.018313]}},{"type":"Feature","properties":{"id":"mount-5000-0003","type":"five_thousander","longitude":43.133183,"latitude":43.052215,"elevation_m":5001,"name":"Дыхтау"},"geometry":{"type":"Point","coordinates":[43.133183,43.052215]}},{"type":"Feature","properties":{"id":"mount-5000-0004","type":"five_thousander","longitude":43.11313,"latitude":42.999312,"elevation_m":5022,"name":"Шхара"},"geometry":{"type":"Point","coordinates":[43.11313,42.999312]}},{"type":"Feature","properties":{"id":"mount-main-0001","type":"main_mountain","longitude":43.15419,"latitude":43.0445,"elevation_m":4757,"name":"Восточный Мижирги"},"geometry":{"type":"Point","coordinates":[43.15419,43.0445]}},{"type":"Feature","properties":{"id":"mount-main-0002","type":"main_mountain","longitude":43.145092,"latitude":43.033216,"elevation_m":4409,"name":"Башхаузбаши"},"geometry":{"type":"Point","coordinates":[43.145092,43.033216]}},{"type":"Feature","properties":{"id":"mount-main-0003","type":"main_mountain","longitude":43.135478,"latitude":43.049384,"elevation_m":4963,"name":"Восточная Дыхтау"},"geometry":{"type":"Point","coordinates":[43.135478,43.049384]}},{"type":"Feature","properties":{"id":"mount-main-0004","type":"main_mountain","longitude":43.150295,"latitude":43.044923,"elevation_m":4853,"name":"Мижирги"},"geometry":{"type":"Point","coordinates":[43.150295,43.044923]}},{"type":"Feature","properties":{"id":"mount-main-0005","type":"main_mountain","longitude":43.201042,"latitude":43.048875,"elevation_m":4663,"name":"Тихонова"},"geometry":{"type":"Point","coordinates":[43.201042,43.048875]}},{"type":"Feature","properties":{"id":"mount-main-0006","type":"main_mountain","longitude":43.217597,"latitude":43.061528,"elevation_m":4371,"name":"Птица"},"geometry":{"type":"Point","coordinates":[43.217597,43.061528]}},{"type":"Feature","properties":{"id":"mount-main-0007","type":"main_mountain","longitude":43.139695,"latitude":43.048679,"elevation_m":4864,"name":"Пушкина"},"geometry":{"type":"Point","coordinates":[43.139695,43.048679]}},{"type":"Feature","properties":{"id":"mount-main-0008","type":"main_mountain","longitude":43.148031,"latitude":43.045448,"elevation_m":4894,"name":"Боровикова"},"geometry":{"type":"Point","coordinates":[43.148031,43.045448]}},{"type":"Feature","properties":{"id":"mount-main-0009","type":"main_mountain","longitude":43.051482,"latitude":43.019035,"elevation_m":4970,"name":"Западная Джанги"},"geometry":{"type":"Point","coordinates":[43.051482,43.019035]}},{"type":"Feature","properties":{"id":"mount-main-0010","type":"main_mountain","longitude":43.217887,"latitude":43.055891,"elevation_m":4641,"name":"Ледовый Купол"},"geometry":{"type":"Point","coordinates":[43.217887,43.055891]}},{"type":"Feature","properties":{"id":"mount-main-0011","type":"main_mountain","longitude":43.120458,"latitude":42.989126,"elevation_m":4523,"name":"Ушгули"},"geometry":{"type":"Point","coordinates":[43.120458,42.989126]}},{"type":"Feature","properties":{"id":"mount-main-0012","type":"main_mountain","longitude":43.025765,"latitude":43.048012,"elevation_m":4799,"name":"Гестола"},"geometry":{"type":"Point","coordinates":[43.025765,43.048012]}},{"type":"Feature","properties":{"id":"mount-main-0013","type":"main_mountain","longitude":43.044444,"latitude":43.024808,"elevation_m":4766,"name":""},"geometry":{"type":"Point","coordinates":[43.044444,43.024808]}},{"type":"Feature","properties":{"id":"mount-main-0014","type":"main_mountain","longitude":43.070773,"latitude":43.012799,"elevation_m":4943,"name":"Восточная Джанги"},"geometry":{"type":"Point","coordinates":[43.070773,43.012799]}},{"type":"Feature","properties":{"id":"mount-main-0015","type":"main_mountain","longitude":43.089699,"latitude":42.998872,"elevation_m":4978,"name":"Шхара Западная"},"geometry":{"type":"Point","coordinates":[43.089699,42.998872]}},{"type":"Feature","properties":{"id":"mount-main-0016","type":"main_mountain","longitude":43.126767,"latitude":43.003141,"elevation_m":4726,"name":"Шхара Восточная"},"geometry":{"type":"Point","coordinates":[43.126767,43.003141]}},{"type":"Feature","properties":{"id":"mount-main-0017","type":"main_mountain","longitude":43.22544,"latitude":43.055405,"elevation_m":4410,"name":"Коштан Малый"},"geometry":{"type":"Point","coordinates":[43.22544,43.055405]}},{"type":"Feature","properties":{"id":"mount-main-0018","type":"main_mountain","longitude":41.720935,"latitude":43.251361,"elevation_m":3558,"name":"Малый Домбай-Ульген"},"geometry":{"type":"Point","coordinates":[41.720935,43.251361]}},{"type":"Feature","properties":{"id":"mount-main-0019","type":"main_mountain","longitude":41.721815,"latitude":43.239841,"elevation_m":3636,"name":"Западная Домбай-Ульген"},"geometry":{"type":"Point","coordinates":[41.721815,43.239841]}},{"type":"Feature","properties":{"id":"mount-main-0020","type":"main_mountain","longitude":41.713607,"latitude":43.225341,"elevation_m":3384,"name":"Южный Домбай-Ульген"},"geometry":{"type":"Point","coordinates":[41.713607,43.225341]}},{"type":"Feature","properties":{"id":"mount-main-0021","type":"main_mountain","longitude":41.725774,"latitude":43.243898,"elevation_m":3806,"name":"Домбай-Ульген главная"},"geometry":{"type":"Point","coordinates":[41.725774,43.243898]}},{"type":"Feature","properties":{"id":"mount-0001","type":"mountain","longitude":41.888208,"latitude":43.210931,"elevation_m":2671,"name":""},"geometry":{"type":"Point","coordinates":[41.888208,43.210931]}},{"type":"Feature","properties":{"id":"mount-0002","type":"mountain","longitude":41.881986,"latitude":43.209618,"elevation_m":2551,"name":""},"geometry":{"type":"Point","coordinates":[41.881986,43.209618]}},{"type":"Feature","properties":{"id":"mount-0003","type":"mountain","longitude":41.934804,"latitude":43.215975,"elevation_m":2977,"name":""},"geometry":{"type":"Point","coordinates":[41.934804,43.215975]}},{"type":"Feature","properties":{"id":"mount-0004","type":"mountain","longitude":41.951187,"latitude":43.209289,"elevation_m":3184,"name":""},"geometry":{"type":"Point","coordinates":[41.951187,43.209289]}},{"type":"Feature","properties":{"id":"mount-0005","type":"mountain","longitude":41.969694,"latitude":43.187335,"elevation_m":2407,"name":""},"geometry":{"type":"Point","coordinates":[41.969694,43.187335]}},{"type":"Feature","properties":{"id":"mount-0006","type":"mountain","longitude":41.956143,"latitude":43.18286,"elevation_m":2525,"name":""},"geometry":{"type":"Point","coordinates":[41.956143,43.18286]}},{"type":"Feature","properties":{"id":"mount-0007","type":"mountain","longitude":41.932358,"latitude":43.188446,"elevation_m":3060,"name":""},"geometry":{"type":"Point","coordinates":[41.932358,43.188446]}},{"type":"Feature","properties":{"id":"mount-0008","type":"mountain","longitude":41.918582,"latitude":43.192216,"elevation_m":2809,"name":""},"geometry":{"type":"Point","coordinates":[41.918582,43.192216]}},{"type":"Feature","properties":{"id":"mount-0009","type":"mountain","longitude":41.670134,"latitude":43.184237,"elevation_m":2773,"name":""},"geometry":{"type":"Point","coordinates":[41.670134,43.184237]}},{"type":"Feature","properties":{"id":"mount-0010","type":"mountain","longitude":41.651638,"latitude":43.184769,"elevation_m":2209,"name":""},"geometry":{"type":"Point","coordinates":[41.651638,43.184769]}},{"type":"Feature","properties":{"id":"mount-0011","type":"mountain","longitude":41.790222,"latitude":43.473446,"elevation_m":2000,"name":""},"geometry":{"type":"Point","coordinates":[41.790222,43.473446]}},{"type":"Feature","properties":{"id":"mount-0012","type":"mountain","longitude":41.926221,"latitude":43.547926,"elevation_m":2156,"name":""},"geometry":{"type":"Point","coordinates":[41.926221,43.547926]}},{"type":"Feature","properties":{"id":"mount-0013","type":"mountain","longitude":40.732101,"latitude":43.802432,"elevation_m":2723,"name":""},"geometry":{"type":"Point","coordinates":[40.732101,43.802432]}},{"type":"Feature","properties":{"id":"mount-0014","type":"mountain","longitude":40.735492,"latitude":43.713526,"elevation_m":2114,"name":""},"geometry":{"type":"Point","coordinates":[40.735492,43.713526]}},{"type":"Feature","properties":{"id":"mount-0015","type":"mountain","longitude":40.744804,"latitude":43.771202,"elevation_m":2897,"name":""},"geometry":{"type":"Point","coordinates":[40.744804,43.771202]}},{"type":"Feature","properties":{"id":"mount-0016","type":"mountain","longitude":40.738002,"latitude":43.699861,"elevation_m":2556,"name":""},"geometry":{"type":"Point","coordinates":[40.738002,43.699861]}},{"type":"Feature","properties":{"id":"mount-0017","type":"mountain","longitude":40.737444,"latitude":43.785107,"elevation_m":2863,"name":""},"geometry":{"type":"Point","coordinates":[40.737444,43.785107]}},{"type":"Feature","properties":{"id":"mount-0018","type":"mountain","longitude":40.743613,"latitude":43.779639,"elevation_m":2988,"name":""},"geometry":{"type":"Point","coordinates":[40.743613,43.779639]}},{"type":"Feature","properties":{"id":"mount-0019","type":"mountain","longitude":40.745609,"latitude":43.74808,"elevation_m":2803,"name":""},"geometry":{"type":"Point","coordinates":[40.745609,43.74808]}},{"type":"Feature","properties":{"id":"mount-0020","type":"mountain","longitude":40.73223,"latitude":43.73991,"elevation_m":2601,"name":""},"geometry":{"type":"Point","coordinates":[40.73223,43.73991]}},{"type":"Feature","properties":{"id":"mount-0021","type":"mountain","longitude":40.72516,"latitude":43.675003,"elevation_m":2689,"name":""},"geometry":{"type":"Point","coordinates":[40.72516,43.675003]}},{"type":"Feature","properties":{"id":"mount-0022","type":"mountain","longitude":40.730138,"latitude":43.792899,"elevation_m":2881,"name":""},"geometry":{"type":"Point","coordinates":[40.730138,43.792899]}},{"type":"Feature","properties":{"id":"mount-0023","type":"mountain","longitude":41.895171,"latitude":43.466454,"elevation_m":3173,"name":""},"geometry":{"type":"Point","coordinates":[41.895171,43.466454]}},{"type":"Feature","properties":{"id":"mount-0024","type":"mountain","longitude":41.946927,"latitude":43.487326,"elevation_m":3193,"name":""},"geometry":{"type":"Point","coordinates":[41.946927,43.487326]}},{"type":"Feature","properties":{"id":"mount-0025","type":"mountain","longitude":40.729086,"latitude":43.5664,"elevation_m":2784,"name":""},"geometry":{"type":"Point","coordinates":[40.729086,43.5664]}},{"type":"Feature","properties":{"id":"mount-0026","type":"mountain","longitude":40.71575,"latitude":43.537342,"elevation_m":2737,"name":""},"geometry":{"type":"Point","coordinates":[40.71575,43.537342]}},{"type":"Feature","properties":{"id":"mount-0027","type":"mountain","longitude":40.725825,"latitude":43.547864,"elevation_m":2701,"name":""},"geometry":{"type":"Point","coordinates":[40.725825,43.547864]}},{"type":"Feature","properties":{"id":"mount-0028","type":"mountain","longitude":40.74253,"latitude":43.615736,"elevation_m":2708,"name":""},"geometry":{"type":"Point","coordinates":[40.74253,43.615736]}},{"type":"Feature","properties":{"id":"mount-0029","type":"mountain","longitude":40.725846,"latitude":43.583655,"elevation_m":2886,"name":""},"geometry":{"type":"Point","coordinates":[40.725846,43.583655]}},{"type":"Feature","properties":{"id":"mount-0030","type":"mountain","longitude":40.746092,"latitude":43.579108,"elevation_m":2241,"name":""},"geometry":{"type":"Point","coordinates":[40.746092,43.579108]}},{"type":"Feature","properties":{"id":"mount-0031","type":"mountain","longitude":40.743581,"latitude":43.568747,"elevation_m":2714,"name":""},"geometry":{"type":"Point","coordinates":[40.743581,43.568747]}},{"type":"Feature","properties":{"id":"mount-0032","type":"mountain","longitude":40.720847,"latitude":43.529735,"elevation_m":2622,"name":""},"geometry":{"type":"Point","coordinates":[40.720847,43.529735]}},{"type":"Feature","properties":{"id":"mount-0033","type":"mountain","longitude":40.724505,"latitude":43.658364,"elevation_m":2670,"name":""},"geometry":{"type":"Point","coordinates":[40.724505,43.658364]}},{"type":"Feature","properties":{"id":"mount-0034","type":"mountain","longitude":40.732466,"latitude":43.52828,"elevation_m":2645,"name":""},"geometry":{"type":"Point","coordinates":[40.732466,43.52828]}},{"type":"Feature","properties":{"id":"mount-0035","type":"mountain","longitude":40.741832,"latitude":43.601978,"elevation_m":2851,"name":""},"geometry":{"type":"Point","coordinates":[40.741832,43.601978]}},{"type":"Feature","properties":{"id":"mount-0036","type":"mountain","longitude":40.746017,"latitude":43.606507,"elevation_m":3183,"name":""},"geometry":{"type":"Point","coordinates":[40.746017,43.606507]}},{"type":"Feature","properties":{"id":"mount-0037","type":"mountain","longitude":40.744783,"latitude":43.585015,"elevation_m":2604,"name":""},"geometry":{"type":"Point","coordinates":[40.744783,43.585015]}},{"type":"Feature","properties":{"id":"mount-0038","type":"mountain","longitude":40.724366,"latitude":43.504083,"elevation_m":2220,"name":""},"geometry":{"type":"Point","coordinates":[40.724366,43.504083]}},{"type":"Feature","properties":{"id":"mount-0039","type":"mountain","longitude":40.727381,"latitude":43.615728,"elevation_m":3137,"name":""},"geometry":{"type":"Point","coordinates":[40.727381,43.615728]}},{"type":"Feature","properties":{"id":"mount-0040","type":"mountain","longitude":40.726951,"latitude":43.645928,"elevation_m":2620,"name":""},"geometry":{"type":"Point","coordinates":[40.726951,43.645928]}},{"type":"Feature","properties":{"id":"mount-0041","type":"mountain","longitude":41.275463,"latitude":43.60138,"elevation_m":2920,"name":""},"geometry":{"type":"Point","coordinates":[41.275463,43.60138]}},{"type":"Feature","properties":{"id":"mount-0042","type":"mountain","longitude":40.79141,"latitude":43.717892,"elevation_m":2111,"name":""},"geometry":{"type":"Point","coordinates":[40.79141,43.717892]}},{"type":"Feature","properties":{"id":"mount-0043","type":"mountain","longitude":42.902631,"latitude":43.332725,"elevation_m":3104,"name":""},"geometry":{"type":"Point","coordinates":[42.902631,43.332725]}},{"type":"Feature","properties":{"id":"mount-0044","type":"mountain","longitude":42.898479,"latitude":43.377534,"elevation_m":2045,"name":""},"geometry":{"type":"Point","coordinates":[42.898479,43.377534]}},{"type":"Feature","properties":{"id":"mount-0045","type":"mountain","longitude":41.950575,"latitude":43.24246,"elevation_m":3172,"name":""},"geometry":{"type":"Point","coordinates":[41.950575,43.24246]}},{"type":"Feature","properties":{"id":"mount-0046","type":"mountain","longitude":41.968106,"latitude":43.242905,"elevation_m":3037,"name":""},"geometry":{"type":"Point","coordinates":[41.968106,43.242905]}},{"type":"Feature","properties":{"id":"mount-0047","type":"mountain","longitude":41.96448,"latitude":43.233096,"elevation_m":3146,"name":""},"geometry":{"type":"Point","coordinates":[41.96448,43.233096]}},{"type":"Feature","properties":{"id":"mount-0048","type":"mountain","longitude":41.125721,"latitude":43.517365,"elevation_m":2843,"name":""},"geometry":{"type":"Point","coordinates":[41.125721,43.517365]}},{"type":"Feature","properties":{"id":"mount-0049","type":"mountain","longitude":41.683846,"latitude":43.288155,"elevation_m":3151,"name":""},"geometry":{"type":"Point","coordinates":[41.683846,43.288155]}},{"type":"Feature","properties":{"id":"mount-0050","type":"mountain","longitude":41.067495,"latitude":43.529159,"elevation_m":2627,"name":""},"geometry":{"type":"Point","coordinates":[41.067495,43.529159]}},{"type":"Feature","properties":{"id":"mount-0051","type":"mountain","longitude":43.316613,"latitude":43.140272,"elevation_m":3084,"name":""},"geometry":{"type":"Point","coordinates":[43.316613,43.140272]}},{"type":"Feature","properties":{"id":"mount-0052","type":"mountain","longitude":43.330078,"latitude":43.099784,"elevation_m":2945,"name":""},"geometry":{"type":"Point","coordinates":[43.330078,43.099784]}},{"type":"Feature","properties":{"id":"mount-0053","type":"mountain","longitude":40.758247,"latitude":43.491662,"elevation_m":2459,"name":""},"geometry":{"type":"Point","coordinates":[40.758247,43.491662]}},{"type":"Feature","properties":{"id":"mount-0054","type":"mountain","longitude":40.741006,"latitude":43.494106,"elevation_m":2369,"name":""},"geometry":{"type":"Point","coordinates":[40.741006,43.494106]}},{"type":"Feature","properties":{"id":"mount-0055","type":"mountain","longitude":40.732648,"latitude":43.49711,"elevation_m":2405,"name":""},"geometry":{"type":"Point","coordinates":[40.732648,43.49711]}},{"type":"Feature","properties":{"id":"mount-0056","type":"mountain","longitude":41.617541,"latitude":43.632814,"elevation_m":2349,"name":""},"geometry":{"type":"Point","coordinates":[41.617541,43.632814]}},{"type":"Feature","properties":{"id":"mount-0057","type":"mountain","longitude":41.565195,"latitude":43.687744,"elevation_m":1807,"name":""},"geometry":{"type":"Point","coordinates":[41.565195,43.687744]}},{"type":"Feature","properties":{"id":"mount-0058","type":"mountain","longitude":41.860528,"latitude":43.257932,"elevation_m":3036,"name":""},"geometry":{"type":"Point","coordinates":[41.860528,43.257932]}},{"type":"Feature","properties":{"id":"mount-0059","type":"mountain","longitude":41.224437,"latitude":43.447638,"elevation_m":3130,"name":""},"geometry":{"type":"Point","coordinates":[41.224437,43.447638]}},{"type":"Feature","properties":{"id":"mount-0060","type":"mountain","longitude":41.208011,"latitude":43.467661,"elevation_m":3165,"name":""},"geometry":{"type":"Point","coordinates":[41.208011,43.467661]}},{"type":"Feature","properties":{"id":"mount-0061","type":"mountain","longitude":41.217967,"latitude":43.486081,"elevation_m":2595,"name":""},"geometry":{"type":"Point","coordinates":[41.217967,43.486081]}},{"type":"Feature","properties":{"id":"mount-0062","type":"mountain","longitude":41.296213,"latitude":43.428513,"elevation_m":2937,"name":""},"geometry":{"type":"Point","coordinates":[41.296213,43.428513]}},{"type":"Feature","properties":{"id":"mount-0063","type":"mountain","longitude":41.089522,"latitude":43.555033,"elevation_m":2201,"name":""},"geometry":{"type":"Point","coordinates":[41.089522,43.555033]}},{"type":"Feature","properties":{"id":"mount-0064","type":"mountain","longitude":41.07198,"latitude":43.388287,"elevation_m":2761,"name":""},"geometry":{"type":"Point","coordinates":[41.07198,43.388287]}},{"type":"Feature","properties":{"id":"mount-0065","type":"mountain","longitude":40.770521,"latitude":43.869227,"elevation_m":2146,"name":""},"geometry":{"type":"Point","coordinates":[40.770521,43.869227]}},{"type":"Feature","properties":{"id":"mount-0066","type":"mountain","longitude":42.595561,"latitude":43.597502,"elevation_m":2272,"name":""},"geometry":{"type":"Point","coordinates":[42.595561,43.597502]}},{"type":"Feature","properties":{"id":"mount-0067","type":"mountain","longitude":41.194257,"latitude":43.586507,"elevation_m":3145,"name":""},"geometry":{"type":"Point","coordinates":[41.194257,43.586507]}},{"type":"Feature","properties":{"id":"mount-0068","type":"mountain","longitude":41.199245,"latitude":43.583943,"elevation_m":3146,"name":""},"geometry":{"type":"Point","coordinates":[41.199245,43.583943]}},{"type":"Feature","properties":{"id":"mount-0069","type":"mountain","longitude":41.15736,"latitude":43.594216,"elevation_m":3035,"name":""},"geometry":{"type":"Point","coordinates":[41.15736,43.594216]}},{"type":"Feature","properties":{"id":"mount-0070","type":"mountain","longitude":41.244961,"latitude":43.59103,"elevation_m":3040,"name":""},"geometry":{"type":"Point","coordinates":[41.244961,43.59103]}},{"type":"Feature","properties":{"id":"mount-0071","type":"mountain","longitude":41.244586,"latitude":43.547312,"elevation_m":2231,"name":""},"geometry":{"type":"Point","coordinates":[41.244586,43.547312]}},{"type":"Feature","properties":{"id":"mount-0072","type":"mountain","longitude":41.299474,"latitude":43.632635,"elevation_m":2486,"name":""},"geometry":{"type":"Point","coordinates":[41.299474,43.632635]}},{"type":"Feature","properties":{"id":"mount-0073","type":"mountain","longitude":41.24436,"latitude":43.602141,"elevation_m":3162,"name":""},"geometry":{"type":"Point","coordinates":[41.24436,43.602141]}},{"type":"Feature","properties":{"id":"mount-0074","type":"mountain","longitude":41.130077,"latitude":43.511016,"elevation_m":3021,"name":""},"geometry":{"type":"Point","coordinates":[41.130077,43.511016]}},{"type":"Feature","properties":{"id":"mount-0075","type":"mountain","longitude":41.123199,"latitude":43.513919,"elevation_m":2977,"name":""},"geometry":{"type":"Point","coordinates":[41.123199,43.513919]}},{"type":"Feature","properties":{"id":"mount-0076","type":"mountain","longitude":41.098276,"latitude":43.490658,"elevation_m":3158,"name":""},"geometry":{"type":"Point","coordinates":[41.098276,43.490658]}},{"type":"Feature","properties":{"id":"mount-0077","type":"mountain","longitude":41.090477,"latitude":43.469374,"elevation_m":3190,"name":""},"geometry":{"type":"Point","coordinates":[41.090477,43.469374]}},{"type":"Feature","properties":{"id":"mount-0078","type":"mountain","longitude":41.121655,"latitude":43.444398,"elevation_m":3083,"name":""},"geometry":{"type":"Point","coordinates":[41.121655,43.444398]}},{"type":"Feature","properties":{"id":"mount-0079","type":"mountain","longitude":41.114756,"latitude":43.462576,"elevation_m":2758,"name":""},"geometry":{"type":"Point","coordinates":[41.114756,43.462576]}},{"type":"Feature","properties":{"id":"mount-0080","type":"mountain","longitude":41.096077,"latitude":43.506643,"elevation_m":3000,"name":""},"geometry":{"type":"Point","coordinates":[41.096077,43.506643]}},{"type":"Feature","properties":{"id":"mount-0081","type":"mountain","longitude":41.041864,"latitude":43.52257,"elevation_m":2904,"name":""},"geometry":{"type":"Point","coordinates":[41.041864,43.52257]}},{"type":"Feature","properties":{"id":"mount-0082","type":"mountain","longitude":41.137748,"latitude":43.480601,"elevation_m":2729,"name":""},"geometry":{"type":"Point","coordinates":[41.137748,43.480601]}},{"type":"Feature","properties":{"id":"mount-0083","type":"mountain","longitude":40.733174,"latitude":43.496698,"elevation_m":2401,"name":""},"geometry":{"type":"Point","coordinates":[40.733174,43.496698]}},{"type":"Feature","properties":{"id":"mount-0084","type":"mountain","longitude":43.302462,"latitude":43.405328,"elevation_m":2259,"name":""},"geometry":{"type":"Point","coordinates":[43.302462,43.405328]}},{"type":"Feature","properties":{"id":"mount-0085","type":"mountain","longitude":40.9021,"latitude":43.669106,"elevation_m":2491,"name":""},"geometry":{"type":"Point","coordinates":[40.9021,43.669106]}},{"type":"Feature","properties":{"id":"mount-0086","type":"mountain","longitude":40.91638,"latitude":43.680784,"elevation_m":2899,"name":""},"geometry":{"type":"Point","coordinates":[40.91638,43.680784]}},{"type":"Feature","properties":{"id":"mount-0087","type":"mountain","longitude":41.10628,"latitude":43.614174,"elevation_m":2903,"name":""},"geometry":{"type":"Point","coordinates":[41.10628,43.614174]}},{"type":"Feature","properties":{"id":"mount-0088","type":"mountain","longitude":41.208075,"latitude":43.579637,"elevation_m":3002,"name":""},"geometry":{"type":"Point","coordinates":[41.208075,43.579637]}},{"type":"Feature","properties":{"id":"mount-0089","type":"mountain","longitude":41.104875,"latitude":43.631719,"elevation_m":2964,"name":""},"geometry":{"type":"Point","coordinates":[41.104875,43.631719]}},{"type":"Feature","properties":{"id":"mount-0090","type":"mountain","longitude":41.198913,"latitude":43.482407,"elevation_m":2684,"name":""},"geometry":{"type":"Point","coordinates":[41.198913,43.482407]}},{"type":"Feature","properties":{"id":"mount-0091","type":"mountain","longitude":41.1946,"latitude":43.468525,"elevation_m":2996,"name":""},"geometry":{"type":"Point","coordinates":[41.1946,43.468525]}},{"type":"Feature","properties":{"id":"mount-0092","type":"mountain","longitude":43.648467,"latitude":43.069852,"elevation_m":2995,"name":""},"geometry":{"type":"Point","coordinates":[43.648467,43.069852]}},{"type":"Feature","properties":{"id":"mount-0093","type":"mountain","longitude":43.63497,"latitude":43.051689,"elevation_m":3128,"name":""},"geometry":{"type":"Point","coordinates":[43.63497,43.051689]}},{"type":"Feature","properties":{"id":"mount-0094","type":"mountain","longitude":40.993874,"latitude":43.624955,"elevation_m":2674,"name":""},"geometry":{"type":"Point","coordinates":[40.993874,43.624955]}},{"type":"Feature","properties":{"id":"mount-0095","type":"mountain","longitude":40.999603,"latitude":43.623627,"elevation_m":2647,"name":""},"geometry":{"type":"Point","coordinates":[40.999603,43.623627]}},{"type":"Feature","properties":{"id":"mount-0096","type":"mountain","longitude":41.276107,"latitude":43.601613,"elevation_m":2918,"name":""},"geometry":{"type":"Point","coordinates":[41.276107,43.601613]}},{"type":"Feature","properties":{"id":"mount-0097","type":"mountain","longitude":40.982373,"latitude":43.775223,"elevation_m":2305,"name":""},"geometry":{"type":"Point","coordinates":[40.982373,43.775223]}},{"type":"Feature","properties":{"id":"mount-0098","type":"mountain","longitude":41.047293,"latitude":43.517428,"elevation_m":2833,"name":""},"geometry":{"type":"Point","coordinates":[41.047293,43.517428]}},{"type":"Feature","properties":{"id":"mount-0099","type":"mountain","longitude":41.049718,"latitude":43.510285,"elevation_m":2685,"name":""},"geometry":{"type":"Point","coordinates":[41.049718,43.510285]}},{"type":"Feature","properties":{"id":"mount-0100","type":"mountain","longitude":41.055007,"latitude":43.504745,"elevation_m":2843,"name":""},"geometry":{"type":"Point","coordinates":[41.055007,43.504745]}},{"type":"Feature","properties":{"id":"mount-0101","type":"mountain","longitude":41.222945,"latitude":43.445948,"elevation_m":3154,"name":""},"geometry":{"type":"Point","coordinates":[41.222945,43.445948]}},{"type":"Feature","properties":{"id":"mount-0102","type":"mountain","longitude":41.239189,"latitude":43.450201,"elevation_m":2876,"name":""},"geometry":{"type":"Point","coordinates":[41.239189,43.450201]}},{"type":"Feature","properties":{"id":"mount-0103","type":"mountain","longitude":41.215264,"latitude":43.460146,"elevation_m":3097,"name":""},"geometry":{"type":"Point","coordinates":[41.215264,43.460146]}},{"type":"Feature","properties":{"id":"mount-0104","type":"mountain","longitude":41.227773,"latitude":43.462046,"elevation_m":2837,"name":""},"geometry":{"type":"Point","coordinates":[41.227773,43.462046]}},{"type":"Feature","properties":{"id":"mount-0105","type":"mountain","longitude":41.196402,"latitude":43.463689,"elevation_m":2961,"name":""},"geometry":{"type":"Point","coordinates":[41.196402,43.463689]}},{"type":"Feature","properties":{"id":"mount-0106","type":"mountain","longitude":41.222302,"latitude":43.475891,"elevation_m":2793,"name":""},"geometry":{"type":"Point","coordinates":[41.222302,43.475891]}},{"type":"Feature","properties":{"id":"mount-0107","type":"mountain","longitude":43.229849,"latitude":43.244781,"elevation_m":2638,"name":""},"geometry":{"type":"Point","coordinates":[43.229849,43.244781]}},{"type":"Feature","properties":{"id":"mount-0108","type":"mountain","longitude":43.109375,"latitude":43.407464,"elevation_m":2691,"name":""},"geometry":{"type":"Point","coordinates":[43.109375,43.407464]}},{"type":"Feature","properties":{"id":"mount-0109","type":"mountain","longitude":40.92286,"latitude":43.678728,"elevation_m":2852,"name":""},"geometry":{"type":"Point","coordinates":[40.92286,43.678728]}},{"type":"Feature","properties":{"id":"mount-0110","type":"mountain","longitude":43.095106,"latitude":42.937747,"elevation_m":3004,"name":""},"geometry":{"type":"Point","coordinates":[43.095106,42.937747]}},{"type":"Feature","properties":{"id":"mount-0111","type":"mountain","longitude":40.757378,"latitude":43.491179,"elevation_m":2429,"name":""},"geometry":{"type":"Point","coordinates":[40.757378,43.491179]}},{"type":"Feature","properties":{"id":"mount-0112","type":"mountain","longitude":41.012843,"latitude":43.840315,"elevation_m":1912,"name":""},"geometry":{"type":"Point","coordinates":[41.012843,43.840315]}},{"type":"Feature","properties":{"id":"mount-0113","type":"mountain","longitude":40.760254,"latitude":43.617724,"elevation_m":3172,"name":""},"geometry":{"type":"Point","coordinates":[40.760254,43.617724]}},{"type":"Feature","properties":{"id":"mount-0114","type":"mountain","longitude":40.761015,"latitude":43.625832,"elevation_m":3163,"name":""},"geometry":{"type":"Point","coordinates":[40.761015,43.625832]}},{"type":"Feature","properties":{"id":"mount-0115","type":"mountain","longitude":40.764921,"latitude":43.625242,"elevation_m":3190,"name":""},"geometry":{"type":"Point","coordinates":[40.764921,43.625242]}},{"type":"Feature","properties":{"id":"mount-0116","type":"mountain","longitude":40.774212,"latitude":43.62699,"elevation_m":3103,"name":""},"geometry":{"type":"Point","coordinates":[40.774212,43.62699]}},{"type":"Feature","properties":{"id":"mount-0117","type":"mountain","longitude":40.771873,"latitude":43.63467,"elevation_m":3149,"name":""},"geometry":{"type":"Point","coordinates":[40.771873,43.63467]}},{"type":"Feature","properties":{"id":"mount-0118","type":"mountain","longitude":40.772206,"latitude":43.658791,"elevation_m":3072,"name":""},"geometry":{"type":"Point","coordinates":[40.772206,43.658791]}},{"type":"Feature","properties":{"id":"mount-0119","type":"mountain","longitude":40.75829,"latitude":43.649328,"elevation_m":2917,"name":""},"geometry":{"type":"Point","coordinates":[40.75829,43.649328]}},{"type":"Feature","properties":{"id":"mount-0120","type":"mountain","longitude":40.778825,"latitude":43.649732,"elevation_m":3074,"name":""},"geometry":{"type":"Point","coordinates":[40.778825,43.649732]}},{"type":"Feature","properties":{"id":"mount-0121","type":"mountain","longitude":40.754932,"latitude":43.611844,"elevation_m":3101,"name":""},"geometry":{"type":"Point","coordinates":[40.754932,43.611844]}},{"type":"Feature","properties":{"id":"mount-0122","type":"mountain","longitude":40.765532,"latitude":43.595428,"elevation_m":2878,"name":""},"geometry":{"type":"Point","coordinates":[40.765532,43.595428]}},{"type":"Feature","properties":{"id":"mount-0123","type":"mountain","longitude":40.773954,"latitude":43.667996,"elevation_m":2605,"name":""},"geometry":{"type":"Point","coordinates":[40.773954,43.667996]}},{"type":"Feature","properties":{"id":"mount-0124","type":"mountain","longitude":40.778471,"latitude":43.674189,"elevation_m":2470,"name":""},"geometry":{"type":"Point","coordinates":[40.778471,43.674189]}},{"type":"Feature","properties":{"id":"mount-0125","type":"mountain","longitude":41.668997,"latitude":43.432868,"elevation_m":3027,"name":""},"geometry":{"type":"Point","coordinates":[41.668997,43.432868]}},{"type":"Feature","properties":{"id":"mount-0126","type":"mountain","longitude":41.675938,"latitude":43.440059,"elevation_m":3124,"name":""},"geometry":{"type":"Point","coordinates":[41.675938,43.440059]}},{"type":"Feature","properties":{"id":"mount-0127","type":"mountain","longitude":41.623238,"latitude":43.460263,"elevation_m":3034,"name":""},"geometry":{"type":"Point","coordinates":[41.623238,43.460263]}},{"type":"Feature","properties":{"id":"mount-0128","type":"mountain","longitude":41.599045,"latitude":43.523255,"elevation_m":2819,"name":""},"geometry":{"type":"Point","coordinates":[41.599045,43.523255]}},{"type":"Feature","properties":{"id":"mount-0129","type":"mountain","longitude":41.55805,"latitude":43.431801,"elevation_m":2845,"name":""},"geometry":{"type":"Point","coordinates":[41.55805,43.431801]}},{"type":"Feature","properties":{"id":"mount-0130","type":"mountain","longitude":41.615235,"latitude":43.488299,"elevation_m":2977,"name":""},"geometry":{"type":"Point","coordinates":[41.615235,43.488299]}},{"type":"Feature","properties":{"id":"mount-0131","type":"mountain","longitude":41.619698,"latitude":43.48914,"elevation_m":2988,"name":""},"geometry":{"type":"Point","coordinates":[41.619698,43.48914]}},{"type":"Feature","properties":{"id":"mount-0132","type":"mountain","longitude":41.707213,"latitude":43.49051,"elevation_m":2590,"name":""},"geometry":{"type":"Point","coordinates":[41.707213,43.49051]}},{"type":"Feature","properties":{"id":"mount-0133","type":"mountain","longitude":41.678749,"latitude":43.547701,"elevation_m":3019,"name":""},"geometry":{"type":"Point","coordinates":[41.678749,43.547701]}},{"type":"Feature","properties":{"id":"mount-0134","type":"mountain","longitude":40.774995,"latitude":43.574997,"elevation_m":2147,"name":""},"geometry":{"type":"Point","coordinates":[40.774995,43.574997]}},{"type":"Feature","properties":{"id":"mount-0135","type":"mountain","longitude":40.76108,"latitude":43.568934,"elevation_m":2708,"name":""},"geometry":{"type":"Point","coordinates":[40.76108,43.568934]}},{"type":"Feature","properties":{"id":"mount-0136","type":"mountain","longitude":40.897411,"latitude":43.524912,"elevation_m":2381,"name":""},"geometry":{"type":"Point","coordinates":[40.897411,43.524912]}},{"type":"Feature","properties":{"id":"mount-0137","type":"mountain","longitude":40.926014,"latitude":43.524795,"elevation_m":2660,"name":""},"geometry":{"type":"Point","coordinates":[40.926014,43.524795]}},{"type":"Feature","properties":{"id":"mount-0138","type":"mountain","longitude":40.934308,"latitude":43.528817,"elevation_m":2734,"name":""},"geometry":{"type":"Point","coordinates":[40.934308,43.528817]}},{"type":"Feature","properties":{"id":"mount-0139","type":"mountain","longitude":40.910028,"latitude":43.529081,"elevation_m":2715,"name":""},"geometry":{"type":"Point","coordinates":[40.910028,43.529081]}},{"type":"Feature","properties":{"id":"mount-0140","type":"mountain","longitude":40.862135,"latitude":43.504807,"elevation_m":2330,"name":""},"geometry":{"type":"Point","coordinates":[40.862135,43.504807]}},{"type":"Feature","properties":{"id":"mount-0141","type":"mountain","longitude":40.877734,"latitude":43.501079,"elevation_m":2395,"name":""},"geometry":{"type":"Point","coordinates":[40.877734,43.501079]}},{"type":"Feature","properties":{"id":"mount-0142","type":"mountain","longitude":40.928932,"latitude":43.562287,"elevation_m":2374,"name":""},"geometry":{"type":"Point","coordinates":[40.928932,43.562287]}},{"type":"Feature","properties":{"id":"mount-0143","type":"mountain","longitude":40.935069,"latitude":43.556674,"elevation_m":2513,"name":""},"geometry":{"type":"Point","coordinates":[40.935069,43.556674]}},{"type":"Feature","properties":{"id":"mount-0144","type":"mountain","longitude":40.935692,"latitude":43.552172,"elevation_m":2578,"name":""},"geometry":{"type":"Point","coordinates":[40.935692,43.552172]}},{"type":"Feature","properties":{"id":"mount-0145","type":"mountain","longitude":40.942655,"latitude":43.540507,"elevation_m":2817,"name":""},"geometry":{"type":"Point","coordinates":[40.942655,43.540507]}},{"type":"Feature","properties":{"id":"mount-0146","type":"mountain","longitude":40.938417,"latitude":43.536649,"elevation_m":2681,"name":""},"geometry":{"type":"Point","coordinates":[40.938417,43.536649]}},{"type":"Feature","properties":{"id":"mount-0147","type":"mountain","longitude":40.849228,"latitude":43.560825,"elevation_m":2796,"name":""},"geometry":{"type":"Point","coordinates":[40.849228,43.560825]}},{"type":"Feature","properties":{"id":"mount-0148","type":"mountain","longitude":40.841535,"latitude":43.553253,"elevation_m":2680,"name":""},"geometry":{"type":"Point","coordinates":[40.841535,43.553253]}},{"type":"Feature","properties":{"id":"mount-0149","type":"mountain","longitude":40.820711,"latitude":43.521458,"elevation_m":2659,"name":""},"geometry":{"type":"Point","coordinates":[40.820711,43.521458]}},{"type":"Feature","properties":{"id":"mount-0150","type":"mountain","longitude":40.846696,"latitude":43.525596,"elevation_m":2403,"name":""},"geometry":{"type":"Point","coordinates":[40.846696,43.525596]}},{"type":"Feature","properties":{"id":"mount-0151","type":"mountain","longitude":40.809789,"latitude":43.527907,"elevation_m":2734,"name":""},"geometry":{"type":"Point","coordinates":[40.809789,43.527907]}},{"type":"Feature","properties":{"id":"mount-0152","type":"mountain","longitude":40.809628,"latitude":43.567255,"elevation_m":2663,"name":""},"geometry":{"type":"Point","coordinates":[40.809628,43.567255]}},{"type":"Feature","properties":{"id":"mount-0153","type":"mountain","longitude":40.9311,"latitude":43.499616,"elevation_m":2499,"name":""},"geometry":{"type":"Point","coordinates":[40.9311,43.499616]}},{"type":"Feature","properties":{"id":"mount-0154","type":"mountain","longitude":40.919588,"latitude":43.499344,"elevation_m":2461,"name":""},"geometry":{"type":"Point","coordinates":[40.919588,43.499344]}},{"type":"Feature","properties":{"id":"mount-0155","type":"mountain","longitude":40.900426,"latitude":43.500838,"elevation_m":2534,"name":""},"geometry":{"type":"Point","coordinates":[40.900426,43.500838]}},{"type":"Feature","properties":{"id":"mount-0156","type":"mountain","longitude":40.898677,"latitude":43.512868,"elevation_m":2458,"name":""},"geometry":{"type":"Point","coordinates":[40.898677,43.512868]}},{"type":"Feature","properties":{"id":"mount-0157","type":"mountain","longitude":40.906938,"latitude":43.509258,"elevation_m":2552,"name":""},"geometry":{"type":"Point","coordinates":[40.906938,43.509258]}},{"type":"Feature","properties":{"id":"mount-0158","type":"mountain","longitude":40.883893,"latitude":43.516984,"elevation_m":2449,"name":""},"geometry":{"type":"Point","coordinates":[40.883893,43.516984]}},{"type":"Feature","properties":{"id":"mount-0159","type":"mountain","longitude":40.903709,"latitude":43.491919,"elevation_m":2576,"name":""},"geometry":{"type":"Point","coordinates":[40.903709,43.491919]}},{"type":"Feature","properties":{"id":"mount-0160","type":"mountain","longitude":40.892036,"latitude":43.458371,"elevation_m":2530,"name":""},"geometry":{"type":"Point","coordinates":[40.892036,43.458371]}},{"type":"Feature","properties":{"id":"mount-0161","type":"mountain","longitude":40.903355,"latitude":43.45436,"elevation_m":2551,"name":""},"geometry":{"type":"Point","coordinates":[40.903355,43.45436]}},{"type":"Feature","properties":{"id":"mount-0162","type":"mountain","longitude":40.941142,"latitude":43.465426,"elevation_m":2752,"name":""},"geometry":{"type":"Point","coordinates":[40.941142,43.465426]}},{"type":"Feature","properties":{"id":"mount-0163","type":"mountain","longitude":40.941947,"latitude":43.470448,"elevation_m":2717,"name":""},"geometry":{"type":"Point","coordinates":[40.941947,43.470448]}},{"type":"Feature","properties":{"id":"mount-0164","type":"mountain","longitude":40.926046,"latitude":43.475478,"elevation_m":2422,"name":""},"geometry":{"type":"Point","coordinates":[40.926046,43.475478]}},{"type":"Feature","properties":{"id":"mount-0165","type":"mountain","longitude":40.984164,"latitude":43.49139,"elevation_m":2698,"name":""},"geometry":{"type":"Point","coordinates":[40.984164,43.49139]}},{"type":"Feature","properties":{"id":"mount-0166","type":"mountain","longitude":40.9916,"latitude":43.485256,"elevation_m":2725,"name":""},"geometry":{"type":"Point","coordinates":[40.9916,43.485256]}},{"type":"Feature","properties":{"id":"mount-0167","type":"mountain","longitude":41.008605,"latitude":43.484742,"elevation_m":2431,"name":""},"geometry":{"type":"Point","coordinates":[41.008605,43.484742]}},{"type":"Feature","properties":{"id":"mount-0168","type":"mountain","longitude":40.983371,"latitude":43.474801,"elevation_m":2954,"name":""},"geometry":{"type":"Point","coordinates":[40.983371,43.474801]}},{"type":"Feature","properties":{"id":"mount-0169","type":"mountain","longitude":40.975989,"latitude":43.482181,"elevation_m":2615,"name":""},"geometry":{"type":"Point","coordinates":[40.975989,43.482181]}},{"type":"Feature","properties":{"id":"mount-0170","type":"mountain","longitude":41.139936,"latitude":43.479698,"elevation_m":2723,"name":""},"geometry":{"type":"Point","coordinates":[41.139936,43.479698]}},{"type":"Feature","properties":{"id":"mount-0171","type":"mountain","longitude":41.14029,"latitude":43.528272,"elevation_m":2508,"name":""},"geometry":{"type":"Point","coordinates":[41.14029,43.528272]}},{"type":"Feature","properties":{"id":"mount-0172","type":"mountain","longitude":41.130044,"latitude":43.497865,"elevation_m":3113,"name":""},"geometry":{"type":"Point","coordinates":[41.130044,43.497865]}},{"type":"Feature","properties":{"id":"mount-0173","type":"mountain","longitude":41.14764,"latitude":43.501461,"elevation_m":2651,"name":""},"geometry":{"type":"Point","coordinates":[41.14764,43.501461]}},{"type":"Feature","properties":{"id":"mount-0174","type":"mountain","longitude":41.105025,"latitude":43.476428,"elevation_m":3051,"name":""},"geometry":{"type":"Point","coordinates":[41.105025,43.476428]}},{"type":"Feature","properties":{"id":"mount-0175","type":"mountain","longitude":41.067603,"latitude":43.475026,"elevation_m":2604,"name":""},"geometry":{"type":"Point","coordinates":[41.067603,43.475026]}},{"type":"Feature","properties":{"id":"mount-0176","type":"mountain","longitude":41.075156,"latitude":43.478647,"elevation_m":2955,"name":""},"geometry":{"type":"Point","coordinates":[41.075156,43.478647]}},{"type":"Feature","properties":{"id":"mount-0177","type":"mountain","longitude":41.099381,"latitude":43.464834,"elevation_m":3009,"name":""},"geometry":{"type":"Point","coordinates":[41.099381,43.464834]}},{"type":"Feature","properties":{"id":"mount-0178","type":"mountain","longitude":41.095862,"latitude":43.459103,"elevation_m":2969,"name":""},"geometry":{"type":"Point","coordinates":[41.095862,43.459103]}},{"type":"Feature","properties":{"id":"mount-0179","type":"mountain","longitude":41.031489,"latitude":43.537241,"elevation_m":3018,"name":""},"geometry":{"type":"Point","coordinates":[41.031489,43.537241]}},{"type":"Feature","properties":{"id":"mount-0180","type":"mountain","longitude":41.037873,"latitude":43.53815,"elevation_m":2839,"name":""},"geometry":{"type":"Point","coordinates":[41.037873,43.53815]}},{"type":"Feature","properties":{"id":"mount-0181","type":"mountain","longitude":41.006802,"latitude":43.562637,"elevation_m":2573,"name":""},"geometry":{"type":"Point","coordinates":[41.006802,43.562637]}},{"type":"Feature","properties":{"id":"mount-0182","type":"mountain","longitude":41.014903,"latitude":43.555671,"elevation_m":2776,"name":""},"geometry":{"type":"Point","coordinates":[41.014903,43.555671]}},{"type":"Feature","properties":{"id":"mount-0183","type":"mountain","longitude":41.023486,"latitude":43.550547,"elevation_m":3015,"name":""},"geometry":{"type":"Point","coordinates":[41.023486,43.550547]}},{"type":"Feature","properties":{"id":"mount-0184","type":"mountain","longitude":41.026468,"latitude":43.542801,"elevation_m":2979,"name":""},"geometry":{"type":"Point","coordinates":[41.026468,43.542801]}},{"type":"Feature","properties":{"id":"mount-0185","type":"mountain","longitude":40.855708,"latitude":43.572665,"elevation_m":2828,"name":""},"geometry":{"type":"Point","coordinates":[40.855708,43.572665]}},{"type":"Feature","properties":{"id":"mount-0186","type":"mountain","longitude":41.000665,"latitude":43.465247,"elevation_m":2988,"name":""},"geometry":{"type":"Point","coordinates":[41.000665,43.465247]}},{"type":"Feature","properties":{"id":"mount-0187","type":"mountain","longitude":41.251506,"latitude":43.61471,"elevation_m":2941,"name":""},"geometry":{"type":"Point","coordinates":[41.251506,43.61471]}},{"type":"Feature","properties":{"id":"mount-0188","type":"mountain","longitude":41.252568,"latitude":43.627984,"elevation_m":2668,"name":""},"geometry":{"type":"Point","coordinates":[41.252568,43.627984]}},{"type":"Feature","properties":{"id":"mount-0189","type":"mountain","longitude":41.774397,"latitude":43.434379,"elevation_m":2812,"name":""},"geometry":{"type":"Point","coordinates":[41.774397,43.434379]}},{"type":"Feature","properties":{"id":"mount-0190","type":"mountain","longitude":41.950017,"latitude":43.38286,"elevation_m":3193,"name":""},"geometry":{"type":"Point","coordinates":[41.950017,43.38286]}},{"type":"Feature","properties":{"id":"mount-0191","type":"mountain","longitude":41.959941,"latitude":43.400519,"elevation_m":2945,"name":""},"geometry":{"type":"Point","coordinates":[41.959941,43.400519]}},{"type":"Feature","properties":{"id":"mount-0192","type":"mountain","longitude":41.815714,"latitude":43.488891,"elevation_m":3050,"name":""},"geometry":{"type":"Point","coordinates":[41.815714,43.488891]}},{"type":"Feature","properties":{"id":"mount-0193","type":"mountain","longitude":41.708575,"latitude":43.517381,"elevation_m":2779,"name":""},"geometry":{"type":"Point","coordinates":[41.708575,43.517381]}},{"type":"Feature","properties":{"id":"mount-0194","type":"mountain","longitude":41.967269,"latitude":43.573551,"elevation_m":1869,"name":""},"geometry":{"type":"Point","coordinates":[41.967269,43.573551]}},{"type":"Feature","properties":{"id":"mount-0195","type":"mountain","longitude":41.727179,"latitude":43.570302,"elevation_m":2452,"name":""},"geometry":{"type":"Point","coordinates":[41.727179,43.570302]}},{"type":"Feature","properties":{"id":"mount-0196","type":"mountain","longitude":40.737627,"latitude":43.753241,"elevation_m":2547,"name":""},"geometry":{"type":"Point","coordinates":[40.737627,43.753241]}},{"type":"Feature","properties":{"id":"mount-0197","type":"mountain","longitude":41.311018,"latitude":43.535265,"elevation_m":2763,"name":""},"geometry":{"type":"Point","coordinates":[41.311018,43.535265]}},{"type":"Feature","properties":{"id":"mount-0198","type":"mountain","longitude":41.902092,"latitude":43.582085,"elevation_m":1848,"name":""},"geometry":{"type":"Point","coordinates":[41.902092,43.582085]}},{"type":"Feature","properties":{"id":"mount-0199","type":"mountain","longitude":41.808289,"latitude":43.522788,"elevation_m":2153,"name":""},"geometry":{"type":"Point","coordinates":[41.808289,43.522788]}},{"type":"Feature","properties":{"id":"mount-0200","type":"mountain","longitude":41.813257,"latitude":43.509095,"elevation_m":2729,"name":""},"geometry":{"type":"Point","coordinates":[41.813257,43.509095]}},{"type":"Feature","properties":{"id":"mount-0201","type":"mountain","longitude":41.922809,"latitude":43.412561,"elevation_m":3178,"name":""},"geometry":{"type":"Point","coordinates":[41.922809,43.412561]}},{"type":"Feature","properties":{"id":"mount-0202","type":"mountain","longitude":41.642497,"latitude":43.454227,"elevation_m":3046,"name":""},"geometry":{"type":"Point","coordinates":[41.642497,43.454227]}},{"type":"Feature","properties":{"id":"mount-0203","type":"mountain","longitude":41.616018,"latitude":43.354416,"elevation_m":3094,"name":""},"geometry":{"type":"Point","coordinates":[41.616018,43.354416]}},{"type":"Feature","properties":{"id":"mount-0204","type":"mountain","longitude":40.869827,"latitude":43.58151,"elevation_m":2614,"name":""},"geometry":{"type":"Point","coordinates":[40.869827,43.58151]}},{"type":"Feature","properties":{"id":"mount-0205","type":"mountain","longitude":41.461726,"latitude":43.482632,"elevation_m":3133,"name":""},"geometry":{"type":"Point","coordinates":[41.461726,43.482632]}},{"type":"Feature","properties":{"id":"mount-0206","type":"mountain","longitude":41.460021,"latitude":43.489436,"elevation_m":3100,"name":""},"geometry":{"type":"Point","coordinates":[41.460021,43.489436]}},{"type":"Feature","properties":{"id":"mount-0207","type":"mountain","longitude":41.467777,"latitude":43.504231,"elevation_m":3066,"name":""},"geometry":{"type":"Point","coordinates":[41.467777,43.504231]}},{"type":"Feature","properties":{"id":"mount-0208","type":"mountain","longitude":41.478764,"latitude":43.504916,"elevation_m":3022,"name":""},"geometry":{"type":"Point","coordinates":[41.478764,43.504916]}},{"type":"Feature","properties":{"id":"mount-0209","type":"mountain","longitude":41.556655,"latitude":43.475501,"elevation_m":2795,"name":""},"geometry":{"type":"Point","coordinates":[41.556655,43.475501]}},{"type":"Feature","properties":{"id":"mount-0210","type":"mountain","longitude":41.567223,"latitude":43.501593,"elevation_m":2730,"name":""},"geometry":{"type":"Point","coordinates":[41.567223,43.501593]}},{"type":"Feature","properties":{"id":"mount-0211","type":"mountain","longitude":41.568639,"latitude":43.507779,"elevation_m":2622,"name":""},"geometry":{"type":"Point","coordinates":[41.568639,43.507779]}},{"type":"Feature","properties":{"id":"mount-0212","type":"mountain","longitude":41.508032,"latitude":43.445036,"elevation_m":2865,"name":""},"geometry":{"type":"Point","coordinates":[41.508032,43.445036]}},{"type":"Feature","properties":{"id":"mount-0213","type":"mountain","longitude":41.531818,"latitude":43.451517,"elevation_m":2995,"name":""},"geometry":{"type":"Point","coordinates":[41.531818,43.451517]}},{"type":"Feature","properties":{"id":"mount-0214","type":"mountain","longitude":41.530874,"latitude":43.425598,"elevation_m":3170,"name":""},"geometry":{"type":"Point","coordinates":[41.530874,43.425598]}},{"type":"Feature","properties":{"id":"mount-0215","type":"mountain","longitude":41.52552,"latitude":43.421967,"elevation_m":3072,"name":""},"geometry":{"type":"Point","coordinates":[41.52552,43.421967]}},{"type":"Feature","properties":{"id":"mount-0216","type":"mountain","longitude":41.493334,"latitude":43.519995,"elevation_m":2957,"name":""},"geometry":{"type":"Point","coordinates":[41.493334,43.519995]}},{"type":"Feature","properties":{"id":"mount-0217","type":"mountain","longitude":41.507549,"latitude":43.541363,"elevation_m":3089,"name":""},"geometry":{"type":"Point","coordinates":[41.507549,43.541363]}},{"type":"Feature","properties":{"id":"mount-0218","type":"mountain","longitude":41.533813,"latitude":43.565451,"elevation_m":2905,"name":""},"geometry":{"type":"Point","coordinates":[41.533813,43.565451]}},{"type":"Feature","properties":{"id":"mount-0219","type":"mountain","longitude":41.415356,"latitude":43.528459,"elevation_m":2807,"name":""},"geometry":{"type":"Point","coordinates":[41.415356,43.528459]}},{"type":"Feature","properties":{"id":"mount-0220","type":"mountain","longitude":41.428982,"latitude":43.552164,"elevation_m":2965,"name":""},"geometry":{"type":"Point","coordinates":[41.428982,43.552164]}},{"type":"Feature","properties":{"id":"mount-0221","type":"mountain","longitude":41.423993,"latitude":43.559294,"elevation_m":2790,"name":""},"geometry":{"type":"Point","coordinates":[41.423993,43.559294]}},{"type":"Feature","properties":{"id":"mount-0222","type":"mountain","longitude":41.327176,"latitude":43.531874,"elevation_m":2906,"name":""},"geometry":{"type":"Point","coordinates":[41.327176,43.531874]}},{"type":"Feature","properties":{"id":"mount-0223","type":"mountain","longitude":41.343151,"latitude":43.521115,"elevation_m":2990,"name":""},"geometry":{"type":"Point","coordinates":[41.343151,43.521115]}},{"type":"Feature","properties":{"id":"mount-0224","type":"mountain","longitude":41.36889,"latitude":43.513709,"elevation_m":3084,"name":""},"geometry":{"type":"Point","coordinates":[41.36889,43.513709]}},{"type":"Feature","properties":{"id":"mount-0225","type":"mountain","longitude":41.369458,"latitude":43.517614,"elevation_m":2998,"name":""},"geometry":{"type":"Point","coordinates":[41.369458,43.517614]}},{"type":"Feature","properties":{"id":"mount-0226","type":"mountain","longitude":40.944489,"latitude":43.671178,"elevation_m":2797,"name":""},"geometry":{"type":"Point","coordinates":[40.944489,43.671178]}},{"type":"Feature","properties":{"id":"mount-0227","type":"mountain","longitude":40.974391,"latitude":43.632612,"elevation_m":2704,"name":""},"geometry":{"type":"Point","coordinates":[40.974391,43.632612]}},{"type":"Feature","properties":{"id":"mount-0228","type":"mountain","longitude":40.974112,"latitude":43.627261,"elevation_m":2681,"name":""},"geometry":{"type":"Point","coordinates":[40.974112,43.627261]}},{"type":"Feature","properties":{"id":"mount-0229","type":"mountain","longitude":40.944393,"latitude":43.64613,"elevation_m":2609,"name":""},"geometry":{"type":"Point","coordinates":[40.944393,43.64613]}},{"type":"Feature","properties":{"id":"mount-0230","type":"mountain","longitude":41.047926,"latitude":43.609389,"elevation_m":2795,"name":""},"geometry":{"type":"Point","coordinates":[41.047926,43.609389]}},{"type":"Feature","properties":{"id":"mount-0231","type":"mountain","longitude":41.062131,"latitude":43.607097,"elevation_m":2743,"name":""},"geometry":{"type":"Point","coordinates":[41.062131,43.607097]}},{"type":"Feature","properties":{"id":"mount-0232","type":"mountain","longitude":41.028571,"latitude":43.619386,"elevation_m":2775,"name":""},"geometry":{"type":"Point","coordinates":[41.028571,43.619386]}},{"type":"Feature","properties":{"id":"mount-0233","type":"mountain","longitude":41.205329,"latitude":43.591745,"elevation_m":3085,"name":""},"geometry":{"type":"Point","coordinates":[41.205329,43.591745]}},{"type":"Feature","properties":{"id":"mount-0234","type":"mountain","longitude":41.210285,"latitude":43.610088,"elevation_m":2626,"name":""},"geometry":{"type":"Point","coordinates":[41.210285,43.610088]}},{"type":"Feature","properties":{"id":"mount-0235","type":"mountain","longitude":41.195287,"latitude":43.617235,"elevation_m":2759,"name":""},"geometry":{"type":"Point","coordinates":[41.195287,43.617235]}},{"type":"Feature","properties":{"id":"mount-0236","type":"mountain","longitude":41.189235,"latitude":43.61057,"elevation_m":2941,"name":""},"geometry":{"type":"Point","coordinates":[41.189235,43.61057]}},{"type":"Feature","properties":{"id":"mount-0237","type":"mountain","longitude":41.130323,"latitude":43.627432,"elevation_m":2643,"name":""},"geometry":{"type":"Point","coordinates":[41.130323,43.627432]}},{"type":"Feature","properties":{"id":"mount-0238","type":"mountain","longitude":41.115818,"latitude":43.61071,"elevation_m":2965,"name":""},"geometry":{"type":"Point","coordinates":[41.115818,43.61071]}},{"type":"Feature","properties":{"id":"mount-0239","type":"mountain","longitude":41.126761,"latitude":43.605404,"elevation_m":3071,"name":""},"geometry":{"type":"Point","coordinates":[41.126761,43.605404]}},{"type":"Feature","properties":{"id":"mount-0240","type":"mountain","longitude":41.121805,"latitude":43.607843,"elevation_m":3064,"name":""},"geometry":{"type":"Point","coordinates":[41.121805,43.607843]}},{"type":"Feature","properties":{"id":"mount-0241","type":"mountain","longitude":41.006491,"latitude":43.66181,"elevation_m":2580,"name":""},"geometry":{"type":"Point","coordinates":[41.006491,43.66181]}},{"type":"Feature","properties":{"id":"mount-0242","type":"mountain","longitude":40.976826,"latitude":43.655407,"elevation_m":2853,"name":""},"geometry":{"type":"Point","coordinates":[40.976826,43.655407]}},{"type":"Feature","properties":{"id":"mount-0243","type":"mountain","longitude":40.986149,"latitude":43.671356,"elevation_m":3032,"name":""},"geometry":{"type":"Point","coordinates":[40.986149,43.671356]}},{"type":"Feature","properties":{"id":"mount-0244","type":"mountain","longitude":41.004131,"latitude":43.677091,"elevation_m":2628,"name":""},"geometry":{"type":"Point","coordinates":[41.004131,43.677091]}},{"type":"Feature","properties":{"id":"mount-0245","type":"mountain","longitude":40.976515,"latitude":43.685641,"elevation_m":3093,"name":""},"geometry":{"type":"Point","coordinates":[40.976515,43.685641]}},{"type":"Feature","properties":{"id":"mount-0246","type":"mountain","longitude":40.917152,"latitude":43.686758,"elevation_m":3061,"name":""},"geometry":{"type":"Point","coordinates":[40.917152,43.686758]}},{"type":"Feature","properties":{"id":"mount-0247","type":"mountain","longitude":40.912946,"latitude":43.699946,"elevation_m":2827,"name":""},"geometry":{"type":"Point","coordinates":[40.912946,43.699946]}},{"type":"Feature","properties":{"id":"mount-0248","type":"mountain","longitude":40.917882,"latitude":43.707276,"elevation_m":2894,"name":""},"geometry":{"type":"Point","coordinates":[40.917882,43.707276]}},{"type":"Feature","properties":{"id":"mount-0249","type":"mountain","longitude":40.929909,"latitude":43.710347,"elevation_m":2825,"name":""},"geometry":{"type":"Point","coordinates":[40.929909,43.710347]}},{"type":"Feature","properties":{"id":"mount-0250","type":"mountain","longitude":40.905318,"latitude":43.701839,"elevation_m":2794,"name":""},"geometry":{"type":"Point","coordinates":[40.905318,43.701839]}},{"type":"Feature","properties":{"id":"mount-0251","type":"mountain","longitude":40.916766,"latitude":43.695393,"elevation_m":2803,"name":""},"geometry":{"type":"Point","coordinates":[40.916766,43.695393]}},{"type":"Feature","properties":{"id":"mount-0252","type":"mountain","longitude":40.896789,"latitude":43.689435,"elevation_m":2698,"name":""},"geometry":{"type":"Point","coordinates":[40.896789,43.689435]}},{"type":"Feature","properties":{"id":"mount-0253","type":"mountain","longitude":40.963018,"latitude":43.660646,"elevation_m":2772,"name":""},"geometry":{"type":"Point","coordinates":[40.963018,43.660646]}},{"type":"Feature","properties":{"id":"mount-0254","type":"mountain","longitude":41.631092,"latitude":43.351131,"elevation_m":3005,"name":""},"geometry":{"type":"Point","coordinates":[41.631092,43.351131]}},{"type":"Feature","properties":{"id":"mount-0255","type":"mountain","longitude":41.624794,"latitude":43.453947,"elevation_m":3184,"name":""},"geometry":{"type":"Point","coordinates":[41.624794,43.453947]}},{"type":"Feature","properties":{"id":"mount-0256","type":"mountain","longitude":40.844496,"latitude":43.628853,"elevation_m":2379,"name":""},"geometry":{"type":"Point","coordinates":[40.844496,43.628853]}},{"type":"Feature","properties":{"id":"mount-0257","type":"mountain","longitude":40.845194,"latitude":43.487474,"elevation_m":2639,"name":""},"geometry":{"type":"Point","coordinates":[40.845194,43.487474]}},{"type":"Feature","properties":{"id":"mount-0258","type":"mountain","longitude":42.233999,"latitude":43.775812,"elevation_m":2306,"name":""},"geometry":{"type":"Point","coordinates":[42.233999,43.775812]}},{"type":"Feature","properties":{"id":"mount-0259","type":"mountain","longitude":41.16855,"latitude":43.626143,"elevation_m":3005,"name":""},"geometry":{"type":"Point","coordinates":[41.16855,43.626143]}},{"type":"Feature","properties":{"id":"mount-0260","type":"mountain","longitude":41.175964,"latitude":43.629016,"elevation_m":2975,"name":""},"geometry":{"type":"Point","coordinates":[41.175964,43.629016]}},{"type":"Feature","properties":{"id":"mount-0261","type":"mountain","longitude":41.190909,"latitude":43.63762,"elevation_m":3067,"name":""},"geometry":{"type":"Point","coordinates":[41.190909,43.63762]}},{"type":"Feature","properties":{"id":"mount-0262","type":"mountain","longitude":42.227046,"latitude":43.43607,"elevation_m":2756,"name":""},"geometry":{"type":"Point","coordinates":[42.227046,43.43607]}},{"type":"Feature","properties":{"id":"mount-0263","type":"mountain","longitude":42.178853,"latitude":43.420136,"elevation_m":2100,"name":""},"geometry":{"type":"Point","coordinates":[42.178853,43.420136]}},{"type":"Feature","properties":{"id":"mount-0264","type":"mountain","longitude":42.587503,"latitude":43.431115,"elevation_m":2959,"name":""},"geometry":{"type":"Point","coordinates":[42.587503,43.431115]}},{"type":"Feature","properties":{"id":"mount-0265","type":"mountain","longitude":42.503786,"latitude":43.406279,"elevation_m":3177,"name":""},"geometry":{"type":"Point","coordinates":[42.503786,43.406279]}},{"type":"Feature","properties":{"id":"mount-0266","type":"mountain","longitude":42.273631,"latitude":43.297526,"elevation_m":3140,"name":""},"geometry":{"type":"Point","coordinates":[42.273631,43.297526]}},{"type":"Feature","properties":{"id":"mount-0267","type":"mountain","longitude":42.274661,"latitude":43.300408,"elevation_m":3138,"name":""},"geometry":{"type":"Point","coordinates":[42.274661,43.300408]}},{"type":"Feature","properties":{"id":"mount-0268","type":"mountain","longitude":42.16733,"latitude":43.464133,"elevation_m":3038,"name":""},"geometry":{"type":"Point","coordinates":[42.16733,43.464133]}},{"type":"Feature","properties":{"id":"mount-0269","type":"mountain","longitude":42.266014,"latitude":43.453519,"elevation_m":3191,"name":""},"geometry":{"type":"Point","coordinates":[42.266014,43.453519]}},{"type":"Feature","properties":{"id":"mount-0270","type":"mountain","longitude":42.191995,"latitude":43.46534,"elevation_m":3149,"name":""},"geometry":{"type":"Point","coordinates":[42.191995,43.46534]}},{"type":"Feature","properties":{"id":"mount-0271","type":"mountain","longitude":42.325591,"latitude":43.490043,"elevation_m":2531,"name":""},"geometry":{"type":"Point","coordinates":[42.325591,43.490043]}},{"type":"Feature","properties":{"id":"mount-0272","type":"mountain","longitude":42.403772,"latitude":43.494884,"elevation_m":2480,"name":""},"geometry":{"type":"Point","coordinates":[42.403772,43.494884]}},{"type":"Feature","properties":{"id":"mount-0273","type":"mountain","longitude":40.801066,"latitude":43.714682,"elevation_m":2179,"name":""},"geometry":{"type":"Point","coordinates":[40.801066,43.714682]}},{"type":"Feature","properties":{"id":"mount-0274","type":"mountain","longitude":40.77183,"latitude":43.729018,"elevation_m":2173,"name":""},"geometry":{"type":"Point","coordinates":[40.77183,43.729018]}},{"type":"Feature","properties":{"id":"mount-0275","type":"mountain","longitude":40.863047,"latitude":43.711882,"elevation_m":1961,"name":""},"geometry":{"type":"Point","coordinates":[40.863047,43.711882]}},{"type":"Feature","properties":{"id":"mount-0276","type":"mountain","longitude":40.877177,"latitude":43.67557,"elevation_m":1990,"name":""},"geometry":{"type":"Point","coordinates":[40.877177,43.67557]}},{"type":"Feature","properties":{"id":"mount-0277","type":"mountain","longitude":40.853208,"latitude":43.692251,"elevation_m":2085,"name":""},"geometry":{"type":"Point","coordinates":[40.853208,43.692251]}},{"type":"Feature","properties":{"id":"mount-0278","type":"mountain","longitude":40.789844,"latitude":43.721203,"elevation_m":2241,"name":""},"geometry":{"type":"Point","coordinates":[40.789844,43.721203]}},{"type":"Feature","properties":{"id":"mount-0279","type":"mountain","longitude":40.876082,"latitude":43.70076,"elevation_m":2311,"name":""},"geometry":{"type":"Point","coordinates":[40.876082,43.70076]}},{"type":"Feature","properties":{"id":"mount-0280","type":"mountain","longitude":40.793524,"latitude":43.736499,"elevation_m":2427,"name":""},"geometry":{"type":"Point","coordinates":[40.793524,43.736499]}},{"type":"Feature","properties":{"id":"mount-0281","type":"mountain","longitude":40.79317,"latitude":43.731887,"elevation_m":2653,"name":""},"geometry":{"type":"Point","coordinates":[40.79317,43.731887]}},{"type":"Feature","properties":{"id":"mount-0282","type":"mountain","longitude":40.778568,"latitude":43.744755,"elevation_m":2848,"name":""},"geometry":{"type":"Point","coordinates":[40.778568,43.744755]}},{"type":"Feature","properties":{"id":"mount-0283","type":"mountain","longitude":40.911498,"latitude":43.671868,"elevation_m":2477,"name":""},"geometry":{"type":"Point","coordinates":[40.911498,43.671868]}},{"type":"Feature","properties":{"id":"mount-0284","type":"mountain","longitude":40.721844,"latitude":43.623262,"elevation_m":3114,"name":""},"geometry":{"type":"Point","coordinates":[40.721844,43.623262]}},{"type":"Feature","properties":{"id":"mount-0285","type":"mountain","longitude":40.737187,"latitude":43.610034,"elevation_m":3136,"name":""},"geometry":{"type":"Point","coordinates":[40.737187,43.610034]}},{"type":"Feature","properties":{"id":"mount-0286","type":"mountain","longitude":40.753881,"latitude":43.597293,"elevation_m":2758,"name":""},"geometry":{"type":"Point","coordinates":[40.753881,43.597293]}},{"type":"Feature","properties":{"id":"mount-0287","type":"mountain","longitude":40.938578,"latitude":43.687526,"elevation_m":2943,"name":""},"geometry":{"type":"Point","coordinates":[40.938578,43.687526]}},{"type":"Feature","properties":{"id":"mount-0288","type":"mountain","longitude":41.057335,"latitude":43.520267,"elevation_m":2863,"name":""},"geometry":{"type":"Point","coordinates":[41.057335,43.520267]}},{"type":"Feature","properties":{"id":"mount-0289","type":"mountain","longitude":41.073675,"latitude":43.59915,"elevation_m":2839,"name":""},"geometry":{"type":"Point","coordinates":[41.073675,43.59915]}},{"type":"Feature","properties":{"id":"mount-0290","type":"mountain","longitude":41.051263,"latitude":43.616435,"elevation_m":2886,"name":""},"geometry":{"type":"Point","coordinates":[41.051263,43.616435]}},{"type":"Feature","properties":{"id":"mount-0291","type":"mountain","longitude":41.066658,"latitude":43.638071,"elevation_m":2923,"name":""},"geometry":{"type":"Point","coordinates":[41.066658,43.638071]}},{"type":"Feature","properties":{"id":"mount-0292","type":"mountain","longitude":41.363311,"latitude":43.512456,"elevation_m":3134,"name":""},"geometry":{"type":"Point","coordinates":[41.363311,43.512456]}},{"type":"Feature","properties":{"id":"mount-0293","type":"mountain","longitude":41.558436,"latitude":43.394999,"elevation_m":3136,"name":""},"geometry":{"type":"Point","coordinates":[41.558436,43.394999]}},{"type":"Feature","properties":{"id":"mount-0294","type":"mountain","longitude":41.534264,"latitude":43.410231,"elevation_m":3193,"name":""},"geometry":{"type":"Point","coordinates":[41.534264,43.410231]}},{"type":"Feature","properties":{"id":"mount-0295","type":"mountain","longitude":40.893785,"latitude":43.862521,"elevation_m":1971,"name":""},"geometry":{"type":"Point","coordinates":[40.893785,43.862521]}},{"type":"Feature","properties":{"id":"mount-0296","type":"mountain","longitude":40.915339,"latitude":43.863859,"elevation_m":1908,"name":""},"geometry":{"type":"Point","coordinates":[40.915339,43.863859]}},{"type":"Feature","properties":{"id":"mount-0297","type":"mountain","longitude":40.852436,"latitude":43.781544,"elevation_m":1846,"name":""},"geometry":{"type":"Point","coordinates":[40.852436,43.781544]}},{"type":"Feature","properties":{"id":"mount-0298","type":"mountain","longitude":41.048344,"latitude":43.651572,"elevation_m":3077,"name":""},"geometry":{"type":"Point","coordinates":[41.048344,43.651572]}},{"type":"Feature","properties":{"id":"mount-0299","type":"mountain","longitude":41.044986,"latitude":43.64908,"elevation_m":3069,"name":""},"geometry":{"type":"Point","coordinates":[41.044986,43.64908]}},{"type":"Feature","properties":{"id":"mount-0300","type":"mountain","longitude":41.047314,"latitude":43.645586,"elevation_m":3097,"name":""},"geometry":{"type":"Point","coordinates":[41.047314,43.645586]}},{"type":"Feature","properties":{"id":"mount-0301","type":"mountain","longitude":41.737297,"latitude":43.328292,"elevation_m":3039,"name":""},"geometry":{"type":"Point","coordinates":[41.737297,43.328292]}},{"type":"Feature","properties":{"id":"mount-0302","type":"mountain","longitude":41.716418,"latitude":43.329579,"elevation_m":2915,"name":""},"geometry":{"type":"Point","coordinates":[41.716418,43.329579]}},{"type":"Feature","properties":{"id":"mount-0303","type":"mountain","longitude":41.746438,"latitude":43.338132,"elevation_m":3141,"name":""},"geometry":{"type":"Point","coordinates":[41.746438,43.338132]}},{"type":"Feature","properties":{"id":"mount-0304","type":"mountain","longitude":40.759964,"latitude":43.807976,"elevation_m":2278,"name":""},"geometry":{"type":"Point","coordinates":[40.759964,43.807976]}},{"type":"Feature","properties":{"id":"mount-0305","type":"mountain","longitude":40.818651,"latitude":43.840609,"elevation_m":2279,"name":""},"geometry":{"type":"Point","coordinates":[40.818651,43.840609]}},{"type":"Feature","properties":{"id":"mount-0306","type":"mountain","longitude":40.94759,"latitude":43.719078,"elevation_m":2643,"name":""},"geometry":{"type":"Point","coordinates":[40.94759,43.719078]}},{"type":"Feature","properties":{"id":"mount-0307","type":"mountain","longitude":40.950701,"latitude":43.733654,"elevation_m":2668,"name":""},"geometry":{"type":"Point","coordinates":[40.950701,43.733654]}},{"type":"Feature","properties":{"id":"mount-0308","type":"mountain","longitude":40.961859,"latitude":43.74177,"elevation_m":2626,"name":""},"geometry":{"type":"Point","coordinates":[40.961859,43.74177]}},{"type":"Feature","properties":{"id":"mount-0309","type":"mountain","longitude":40.966591,"latitude":43.745615,"elevation_m":2603,"name":""},"geometry":{"type":"Point","coordinates":[40.966591,43.745615]}},{"type":"Feature","properties":{"id":"mount-0310","type":"mountain","longitude":40.914942,"latitude":43.73312,"elevation_m":2666,"name":""},"geometry":{"type":"Point","coordinates":[40.914942,43.73312]}},{"type":"Feature","properties":{"id":"mount-0311","type":"mountain","longitude":40.870342,"latitude":43.735592,"elevation_m":2173,"name":""},"geometry":{"type":"Point","coordinates":[40.870342,43.735592]}},{"type":"Feature","properties":{"id":"mount-0312","type":"mountain","longitude":40.918279,"latitude":43.730352,"elevation_m":2776,"name":""},"geometry":{"type":"Point","coordinates":[40.918279,43.730352]}},{"type":"Feature","properties":{"id":"mount-0313","type":"mountain","longitude":40.910972,"latitude":43.546371,"elevation_m":2435,"name":""},"geometry":{"type":"Point","coordinates":[40.910972,43.546371]}},{"type":"Feature","properties":{"id":"mount-0314","type":"mountain","longitude":40.897486,"latitude":43.476451,"elevation_m":2399,"name":""},"geometry":{"type":"Point","coordinates":[40.897486,43.476451]}},{"type":"Feature","properties":{"id":"mount-0315","type":"mountain","longitude":41.03165,"latitude":43.528762,"elevation_m":2905,"name":""},"geometry":{"type":"Point","coordinates":[41.03165,43.528762]}},{"type":"Feature","properties":{"id":"mount-0316","type":"mountain","longitude":41.064749,"latitude":43.488883,"elevation_m":2745,"name":""},"geometry":{"type":"Point","coordinates":[41.064749,43.488883]}},{"type":"Feature","properties":{"id":"mount-0317","type":"mountain","longitude":41.029966,"latitude":43.417549,"elevation_m":2485,"name":""},"geometry":{"type":"Point","coordinates":[41.029966,43.417549]}},{"type":"Feature","properties":{"id":"mount-0318","type":"mountain","longitude":41.002393,"latitude":43.493351,"elevation_m":2341,"name":""},"geometry":{"type":"Point","coordinates":[41.002393,43.493351]}},{"type":"Feature","properties":{"id":"mount-0319","type":"mountain","longitude":40.996224,"latitude":43.478756,"elevation_m":2677,"name":""},"geometry":{"type":"Point","coordinates":[40.996224,43.478756]}},{"type":"Feature","properties":{"id":"mount-0320","type":"mountain","longitude":42.441162,"latitude":43.704794,"elevation_m":2554,"name":""},"geometry":{"type":"Point","coordinates":[42.441162,43.704794]}},{"type":"Feature","properties":{"id":"mount-0321","type":"mountain","longitude":40.77065,"latitude":43.759069,"elevation_m":2691,"name":""},"geometry":{"type":"Point","coordinates":[40.77065,43.759069]}},{"type":"Feature","properties":{"id":"mount-0322","type":"mountain","longitude":41.418704,"latitude":43.379187,"elevation_m":3123,"name":""},"geometry":{"type":"Point","coordinates":[41.418704,43.379187]}},{"type":"Feature","properties":{"id":"mount-0323","type":"mountain","longitude":41.430227,"latitude":43.370281,"elevation_m":3112,"name":""},"geometry":{"type":"Point","coordinates":[41.430227,43.370281]}},{"type":"Feature","properties":{"id":"mount-0324","type":"mountain","longitude":41.433907,"latitude":43.363004,"elevation_m":3137,"name":""},"geometry":{"type":"Point","coordinates":[41.433907,43.363004]}},{"type":"Feature","properties":{"id":"mount-0325","type":"mountain","longitude":41.457853,"latitude":43.369782,"elevation_m":2763,"name":""},"geometry":{"type":"Point","coordinates":[41.457853,43.369782]}},{"type":"Feature","properties":{"id":"mount-0326","type":"mountain","longitude":41.268961,"latitude":43.531469,"elevation_m":2104,"name":""},"geometry":{"type":"Point","coordinates":[41.268961,43.531469]}},{"type":"Feature","properties":{"id":"mount-0327","type":"mountain","longitude":40.729172,"latitude":43.559177,"elevation_m":2658,"name":""},"geometry":{"type":"Point","coordinates":[40.729172,43.559177]}},{"type":"Feature","properties":{"id":"mount-0328","type":"mountain","longitude":40.979455,"latitude":43.626329,"elevation_m":2671,"name":""},"geometry":{"type":"Point","coordinates":[40.979455,43.626329]}},{"type":"Feature","properties":{"id":"mount-0329","type":"mountain","longitude":40.902539,"latitude":43.871532,"elevation_m":1910,"name":""},"geometry":{"type":"Point","coordinates":[40.902539,43.871532]}},{"type":"Feature","properties":{"id":"mount-0330","type":"mountain","longitude":40.859506,"latitude":43.875445,"elevation_m":1982,"name":""},"geometry":{"type":"Point","coordinates":[40.859506,43.875445]}},{"type":"Feature","properties":{"id":"mount-0331","type":"mountain","longitude":40.848809,"latitude":43.857771,"elevation_m":2180,"name":""},"geometry":{"type":"Point","coordinates":[40.848809,43.857771]}},{"type":"Feature","properties":{"id":"mount-0332","type":"mountain","longitude":40.841213,"latitude":43.871671,"elevation_m":1949,"name":""},"geometry":{"type":"Point","coordinates":[40.841213,43.871671]}},{"type":"Feature","properties":{"id":"mount-0333","type":"mountain","longitude":40.858852,"latitude":43.868399,"elevation_m":2120,"name":""},"geometry":{"type":"Point","coordinates":[40.858852,43.868399]}},{"type":"Feature","properties":{"id":"mount-0334","type":"mountain","longitude":40.863025,"latitude":43.861484,"elevation_m":2185,"name":""},"geometry":{"type":"Point","coordinates":[40.863025,43.861484]}},{"type":"Feature","properties":{"id":"mount-0335","type":"mountain","longitude":40.999485,"latitude":43.77802,"elevation_m":2257,"name":""},"geometry":{"type":"Point","coordinates":[40.999485,43.77802]}},{"type":"Feature","properties":{"id":"mount-0336","type":"mountain","longitude":41.021619,"latitude":43.800163,"elevation_m":1898,"name":""},"geometry":{"type":"Point","coordinates":[41.021619,43.800163]}},{"type":"Feature","properties":{"id":"mount-0337","type":"mountain","longitude":40.999389,"latitude":43.835239,"elevation_m":1965,"name":""},"geometry":{"type":"Point","coordinates":[40.999389,43.835239]}},{"type":"Feature","properties":{"id":"mount-0338","type":"mountain","longitude":41.004592,"latitude":43.821028,"elevation_m":2112,"name":""},"geometry":{"type":"Point","coordinates":[41.004592,43.821028]}},{"type":"Feature","properties":{"id":"mount-0339","type":"mountain","longitude":40.87973,"latitude":43.849036,"elevation_m":2245,"name":""},"geometry":{"type":"Point","coordinates":[40.87973,43.849036]}},{"type":"Feature","properties":{"id":"mount-0340","type":"mountain","longitude":41.073182,"latitude":43.775579,"elevation_m":1821,"name":""},"geometry":{"type":"Point","coordinates":[41.073182,43.775579]}},{"type":"Feature","properties":{"id":"mount-0341","type":"mountain","longitude":40.901284,"latitude":43.846343,"elevation_m":1810,"name":""},"geometry":{"type":"Point","coordinates":[40.901284,43.846343]}},{"type":"Feature","properties":{"id":"mount-0342","type":"mountain","longitude":41.07213,"latitude":43.787369,"elevation_m":1818,"name":""},"geometry":{"type":"Point","coordinates":[41.07213,43.787369]}},{"type":"Feature","properties":{"id":"mount-0343","type":"mountain","longitude":41.037165,"latitude":43.790916,"elevation_m":1868,"name":""},"geometry":{"type":"Point","coordinates":[41.037165,43.790916]}},{"type":"Feature","properties":{"id":"mount-0344","type":"mountain","longitude":40.791271,"latitude":43.856022,"elevation_m":1899,"name":""},"geometry":{"type":"Point","coordinates":[40.791271,43.856022]}},{"type":"Feature","properties":{"id":"mount-0345","type":"mountain","longitude":40.802246,"latitude":43.863155,"elevation_m":1878,"name":""},"geometry":{"type":"Point","coordinates":[40.802246,43.863155]}},{"type":"Feature","properties":{"id":"mount-0346","type":"mountain","longitude":40.819627,"latitude":43.865607,"elevation_m":2014,"name":""},"geometry":{"type":"Point","coordinates":[40.819627,43.865607]}},{"type":"Feature","properties":{"id":"mount-0347","type":"mountain","longitude":40.821816,"latitude":43.858761,"elevation_m":2145,"name":""},"geometry":{"type":"Point","coordinates":[40.821816,43.858761]}},{"type":"Feature","properties":{"id":"mount-0348","type":"mountain","longitude":40.807514,"latitude":43.838543,"elevation_m":2304,"name":""},"geometry":{"type":"Point","coordinates":[40.807514,43.838543]}},{"type":"Feature","properties":{"id":"mount-0349","type":"mountain","longitude":40.76064,"latitude":43.855434,"elevation_m":1957,"name":""},"geometry":{"type":"Point","coordinates":[40.76064,43.855434]}},{"type":"Feature","properties":{"id":"mount-0350","type":"mountain","longitude":40.762635,"latitude":43.822197,"elevation_m":2003,"name":""},"geometry":{"type":"Point","coordinates":[40.762635,43.822197]}},{"type":"Feature","properties":{"id":"mount-0351","type":"mountain","longitude":40.805604,"latitude":43.849113,"elevation_m":2096,"name":""},"geometry":{"type":"Point","coordinates":[40.805604,43.849113]}},{"type":"Feature","properties":{"id":"mount-0352","type":"mountain","longitude":40.755587,"latitude":43.831408,"elevation_m":2179,"name":""},"geometry":{"type":"Point","coordinates":[40.755587,43.831408]}},{"type":"Feature","properties":{"id":"mount-0353","type":"mountain","longitude":40.805036,"latitude":43.785518,"elevation_m":2206,"name":""},"geometry":{"type":"Point","coordinates":[40.805036,43.785518]}},{"type":"Feature","properties":{"id":"mount-0354","type":"mountain","longitude":40.815142,"latitude":43.807085,"elevation_m":2238,"name":""},"geometry":{"type":"Point","coordinates":[40.815142,43.807085]}},{"type":"Feature","properties":{"id":"mount-0355","type":"mountain","longitude":40.78037,"latitude":43.767848,"elevation_m":2372,"name":""},"geometry":{"type":"Point","coordinates":[40.78037,43.767848]}},{"type":"Feature","properties":{"id":"mount-0356","type":"mountain","longitude":40.816634,"latitude":43.798722,"elevation_m":2377,"name":""},"geometry":{"type":"Point","coordinates":[40.816634,43.798722]}},{"type":"Feature","properties":{"id":"mount-0357","type":"mountain","longitude":40.805444,"latitude":43.821562,"elevation_m":2389,"name":""},"geometry":{"type":"Point","coordinates":[40.805444,43.821562]}},{"type":"Feature","properties":{"id":"mount-0358","type":"mountain","longitude":40.781186,"latitude":43.836833,"elevation_m":2395,"name":""},"geometry":{"type":"Point","coordinates":[40.781186,43.836833]}},{"type":"Feature","properties":{"id":"mount-0359","type":"mountain","longitude":40.751671,"latitude":43.805157,"elevation_m":2446,"name":""},"geometry":{"type":"Point","coordinates":[40.751671,43.805157]}},{"type":"Feature","properties":{"id":"mount-0360","type":"mountain","longitude":40.783557,"latitude":43.827515,"elevation_m":2437,"name":""},"geometry":{"type":"Point","coordinates":[40.783557,43.827515]}},{"type":"Feature","properties":{"id":"mount-0361","type":"mountain","longitude":40.793964,"latitude":43.826539,"elevation_m":2555,"name":""},"geometry":{"type":"Point","coordinates":[40.793964,43.826539]}},{"type":"Feature","properties":{"id":"mount-0362","type":"mountain","longitude":40.798309,"latitude":43.815857,"elevation_m":2590,"name":""},"geometry":{"type":"Point","coordinates":[40.798309,43.815857]}},{"type":"Feature","properties":{"id":"mount-0363","type":"mountain","longitude":40.769631,"latitude":43.772031,"elevation_m":2519,"name":""},"geometry":{"type":"Point","coordinates":[40.769631,43.772031]}},{"type":"Feature","properties":{"id":"mount-0364","type":"mountain","longitude":40.783997,"latitude":43.819975,"elevation_m":2616,"name":""},"geometry":{"type":"Point","coordinates":[40.783997,43.819975]}},{"type":"Feature","properties":{"id":"mount-0365","type":"mountain","longitude":40.79435,"latitude":43.753443,"elevation_m":2532,"name":""},"geometry":{"type":"Point","coordinates":[40.79435,43.753443]}},{"type":"Feature","properties":{"id":"mount-0366","type":"mountain","longitude":40.783911,"latitude":43.752629,"elevation_m":2894,"name":""},"geometry":{"type":"Point","coordinates":[40.783911,43.752629]}},{"type":"Feature","properties":{"id":"mount-0367","type":"mountain","longitude":41.207678,"latitude":43.760014,"elevation_m":1809,"name":""},"geometry":{"type":"Point","coordinates":[41.207678,43.760014]}},{"type":"Feature","properties":{"id":"mount-0368","type":"mountain","longitude":41.039343,"latitude":43.760835,"elevation_m":1862,"name":""},"geometry":{"type":"Point","coordinates":[41.039343,43.760835]}},{"type":"Feature","properties":{"id":"mount-0369","type":"mountain","longitude":40.930842,"latitude":43.761014,"elevation_m":1926,"name":""},"geometry":{"type":"Point","coordinates":[40.930842,43.761014]}},{"type":"Feature","properties":{"id":"mount-0370","type":"mountain","longitude":41.055071,"latitude":43.773937,"elevation_m":1913,"name":""},"geometry":{"type":"Point","coordinates":[41.055071,43.773937]}},{"type":"Feature","properties":{"id":"mount-0371","type":"mountain","longitude":40.93847,"latitude":43.768785,"elevation_m":1940,"name":""},"geometry":{"type":"Point","coordinates":[40.93847,43.768785]}},{"type":"Feature","properties":{"id":"mount-0372","type":"mountain","longitude":41.081979,"latitude":43.741174,"elevation_m":2065,"name":""},"geometry":{"type":"Point","coordinates":[41.081979,43.741174]}},{"type":"Feature","properties":{"id":"mount-0373","type":"mountain","longitude":41.034751,"latitude":43.771931,"elevation_m":2021,"name":""},"geometry":{"type":"Point","coordinates":[41.034751,43.771931]}},{"type":"Feature","properties":{"id":"mount-0374","type":"mountain","longitude":40.98851,"latitude":43.742065,"elevation_m":2067,"name":""},"geometry":{"type":"Point","coordinates":[40.98851,43.742065]}},{"type":"Feature","properties":{"id":"mount-0375","type":"mountain","longitude":41.110443,"latitude":43.727863,"elevation_m":2091,"name":""},"geometry":{"type":"Point","coordinates":[41.110443,43.727863]}},{"type":"Feature","properties":{"id":"mount-0376","type":"mountain","longitude":41.01457,"latitude":43.769939,"elevation_m":2148,"name":""},"geometry":{"type":"Point","coordinates":[41.01457,43.769939]}},{"type":"Feature","properties":{"id":"mount-0377","type":"mountain","longitude":40.900115,"latitude":43.756356,"elevation_m":2217,"name":""},"geometry":{"type":"Point","coordinates":[40.900115,43.756356]}},{"type":"Feature","properties":{"id":"mount-0378","type":"mountain","longitude":41.013283,"latitude":43.737112,"elevation_m":2286,"name":""},"geometry":{"type":"Point","coordinates":[41.013283,43.737112]}},{"type":"Feature","properties":{"id":"mount-0379","type":"mountain","longitude":40.957707,"latitude":43.762556,"elevation_m":2347,"name":""},"geometry":{"type":"Point","coordinates":[40.957707,43.762556]}},{"type":"Feature","properties":{"id":"mount-0380","type":"mountain","longitude":40.892841,"latitude":43.702731,"elevation_m":2383,"name":""},"geometry":{"type":"Point","coordinates":[40.892841,43.702731]}},{"type":"Feature","properties":{"id":"mount-0381","type":"mountain","longitude":41.115443,"latitude":43.710796,"elevation_m":2387,"name":""},"geometry":{"type":"Point","coordinates":[41.115443,43.710796]}},{"type":"Feature","properties":{"id":"mount-0382","type":"mountain","longitude":41.164538,"latitude":43.731057,"elevation_m":1838,"name":""},"geometry":{"type":"Point","coordinates":[41.164538,43.731057]}},{"type":"Feature","properties":{"id":"mount-0383","type":"mountain","longitude":41.310289,"latitude":43.726553,"elevation_m":1863,"name":""},"geometry":{"type":"Point","coordinates":[41.310289,43.726553]}},{"type":"Feature","properties":{"id":"mount-0384","type":"mountain","longitude":41.277555,"latitude":43.743212,"elevation_m":1881,"name":""},"geometry":{"type":"Point","coordinates":[41.277555,43.743212]}},{"type":"Feature","properties":{"id":"mount-0385","type":"mountain","longitude":41.083513,"latitude":43.713208,"elevation_m":1916,"name":""},"geometry":{"type":"Point","coordinates":[41.083513,43.713208]}},{"type":"Feature","properties":{"id":"mount-0386","type":"mountain","longitude":41.177487,"latitude":43.742654,"elevation_m":1900,"name":""},"geometry":{"type":"Point","coordinates":[41.177487,43.742654]}},{"type":"Feature","properties":{"id":"mount-0387","type":"mountain","longitude":41.188259,"latitude":43.73836,"elevation_m":1983,"name":""},"geometry":{"type":"Point","coordinates":[41.188259,43.73836]}},{"type":"Feature","properties":{"id":"mount-0388","type":"mountain","longitude":41.138563,"latitude":43.720715,"elevation_m":1992,"name":""},"geometry":{"type":"Point","coordinates":[41.138563,43.720715]}},{"type":"Feature","properties":{"id":"mount-0389","type":"mountain","longitude":41.18018,"latitude":43.731391,"elevation_m":2015,"name":""},"geometry":{"type":"Point","coordinates":[41.18018,43.731391]}},{"type":"Feature","properties":{"id":"mount-0390","type":"mountain","longitude":41.1528,"latitude":43.717124,"elevation_m":2090,"name":""},"geometry":{"type":"Point","coordinates":[41.1528,43.717124]}},{"type":"Feature","properties":{"id":"mount-0391","type":"mountain","longitude":41.162231,"latitude":43.720939,"elevation_m":2145,"name":""},"geometry":{"type":"Point","coordinates":[41.162231,43.720939]}},{"type":"Feature","properties":{"id":"mount-0392","type":"mountain","longitude":41.072978,"latitude":43.737554,"elevation_m":2131,"name":""},"geometry":{"type":"Point","coordinates":[41.072978,43.737554]}},{"type":"Feature","properties":{"id":"mount-0393","type":"mountain","longitude":41.108565,"latitude":43.713674,"elevation_m":2286,"name":""},"geometry":{"type":"Point","coordinates":[41.108565,43.713674]}},{"type":"Feature","properties":{"id":"mount-0394","type":"mountain","longitude":41.134572,"latitude":43.712138,"elevation_m":2277,"name":""},"geometry":{"type":"Point","coordinates":[41.134572,43.712138]}},{"type":"Feature","properties":{"id":"mount-0395","type":"mountain","longitude":41.102428,"latitude":43.701862,"elevation_m":2308,"name":""},"geometry":{"type":"Point","coordinates":[41.102428,43.701862]}},{"type":"Feature","properties":{"id":"mount-0396","type":"mountain","longitude":41.026028,"latitude":43.678053,"elevation_m":2299,"name":""},"geometry":{"type":"Point","coordinates":[41.026028,43.678053]}},{"type":"Feature","properties":{"id":"mount-0397","type":"mountain","longitude":41.041456,"latitude":43.69917,"elevation_m":2445,"name":""},"geometry":{"type":"Point","coordinates":[41.041456,43.69917]}},{"type":"Feature","properties":{"id":"mount-0398","type":"mountain","longitude":41.04018,"latitude":43.690211,"elevation_m":2565,"name":""},"geometry":{"type":"Point","coordinates":[41.04018,43.690211]}},{"type":"Feature","properties":{"id":"mount-0399","type":"mountain","longitude":41.042583,"latitude":43.680264,"elevation_m":2613,"name":""},"geometry":{"type":"Point","coordinates":[41.042583,43.680264]}},{"type":"Feature","properties":{"id":"mount-0400","type":"mountain","longitude":41.004828,"latitude":43.656315,"elevation_m":2670,"name":""},"geometry":{"type":"Point","coordinates":[41.004828,43.656315]}},{"type":"Feature","properties":{"id":"mount-0401","type":"mountain","longitude":41.039203,"latitude":43.660491,"elevation_m":2693,"name":""},"geometry":{"type":"Point","coordinates":[41.039203,43.660491]}},{"type":"Feature","properties":{"id":"mount-0402","type":"mountain","longitude":41.040362,"latitude":43.669858,"elevation_m":2777,"name":""},"geometry":{"type":"Point","coordinates":[41.040362,43.669858]}},{"type":"Feature","properties":{"id":"mount-0403","type":"mountain","longitude":41.05049,"latitude":43.666917,"elevation_m":2827,"name":""},"geometry":{"type":"Point","coordinates":[41.05049,43.666917]}},{"type":"Feature","properties":{"id":"mount-0404","type":"mountain","longitude":41.047314,"latitude":43.665877,"elevation_m":3006,"name":""},"geometry":{"type":"Point","coordinates":[41.047314,43.665877]}},{"type":"Feature","properties":{"id":"mount-0405","type":"mountain","longitude":41.075971,"latitude":43.621297,"elevation_m":3026,"name":""},"geometry":{"type":"Point","coordinates":[41.075971,43.621297]}},{"type":"Feature","properties":{"id":"mount-0406","type":"mountain","longitude":41.055114,"latitude":43.633598,"elevation_m":2999,"name":""},"geometry":{"type":"Point","coordinates":[41.055114,43.633598]}},{"type":"Feature","properties":{"id":"mount-0407","type":"mountain","longitude":41.095111,"latitude":43.57132,"elevation_m":2065,"name":""},"geometry":{"type":"Point","coordinates":[41.095111,43.57132]}},{"type":"Feature","properties":{"id":"mount-0408","type":"mountain","longitude":41.085112,"latitude":43.574585,"elevation_m":2092,"name":""},"geometry":{"type":"Point","coordinates":[41.085112,43.574585]}},{"type":"Feature","properties":{"id":"mount-0409","type":"mountain","longitude":41.106527,"latitude":43.595746,"elevation_m":2211,"name":""},"geometry":{"type":"Point","coordinates":[41.106527,43.595746]}},{"type":"Feature","properties":{"id":"mount-0410","type":"mountain","longitude":41.06271,"latitude":43.566563,"elevation_m":2298,"name":""},"geometry":{"type":"Point","coordinates":[41.06271,43.566563]}},{"type":"Feature","properties":{"id":"mount-0411","type":"mountain","longitude":40.739826,"latitude":43.696246,"elevation_m":2663,"name":""},"geometry":{"type":"Point","coordinates":[40.739826,43.696246]}},{"type":"Feature","properties":{"id":"mount-0412","type":"mountain","longitude":41.018411,"latitude":43.623409,"elevation_m":2707,"name":""},"geometry":{"type":"Point","coordinates":[41.018411,43.623409]}},{"type":"Feature","properties":{"id":"mount-0413","type":"mountain","longitude":41.366647,"latitude":43.3927,"elevation_m":2937,"name":""},"geometry":{"type":"Point","coordinates":[41.366647,43.3927]}},{"type":"Feature","properties":{"id":"mount-0414","type":"mountain","longitude":40.893806,"latitude":43.678945,"elevation_m":2226,"name":""},"geometry":{"type":"Point","coordinates":[40.893806,43.678945]}},{"type":"Feature","properties":{"id":"mount-0415","type":"mountain","longitude":40.890502,"latitude":43.689838,"elevation_m":2612,"name":""},"geometry":{"type":"Point","coordinates":[40.890502,43.689838]}},{"type":"Feature","properties":{"id":"mount-0416","type":"mountain","longitude":40.821279,"latitude":43.582046,"elevation_m":2422,"name":""},"geometry":{"type":"Point","coordinates":[40.821279,43.582046]}},{"type":"Feature","properties":{"id":"mount-0417","type":"mountain","longitude":40.752861,"latitude":43.661802,"elevation_m":2460,"name":""},"geometry":{"type":"Point","coordinates":[40.752861,43.661802]}},{"type":"Feature","properties":{"id":"mount-0418","type":"mountain","longitude":40.800776,"latitude":43.659878,"elevation_m":2409,"name":""},"geometry":{"type":"Point","coordinates":[40.800776,43.659878]}},{"type":"Feature","properties":{"id":"mount-0419","type":"mountain","longitude":40.797418,"latitude":43.557785,"elevation_m":2441,"name":""},"geometry":{"type":"Point","coordinates":[40.797418,43.557785]}},{"type":"Feature","properties":{"id":"mount-0420","type":"mountain","longitude":40.809016,"latitude":43.508799,"elevation_m":2475,"name":""},"geometry":{"type":"Point","coordinates":[40.809016,43.508799]}},{"type":"Feature","properties":{"id":"mount-0421","type":"mountain","longitude":40.818146,"latitude":43.509429,"elevation_m":2575,"name":""},"geometry":{"type":"Point","coordinates":[40.818146,43.509429]}},{"type":"Feature","properties":{"id":"mount-0422","type":"mountain","longitude":40.829251,"latitude":43.593011,"elevation_m":2572,"name":""},"geometry":{"type":"Point","coordinates":[40.829251,43.593011]}},{"type":"Feature","properties":{"id":"mount-0423","type":"mountain","longitude":40.795723,"latitude":43.5089,"elevation_m":2650,"name":""},"geometry":{"type":"Point","coordinates":[40.795723,43.5089]}},{"type":"Feature","properties":{"id":"mount-0424","type":"mountain","longitude":40.841771,"latitude":43.640602,"elevation_m":2246,"name":""},"geometry":{"type":"Point","coordinates":[40.841771,43.640602]}},{"type":"Feature","properties":{"id":"mount-0425","type":"mountain","longitude":41.145376,"latitude":43.680295,"elevation_m":2541,"name":""},"geometry":{"type":"Point","coordinates":[41.145376,43.680295]}},{"type":"Feature","properties":{"id":"mount-0426","type":"mountain","longitude":41.11452,"latitude":43.662641,"elevation_m":2903,"name":""},"geometry":{"type":"Point","coordinates":[41.11452,43.662641]}},{"type":"Feature","properties":{"id":"mount-0427","type":"mountain","longitude":41.107782,"latitude":43.652239,"elevation_m":3033,"name":""},"geometry":{"type":"Point","coordinates":[41.107782,43.652239]}},{"type":"Feature","properties":{"id":"mount-0428","type":"mountain","longitude":41.100186,"latitude":43.64578,"elevation_m":3018,"name":""},"geometry":{"type":"Point","coordinates":[41.100186,43.64578]}},{"type":"Feature","properties":{"id":"mount-0429","type":"mountain","longitude":41.110346,"latitude":43.635889,"elevation_m":3122,"name":""},"geometry":{"type":"Point","coordinates":[41.110346,43.635889]}},{"type":"Feature","properties":{"id":"mount-0430","type":"mountain","longitude":40.982695,"latitude":43.696541,"elevation_m":2606,"name":""},"geometry":{"type":"Point","coordinates":[40.982695,43.696541]}},{"type":"Feature","properties":{"id":"mount-0431","type":"mountain","longitude":40.918547,"latitude":43.63717,"elevation_m":1958,"name":""},"geometry":{"type":"Point","coordinates":[40.918547,43.63717]}},{"type":"Feature","properties":{"id":"mount-0432","type":"mountain","longitude":41.16545,"latitude":43.564067,"elevation_m":1988,"name":""},"geometry":{"type":"Point","coordinates":[41.16545,43.564067]}},{"type":"Feature","properties":{"id":"mount-0433","type":"mountain","longitude":41.153122,"latitude":43.562209,"elevation_m":1994,"name":""},"geometry":{"type":"Point","coordinates":[41.153122,43.562209]}},{"type":"Feature","properties":{"id":"mount-0434","type":"mountain","longitude":41.192207,"latitude":43.662858,"elevation_m":2321,"name":""},"geometry":{"type":"Point","coordinates":[41.192207,43.662858]}},{"type":"Feature","properties":{"id":"mount-0435","type":"mountain","longitude":41.145365,"latitude":43.575028,"elevation_m":2139,"name":""},"geometry":{"type":"Point","coordinates":[41.145365,43.575028]}},{"type":"Feature","properties":{"id":"mount-0436","type":"mountain","longitude":41.212249,"latitude":43.6184,"elevation_m":2505,"name":""},"geometry":{"type":"Point","coordinates":[41.212249,43.6184]}},{"type":"Feature","properties":{"id":"mount-0437","type":"mountain","longitude":41.197872,"latitude":43.652558,"elevation_m":2575,"name":""},"geometry":{"type":"Point","coordinates":[41.197872,43.652558]}},{"type":"Feature","properties":{"id":"mount-0438","type":"mountain","longitude":41.052647,"latitude":43.554388,"elevation_m":2634,"name":""},"geometry":{"type":"Point","coordinates":[41.052647,43.554388]}},{"type":"Feature","properties":{"id":"mount-0439","type":"mountain","longitude":41.131686,"latitude":43.587743,"elevation_m":2673,"name":""},"geometry":{"type":"Point","coordinates":[41.131686,43.587743]}},{"type":"Feature","properties":{"id":"mount-0440","type":"mountain","longitude":41.172842,"latitude":43.651859,"elevation_m":2768,"name":""},"geometry":{"type":"Point","coordinates":[41.172842,43.651859]}},{"type":"Feature","properties":{"id":"mount-0441","type":"mountain","longitude":41.206487,"latitude":43.603671,"elevation_m":2900,"name":""},"geometry":{"type":"Point","coordinates":[41.206487,43.603671]}},{"type":"Feature","properties":{"id":"mount-0442","type":"mountain","longitude":41.202958,"latitude":43.63887,"elevation_m":2864,"name":""},"geometry":{"type":"Point","coordinates":[41.202958,43.63887]}},{"type":"Feature","properties":{"id":"mount-0443","type":"mountain","longitude":41.18018,"latitude":43.640905,"elevation_m":2906,"name":""},"geometry":{"type":"Point","coordinates":[41.18018,43.640905]}},{"type":"Feature","properties":{"id":"mount-0444","type":"mountain","longitude":41.166329,"latitude":43.615518,"elevation_m":2929,"name":""},"geometry":{"type":"Point","coordinates":[41.166329,43.615518]}},{"type":"Feature","properties":{"id":"mount-0445","type":"mountain","longitude":41.207646,"latitude":43.593672,"elevation_m":3099,"name":""},"geometry":{"type":"Point","coordinates":[41.207646,43.593672]}},{"type":"Feature","properties":{"id":"mount-0446","type":"mountain","longitude":43.069657,"latitude":43.353105,"elevation_m":2581,"name":""},"geometry":{"type":"Point","coordinates":[43.069657,43.353105]}},{"type":"Feature","properties":{"id":"mount-0447","type":"mountain","longitude":40.984862,"latitude":43.717752,"elevation_m":2420,"name":""},"geometry":{"type":"Point","coordinates":[40.984862,43.717752]}},{"type":"Feature","properties":{"id":"mount-0448","type":"mountain","longitude":40.94995,"latitude":43.724793,"elevation_m":2664,"name":""},"geometry":{"type":"Point","coordinates":[40.94995,43.724793]}},{"type":"Feature","properties":{"id":"mount-0449","type":"mountain","longitude":40.922935,"latitude":43.721684,"elevation_m":2861,"name":""},"geometry":{"type":"Point","coordinates":[40.922935,43.721684]}},{"type":"Feature","properties":{"id":"mount-0450","type":"mountain","longitude":40.779147,"latitude":43.482002,"elevation_m":2069,"name":""},"geometry":{"type":"Point","coordinates":[40.779147,43.482002]}},{"type":"Feature","properties":{"id":"mount-0451","type":"mountain","longitude":40.788728,"latitude":43.481706,"elevation_m":2125,"name":""},"geometry":{"type":"Point","coordinates":[40.788728,43.481706]}},{"type":"Feature","properties":{"id":"mount-0452","type":"mountain","longitude":40.827266,"latitude":43.471756,"elevation_m":2185,"name":""},"geometry":{"type":"Point","coordinates":[40.827266,43.471756]}},{"type":"Feature","properties":{"id":"mount-0453","type":"mountain","longitude":40.804714,"latitude":43.486423,"elevation_m":2201,"name":""},"geometry":{"type":"Point","coordinates":[40.804714,43.486423]}},{"type":"Feature","properties":{"id":"mount-0454","type":"mountain","longitude":40.833145,"latitude":43.475875,"elevation_m":2241,"name":""},"geometry":{"type":"Point","coordinates":[40.833145,43.475875]}},{"type":"Feature","properties":{"id":"mount-0455","type":"mountain","longitude":40.825367,"latitude":43.489304,"elevation_m":2291,"name":""},"geometry":{"type":"Point","coordinates":[40.825367,43.489304]}},{"type":"Feature","properties":{"id":"mount-0456","type":"mountain","longitude":40.742433,"latitude":43.495849,"elevation_m":2318,"name":""},"geometry":{"type":"Point","coordinates":[40.742433,43.495849]}},{"type":"Feature","properties":{"id":"mount-0457","type":"mountain","longitude":40.935992,"latitude":43.454204,"elevation_m":2944,"name":""},"geometry":{"type":"Point","coordinates":[40.935992,43.454204]}},{"type":"Feature","properties":{"id":"mount-0458","type":"mountain","longitude":40.876994,"latitude":43.44534,"elevation_m":2003,"name":""},"geometry":{"type":"Point","coordinates":[40.876994,43.44534]}},{"type":"Feature","properties":{"id":"mount-0459","type":"mountain","longitude":40.889096,"latitude":43.503896,"elevation_m":2243,"name":""},"geometry":{"type":"Point","coordinates":[40.889096,43.503896]}},{"type":"Feature","properties":{"id":"mount-0460","type":"mountain","longitude":40.872799,"latitude":43.46119,"elevation_m":2269,"name":""},"geometry":{"type":"Point","coordinates":[40.872799,43.46119]}},{"type":"Feature","properties":{"id":"mount-0461","type":"mountain","longitude":40.927602,"latitude":43.497429,"elevation_m":2492,"name":""},"geometry":{"type":"Point","coordinates":[40.927602,43.497429]}},{"type":"Feature","properties":{"id":"mount-0462","type":"mountain","longitude":40.894214,"latitude":43.49395,"elevation_m":2655,"name":""},"geometry":{"type":"Point","coordinates":[40.894214,43.49395]}},{"type":"Feature","properties":{"id":"mount-0463","type":"mountain","longitude":40.902497,"latitude":43.488362,"elevation_m":2630,"name":""},"geometry":{"type":"Point","coordinates":[40.902497,43.488362]}},{"type":"Feature","properties":{"id":"mount-0464","type":"mountain","longitude":40.902915,"latitude":43.537645,"elevation_m":2671,"name":""},"geometry":{"type":"Point","coordinates":[40.902915,43.537645]}},{"type":"Feature","properties":{"id":"mount-0465","type":"mountain","longitude":40.988671,"latitude":43.44513,"elevation_m":2577,"name":""},"geometry":{"type":"Point","coordinates":[40.988671,43.44513]}},{"type":"Feature","properties":{"id":"mount-0466","type":"mountain","longitude":41.008111,"latitude":43.43903,"elevation_m":2782,"name":""},"geometry":{"type":"Point","coordinates":[41.008111,43.43903]}},{"type":"Feature","properties":{"id":"mount-0467","type":"mountain","longitude":41.021061,"latitude":43.45348,"elevation_m":2716,"name":""},"geometry":{"type":"Point","coordinates":[41.021061,43.45348]}},{"type":"Feature","properties":{"id":"mount-0468","type":"mountain","longitude":41.129175,"latitude":43.503048,"elevation_m":3080,"name":""},"geometry":{"type":"Point","coordinates":[41.129175,43.503048]}},{"type":"Feature","properties":{"id":"mount-0469","type":"mountain","longitude":40.983306,"latitude":43.430336,"elevation_m":2942,"name":""},"geometry":{"type":"Point","coordinates":[40.983306,43.430336]}},{"type":"Feature","properties":{"id":"mount-0470","type":"mountain","longitude":41.117556,"latitude":43.440098,"elevation_m":3111,"name":""},"geometry":{"type":"Point","coordinates":[41.117556,43.440098]}},{"type":"Feature","properties":{"id":"mount-0471","type":"mountain","longitude":40.96982,"latitude":43.465216,"elevation_m":2132,"name":""},"geometry":{"type":"Point","coordinates":[40.96982,43.465216]}},{"type":"Feature","properties":{"id":"mount-0472","type":"mountain","longitude":41.123521,"latitude":43.543206,"elevation_m":2164,"name":""},"geometry":{"type":"Point","coordinates":[41.123521,43.543206]}},{"type":"Feature","properties":{"id":"mount-0473","type":"mountain","longitude":41.02075,"latitude":43.402966,"elevation_m":2230,"name":""},"geometry":{"type":"Point","coordinates":[41.02075,43.402966]}},{"type":"Feature","properties":{"id":"mount-0474","type":"mountain","longitude":41.057292,"latitude":43.437823,"elevation_m":2308,"name":""},"geometry":{"type":"Point","coordinates":[41.057292,43.437823]}},{"type":"Feature","properties":{"id":"mount-0475","type":"mountain","longitude":40.903848,"latitude":43.43099,"elevation_m":2278,"name":""},"geometry":{"type":"Point","coordinates":[40.903848,43.43099]}},{"type":"Feature","properties":{"id":"mount-0476","type":"mountain","longitude":40.968018,"latitude":43.475276,"elevation_m":2320,"name":""},"geometry":{"type":"Point","coordinates":[40.968018,43.475276]}},{"type":"Feature","properties":{"id":"mount-0477","type":"mountain","longitude":40.857199,"latitude":43.489327,"elevation_m":2326,"name":""},"geometry":{"type":"Point","coordinates":[40.857199,43.489327]}},{"type":"Feature","properties":{"id":"mount-0478","type":"mountain","longitude":40.96806,"latitude":43.452763,"elevation_m":2354,"name":""},"geometry":{"type":"Point","coordinates":[40.96806,43.452763]}},{"type":"Feature","properties":{"id":"mount-0479","type":"mountain","longitude":41.161405,"latitude":43.525456,"elevation_m":2350,"name":""},"geometry":{"type":"Point","coordinates":[41.161405,43.525456]}},{"type":"Feature","properties":{"id":"mount-0480","type":"mountain","longitude":40.957321,"latitude":43.406357,"elevation_m":2375,"name":""},"geometry":{"type":"Point","coordinates":[40.957321,43.406357]}},{"type":"Feature","properties":{"id":"mount-0481","type":"mountain","longitude":40.9155,"latitude":43.426082,"elevation_m":2352,"name":""},"geometry":{"type":"Point","coordinates":[40.9155,43.426082]}},{"type":"Feature","properties":{"id":"mount-0482","type":"mountain","longitude":40.991567,"latitude":43.499009,"elevation_m":2410,"name":""},"geometry":{"type":"Point","coordinates":[40.991567,43.499009]}},{"type":"Feature","properties":{"id":"mount-0483","type":"mountain","longitude":41.042207,"latitude":43.424921,"elevation_m":2403,"name":""},"geometry":{"type":"Point","coordinates":[41.042207,43.424921]}},{"type":"Feature","properties":{"id":"mount-0484","type":"mountain","longitude":41.166823,"latitude":43.356343,"elevation_m":2385,"name":""},"geometry":{"type":"Point","coordinates":[41.166823,43.356343]}},{"type":"Feature","properties":{"id":"mount-0485","type":"mountain","longitude":41.190287,"latitude":43.357099,"elevation_m":2419,"name":""},"geometry":{"type":"Point","coordinates":[41.190287,43.357099]}},{"type":"Feature","properties":{"id":"mount-0486","type":"mountain","longitude":41.156899,"latitude":43.515654,"elevation_m":2497,"name":""},"geometry":{"type":"Point","coordinates":[41.156899,43.515654]}},{"type":"Feature","properties":{"id":"mount-0487","type":"mountain","longitude":41.172262,"latitude":43.359393,"elevation_m":2496,"name":""},"geometry":{"type":"Point","coordinates":[41.172262,43.359393]}},{"type":"Feature","properties":{"id":"mount-0488","type":"mountain","longitude":41.12483,"latitude":43.526055,"elevation_m":2626,"name":""},"geometry":{"type":"Point","coordinates":[41.12483,43.526055]}},{"type":"Feature","properties":{"id":"mount-0489","type":"mountain","longitude":41.062657,"latitude":43.481122,"elevation_m":2562,"name":""},"geometry":{"type":"Point","coordinates":[41.062657,43.481122]}},{"type":"Feature","properties":{"id":"mount-0490","type":"mountain","longitude":41.041714,"latitude":43.41857,"elevation_m":2544,"name":""},"geometry":{"type":"Point","coordinates":[41.041714,43.41857]}},{"type":"Feature","properties":{"id":"mount-0491","type":"mountain","longitude":41.029612,"latitude":43.413044,"elevation_m":2580,"name":""},"geometry":{"type":"Point","coordinates":[41.029612,43.413044]}},{"type":"Feature","properties":{"id":"mount-0492","type":"mountain","longitude":41.066101,"latitude":43.40076,"elevation_m":2576,"name":""},"geometry":{"type":"Point","coordinates":[41.066101,43.40076]}},{"type":"Feature","properties":{"id":"mount-0493","type":"mountain","longitude":41.120646,"latitude":43.38686,"elevation_m":2552,"name":""},"geometry":{"type":"Point","coordinates":[41.120646,43.38686]}},{"type":"Feature","properties":{"id":"mount-0494","type":"mountain","longitude":41.03003,"latitude":43.394882,"elevation_m":2595,"name":""},"geometry":{"type":"Point","coordinates":[41.03003,43.394882]}},{"type":"Feature","properties":{"id":"mount-0495","type":"mountain","longitude":41.051037,"latitude":43.403855,"elevation_m":2651,"name":""},"geometry":{"type":"Point","coordinates":[41.051037,43.403855]}},{"type":"Feature","properties":{"id":"mount-0496","type":"mountain","longitude":41.068118,"latitude":43.423728,"elevation_m":2642,"name":""},"geometry":{"type":"Point","coordinates":[41.068118,43.423728]}},{"type":"Feature","properties":{"id":"mount-0497","type":"mountain","longitude":40.966644,"latitude":43.435875,"elevation_m":2683,"name":""},"geometry":{"type":"Point","coordinates":[40.966644,43.435875]}},{"type":"Feature","properties":{"id":"mount-0498","type":"mountain","longitude":41.038474,"latitude":43.40168,"elevation_m":2678,"name":""},"geometry":{"type":"Point","coordinates":[41.038474,43.40168]}},{"type":"Feature","properties":{"id":"mount-0499","type":"mountain","longitude":41.094468,"latitude":43.518143,"elevation_m":2682,"name":""},"geometry":{"type":"Point","coordinates":[41.094468,43.518143]}},{"type":"Feature","properties":{"id":"mount-0500","type":"mountain","longitude":41.06241,"latitude":43.392684,"elevation_m":2687,"name":""},"geometry":{"type":"Point","coordinates":[41.06241,43.392684]}},{"type":"Feature","properties":{"id":"mount-0501","type":"mountain","longitude":40.9576,"latitude":43.419848,"elevation_m":2710,"name":""},"geometry":{"type":"Point","coordinates":[40.9576,43.419848]}},{"type":"Feature","properties":{"id":"mount-0502","type":"mountain","longitude":41.125538,"latitude":43.392341,"elevation_m":2743,"name":""},"geometry":{"type":"Point","coordinates":[41.125538,43.392341]}},{"type":"Feature","properties":{"id":"mount-0503","type":"mountain","longitude":41.114434,"latitude":43.500721,"elevation_m":2743,"name":""},"geometry":{"type":"Point","coordinates":[41.114434,43.500721]}},{"type":"Feature","properties":{"id":"mount-0504","type":"mountain","longitude":41.074179,"latitude":43.386891,"elevation_m":2688,"name":""},"geometry":{"type":"Point","coordinates":[41.074179,43.386891]}},{"type":"Feature","properties":{"id":"mount-0505","type":"mountain","longitude":40.967953,"latitude":43.423962,"elevation_m":2763,"name":""},"geometry":{"type":"Point","coordinates":[40.967953,43.423962]}},{"type":"Feature","properties":{"id":"mount-0506","type":"mountain","longitude":41.042883,"latitude":43.397564,"elevation_m":2760,"name":""},"geometry":{"type":"Point","coordinates":[41.042883,43.397564]}},{"type":"Feature","properties":{"id":"mount-0507","type":"mountain","longitude":40.944167,"latitude":43.425747,"elevation_m":2797,"name":""},"geometry":{"type":"Point","coordinates":[40.944167,43.425747]}},{"type":"Feature","properties":{"id":"mount-0508","type":"mountain","longitude":41.079844,"latitude":43.428248,"elevation_m":2805,"name":""},"geometry":{"type":"Point","coordinates":[41.079844,43.428248]}},{"type":"Feature","properties":{"id":"mount-0509","type":"mountain","longitude":40.984089,"latitude":43.46439,"elevation_m":2804,"name":""},"geometry":{"type":"Point","coordinates":[40.984089,43.46439]}},{"type":"Feature","properties":{"id":"mount-0510","type":"mountain","longitude":41.168636,"latitude":43.428326,"elevation_m":2756,"name":""},"geometry":{"type":"Point","coordinates":[41.168636,43.428326]}},{"type":"Feature","properties":{"id":"mount-0511","type":"mountain","longitude":40.927774,"latitude":43.439295,"elevation_m":2844,"name":""},"geometry":{"type":"Point","coordinates":[40.927774,43.439295]}},{"type":"Feature","properties":{"id":"mount-0512","type":"mountain","longitude":41.172842,"latitude":43.365407,"elevation_m":2864,"name":""},"geometry":{"type":"Point","coordinates":[41.172842,43.365407]}},{"type":"Feature","properties":{"id":"mount-0513","type":"mountain","longitude":41.093642,"latitude":43.495554,"elevation_m":3052,"name":""},"geometry":{"type":"Point","coordinates":[41.093642,43.495554]}},{"type":"Feature","properties":{"id":"mount-0514","type":"mountain","longitude":41.168615,"latitude":43.382688,"elevation_m":2926,"name":""},"geometry":{"type":"Point","coordinates":[41.168615,43.382688]}},{"type":"Feature","properties":{"id":"mount-0515","type":"mountain","longitude":41.208794,"latitude":43.400425,"elevation_m":2989,"name":""},"geometry":{"type":"Point","coordinates":[41.208794,43.400425]}},{"type":"Feature","properties":{"id":"mount-0516","type":"mountain","longitude":41.204803,"latitude":43.374329,"elevation_m":3018,"name":""},"geometry":{"type":"Point","coordinates":[41.204803,43.374329]}},{"type":"Feature","properties":{"id":"mount-0517","type":"mountain","longitude":41.094393,"latitude":43.426791,"elevation_m":3114,"name":""},"geometry":{"type":"Point","coordinates":[41.094393,43.426791]}},{"type":"Feature","properties":{"id":"mount-0518","type":"mountain","longitude":41.190287,"latitude":43.376824,"elevation_m":3095,"name":""},"geometry":{"type":"Point","coordinates":[41.190287,43.376824]}},{"type":"Feature","properties":{"id":"mount-0519","type":"mountain","longitude":41.099221,"latitude":43.398367,"elevation_m":3183,"name":""},"geometry":{"type":"Point","coordinates":[41.099221,43.398367]}},{"type":"Feature","properties":{"id":"mount-0520","type":"mountain","longitude":41.005611,"latitude":43.409825,"elevation_m":2240,"name":""},"geometry":{"type":"Point","coordinates":[41.005611,43.409825]}},{"type":"Feature","properties":{"id":"mount-0521","type":"mountain","longitude":40.985945,"latitude":43.415187,"elevation_m":2626,"name":""},"geometry":{"type":"Point","coordinates":[40.985945,43.415187]}},{"type":"Feature","properties":{"id":"mount-0522","type":"mountain","longitude":40.986847,"latitude":43.42256,"elevation_m":2713,"name":""},"geometry":{"type":"Point","coordinates":[40.986847,43.42256]}},{"type":"Feature","properties":{"id":"mount-0523","type":"mountain","longitude":41.000462,"latitude":43.451447,"elevation_m":2745,"name":""},"geometry":{"type":"Point","coordinates":[41.000462,43.451447]}},{"type":"Feature","properties":{"id":"mount-0524","type":"mountain","longitude":40.997747,"latitude":43.432198,"elevation_m":2845,"name":""},"geometry":{"type":"Point","coordinates":[40.997747,43.432198]}},{"type":"Feature","properties":{"id":"mount-0525","type":"mountain","longitude":41.030706,"latitude":43.462537,"elevation_m":2424,"name":""},"geometry":{"type":"Point","coordinates":[41.030706,43.462537]}},{"type":"Feature","properties":{"id":"mount-0526","type":"mountain","longitude":41.052164,"latitude":43.547693,"elevation_m":2789,"name":""},"geometry":{"type":"Point","coordinates":[41.052164,43.547693]}},{"type":"Feature","properties":{"id":"mount-0527","type":"mountain","longitude":41.11114,"latitude":43.452545,"elevation_m":2915,"name":""},"geometry":{"type":"Point","coordinates":[41.11114,43.452545]}},{"type":"Feature","properties":{"id":"mount-0528","type":"mountain","longitude":41.080445,"latitude":43.411945,"elevation_m":2889,"name":""},"geometry":{"type":"Point","coordinates":[41.080445,43.411945]}},{"type":"Feature","properties":{"id":"mount-0529","type":"mountain","longitude":41.092021,"latitude":43.435603,"elevation_m":2925,"name":""},"geometry":{"type":"Point","coordinates":[41.092021,43.435603]}},{"type":"Feature","properties":{"id":"mount-0530","type":"mountain","longitude":41.079093,"latitude":43.421297,"elevation_m":2956,"name":""},"geometry":{"type":"Point","coordinates":[41.079093,43.421297]}},{"type":"Feature","properties":{"id":"mount-0531","type":"mountain","longitude":41.108834,"latitude":43.42979,"elevation_m":3188,"name":""},"geometry":{"type":"Point","coordinates":[41.108834,43.42979]}},{"type":"Feature","properties":{"id":"mount-0532","type":"mountain","longitude":41.083428,"latitude":43.417681,"elevation_m":3198,"name":""},"geometry":{"type":"Point","coordinates":[41.083428,43.417681]}},{"type":"Feature","properties":{"id":"mount-0533","type":"mountain","longitude":41.176136,"latitude":43.350975,"elevation_m":2184,"name":""},"geometry":{"type":"Point","coordinates":[41.176136,43.350975]}},{"type":"Feature","properties":{"id":"mount-0534","type":"mountain","longitude":41.18503,"latitude":43.348962,"elevation_m":2185,"name":""},"geometry":{"type":"Point","coordinates":[41.18503,43.348962]}},{"type":"Feature","properties":{"id":"mount-0535","type":"mountain","longitude":41.337433,"latitude":43.372418,"elevation_m":2427,"name":""},"geometry":{"type":"Point","coordinates":[41.337433,43.372418]}},{"type":"Feature","properties":{"id":"mount-0536","type":"mountain","longitude":41.244768,"latitude":43.345701,"elevation_m":2445,"name":""},"geometry":{"type":"Point","coordinates":[41.244768,43.345701]}},{"type":"Feature","properties":{"id":"mount-0537","type":"mountain","longitude":41.200887,"latitude":43.488183,"elevation_m":2547,"name":""},"geometry":{"type":"Point","coordinates":[41.200887,43.488183]}},{"type":"Feature","properties":{"id":"mount-0538","type":"mountain","longitude":41.207614,"latitude":43.352629,"elevation_m":2548,"name":""},"geometry":{"type":"Point","coordinates":[41.207614,43.352629]}},{"type":"Feature","properties":{"id":"mount-0539","type":"mountain","longitude":41.284153,"latitude":43.398352,"elevation_m":2577,"name":""},"geometry":{"type":"Point","coordinates":[41.284153,43.398352]}},{"type":"Feature","properties":{"id":"mount-0540","type":"mountain","longitude":41.231378,"latitude":43.345576,"elevation_m":2645,"name":""},"geometry":{"type":"Point","coordinates":[41.231378,43.345576]}},{"type":"Feature","properties":{"id":"mount-0541","type":"mountain","longitude":41.306512,"latitude":43.355913,"elevation_m":2713,"name":""},"geometry":{"type":"Point","coordinates":[41.306512,43.355913]}},{"type":"Feature","properties":{"id":"mount-0542","type":"mountain","longitude":41.346821,"latitude":43.369267,"elevation_m":2674,"name":""},"geometry":{"type":"Point","coordinates":[41.346821,43.369267]}},{"type":"Feature","properties":{"id":"mount-0543","type":"mountain","longitude":41.288756,"latitude":43.378392,"elevation_m":2740,"name":""},"geometry":{"type":"Point","coordinates":[41.288756,43.378392]}},{"type":"Feature","properties":{"id":"mount-0544","type":"mountain","longitude":41.218568,"latitude":43.3555,"elevation_m":2765,"name":""},"geometry":{"type":"Point","coordinates":[41.218568,43.3555]}},{"type":"Feature","properties":{"id":"mount-0545","type":"mountain","longitude":41.318679,"latitude":43.383,"elevation_m":2794,"name":""},"geometry":{"type":"Point","coordinates":[41.318679,43.383]}},{"type":"Feature","properties":{"id":"mount-0546","type":"mountain","longitude":41.26202,"latitude":43.392185,"elevation_m":2885,"name":""},"geometry":{"type":"Point","coordinates":[41.26202,43.392185]}},{"type":"Feature","properties":{"id":"mount-0547","type":"mountain","longitude":41.32399,"latitude":43.375405,"elevation_m":2903,"name":""},"geometry":{"type":"Point","coordinates":[41.32399,43.375405]}},{"type":"Feature","properties":{"id":"mount-0548","type":"mountain","longitude":41.217592,"latitude":43.431021,"elevation_m":2884,"name":""},"geometry":{"type":"Point","coordinates":[41.217592,43.431021]}},{"type":"Feature","properties":{"id":"mount-0549","type":"mountain","longitude":41.401098,"latitude":43.455754,"elevation_m":2950,"name":""},"geometry":{"type":"Point","coordinates":[41.401098,43.455754]}},{"type":"Feature","properties":{"id":"mount-0550","type":"mountain","longitude":41.35094,"latitude":43.347425,"elevation_m":2938,"name":""},"geometry":{"type":"Point","coordinates":[41.35094,43.347425]}},{"type":"Feature","properties":{"id":"mount-0551","type":"mountain","longitude":41.288348,"latitude":43.369509,"elevation_m":2772,"name":""},"geometry":{"type":"Point","coordinates":[41.288348,43.369509]}},{"type":"Feature","properties":{"id":"mount-0552","type":"mountain","longitude":41.339922,"latitude":43.347246,"elevation_m":2960,"name":""},"geometry":{"type":"Point","coordinates":[41.339922,43.347246]}},{"type":"Feature","properties":{"id":"mount-0553","type":"mountain","longitude":41.223868,"latitude":43.361873,"elevation_m":2938,"name":""},"geometry":{"type":"Point","coordinates":[41.223868,43.361873]}},{"type":"Feature","properties":{"id":"mount-0554","type":"mountain","longitude":41.23523,"latitude":43.39705,"elevation_m":2959,"name":""},"geometry":{"type":"Point","coordinates":[41.23523,43.39705]}},{"type":"Feature","properties":{"id":"mount-0555","type":"mountain","longitude":41.241217,"latitude":43.355937,"elevation_m":3000,"name":""},"geometry":{"type":"Point","coordinates":[41.241217,43.355937]}},{"type":"Feature","properties":{"id":"mount-0556","type":"mountain","longitude":41.323099,"latitude":43.335604,"elevation_m":2958,"name":""},"geometry":{"type":"Point","coordinates":[41.323099,43.335604]}},{"type":"Feature","properties":{"id":"mount-0557","type":"mountain","longitude":41.417674,"latitude":43.452047,"elevation_m":3070,"name":""},"geometry":{"type":"Point","coordinates":[41.417674,43.452047]}},{"type":"Feature","properties":{"id":"mount-0558","type":"mountain","longitude":41.286074,"latitude":43.409514,"elevation_m":3050,"name":""},"geometry":{"type":"Point","coordinates":[41.286074,43.409514]}},{"type":"Feature","properties":{"id":"mount-0559","type":"mountain","longitude":41.240723,"latitude":43.435626,"elevation_m":3110,"name":""},"geometry":{"type":"Point","coordinates":[41.240723,43.435626]}},{"type":"Feature","properties":{"id":"mount-0560","type":"mountain","longitude":41.260926,"latitude":43.352629,"elevation_m":3108,"name":""},"geometry":{"type":"Point","coordinates":[41.260926,43.352629]}},{"type":"Feature","properties":{"id":"mount-0561","type":"mountain","longitude":41.420828,"latitude":43.478016,"elevation_m":3149,"name":""},"geometry":{"type":"Point","coordinates":[41.420828,43.478016]}},{"type":"Feature","properties":{"id":"mount-0562","type":"mountain","longitude":41.26688,"latitude":43.574344,"elevation_m":1814,"name":""},"geometry":{"type":"Point","coordinates":[41.26688,43.574344]}},{"type":"Feature","properties":{"id":"mount-0563","type":"mountain","longitude":41.194289,"latitude":43.54798,"elevation_m":1936,"name":""},"geometry":{"type":"Point","coordinates":[41.194289,43.54798]}},{"type":"Feature","properties":{"id":"mount-0564","type":"mountain","longitude":41.22095,"latitude":43.548766,"elevation_m":2035,"name":""},"geometry":{"type":"Point","coordinates":[41.22095,43.548766]}},{"type":"Feature","properties":{"id":"mount-0565","type":"mountain","longitude":41.365371,"latitude":43.59514,"elevation_m":2155,"name":""},"geometry":{"type":"Point","coordinates":[41.365371,43.59514]}},{"type":"Feature","properties":{"id":"mount-0566","type":"mountain","longitude":41.350404,"latitude":43.642023,"elevation_m":2249,"name":""},"geometry":{"type":"Point","coordinates":[41.350404,43.642023]}},{"type":"Feature","properties":{"id":"mount-0567","type":"mountain","longitude":41.307853,"latitude":43.514401,"elevation_m":2218,"name":""},"geometry":{"type":"Point","coordinates":[41.307853,43.514401]}},{"type":"Feature","properties":{"id":"mount-0568","type":"mountain","longitude":41.349921,"latitude":43.621817,"elevation_m":2325,"name":""},"geometry":{"type":"Point","coordinates":[41.349921,43.621817]}},{"type":"Feature","properties":{"id":"mount-0569","type":"mountain","longitude":41.378814,"latitude":43.56102,"elevation_m":2290,"name":""},"geometry":{"type":"Point","coordinates":[41.378814,43.56102]}},{"type":"Feature","properties":{"id":"mount-0570","type":"mountain","longitude":41.260679,"latitude":43.649158,"elevation_m":2293,"name":""},"geometry":{"type":"Point","coordinates":[41.260679,43.649158]}},{"type":"Feature","properties":{"id":"mount-0571","type":"mountain","longitude":41.282308,"latitude":43.632309,"elevation_m":2307,"name":""},"geometry":{"type":"Point","coordinates":[41.282308,43.632309]}},{"type":"Feature","properties":{"id":"mount-0572","type":"mountain","longitude":41.341542,"latitude":43.548245,"elevation_m":2298,"name":""},"geometry":{"type":"Point","coordinates":[41.341542,43.548245]}},{"type":"Feature","properties":{"id":"mount-0573","type":"mountain","longitude":41.327144,"latitude":43.635291,"elevation_m":2328,"name":""},"geometry":{"type":"Point","coordinates":[41.327144,43.635291]}},{"type":"Feature","properties":{"id":"mount-0574","type":"mountain","longitude":41.337894,"latitude":43.483123,"elevation_m":2370,"name":""},"geometry":{"type":"Point","coordinates":[41.337894,43.483123]}},{"type":"Feature","properties":{"id":"mount-0575","type":"mountain","longitude":41.337529,"latitude":43.633847,"elevation_m":2350,"name":""},"geometry":{"type":"Point","coordinates":[41.337529,43.633847]}},{"type":"Feature","properties":{"id":"mount-0576","type":"mountain","longitude":41.458561,"latitude":43.621235,"elevation_m":2391,"name":""},"geometry":{"type":"Point","coordinates":[41.458561,43.621235]}},{"type":"Feature","properties":{"id":"mount-0577","type":"mountain","longitude":41.305,"latitude":43.623728,"elevation_m":2395,"name":""},"geometry":{"type":"Point","coordinates":[41.305,43.623728]}},{"type":"Feature","properties":{"id":"mount-0578","type":"mountain","longitude":41.227012,"latitude":43.610609,"elevation_m":2435,"name":""},"geometry":{"type":"Point","coordinates":[41.227012,43.610609]}},{"type":"Feature","properties":{"id":"mount-0579","type":"mountain","longitude":41.314913,"latitude":43.622563,"elevation_m":2438,"name":""},"geometry":{"type":"Point","coordinates":[41.314913,43.622563]}},{"type":"Feature","properties":{"id":"mount-0580","type":"mountain","longitude":41.225445,"latitude":43.564635,"elevation_m":2487,"name":""},"geometry":{"type":"Point","coordinates":[41.225445,43.564635]}},{"type":"Feature","properties":{"id":"mount-0581","type":"mountain","longitude":41.321758,"latitude":43.61116,"elevation_m":2494,"name":""},"geometry":{"type":"Point","coordinates":[41.321758,43.61116]}},{"type":"Feature","properties":{"id":"mount-0582","type":"mountain","longitude":41.261526,"latitude":43.637822,"elevation_m":2479,"name":""},"geometry":{"type":"Point","coordinates":[41.261526,43.637822]}},{"type":"Feature","properties":{"id":"mount-0583","type":"mountain","longitude":41.38038,"latitude":43.551977,"elevation_m":2507,"name":""},"geometry":{"type":"Point","coordinates":[41.38038,43.551977]}},{"type":"Feature","properties":{"id":"mount-0584","type":"mountain","longitude":41.239103,"latitude":43.625265,"elevation_m":2568,"name":""},"geometry":{"type":"Point","coordinates":[41.239103,43.625265]}},{"type":"Feature","properties":{"id":"mount-0585","type":"mountain","longitude":41.281536,"latitude":43.626314,"elevation_m":2646,"name":""},"geometry":{"type":"Point","coordinates":[41.281536,43.626314]}},{"type":"Feature","properties":{"id":"mount-0586","type":"mountain","longitude":41.221958,"latitude":43.414424,"elevation_m":2672,"name":""},"geometry":{"type":"Point","coordinates":[41.221958,43.414424]}},{"type":"Feature","properties":{"id":"mount-0587","type":"mountain","longitude":41.35609,"latitude":43.51833,"elevation_m":2781,"name":""},"geometry":{"type":"Point","coordinates":[41.35609,43.51833]}},{"type":"Feature","properties":{"id":"mount-0588","type":"mountain","longitude":41.238298,"latitude":43.594387,"elevation_m":2797,"name":""},"geometry":{"type":"Point","coordinates":[41.238298,43.594387]}},{"type":"Feature","properties":{"id":"mount-0589","type":"mountain","longitude":41.298476,"latitude":43.598994,"elevation_m":2815,"name":""},"geometry":{"type":"Point","coordinates":[41.298476,43.598994]}},{"type":"Feature","properties":{"id":"mount-0590","type":"mountain","longitude":41.238395,"latitude":43.617747,"elevation_m":2860,"name":""},"geometry":{"type":"Point","coordinates":[41.238395,43.617747]}},{"type":"Feature","properties":{"id":"mount-0591","type":"mountain","longitude":41.276128,"latitude":43.485412,"elevation_m":2910,"name":""},"geometry":{"type":"Point","coordinates":[41.276128,43.485412]}},{"type":"Feature","properties":{"id":"mount-0592","type":"mountain","longitude":41.274412,"latitude":43.406482,"elevation_m":3025,"name":""},"geometry":{"type":"Point","coordinates":[41.274412,43.406482]}},{"type":"Feature","properties":{"id":"mount-0593","type":"mountain","longitude":41.224576,"latitude":43.580842,"elevation_m":3032,"name":""},"geometry":{"type":"Point","coordinates":[41.224576,43.580842]}},{"type":"Feature","properties":{"id":"mount-0594","type":"mountain","longitude":41.241968,"latitude":43.611393,"elevation_m":3052,"name":""},"geometry":{"type":"Point","coordinates":[41.241968,43.611393]}},{"type":"Feature","properties":{"id":"mount-0595","type":"mountain","longitude":41.265131,"latitude":43.428559,"elevation_m":3104,"name":""},"geometry":{"type":"Point","coordinates":[41.265131,43.428559]}},{"type":"Feature","properties":{"id":"mount-0596","type":"mountain","longitude":41.546838,"latitude":43.57551,"elevation_m":2917,"name":""},"geometry":{"type":"Point","coordinates":[41.546838,43.57551]}},{"type":"Feature","properties":{"id":"mount-0597","type":"mountain","longitude":41.545604,"latitude":43.607012,"elevation_m":1957,"name":""},"geometry":{"type":"Point","coordinates":[41.545604,43.607012]}},{"type":"Feature","properties":{"id":"mount-0598","type":"mountain","longitude":41.472208,"latitude":43.64519,"elevation_m":2009,"name":""},"geometry":{"type":"Point","coordinates":[41.472208,43.64519]}},{"type":"Feature","properties":{"id":"mount-0599","type":"mountain","longitude":41.50167,"latitude":43.618136,"elevation_m":2096,"name":""},"geometry":{"type":"Point","coordinates":[41.50167,43.618136]}},{"type":"Feature","properties":{"id":"mount-0600","type":"mountain","longitude":41.533288,"latitude":43.592739,"elevation_m":2157,"name":""},"geometry":{"type":"Point","coordinates":[41.533288,43.592739]}},{"type":"Feature","properties":{"id":"mount-0601","type":"mountain","longitude":41.503376,"latitude":43.62772,"elevation_m":2253,"name":""},"geometry":{"type":"Point","coordinates":[41.503376,43.62772]}},{"type":"Feature","properties":{"id":"mount-0602","type":"mountain","longitude":41.568822,"latitude":43.591504,"elevation_m":2552,"name":""},"geometry":{"type":"Point","coordinates":[41.568822,43.591504]}},{"type":"Feature","properties":{"id":"mount-0603","type":"mountain","longitude":41.462435,"latitude":43.702537,"elevation_m":1833,"name":""},"geometry":{"type":"Point","coordinates":[41.462435,43.702537]}},{"type":"Feature","properties":{"id":"mount-0604","type":"mountain","longitude":41.449839,"latitude":43.528124,"elevation_m":1805,"name":""},"geometry":{"type":"Point","coordinates":[41.449839,43.528124]}},{"type":"Feature","properties":{"id":"mount-0605","type":"mountain","longitude":41.464055,"latitude":43.594729,"elevation_m":2128,"name":""},"geometry":{"type":"Point","coordinates":[41.464055,43.594729]}},{"type":"Feature","properties":{"id":"mount-0606","type":"mountain","longitude":41.269058,"latitude":43.682631,"elevation_m":2146,"name":""},"geometry":{"type":"Point","coordinates":[41.269058,43.682631]}},{"type":"Feature","properties":{"id":"mount-0607","type":"mountain","longitude":41.459162,"latitude":43.578549,"elevation_m":2130,"name":""},"geometry":{"type":"Point","coordinates":[41.459162,43.578549]}},{"type":"Feature","properties":{"id":"mount-0608","type":"mountain","longitude":41.289732,"latitude":43.670169,"elevation_m":2260,"name":""},"geometry":{"type":"Point","coordinates":[41.289732,43.670169]}},{"type":"Feature","properties":{"id":"mount-0609","type":"mountain","longitude":41.273028,"latitude":43.646324,"elevation_m":2284,"name":""},"geometry":{"type":"Point","coordinates":[41.273028,43.646324]}},{"type":"Feature","properties":{"id":"mount-0610","type":"mountain","longitude":41.474376,"latitude":43.525231,"elevation_m":2341,"name":""},"geometry":{"type":"Point","coordinates":[41.474376,43.525231]}},{"type":"Feature","properties":{"id":"mount-0611","type":"mountain","longitude":41.469848,"latitude":43.581106,"elevation_m":2369,"name":""},"geometry":{"type":"Point","coordinates":[41.469848,43.581106]}},{"type":"Feature","properties":{"id":"mount-0612","type":"mountain","longitude":41.287576,"latitude":43.664139,"elevation_m":2398,"name":""},"geometry":{"type":"Point","coordinates":[41.287576,43.664139]}},{"type":"Feature","properties":{"id":"mount-0613","type":"mountain","longitude":41.459956,"latitude":43.51742,"elevation_m":2486,"name":""},"geometry":{"type":"Point","coordinates":[41.459956,43.51742]}},{"type":"Feature","properties":{"id":"mount-0614","type":"mountain","longitude":41.473689,"latitude":43.54466,"elevation_m":2547,"name":""},"geometry":{"type":"Point","coordinates":[41.473689,43.54466]}},{"type":"Feature","properties":{"id":"mount-0615","type":"mountain","longitude":41.228364,"latitude":43.661593,"elevation_m":2610,"name":""},"geometry":{"type":"Point","coordinates":[41.228364,43.661593]}},{"type":"Feature","properties":{"id":"mount-0616","type":"mountain","longitude":41.229275,"latitude":43.65328,"elevation_m":2649,"name":""},"geometry":{"type":"Point","coordinates":[41.229275,43.65328]}},{"type":"Feature","properties":{"id":"mount-0617","type":"mountain","longitude":41.480083,"latitude":43.554489,"elevation_m":2723,"name":""},"geometry":{"type":"Point","coordinates":[41.480083,43.554489]}},{"type":"Feature","properties":{"id":"mount-0618","type":"mountain","longitude":41.217828,"latitude":43.644569,"elevation_m":2771,"name":""},"geometry":{"type":"Point","coordinates":[41.217828,43.644569]}},{"type":"Feature","properties":{"id":"mount-0619","type":"mountain","longitude":41.407127,"latitude":43.524585,"elevation_m":2785,"name":""},"geometry":{"type":"Point","coordinates":[41.407127,43.524585]}},{"type":"Feature","properties":{"id":"mount-0620","type":"mountain","longitude":41.420227,"latitude":43.700442,"elevation_m":1853,"name":""},"geometry":{"type":"Point","coordinates":[41.420227,43.700442]}},{"type":"Feature","properties":{"id":"mount-0621","type":"mountain","longitude":41.409209,"latitude":43.54966,"elevation_m":2355,"name":""},"geometry":{"type":"Point","coordinates":[41.409209,43.54966]}},{"type":"Feature","properties":{"id":"mount-0622","type":"mountain","longitude":41.815134,"latitude":43.433974,"elevation_m":2868,"name":""},"geometry":{"type":"Point","coordinates":[41.815134,43.433974]}},{"type":"Feature","properties":{"id":"mount-0623","type":"mountain","longitude":41.821915,"latitude":43.419809,"elevation_m":3038,"name":""},"geometry":{"type":"Point","coordinates":[41.821915,43.419809]}},{"type":"Feature","properties":{"id":"mount-0624","type":"mountain","longitude":41.828138,"latitude":43.409288,"elevation_m":3074,"name":""},"geometry":{"type":"Point","coordinates":[41.828138,43.409288]}},{"type":"Feature","properties":{"id":"mount-0625","type":"mountain","longitude":40.804886,"latitude":43.557195,"elevation_m":2708,"name":""},"geometry":{"type":"Point","coordinates":[40.804886,43.557195]}},{"type":"Feature","properties":{"id":"mount-0626","type":"mountain","longitude":41.451652,"latitude":43.374742,"elevation_m":2865,"name":""},"geometry":{"type":"Point","coordinates":[41.451652,43.374742]}},{"type":"Feature","properties":{"id":"mount-0627","type":"mountain","longitude":41.021136,"latitude":43.840849,"elevation_m":1838,"name":""},"geometry":{"type":"Point","coordinates":[41.021136,43.840849]}},{"type":"Feature","properties":{"id":"mount-0628","type":"mountain","longitude":42.705842,"latitude":43.311713,"elevation_m":2905,"name":""},"geometry":{"type":"Point","coordinates":[42.705842,43.311713]}},{"type":"Feature","properties":{"id":"mount-0629","type":"mountain","longitude":41.242021,"latitude":43.359463,"elevation_m":3141,"name":""},"geometry":{"type":"Point","coordinates":[41.242021,43.359463]}},{"type":"Feature","properties":{"id":"mount-0630","type":"mountain","longitude":43.013041,"latitude":43.187898,"elevation_m":3177,"name":""},"geometry":{"type":"Point","coordinates":[43.013041,43.187898]}},{"type":"Feature","properties":{"id":"mount-0631","type":"mountain","longitude":41.175792,"latitude":43.721715,"elevation_m":2027,"name":""},"geometry":{"type":"Point","coordinates":[41.175792,43.721715]}},{"type":"Feature","properties":{"id":"mount-0632","type":"mountain","longitude":41.381614,"latitude":43.662563,"elevation_m":1902,"name":""},"geometry":{"type":"Point","coordinates":[41.381614,43.662563]}},{"type":"Feature","properties":{"id":"mount-0633","type":"mountain","longitude":42.469422,"latitude":43.259011,"elevation_m":3039,"name":""},"geometry":{"type":"Point","coordinates":[42.469422,43.259011]}},{"type":"Feature","properties":{"id":"mount-0634","type":"mountain","longitude":41.030674,"latitude":43.561836,"elevation_m":2728,"name":""},"geometry":{"type":"Point","coordinates":[41.030674,43.561836]}},{"type":"Feature","properties":{"id":"mount-0635","type":"mountain","longitude":41.822698,"latitude":43.27551,"elevation_m":2598,"name":""},"geometry":{"type":"Point","coordinates":[41.822698,43.27551]}},{"type":"Feature","properties":{"id":"mount-0636","type":"mountain","longitude":41.296567,"latitude":43.440472,"elevation_m":2641,"name":""},"geometry":{"type":"Point","coordinates":[41.296567,43.440472]}},{"type":"Feature","properties":{"id":"mount-0637","type":"mountain","longitude":41.300268,"latitude":43.446929,"elevation_m":2706,"name":""},"geometry":{"type":"Point","coordinates":[41.300268,43.446929]}},{"type":"Feature","properties":{"id":"mount-0638","type":"mountain","longitude":41.295161,"latitude":43.453153,"elevation_m":2549,"name":""},"geometry":{"type":"Point","coordinates":[41.295161,43.453153]}},{"type":"Feature","properties":{"id":"mount-0639","type":"mountain","longitude":41.796724,"latitude":43.362209,"elevation_m":3173,"name":""},"geometry":{"type":"Point","coordinates":[41.796724,43.362209]}},{"type":"Feature","properties":{"id":"mount-0640","type":"mountain","longitude":41.596824,"latitude":43.318715,"elevation_m":3099,"name":""},"geometry":{"type":"Point","coordinates":[41.596824,43.318715]}},{"type":"Feature","properties":{"id":"mount-0641","type":"mountain","longitude":41.742232,"latitude":43.359104,"elevation_m":2575,"name":""},"geometry":{"type":"Point","coordinates":[41.742232,43.359104]}},{"type":"Feature","properties":{"id":"mount-0642","type":"mountain","longitude":41.717716,"latitude":43.350546,"elevation_m":2910,"name":""},"geometry":{"type":"Point","coordinates":[41.717716,43.350546]}},{"type":"Feature","properties":{"id":"mount-0643","type":"mountain","longitude":41.553018,"latitude":43.408547,"elevation_m":2639,"name":""},"geometry":{"type":"Point","coordinates":[41.553018,43.408547]}},{"type":"Feature","properties":{"id":"mount-0644","type":"mountain","longitude":41.668181,"latitude":43.403566,"elevation_m":3113,"name":""},"geometry":{"type":"Point","coordinates":[41.668181,43.403566]}},{"type":"Feature","properties":{"id":"mount-0645","type":"mountain","longitude":41.636982,"latitude":43.358605,"elevation_m":2788,"name":""},"geometry":{"type":"Point","coordinates":[41.636982,43.358605]}},{"type":"Feature","properties":{"id":"mount-0646","type":"mountain","longitude":41.589142,"latitude":43.29908,"elevation_m":2081,"name":""},"geometry":{"type":"Point","coordinates":[41.589142,43.29908]}},{"type":"Feature","properties":{"id":"mount-0647","type":"mountain","longitude":41.625212,"latitude":43.315702,"elevation_m":2448,"name":""},"geometry":{"type":"Point","coordinates":[41.625212,43.315702]}},{"type":"Feature","properties":{"id":"mount-0648","type":"mountain","longitude":41.567169,"latitude":43.283665,"elevation_m":2691,"name":""},"geometry":{"type":"Point","coordinates":[41.567169,43.283665]}},{"type":"Feature","properties":{"id":"mount-0649","type":"mountain","longitude":41.642089,"latitude":43.436841,"elevation_m":2831,"name":""},"geometry":{"type":"Point","coordinates":[41.642089,43.436841]}},{"type":"Feature","properties":{"id":"mount-0650","type":"mountain","longitude":41.617563,"latitude":43.377986,"elevation_m":2977,"name":""},"geometry":{"type":"Point","coordinates":[41.617563,43.377986]}},{"type":"Feature","properties":{"id":"mount-0651","type":"mountain","longitude":41.640104,"latitude":43.447724,"elevation_m":3024,"name":""},"geometry":{"type":"Point","coordinates":[41.640104,43.447724]}},{"type":"Feature","properties":{"id":"mount-0652","type":"mountain","longitude":41.512034,"latitude":43.349797,"elevation_m":3090,"name":""},"geometry":{"type":"Point","coordinates":[41.512034,43.349797]}},{"type":"Feature","properties":{"id":"mount-0653","type":"mountain","longitude":41.523331,"latitude":43.371396,"elevation_m":3147,"name":""},"geometry":{"type":"Point","coordinates":[41.523331,43.371396]}},{"type":"Feature","properties":{"id":"mount-0654","type":"mountain","longitude":40.960937,"latitude":43.37163,"elevation_m":2421,"name":""},"geometry":{"type":"Point","coordinates":[40.960937,43.37163]}},{"type":"Feature","properties":{"id":"mount-0655","type":"mountain","longitude":41.915642,"latitude":43.524227,"elevation_m":2239,"name":""},"geometry":{"type":"Point","coordinates":[41.915642,43.524227]}},{"type":"Feature","properties":{"id":"mount-0656","type":"mountain","longitude":41.525391,"latitude":43.506885,"elevation_m":2280,"name":""},"geometry":{"type":"Point","coordinates":[41.525391,43.506885]}},{"type":"Feature","properties":{"id":"mount-0657","type":"mountain","longitude":41.702203,"latitude":43.532488,"elevation_m":2346,"name":""},"geometry":{"type":"Point","coordinates":[41.702203,43.532488]}},{"type":"Feature","properties":{"id":"mount-0658","type":"mountain","longitude":41.744485,"latitude":43.530015,"elevation_m":2340,"name":""},"geometry":{"type":"Point","coordinates":[41.744485,43.530015]}},{"type":"Feature","properties":{"id":"mount-0659","type":"mountain","longitude":41.685584,"latitude":43.487599,"elevation_m":2435,"name":""},"geometry":{"type":"Point","coordinates":[41.685584,43.487599]}},{"type":"Feature","properties":{"id":"mount-0660","type":"mountain","longitude":41.592565,"latitude":43.513522,"elevation_m":2437,"name":""},"geometry":{"type":"Point","coordinates":[41.592565,43.513522]}},{"type":"Feature","properties":{"id":"mount-0661","type":"mountain","longitude":41.79653,"latitude":43.507834,"elevation_m":2491,"name":""},"geometry":{"type":"Point","coordinates":[41.79653,43.507834]}},{"type":"Feature","properties":{"id":"mount-0662","type":"mountain","longitude":41.967301,"latitude":43.517451,"elevation_m":2614,"name":""},"geometry":{"type":"Point","coordinates":[41.967301,43.517451]}},{"type":"Feature","properties":{"id":"mount-0663","type":"mountain","longitude":41.606426,"latitude":43.531189,"elevation_m":2674,"name":""},"geometry":{"type":"Point","coordinates":[41.606426,43.531189]}},{"type":"Feature","properties":{"id":"mount-0664","type":"mountain","longitude":41.913968,"latitude":43.508106,"elevation_m":2819,"name":""},"geometry":{"type":"Point","coordinates":[41.913968,43.508106]}},{"type":"Feature","properties":{"id":"mount-0665","type":"mountain","longitude":41.875827,"latitude":43.519676,"elevation_m":2887,"name":""},"geometry":{"type":"Point","coordinates":[41.875827,43.519676]}},{"type":"Feature","properties":{"id":"mount-0666","type":"mountain","longitude":41.880419,"latitude":43.501398,"elevation_m":2958,"name":""},"geometry":{"type":"Point","coordinates":[41.880419,43.501398]}},{"type":"Feature","properties":{"id":"mount-0667","type":"mountain","longitude":41.934396,"latitude":43.515195,"elevation_m":2966,"name":""},"geometry":{"type":"Point","coordinates":[41.934396,43.515195]}},{"type":"Feature","properties":{"id":"mount-0668","type":"mountain","longitude":41.960424,"latitude":43.49911,"elevation_m":2977,"name":""},"geometry":{"type":"Point","coordinates":[41.960424,43.49911]}},{"type":"Feature","properties":{"id":"mount-0669","type":"mountain","longitude":41.646713,"latitude":43.530365,"elevation_m":3021,"name":""},"geometry":{"type":"Point","coordinates":[41.646713,43.530365]}},{"type":"Feature","properties":{"id":"mount-0670","type":"mountain","longitude":41.841366,"latitude":43.505227,"elevation_m":3054,"name":""},"geometry":{"type":"Point","coordinates":[41.841366,43.505227]}},{"type":"Feature","properties":{"id":"mount-0671","type":"mountain","longitude":41.61678,"latitude":43.511359,"elevation_m":3092,"name":""},"geometry":{"type":"Point","coordinates":[41.61678,43.511359]}},{"type":"Feature","properties":{"id":"mount-0672","type":"mountain","longitude":41.861118,"latitude":43.498807,"elevation_m":3095,"name":""},"geometry":{"type":"Point","coordinates":[41.861118,43.498807]}},{"type":"Feature","properties":{"id":"mount-0673","type":"mountain","longitude":41.894206,"latitude":43.518984,"elevation_m":3075,"name":""},"geometry":{"type":"Point","coordinates":[41.894206,43.518984]}},{"type":"Feature","properties":{"id":"mount-0674","type":"mountain","longitude":41.91237,"latitude":43.498013,"elevation_m":3163,"name":""},"geometry":{"type":"Point","coordinates":[41.91237,43.498013]}},{"type":"Feature","properties":{"id":"mount-0675","type":"mountain","longitude":41.938977,"latitude":43.499935,"elevation_m":3168,"name":""},"geometry":{"type":"Point","coordinates":[41.938977,43.499935]}},{"type":"Feature","properties":{"id":"mount-0676","type":"mountain","longitude":41.675777,"latitude":43.511001,"elevation_m":3185,"name":""},"geometry":{"type":"Point","coordinates":[41.675777,43.511001]}},{"type":"Feature","properties":{"id":"mount-0677","type":"mountain","longitude":41.661143,"latitude":43.254979,"elevation_m":3172,"name":""},"geometry":{"type":"Point","coordinates":[41.661143,43.254979]}},{"type":"Feature","properties":{"id":"mount-0678","type":"mountain","longitude":41.555904,"latitude":43.297073,"elevation_m":2012,"name":""},"geometry":{"type":"Point","coordinates":[41.555904,43.297073]}},{"type":"Feature","properties":{"id":"mount-0679","type":"mountain","longitude":41.541935,"latitude":43.303679,"elevation_m":2583,"name":""},"geometry":{"type":"Point","coordinates":[41.541935,43.303679]}},{"type":"Feature","properties":{"id":"mount-0680","type":"mountain","longitude":41.569465,"latitude":43.270917,"elevation_m":2714,"name":""},"geometry":{"type":"Point","coordinates":[41.569465,43.270917]}},{"type":"Feature","properties":{"id":"mount-0681","type":"mountain","longitude":41.538888,"latitude":43.242553,"elevation_m":2621,"name":""},"geometry":{"type":"Point","coordinates":[41.538888,43.242553]}},{"type":"Feature","properties":{"id":"mount-0682","type":"mountain","longitude":41.5133,"latitude":43.252916,"elevation_m":2557,"name":""},"geometry":{"type":"Point","coordinates":[41.5133,43.252916]}},{"type":"Feature","properties":{"id":"mount-0683","type":"mountain","longitude":41.57998,"latitude":43.277682,"elevation_m":2747,"name":""},"geometry":{"type":"Point","coordinates":[41.57998,43.277682]}},{"type":"Feature","properties":{"id":"mount-0684","type":"mountain","longitude":41.630609,"latitude":43.270698,"elevation_m":2829,"name":""},"geometry":{"type":"Point","coordinates":[41.630609,43.270698]}},{"type":"Feature","properties":{"id":"mount-0685","type":"mountain","longitude":41.598648,"latitude":43.2733,"elevation_m":2830,"name":""},"geometry":{"type":"Point","coordinates":[41.598648,43.2733]}},{"type":"Feature","properties":{"id":"mount-0686","type":"mountain","longitude":41.549027,"latitude":43.317926,"elevation_m":2975,"name":""},"geometry":{"type":"Point","coordinates":[41.549027,43.317926]}},{"type":"Feature","properties":{"id":"mount-0687","type":"mountain","longitude":41.525928,"latitude":43.293317,"elevation_m":2840,"name":""},"geometry":{"type":"Point","coordinates":[41.525928,43.293317]}},{"type":"Feature","properties":{"id":"mount-0688","type":"mountain","longitude":41.561011,"latitude":43.236011,"elevation_m":3049,"name":""},"geometry":{"type":"Point","coordinates":[41.561011,43.236011]}},{"type":"Feature","properties":{"id":"mount-0689","type":"mountain","longitude":41.526958,"latitude":43.262855,"elevation_m":3037,"name":""},"geometry":{"type":"Point","coordinates":[41.526958,43.262855]}},{"type":"Feature","properties":{"id":"mount-0690","type":"mountain","longitude":41.587994,"latitude":43.271245,"elevation_m":3076,"name":""},"geometry":{"type":"Point","coordinates":[41.587994,43.271245]}},{"type":"Feature","properties":{"id":"mount-0691","type":"mountain","longitude":41.494739,"latitude":43.271886,"elevation_m":3100,"name":""},"geometry":{"type":"Point","coordinates":[41.494739,43.271886]}},{"type":"Feature","properties":{"id":"mount-0692","type":"mountain","longitude":41.556011,"latitude":43.28104,"elevation_m":3122,"name":""},"geometry":{"type":"Point","coordinates":[41.556011,43.28104]}},{"type":"Feature","properties":{"id":"mount-0693","type":"mountain","longitude":41.508397,"latitude":43.263112,"elevation_m":3197,"name":""},"geometry":{"type":"Point","coordinates":[41.508397,43.263112]}},{"type":"Feature","properties":{"id":"mount-0694","type":"mountain","longitude":41.549306,"latitude":43.24364,"elevation_m":3185,"name":""},"geometry":{"type":"Point","coordinates":[41.549306,43.24364]}},{"type":"Feature","properties":{"id":"mount-0695","type":"mountain","longitude":41.509395,"latitude":43.294028,"elevation_m":3090,"name":""},"geometry":{"type":"Point","coordinates":[41.509395,43.294028]}},{"type":"Feature","properties":{"id":"mount-0696","type":"mountain","longitude":41.595429,"latitude":43.203651,"elevation_m":2545,"name":""},"geometry":{"type":"Point","coordinates":[41.595429,43.203651]}},{"type":"Feature","properties":{"id":"mount-0697","type":"mountain","longitude":41.66345,"latitude":43.299033,"elevation_m":2952,"name":""},"geometry":{"type":"Point","coordinates":[41.66345,43.299033]}},{"type":"Feature","properties":{"id":"mount-0698","type":"mountain","longitude":41.632465,"latitude":43.194312,"elevation_m":1944,"name":""},"geometry":{"type":"Point","coordinates":[41.632465,43.194312]}},{"type":"Feature","properties":{"id":"mount-0699","type":"mountain","longitude":41.648258,"latitude":43.310393,"elevation_m":2044,"name":""},"geometry":{"type":"Point","coordinates":[41.648258,43.310393]}},{"type":"Feature","properties":{"id":"mount-0700","type":"mountain","longitude":41.761844,"latitude":43.351553,"elevation_m":2137,"name":""},"geometry":{"type":"Point","coordinates":[41.761844,43.351553]}},{"type":"Feature","properties":{"id":"mount-0701","type":"mountain","longitude":41.64064,"latitude":43.298971,"elevation_m":2236,"name":""},"geometry":{"type":"Point","coordinates":[41.64064,43.298971]}},{"type":"Feature","properties":{"id":"mount-0702","type":"mountain","longitude":41.663064,"latitude":43.312642,"elevation_m":2178,"name":""},"geometry":{"type":"Point","coordinates":[41.663064,43.312642]}},{"type":"Feature","properties":{"id":"mount-0703","type":"mountain","longitude":41.726568,"latitude":43.3841,"elevation_m":2194,"name":""},"geometry":{"type":"Point","coordinates":[41.726568,43.3841]}},{"type":"Feature","properties":{"id":"mount-0704","type":"mountain","longitude":41.677612,"latitude":43.317177,"elevation_m":2195,"name":""},"geometry":{"type":"Point","coordinates":[41.677612,43.317177]}},{"type":"Feature","properties":{"id":"mount-0705","type":"mountain","longitude":41.69275,"latitude":43.344819,"elevation_m":2193,"name":""},"geometry":{"type":"Point","coordinates":[41.69275,43.344819]}},{"type":"Feature","properties":{"id":"mount-0706","type":"mountain","longitude":41.7665,"latitude":43.28511,"elevation_m":2240,"name":""},"geometry":{"type":"Point","coordinates":[41.7665,43.28511]}},{"type":"Feature","properties":{"id":"mount-0707","type":"mountain","longitude":41.705207,"latitude":43.356959,"elevation_m":2414,"name":""},"geometry":{"type":"Point","coordinates":[41.705207,43.356959]}},{"type":"Feature","properties":{"id":"mount-0708","type":"mountain","longitude":41.659126,"latitude":43.210611,"elevation_m":2323,"name":""},"geometry":{"type":"Point","coordinates":[41.659126,43.210611]}},{"type":"Feature","properties":{"id":"mount-0709","type":"mountain","longitude":41.745869,"latitude":43.321041,"elevation_m":2500,"name":""},"geometry":{"type":"Point","coordinates":[41.745869,43.321041]}},{"type":"Feature","properties":{"id":"mount-0710","type":"mountain","longitude":41.70261,"latitude":43.325466,"elevation_m":2442,"name":""},"geometry":{"type":"Point","coordinates":[41.70261,43.325466]}},{"type":"Feature","properties":{"id":"mount-0711","type":"mountain","longitude":41.727383,"latitude":43.319956,"elevation_m":2420,"name":""},"geometry":{"type":"Point","coordinates":[41.727383,43.319956]}},{"type":"Feature","properties":{"id":"mount-0712","type":"mountain","longitude":41.655232,"latitude":43.292904,"elevation_m":2465,"name":""},"geometry":{"type":"Point","coordinates":[41.655232,43.292904]}},{"type":"Feature","properties":{"id":"mount-0713","type":"mountain","longitude":41.698029,"latitude":43.338265,"elevation_m":2537,"name":""},"geometry":{"type":"Point","coordinates":[41.698029,43.338265]}},{"type":"Feature","properties":{"id":"mount-0714","type":"mountain","longitude":41.786381,"latitude":43.326465,"elevation_m":2503,"name":""},"geometry":{"type":"Point","coordinates":[41.786381,43.326465]}},{"type":"Feature","properties":{"id":"mount-0715","type":"mountain","longitude":41.846312,"latitude":43.244945,"elevation_m":2545,"name":""},"geometry":{"type":"Point","coordinates":[41.846312,43.244945]}},{"type":"Feature","properties":{"id":"mount-0716","type":"mountain","longitude":41.682612,"latitude":43.297878,"elevation_m":2571,"name":""},"geometry":{"type":"Point","coordinates":[41.682612,43.297878]}},{"type":"Feature","properties":{"id":"mount-0717","type":"mountain","longitude":41.777594,"latitude":43.303539,"elevation_m":2639,"name":""},"geometry":{"type":"Point","coordinates":[41.777594,43.303539]}},{"type":"Feature","properties":{"id":"mount-0718","type":"mountain","longitude":41.742672,"latitude":43.291365,"elevation_m":2588,"name":""},"geometry":{"type":"Point","coordinates":[41.742672,43.291365]}},{"type":"Feature","properties":{"id":"mount-0719","type":"mountain","longitude":41.695465,"latitude":43.204378,"elevation_m":2603,"name":""},"geometry":{"type":"Point","coordinates":[41.695465,43.204378]}},{"type":"Feature","properties":{"id":"mount-0720","type":"mountain","longitude":41.678749,"latitude":43.284086,"elevation_m":2729,"name":""},"geometry":{"type":"Point","coordinates":[41.678749,43.284086]}},{"type":"Feature","properties":{"id":"mount-0721","type":"mountain","longitude":41.622316,"latitude":43.199295,"elevation_m":2587,"name":""},"geometry":{"type":"Point","coordinates":[41.622316,43.199295]}},{"type":"Feature","properties":{"id":"mount-0722","type":"mountain","longitude":41.740397,"latitude":43.265433,"elevation_m":2542,"name":""},"geometry":{"type":"Point","coordinates":[41.740397,43.265433]}},{"type":"Feature","properties":{"id":"mount-0723","type":"mountain","longitude":41.74574,"latitude":43.388864,"elevation_m":2722,"name":""},"geometry":{"type":"Point","coordinates":[41.74574,43.388864]}},{"type":"Feature","properties":{"id":"mount-0724","type":"mountain","longitude":41.808268,"latitude":43.24482,"elevation_m":2581,"name":""},"geometry":{"type":"Point","coordinates":[41.808268,43.24482]}},{"type":"Feature","properties":{"id":"mount-0725","type":"mountain","longitude":41.647174,"latitude":43.205301,"elevation_m":2619,"name":""},"geometry":{"type":"Point","coordinates":[41.647174,43.205301]}},{"type":"Feature","properties":{"id":"mount-0726","type":"mountain","longitude":41.710839,"latitude":43.339857,"elevation_m":2560,"name":""},"geometry":{"type":"Point","coordinates":[41.710839,43.339857]}},{"type":"Feature","properties":{"id":"mount-0727","type":"mountain","longitude":41.818471,"latitude":43.349392,"elevation_m":2823,"name":""},"geometry":{"type":"Point","coordinates":[41.818471,43.349392]}},{"type":"Feature","properties":{"id":"mount-0728","type":"mountain","longitude":41.683513,"latitude":43.228476,"elevation_m":2991,"name":""},"geometry":{"type":"Point","coordinates":[41.683513,43.228476]}},{"type":"Feature","properties":{"id":"mount-0729","type":"mountain","longitude":41.706902,"latitude":43.290514,"elevation_m":2773,"name":""},"geometry":{"type":"Point","coordinates":[41.706902,43.290514]}},{"type":"Feature","properties":{"id":"mount-0730","type":"mountain","longitude":41.801133,"latitude":43.255057,"elevation_m":2631,"name":""},"geometry":{"type":"Point","coordinates":[41.801133,43.255057]}},{"type":"Feature","properties":{"id":"mount-0731","type":"mountain","longitude":41.780115,"latitude":43.245367,"elevation_m":2995,"name":""},"geometry":{"type":"Point","coordinates":[41.780115,43.245367]}},{"type":"Feature","properties":{"id":"mount-0732","type":"mountain","longitude":41.830273,"latitude":43.239724,"elevation_m":2785,"name":""},"geometry":{"type":"Point","coordinates":[41.830273,43.239724]}},{"type":"Feature","properties":{"id":"mount-0733","type":"mountain","longitude":41.797754,"latitude":43.224911,"elevation_m":2724,"name":""},"geometry":{"type":"Point","coordinates":[41.797754,43.224911]}},{"type":"Feature","properties":{"id":"mount-0734","type":"mountain","longitude":41.814383,"latitude":43.291217,"elevation_m":2852,"name":""},"geometry":{"type":"Point","coordinates":[41.814383,43.291217]}},{"type":"Feature","properties":{"id":"mount-0735","type":"mountain","longitude":41.86865,"latitude":43.246844,"elevation_m":2853,"name":""},"geometry":{"type":"Point","coordinates":[41.86865,43.246844]}},{"type":"Feature","properties":{"id":"mount-0736","type":"mountain","longitude":41.842214,"latitude":43.259112,"elevation_m":2850,"name":""},"geometry":{"type":"Point","coordinates":[41.842214,43.259112]}},{"type":"Feature","properties":{"id":"mount-0737","type":"mountain","longitude":41.730881,"latitude":43.288148,"elevation_m":2842,"name":""},"geometry":{"type":"Point","coordinates":[41.730881,43.288148]}},{"type":"Feature","properties":{"id":"mount-0738","type":"mountain","longitude":41.669394,"latitude":43.205997,"elevation_m":2878,"name":""},"geometry":{"type":"Point","coordinates":[41.669394,43.205997]}},{"type":"Feature","properties":{"id":"mount-0739","type":"mountain","longitude":41.925588,"latitude":43.267074,"elevation_m":2875,"name":""},"geometry":{"type":"Point","coordinates":[41.925588,43.267074]}},{"type":"Feature","properties":{"id":"mount-0740","type":"mountain","longitude":41.76282,"latitude":43.24725,"elevation_m":2892,"name":""},"geometry":{"type":"Point","coordinates":[41.76282,43.24725]}},{"type":"Feature","properties":{"id":"mount-0741","type":"mountain","longitude":41.765814,"latitude":43.242241,"elevation_m":2909,"name":""},"geometry":{"type":"Point","coordinates":[41.765814,43.242241]}},{"type":"Feature","properties":{"id":"mount-0742","type":"mountain","longitude":41.793022,"latitude":43.319698,"elevation_m":2958,"name":""},"geometry":{"type":"Point","coordinates":[41.793022,43.319698]}},{"type":"Feature","properties":{"id":"mount-0743","type":"mountain","longitude":41.689049,"latitude":43.284126,"elevation_m":3002,"name":""},"geometry":{"type":"Point","coordinates":[41.689049,43.284126]}},{"type":"Feature","properties":{"id":"mount-0744","type":"mountain","longitude":41.706054,"latitude":43.331991,"elevation_m":2949,"name":""},"geometry":{"type":"Point","coordinates":[41.706054,43.331991]}},{"type":"Feature","properties":{"id":"mount-0745","type":"mountain","longitude":41.836034,"latitude":43.272308,"elevation_m":2995,"name":""},"geometry":{"type":"Point","coordinates":[41.836034,43.272308]}},{"type":"Feature","properties":{"id":"mount-0746","type":"mountain","longitude":41.609248,"latitude":43.237215,"elevation_m":3004,"name":""},"geometry":{"type":"Point","coordinates":[41.609248,43.237215]}},{"type":"Feature","properties":{"id":"mount-0747","type":"mountain","longitude":41.759044,"latitude":43.225888,"elevation_m":3104,"name":""},"geometry":{"type":"Point","coordinates":[41.759044,43.225888]}},{"type":"Feature","properties":{"id":"mount-0748","type":"mountain","longitude":41.883134,"latitude":43.31037,"elevation_m":3000,"name":""},"geometry":{"type":"Point","coordinates":[41.883134,43.31037]}},{"type":"Feature","properties":{"id":"mount-0749","type":"mountain","longitude":41.716622,"latitude":43.276901,"elevation_m":3070,"name":""},"geometry":{"type":"Point","coordinates":[41.716622,43.276901]}},{"type":"Feature","properties":{"id":"mount-0750","type":"mountain","longitude":41.750611,"latitude":43.336767,"elevation_m":3098,"name":""},"geometry":{"type":"Point","coordinates":[41.750611,43.336767]}},{"type":"Feature","properties":{"id":"mount-0751","type":"mountain","longitude":41.726428,"latitude":43.272745,"elevation_m":3135,"name":""},"geometry":{"type":"Point","coordinates":[41.726428,43.272745]}},{"type":"Feature","properties":{"id":"mount-0752","type":"mountain","longitude":41.700014,"latitude":43.284485,"elevation_m":3135,"name":""},"geometry":{"type":"Point","coordinates":[41.700014,43.284485]}},{"type":"Feature","properties":{"id":"mount-0753","type":"mountain","longitude":41.78151,"latitude":43.263855,"elevation_m":3159,"name":""},"geometry":{"type":"Point","coordinates":[41.78151,43.263855]}},{"type":"Feature","properties":{"id":"mount-0754","type":"mountain","longitude":41.793709,"latitude":43.210767,"elevation_m":3106,"name":""},"geometry":{"type":"Point","coordinates":[41.793709,43.210767]}},{"type":"Feature","properties":{"id":"mount-0755","type":"mountain","longitude":41.769344,"latitude":43.314999,"elevation_m":3114,"name":""},"geometry":{"type":"Point","coordinates":[41.769344,43.314999]}},{"type":"Feature","properties":{"id":"mount-0756","type":"mountain","longitude":41.68553,"latitude":43.194672,"elevation_m":3168,"name":""},"geometry":{"type":"Point","coordinates":[41.68553,43.194672]}},{"type":"Feature","properties":{"id":"mount-0757","type":"mountain","longitude":41.862695,"latitude":43.296168,"elevation_m":3083,"name":""},"geometry":{"type":"Point","coordinates":[41.862695,43.296168]}},{"type":"Feature","properties":{"id":"mount-0758","type":"mountain","longitude":41.804073,"latitude":43.304522,"elevation_m":3170,"name":""},"geometry":{"type":"Point","coordinates":[41.804073,43.304522]}},{"type":"Feature","properties":{"id":"mount-0759","type":"mountain","longitude":41.818321,"latitude":43.30866,"elevation_m":3173,"name":""},"geometry":{"type":"Point","coordinates":[41.818321,43.30866]}},{"type":"Feature","properties":{"id":"mount-0760","type":"mountain","longitude":41.78063,"latitude":43.3103,"elevation_m":3187,"name":""},"geometry":{"type":"Point","coordinates":[41.78063,43.3103]}},{"type":"Feature","properties":{"id":"mount-0761","type":"mountain","longitude":41.823857,"latitude":43.341285,"elevation_m":3162,"name":""},"geometry":{"type":"Point","coordinates":[41.823857,43.341285]}},{"type":"Feature","properties":{"id":"mount-0762","type":"mountain","longitude":41.640093,"latitude":43.212534,"elevation_m":3194,"name":""},"geometry":{"type":"Point","coordinates":[41.640093,43.212534]}},{"type":"Feature","properties":{"id":"mount-0763","type":"mountain","longitude":41.787658,"latitude":43.219173,"elevation_m":3108,"name":""},"geometry":{"type":"Point","coordinates":[41.787658,43.219173]}},{"type":"Feature","properties":{"id":"mount-0764","type":"mountain","longitude":41.846591,"latitude":43.310885,"elevation_m":3187,"name":""},"geometry":{"type":"Point","coordinates":[41.846591,43.310885]}},{"type":"Feature","properties":{"id":"mount-0765","type":"mountain","longitude":41.709788,"latitude":43.256721,"elevation_m":3130,"name":""},"geometry":{"type":"Point","coordinates":[41.709788,43.256721]}},{"type":"Feature","properties":{"id":"mount-0766","type":"mountain","longitude":41.742854,"latitude":43.237223,"elevation_m":3036,"name":""},"geometry":{"type":"Point","coordinates":[41.742854,43.237223]}},{"type":"Feature","properties":{"id":"mount-0767","type":"mountain","longitude":41.993662,"latitude":43.42644,"elevation_m":2262,"name":""},"geometry":{"type":"Point","coordinates":[41.993662,43.42644]}},{"type":"Feature","properties":{"id":"mount-0768","type":"mountain","longitude":41.843973,"latitude":43.466477,"elevation_m":2330,"name":""},"geometry":{"type":"Point","coordinates":[41.843973,43.466477]}},{"type":"Feature","properties":{"id":"mount-0769","type":"mountain","longitude":41.77429,"latitude":43.421523,"elevation_m":2448,"name":""},"geometry":{"type":"Point","coordinates":[41.77429,43.421523]}},{"type":"Feature","properties":{"id":"mount-0770","type":"mountain","longitude":41.955081,"latitude":43.347784,"elevation_m":2588,"name":""},"geometry":{"type":"Point","coordinates":[41.955081,43.347784]}},{"type":"Feature","properties":{"id":"mount-0771","type":"mountain","longitude":41.941198,"latitude":43.456463,"elevation_m":2647,"name":""},"geometry":{"type":"Point","coordinates":[41.941198,43.456463]}},{"type":"Feature","properties":{"id":"mount-0772","type":"mountain","longitude":41.813847,"latitude":43.483458,"elevation_m":2691,"name":""},"geometry":{"type":"Point","coordinates":[41.813847,43.483458]}},{"type":"Feature","properties":{"id":"mount-0773","type":"mountain","longitude":41.850067,"latitude":43.438625,"elevation_m":2674,"name":""},"geometry":{"type":"Point","coordinates":[41.850067,43.438625]}},{"type":"Feature","properties":{"id":"mount-0774","type":"mountain","longitude":41.927036,"latitude":43.373455,"elevation_m":2900,"name":""},"geometry":{"type":"Point","coordinates":[41.927036,43.373455]}},{"type":"Feature","properties":{"id":"mount-0775","type":"mountain","longitude":41.768475,"latitude":43.406903,"elevation_m":2631,"name":""},"geometry":{"type":"Point","coordinates":[41.768475,43.406903]}},{"type":"Feature","properties":{"id":"mount-0776","type":"mountain","longitude":41.982794,"latitude":43.331929,"elevation_m":2838,"name":""},"geometry":{"type":"Point","coordinates":[41.982794,43.331929]}},{"type":"Feature","properties":{"id":"mount-0777","type":"mountain","longitude":41.799363,"latitude":43.421087,"elevation_m":2754,"name":""},"geometry":{"type":"Point","coordinates":[41.799363,43.421087]}},{"type":"Feature","properties":{"id":"mount-0778","type":"mountain","longitude":41.847364,"latitude":43.479121,"elevation_m":2790,"name":""},"geometry":{"type":"Point","coordinates":[41.847364,43.479121]}},{"type":"Feature","properties":{"id":"mount-0779","type":"mountain","longitude":41.972086,"latitude":43.415141,"elevation_m":2725,"name":""},"geometry":{"type":"Point","coordinates":[41.972086,43.415141]}},{"type":"Feature","properties":{"id":"mount-0780","type":"mountain","longitude":41.973492,"latitude":43.346161,"elevation_m":2838,"name":""},"geometry":{"type":"Point","coordinates":[41.973492,43.346161]}},{"type":"Feature","properties":{"id":"mount-0781","type":"mountain","longitude":41.966829,"latitude":43.374025,"elevation_m":2812,"name":""},"geometry":{"type":"Point","coordinates":[41.966829,43.374025]}},{"type":"Feature","properties":{"id":"mount-0782","type":"mountain","longitude":41.856827,"latitude":43.45119,"elevation_m":2879,"name":""},"geometry":{"type":"Point","coordinates":[41.856827,43.45119]}},{"type":"Feature","properties":{"id":"mount-0783","type":"mountain","longitude":41.838545,"latitude":43.484252,"elevation_m":2893,"name":""},"geometry":{"type":"Point","coordinates":[41.838545,43.484252]}},{"type":"Feature","properties":{"id":"mount-0784","type":"mountain","longitude":41.973277,"latitude":43.335924,"elevation_m":2885,"name":""},"geometry":{"type":"Point","coordinates":[41.973277,43.335924]}},{"type":"Feature","properties":{"id":"mount-0785","type":"mountain","longitude":41.929042,"latitude":43.434917,"elevation_m":2884,"name":""},"geometry":{"type":"Point","coordinates":[41.929042,43.434917]}},{"type":"Feature","properties":{"id":"mount-0786","type":"mountain","longitude":41.932315,"latitude":43.42058,"elevation_m":2893,"name":""},"geometry":{"type":"Point","coordinates":[41.932315,43.42058]}},{"type":"Feature","properties":{"id":"mount-0787","type":"mountain","longitude":41.93284,"latitude":43.381316,"elevation_m":2887,"name":""},"geometry":{"type":"Point","coordinates":[41.93284,43.381316]}},{"type":"Feature","properties":{"id":"mount-0788","type":"mountain","longitude":41.975981,"latitude":43.423487,"elevation_m":2888,"name":""},"geometry":{"type":"Point","coordinates":[41.975981,43.423487]}},{"type":"Feature","properties":{"id":"mount-0789","type":"mountain","longitude":41.997449,"latitude":43.441547,"elevation_m":2820,"name":""},"geometry":{"type":"Point","coordinates":[41.997449,43.441547]}},{"type":"Feature","properties":{"id":"mount-0790","type":"mountain","longitude":41.95904,"latitude":43.482344,"elevation_m":2876,"name":""},"geometry":{"type":"Point","coordinates":[41.95904,43.482344]}},{"type":"Feature","properties":{"id":"mount-0791","type":"mountain","longitude":41.870044,"latitude":43.323944,"elevation_m":2937,"name":""},"geometry":{"type":"Point","coordinates":[41.870044,43.323944]}},{"type":"Feature","properties":{"id":"mount-0792","type":"mountain","longitude":41.962087,"latitude":43.32165,"elevation_m":2944,"name":""},"geometry":{"type":"Point","coordinates":[41.962087,43.32165]}},{"type":"Feature","properties":{"id":"mount-0793","type":"mountain","longitude":41.95521,"latitude":43.362411,"elevation_m":2964,"name":""},"geometry":{"type":"Point","coordinates":[41.95521,43.362411]}},{"type":"Feature","properties":{"id":"mount-0794","type":"mountain","longitude":41.870077,"latitude":43.410379,"elevation_m":3015,"name":""},"geometry":{"type":"Point","coordinates":[41.870077,43.410379]}},{"type":"Feature","properties":{"id":"mount-0795","type":"mountain","longitude":41.939739,"latitude":43.428131,"elevation_m":2974,"name":""},"geometry":{"type":"Point","coordinates":[41.939739,43.428131]}},{"type":"Feature","properties":{"id":"mount-0796","type":"mountain","longitude":41.932025,"latitude":43.443743,"elevation_m":3056,"name":""},"geometry":{"type":"Point","coordinates":[41.932025,43.443743]}},{"type":"Feature","properties":{"id":"mount-0797","type":"mountain","longitude":41.973084,"latitude":43.329111,"elevation_m":3013,"name":""},"geometry":{"type":"Point","coordinates":[41.973084,43.329111]}},{"type":"Feature","properties":{"id":"mount-0798","type":"mountain","longitude":41.954405,"latitude":43.373424,"elevation_m":3113,"name":""},"geometry":{"type":"Point","coordinates":[41.954405,43.373424]}},{"type":"Feature","properties":{"id":"mount-0799","type":"mountain","longitude":41.901909,"latitude":43.456883,"elevation_m":3126,"name":""},"geometry":{"type":"Point","coordinates":[41.901909,43.456883]}},{"type":"Feature","properties":{"id":"mount-0800","type":"mountain","longitude":41.868317,"latitude":43.405305,"elevation_m":3142,"name":""},"geometry":{"type":"Point","coordinates":[41.868317,43.405305]}},{"type":"Feature","properties":{"id":"mount-0801","type":"mountain","longitude":41.900986,"latitude":43.344234,"elevation_m":3033,"name":""},"geometry":{"type":"Point","coordinates":[41.900986,43.344234]}},{"type":"Feature","properties":{"id":"mount-0802","type":"mountain","longitude":41.866289,"latitude":43.432658,"elevation_m":3187,"name":""},"geometry":{"type":"Point","coordinates":[41.866289,43.432658]}},{"type":"Feature","properties":{"id":"mount-0803","type":"mountain","longitude":41.939288,"latitude":43.315296,"elevation_m":3180,"name":""},"geometry":{"type":"Point","coordinates":[41.939288,43.315296]}},{"type":"Feature","properties":{"id":"mount-0804","type":"mountain","longitude":41.966282,"latitude":43.492557,"elevation_m":3183,"name":""},"geometry":{"type":"Point","coordinates":[41.966282,43.492557]}},{"type":"Feature","properties":{"id":"mount-0805","type":"mountain","longitude":41.795415,"latitude":43.407604,"elevation_m":3039,"name":""},"geometry":{"type":"Point","coordinates":[41.795415,43.407604]}},{"type":"Feature","properties":{"id":"mount-0806","type":"mountain","longitude":41.776189,"latitude":43.382688,"elevation_m":3170,"name":""},"geometry":{"type":"Point","coordinates":[41.776189,43.382688]}},{"type":"Feature","properties":{"id":"mount-0807","type":"mountain","longitude":41.905589,"latitude":43.602452,"elevation_m":1814,"name":""},"geometry":{"type":"Point","coordinates":[41.905589,43.602452]}},{"type":"Feature","properties":{"id":"mount-0808","type":"mountain","longitude":41.993254,"latitude":43.588823,"elevation_m":1860,"name":""},"geometry":{"type":"Point","coordinates":[41.993254,43.588823]}},{"type":"Feature","properties":{"id":"mount-0809","type":"mountain","longitude":41.998973,"latitude":43.577974,"elevation_m":1872,"name":""},"geometry":{"type":"Point","coordinates":[41.998973,43.577974]}},{"type":"Feature","properties":{"id":"mount-0810","type":"mountain","longitude":41.962656,"latitude":43.565599,"elevation_m":1877,"name":""},"geometry":{"type":"Point","coordinates":[41.962656,43.565599]}},{"type":"Feature","properties":{"id":"mount-0811","type":"mountain","longitude":41.993469,"latitude":43.565568,"elevation_m":1937,"name":""},"geometry":{"type":"Point","coordinates":[41.993469,43.565568]}},{"type":"Feature","properties":{"id":"mount-0812","type":"mountain","longitude":41.911533,"latitude":43.619293,"elevation_m":1951,"name":""},"geometry":{"type":"Point","coordinates":[41.911533,43.619293]}},{"type":"Feature","properties":{"id":"mount-0813","type":"mountain","longitude":41.987375,"latitude":43.534596,"elevation_m":2295,"name":""},"geometry":{"type":"Point","coordinates":[41.987375,43.534596]}},{"type":"Feature","properties":{"id":"mount-0814","type":"mountain","longitude":41.994284,"latitude":43.541067,"elevation_m":2310,"name":""},"geometry":{"type":"Point","coordinates":[41.994284,43.541067]}},{"type":"Feature","properties":{"id":"mount-0815","type":"mountain","longitude":42.045826,"latitude":43.598963,"elevation_m":2146,"name":""},"geometry":{"type":"Point","coordinates":[42.045826,43.598963]}},{"type":"Feature","properties":{"id":"mount-0816","type":"mountain","longitude":42.203443,"latitude":43.6581,"elevation_m":1949,"name":""},"geometry":{"type":"Point","coordinates":[42.203443,43.6581]}},{"type":"Feature","properties":{"id":"mount-0817","type":"mountain","longitude":41.926864,"latitude":43.631913,"elevation_m":1802,"name":""},"geometry":{"type":"Point","coordinates":[41.926864,43.631913]}},{"type":"Feature","properties":{"id":"mount-0818","type":"mountain","longitude":41.593015,"latitude":43.543431,"elevation_m":1828,"name":""},"geometry":{"type":"Point","coordinates":[41.593015,43.543431]}},{"type":"Feature","properties":{"id":"mount-0819","type":"mountain","longitude":41.907864,"latitude":43.631921,"elevation_m":1816,"name":""},"geometry":{"type":"Point","coordinates":[41.907864,43.631921]}},{"type":"Feature","properties":{"id":"mount-0820","type":"mountain","longitude":41.740783,"latitude":43.620986,"elevation_m":1845,"name":""},"geometry":{"type":"Point","coordinates":[41.740783,43.620986]}},{"type":"Feature","properties":{"id":"mount-0821","type":"mountain","longitude":42.150421,"latitude":43.68305,"elevation_m":1866,"name":""},"geometry":{"type":"Point","coordinates":[42.150421,43.68305]}},{"type":"Feature","properties":{"id":"mount-0822","type":"mountain","longitude":42.075351,"latitude":43.72225,"elevation_m":1880,"name":""},"geometry":{"type":"Point","coordinates":[42.075351,43.72225]}},{"type":"Feature","properties":{"id":"mount-0823","type":"mountain","longitude":41.824769,"latitude":43.589095,"elevation_m":1932,"name":""},"geometry":{"type":"Point","coordinates":[41.824769,43.589095]}},{"type":"Feature","properties":{"id":"mount-0824","type":"mountain","longitude":42.165227,"latitude":43.691979,"elevation_m":1938,"name":""},"geometry":{"type":"Point","coordinates":[42.165227,43.691979]}},{"type":"Feature","properties":{"id":"mount-0825","type":"mountain","longitude":41.71954,"latitude":43.580741,"elevation_m":1934,"name":""},"geometry":{"type":"Point","coordinates":[41.71954,43.580741]}},{"type":"Feature","properties":{"id":"mount-0826","type":"mountain","longitude":41.617981,"latitude":43.562256,"elevation_m":1973,"name":""},"geometry":{"type":"Point","coordinates":[41.617981,43.562256]}},{"type":"Feature","properties":{"id":"mount-0827","type":"mountain","longitude":41.734765,"latitude":43.609467,"elevation_m":2003,"name":""},"geometry":{"type":"Point","coordinates":[41.734765,43.609467]}},{"type":"Feature","properties":{"id":"mount-0828","type":"mountain","longitude":41.704402,"latitude":43.587587,"elevation_m":1996,"name":""},"geometry":{"type":"Point","coordinates":[41.704402,43.587587]}},{"type":"Feature","properties":{"id":"mount-0829","type":"mountain","longitude":41.797936,"latitude":43.587346,"elevation_m":2016,"name":""},"geometry":{"type":"Point","coordinates":[41.797936,43.587346]}},{"type":"Feature","properties":{"id":"mount-0830","type":"mountain","longitude":41.773968,"latitude":43.58709,"elevation_m":2033,"name":""},"geometry":{"type":"Point","coordinates":[41.773968,43.58709]}},{"type":"Feature","properties":{"id":"mount-0831","type":"mountain","longitude":41.916136,"latitude":43.556744,"elevation_m":2025,"name":""},"geometry":{"type":"Point","coordinates":[41.916136,43.556744]}},{"type":"Feature","properties":{"id":"mount-0832","type":"mountain","longitude":41.74132,"latitude":43.59866,"elevation_m":2052,"name":""},"geometry":{"type":"Point","coordinates":[41.74132,43.59866]}},{"type":"Feature","properties":{"id":"mount-0833","type":"mountain","longitude":41.75869,"latitude":43.583507,"elevation_m":2041,"name":""},"geometry":{"type":"Point","coordinates":[41.75869,43.583507]}},{"type":"Feature","properties":{"id":"mount-0834","type":"mountain","longitude":41.613529,"latitude":43.546573,"elevation_m":2081,"name":""},"geometry":{"type":"Point","coordinates":[41.613529,43.546573]}},{"type":"Feature","properties":{"id":"mount-0835","type":"mountain","longitude":41.766404,"latitude":43.573054,"elevation_m":2093,"name":""},"geometry":{"type":"Point","coordinates":[41.766404,43.573054]}},{"type":"Feature","properties":{"id":"mount-0836","type":"mountain","longitude":41.769644,"latitude":43.596422,"elevation_m":2202,"name":""},"geometry":{"type":"Point","coordinates":[41.769644,43.596422]}},{"type":"Feature","properties":{"id":"mount-0837","type":"mountain","longitude":42.099996,"latitude":43.422669,"elevation_m":2385,"name":""},"geometry":{"type":"Point","coordinates":[42.099996,43.422669]}},{"type":"Feature","properties":{"id":"mount-0838","type":"mountain","longitude":41.75472,"latitude":43.608379,"elevation_m":2211,"name":""},"geometry":{"type":"Point","coordinates":[41.75472,43.608379]}},{"type":"Feature","properties":{"id":"mount-0839","type":"mountain","longitude":41.745923,"latitude":43.589429,"elevation_m":2227,"name":""},"geometry":{"type":"Point","coordinates":[41.745923,43.589429]}},{"type":"Feature","properties":{"id":"mount-0840","type":"mountain","longitude":41.674351,"latitude":43.586538,"elevation_m":2251,"name":""},"geometry":{"type":"Point","coordinates":[41.674351,43.586538]}},{"type":"Feature","properties":{"id":"mount-0841","type":"mountain","longitude":41.755868,"latitude":43.599181,"elevation_m":2269,"name":""},"geometry":{"type":"Point","coordinates":[41.755868,43.599181]}},{"type":"Feature","properties":{"id":"mount-0842","type":"mountain","longitude":41.685605,"latitude":43.575214,"elevation_m":2324,"name":""},"geometry":{"type":"Point","coordinates":[41.685605,43.575214]}},{"type":"Feature","properties":{"id":"mount-0843","type":"mountain","longitude":41.767069,"latitude":43.613941,"elevation_m":2326,"name":""},"geometry":{"type":"Point","coordinates":[41.767069,43.613941]}},{"type":"Feature","properties":{"id":"mount-0844","type":"mountain","longitude":41.694177,"latitude":43.559939,"elevation_m":2372,"name":""},"geometry":{"type":"Point","coordinates":[41.694177,43.559939]}},{"type":"Feature","properties":{"id":"mount-0845","type":"mountain","longitude":42.060889,"latitude":43.503297,"elevation_m":2371,"name":""},"geometry":{"type":"Point","coordinates":[42.060889,43.503297]}},{"type":"Feature","properties":{"id":"mount-0846","type":"mountain","longitude":41.721536,"latitude":43.56151,"elevation_m":2421,"name":""},"geometry":{"type":"Point","coordinates":[41.721536,43.56151]}},{"type":"Feature","properties":{"id":"mount-0847","type":"mountain","longitude":41.673406,"latitude":43.57209,"elevation_m":2449,"name":""},"geometry":{"type":"Point","coordinates":[41.673406,43.57209]}},{"type":"Feature","properties":{"id":"mount-0848","type":"mountain","longitude":41.640007,"latitude":43.557016,"elevation_m":2477,"name":""},"geometry":{"type":"Point","coordinates":[41.640007,43.557016]}},{"type":"Feature","properties":{"id":"mount-0849","type":"mountain","longitude":41.679854,"latitude":43.559535,"elevation_m":2595,"name":""},"geometry":{"type":"Point","coordinates":[41.679854,43.559535]}},{"type":"Feature","properties":{"id":"mount-0850","type":"mountain","longitude":41.694274,"latitude":43.55204,"elevation_m":2613,"name":""},"geometry":{"type":"Point","coordinates":[41.694274,43.55204]}},{"type":"Feature","properties":{"id":"mount-0851","type":"mountain","longitude":41.646413,"latitude":43.563407,"elevation_m":2637,"name":""},"geometry":{"type":"Point","coordinates":[41.646413,43.563407]}},{"type":"Feature","properties":{"id":"mount-0852","type":"mountain","longitude":42.011279,"latitude":43.446431,"elevation_m":2797,"name":""},"geometry":{"type":"Point","coordinates":[42.011279,43.446431]}},{"type":"Feature","properties":{"id":"mount-0853","type":"mountain","longitude":41.661841,"latitude":43.544948,"elevation_m":2827,"name":""},"geometry":{"type":"Point","coordinates":[41.661841,43.544948]}},{"type":"Feature","properties":{"id":"mount-0854","type":"mountain","longitude":42.039979,"latitude":43.474762,"elevation_m":2813,"name":""},"geometry":{"type":"Point","coordinates":[42.039979,43.474762]}},{"type":"Feature","properties":{"id":"mount-0855","type":"mountain","longitude":41.855764,"latitude":43.555437,"elevation_m":1840,"name":""},"geometry":{"type":"Point","coordinates":[41.855764,43.555437]}},{"type":"Feature","properties":{"id":"mount-0856","type":"mountain","longitude":41.871053,"latitude":43.56825,"elevation_m":1956,"name":""},"geometry":{"type":"Point","coordinates":[41.871053,43.56825]}},{"type":"Feature","properties":{"id":"mount-0857","type":"mountain","longitude":42.072433,"latitude":43.47628,"elevation_m":2409,"name":""},"geometry":{"type":"Point","coordinates":[42.072433,43.47628]}},{"type":"Feature","properties":{"id":"mount-0858","type":"mountain","longitude":42.183326,"latitude":43.278502,"elevation_m":2591,"name":""},"geometry":{"type":"Point","coordinates":[42.183326,43.278502]}},{"type":"Feature","properties":{"id":"mount-0859","type":"mountain","longitude":42.020109,"latitude":43.31994,"elevation_m":2571,"name":""},"geometry":{"type":"Point","coordinates":[42.020109,43.31994]}},{"type":"Feature","properties":{"id":"mount-0860","type":"mountain","longitude":42.035311,"latitude":43.292224,"elevation_m":2834,"name":""},"geometry":{"type":"Point","coordinates":[42.035311,43.292224]}},{"type":"Feature","properties":{"id":"mount-0861","type":"mountain","longitude":42.071124,"latitude":43.297995,"elevation_m":3122,"name":""},"geometry":{"type":"Point","coordinates":[42.071124,43.297995]}},{"type":"Feature","properties":{"id":"mount-0862","type":"mountain","longitude":42.045343,"latitude":43.268675,"elevation_m":3092,"name":""},"geometry":{"type":"Point","coordinates":[42.045343,43.268675]}},{"type":"Feature","properties":{"id":"mount-0863","type":"mountain","longitude":42.041706,"latitude":43.316834,"elevation_m":3109,"name":""},"geometry":{"type":"Point","coordinates":[42.041706,43.316834]}},{"type":"Feature","properties":{"id":"mount-0864","type":"mountain","longitude":42.192028,"latitude":43.273261,"elevation_m":3129,"name":""},"geometry":{"type":"Point","coordinates":[42.192028,43.273261]}},{"type":"Feature","properties":{"id":"mount-0865","type":"mountain","longitude":42.091466,"latitude":43.320729,"elevation_m":3115,"name":""},"geometry":{"type":"Point","coordinates":[42.091466,43.320729]}},{"type":"Feature","properties":{"id":"mount-0866","type":"mountain","longitude":42.011826,"latitude":43.246609,"elevation_m":2392,"name":""},"geometry":{"type":"Point","coordinates":[42.011826,43.246609]}},{"type":"Feature","properties":{"id":"mount-0867","type":"mountain","longitude":41.996806,"latitude":43.239232,"elevation_m":2484,"name":""},"geometry":{"type":"Point","coordinates":[41.996806,43.239232]}},{"type":"Feature","properties":{"id":"mount-0868","type":"mountain","longitude":41.970488,"latitude":43.284516,"elevation_m":2524,"name":""},"geometry":{"type":"Point","coordinates":[41.970488,43.284516]}},{"type":"Feature","properties":{"id":"mount-0869","type":"mountain","longitude":42.004884,"latitude":43.224458,"elevation_m":2769,"name":""},"geometry":{"type":"Point","coordinates":[42.004884,43.224458]}},{"type":"Feature","properties":{"id":"mount-0870","type":"mountain","longitude":41.992053,"latitude":43.299752,"elevation_m":2809,"name":""},"geometry":{"type":"Point","coordinates":[41.992053,43.299752]}},{"type":"Feature","properties":{"id":"mount-0871","type":"mountain","longitude":42.00379,"latitude":43.236121,"elevation_m":2842,"name":""},"geometry":{"type":"Point","coordinates":[42.00379,43.236121]}},{"type":"Feature","properties":{"id":"mount-0872","type":"mountain","longitude":41.98082,"latitude":43.253627,"elevation_m":2851,"name":""},"geometry":{"type":"Point","coordinates":[41.98082,43.253627]}},{"type":"Feature","properties":{"id":"mount-0873","type":"mountain","longitude":41.9324,"latitude":43.236129,"elevation_m":3015,"name":""},"geometry":{"type":"Point","coordinates":[41.9324,43.236129]}},{"type":"Feature","properties":{"id":"mount-0874","type":"mountain","longitude":41.98465,"latitude":43.274792,"elevation_m":3048,"name":""},"geometry":{"type":"Point","coordinates":[41.98465,43.274792]}},{"type":"Feature","properties":{"id":"mount-0875","type":"mountain","longitude":42.962798,"latitude":43.216241,"elevation_m":3136,"name":""},"geometry":{"type":"Point","coordinates":[42.962798,43.216241]}},{"type":"Feature","properties":{"id":"mount-0876","type":"mountain","longitude":43.162966,"latitude":43.241139,"elevation_m":2172,"name":""},"geometry":{"type":"Point","coordinates":[43.162966,43.241139]}},{"type":"Feature","properties":{"id":"mount-0877","type":"mountain","longitude":43.171291,"latitude":43.274753,"elevation_m":2379,"name":""},"geometry":{"type":"Point","coordinates":[43.171291,43.274753]}},{"type":"Feature","properties":{"id":"mount-0878","type":"mountain","longitude":42.528709,"latitude":43.473057,"elevation_m":2574,"name":""},"geometry":{"type":"Point","coordinates":[42.528709,43.473057]}},{"type":"Feature","properties":{"id":"mount-0879","type":"mountain","longitude":41.541367,"latitude":43.323031,"elevation_m":3087,"name":""},"geometry":{"type":"Point","coordinates":[41.541367,43.323031]}},{"type":"Feature","properties":{"id":"mount-0880","type":"mountain","longitude":40.947729,"latitude":43.703646,"elevation_m":2476,"name":""},"geometry":{"type":"Point","coordinates":[40.947729,43.703646]}},{"type":"Feature","properties":{"id":"mount-0881","type":"mountain","longitude":43.017558,"latitude":43.221526,"elevation_m":2872,"name":""},"geometry":{"type":"Point","coordinates":[43.017558,43.221526]}},{"type":"Feature","properties":{"id":"mount-0882","type":"mountain","longitude":41.413329,"latitude":43.440417,"elevation_m":3134,"name":""},"geometry":{"type":"Point","coordinates":[41.413329,43.440417]}},{"type":"Feature","properties":{"id":"mount-0883","type":"mountain","longitude":41.403726,"latitude":43.434255,"elevation_m":3075,"name":""},"geometry":{"type":"Point","coordinates":[41.403726,43.434255]}},{"type":"Feature","properties":{"id":"mount-0884","type":"mountain","longitude":41.404799,"latitude":43.421882,"elevation_m":2976,"name":""},"geometry":{"type":"Point","coordinates":[41.404799,43.421882]}},{"type":"Feature","properties":{"id":"mount-0885","type":"mountain","longitude":41.229919,"latitude":43.458853,"elevation_m":2937,"name":""},"geometry":{"type":"Point","coordinates":[41.229919,43.458853]}},{"type":"Feature","properties":{"id":"mount-0886","type":"mountain","longitude":42.965416,"latitude":43.140264,"elevation_m":2945,"name":""},"geometry":{"type":"Point","coordinates":[42.965416,43.140264]}},{"type":"Feature","properties":{"id":"mount-0887","type":"mountain","longitude":41.772938,"latitude":43.275682,"elevation_m":2767,"name":""},"geometry":{"type":"Point","coordinates":[41.772938,43.275682]}},{"type":"Feature","properties":{"id":"mount-0888","type":"mountain","longitude":41.414777,"latitude":43.570862,"elevation_m":2681,"name":""},"geometry":{"type":"Point","coordinates":[41.414777,43.570862]}},{"type":"Feature","properties":{"id":"mount-0889","type":"mountain","longitude":41.418736,"latitude":43.578813,"elevation_m":2739,"name":""},"geometry":{"type":"Point","coordinates":[41.418736,43.578813]}},{"type":"Feature","properties":{"id":"mount-0890","type":"mountain","longitude":41.034719,"latitude":43.566446,"elevation_m":2524,"name":""},"geometry":{"type":"Point","coordinates":[41.034719,43.566446]}},{"type":"Feature","properties":{"id":"mount-0891","type":"mountain","longitude":41.128746,"latitude":43.448098,"elevation_m":2970,"name":""},"geometry":{"type":"Point","coordinates":[41.128746,43.448098]}},{"type":"Feature","properties":{"id":"mount-0892","type":"mountain","longitude":41.188989,"latitude":43.456478,"elevation_m":2615,"name":""},"geometry":{"type":"Point","coordinates":[41.188989,43.456478]}},{"type":"Feature","properties":{"id":"mount-0893","type":"mountain","longitude":41.604613,"latitude":43.51917,"elevation_m":3059,"name":""},"geometry":{"type":"Point","coordinates":[41.604613,43.51917]}},{"type":"Feature","properties":{"id":"mount-0894","type":"mountain","longitude":43.128258,"latitude":43.290834,"elevation_m":2510,"name":""},"geometry":{"type":"Point","coordinates":[43.128258,43.290834]}},{"type":"Feature","properties":{"id":"mount-0895","type":"mountain","longitude":42.352338,"latitude":43.658791,"elevation_m":2286,"name":""},"geometry":{"type":"Point","coordinates":[42.352338,43.658791]}},{"type":"Feature","properties":{"id":"mount-0896","type":"mountain","longitude":42.257828,"latitude":43.627448,"elevation_m":1871,"name":""},"geometry":{"type":"Point","coordinates":[42.257828,43.627448]}},{"type":"Feature","properties":{"id":"mount-0897","type":"mountain","longitude":42.270284,"latitude":43.670145,"elevation_m":2007,"name":""},"geometry":{"type":"Point","coordinates":[42.270284,43.670145]}},{"type":"Feature","properties":{"id":"mount-0898","type":"mountain","longitude":42.298758,"latitude":43.630663,"elevation_m":2069,"name":""},"geometry":{"type":"Point","coordinates":[42.298758,43.630663]}},{"type":"Feature","properties":{"id":"mount-0899","type":"mountain","longitude":42.301719,"latitude":43.495102,"elevation_m":2231,"name":""},"geometry":{"type":"Point","coordinates":[42.301719,43.495102]}},{"type":"Feature","properties":{"id":"mount-0900","type":"mountain","longitude":42.273138,"latitude":43.568685,"elevation_m":2210,"name":""},"geometry":{"type":"Point","coordinates":[42.273138,43.568685]}},{"type":"Feature","properties":{"id":"mount-0901","type":"mountain","longitude":42.346008,"latitude":43.594643,"elevation_m":2052,"name":""},"geometry":{"type":"Point","coordinates":[42.346008,43.594643]}},{"type":"Feature","properties":{"id":"mount-0902","type":"mountain","longitude":42.484936,"latitude":43.652325,"elevation_m":2238,"name":""},"geometry":{"type":"Point","coordinates":[42.484936,43.652325]}},{"type":"Feature","properties":{"id":"mount-0903","type":"mountain","longitude":42.626266,"latitude":43.524383,"elevation_m":2344,"name":""},"geometry":{"type":"Point","coordinates":[42.626266,43.524383]}},{"type":"Feature","properties":{"id":"mount-0904","type":"mountain","longitude":42.433802,"latitude":43.550049,"elevation_m":2352,"name":""},"geometry":{"type":"Point","coordinates":[42.433802,43.550049]}},{"type":"Feature","properties":{"id":"mount-0905","type":"mountain","longitude":42.612383,"latitude":43.475564,"elevation_m":2724,"name":""},"geometry":{"type":"Point","coordinates":[42.612383,43.475564]}},{"type":"Feature","properties":{"id":"mount-0906","type":"mountain","longitude":42.617565,"latitude":43.460481,"elevation_m":3116,"name":""},"geometry":{"type":"Point","coordinates":[42.617565,43.460481]}},{"type":"Feature","properties":{"id":"mount-0907","type":"mountain","longitude":40.814617,"latitude":43.817057,"elevation_m":2263,"name":""},"geometry":{"type":"Point","coordinates":[40.814617,43.817057]}},{"type":"Feature","properties":{"id":"mount-0908","type":"mountain","longitude":42.340375,"latitude":43.739902,"elevation_m":2479,"name":""},"geometry":{"type":"Point","coordinates":[42.340375,43.739902]}},{"type":"Feature","properties":{"id":"mount-0909","type":"mountain","longitude":41.767541,"latitude":43.329127,"elevation_m":2812,"name":""},"geometry":{"type":"Point","coordinates":[41.767541,43.329127]}},{"type":"Feature","properties":{"id":"mount-0910","type":"mountain","longitude":41.702288,"latitude":43.431598,"elevation_m":2506,"name":""},"geometry":{"type":"Point","coordinates":[41.702288,43.431598]}},{"type":"Feature","properties":{"id":"mount-0911","type":"mountain","longitude":41.608894,"latitude":43.318395,"elevation_m":3028,"name":""},"geometry":{"type":"Point","coordinates":[41.608894,43.318395]}},{"type":"Feature","properties":{"id":"mount-0912","type":"mountain","longitude":41.614162,"latitude":43.322298,"elevation_m":3077,"name":""},"geometry":{"type":"Point","coordinates":[41.614162,43.322298]}},{"type":"Feature","properties":{"id":"mount-0913","type":"mountain","longitude":41.643248,"latitude":43.366608,"elevation_m":2827,"name":""},"geometry":{"type":"Point","coordinates":[41.643248,43.366608]}},{"type":"Feature","properties":{"id":"mount-0914","type":"mountain","longitude":41.540272,"latitude":43.327816,"elevation_m":3125,"name":""},"geometry":{"type":"Point","coordinates":[41.540272,43.327816]}},{"type":"Feature","properties":{"id":"mount-0915","type":"mountain","longitude":41.45309,"latitude":43.441305,"elevation_m":2704,"name":""},"geometry":{"type":"Point","coordinates":[41.45309,43.441305]}},{"type":"Feature","properties":{"id":"mount-0916","type":"mountain","longitude":43.422121,"latitude":43.058055,"elevation_m":2989,"name":""},"geometry":{"type":"Point","coordinates":[43.422121,43.058055]}},{"type":"Feature","properties":{"id":"mount-0917","type":"mountain","longitude":43.108667,"latitude":42.941313,"elevation_m":3051,"name":""},"geometry":{"type":"Point","coordinates":[43.108667,42.941313]}},{"type":"Feature","properties":{"id":"mount-0918","type":"mountain","longitude":43.112208,"latitude":42.944525,"elevation_m":3124,"name":""},"geometry":{"type":"Point","coordinates":[43.112208,42.944525]}},{"type":"Feature","properties":{"id":"mount-0919","type":"mountain","longitude":43.056085,"latitude":42.963199,"elevation_m":2926,"name":""},"geometry":{"type":"Point","coordinates":[43.056085,42.963199]}},{"type":"Feature","properties":{"id":"mount-0920","type":"mountain","longitude":43.141336,"latitude":42.933969,"elevation_m":2670,"name":""},"geometry":{"type":"Point","coordinates":[43.141336,42.933969]}},{"type":"Feature","properties":{"id":"mount-0921","type":"mountain","longitude":43.131863,"latitude":42.941635,"elevation_m":3000,"name":""},"geometry":{"type":"Point","coordinates":[43.131863,42.941635]}},{"type":"Feature","properties":{"id":"mount-0922","type":"mountain","longitude":41.242332,"latitude":43.721831,"elevation_m":1972,"name":""},"geometry":{"type":"Point","coordinates":[41.242332,43.721831]}},{"type":"Feature","properties":{"id":"mount-0923","type":"mountain","longitude":43.271681,"latitude":42.880155,"elevation_m":2754,"name":""},"geometry":{"type":"Point","coordinates":[43.271681,42.880155]}},{"type":"Feature","properties":{"id":"mount-0924","type":"mountain","longitude":43.278161,"latitude":42.885595,"elevation_m":2752,"name":""},"geometry":{"type":"Point","coordinates":[43.278161,42.885595]}},{"type":"Feature","properties":{"id":"mount-0925","type":"mountain","longitude":43.201965,"latitude":42.908616,"elevation_m":2603,"name":""},"geometry":{"type":"Point","coordinates":[43.201965,42.908616]}},{"type":"Feature","properties":{"id":"mount-0926","type":"mountain","longitude":43.263592,"latitude":42.909889,"elevation_m":2846,"name":""},"geometry":{"type":"Point","coordinates":[43.263592,42.909889]}},{"type":"Feature","properties":{"id":"mount-0927","type":"mountain","longitude":43.232188,"latitude":42.913283,"elevation_m":3006,"name":""},"geometry":{"type":"Point","coordinates":[43.232188,42.913283]}},{"type":"Feature","properties":{"id":"mount-0928","type":"mountain","longitude":42.158672,"latitude":43.168519,"elevation_m":3136,"name":""},"geometry":{"type":"Point","coordinates":[42.158672,43.168519]}},{"type":"Feature","properties":{"id":"mount-0929","type":"mountain","longitude":42.396777,"latitude":43.197793,"elevation_m":3062,"name":""},"geometry":{"type":"Point","coordinates":[42.396777,43.197793]}},{"type":"Feature","properties":{"id":"mount-0930","type":"mountain","longitude":42.044152,"latitude":43.157946,"elevation_m":3086,"name":""},"geometry":{"type":"Point","coordinates":[42.044152,43.157946]}},{"type":"Feature","properties":{"id":"mount-0931","type":"mountain","longitude":42.055063,"latitude":43.166046,"elevation_m":2866,"name":""},"geometry":{"type":"Point","coordinates":[42.055063,43.166046]}},{"type":"Feature","properties":{"id":"mount-0932","type":"mountain","longitude":40.987769,"latitude":43.356678,"elevation_m":2196,"name":""},"geometry":{"type":"Point","coordinates":[40.987769,43.356678]}},{"type":"Feature","properties":{"id":"mount-0933","type":"mountain","longitude":40.953062,"latitude":43.369431,"elevation_m":2477,"name":""},"geometry":{"type":"Point","coordinates":[40.953062,43.369431]}},{"type":"Feature","properties":{"id":"mount-0934","type":"mountain","longitude":40.973682,"latitude":43.371591,"elevation_m":2150,"name":""},"geometry":{"type":"Point","coordinates":[40.973682,43.371591]}},{"type":"Feature","properties":{"id":"mount-0935","type":"mountain","longitude":40.939608,"latitude":43.371818,"elevation_m":2467,"name":""},"geometry":{"type":"Point","coordinates":[40.939608,43.371818]}},{"type":"Feature","properties":{"id":"mount-0936","type":"mountain","longitude":40.922173,"latitude":43.377004,"elevation_m":2326,"name":""},"geometry":{"type":"Point","coordinates":[40.922173,43.377004]}},{"type":"Feature","properties":{"id":"mount-0937","type":"mountain","longitude":40.957772,"latitude":43.379694,"elevation_m":2293,"name":""},"geometry":{"type":"Point","coordinates":[40.957772,43.379694]}},{"type":"Feature","properties":{"id":"mount-0938","type":"mountain","longitude":40.913279,"latitude":43.390088,"elevation_m":1871,"name":""},"geometry":{"type":"Point","coordinates":[40.913279,43.390088]}},{"type":"Feature","properties":{"id":"mount-0939","type":"mountain","longitude":42.860498,"latitude":43.321252,"elevation_m":2796,"name":""},"geometry":{"type":"Point","coordinates":[42.860498,43.321252]}},{"type":"Feature","properties":{"id":"mount-0940","type":"mountain","longitude":41.584818,"latitude":43.378571,"elevation_m":3196,"name":""},"geometry":{"type":"Point","coordinates":[41.584818,43.378571]}},{"type":"Feature","properties":{"id":"mount-0941","type":"mountain","longitude":41.587479,"latitude":43.376161,"elevation_m":3134,"name":""},"geometry":{"type":"Point","coordinates":[41.587479,43.376161]}},{"type":"Feature","properties":{"id":"mount-0942","type":"mountain","longitude":41.185791,"latitude":43.604806,"elevation_m":2939,"name":""},"geometry":{"type":"Point","coordinates":[41.185791,43.604806]}},{"type":"Feature","properties":{"id":"mount-0943","type":"mountain","longitude":41.189965,"latitude":43.606352,"elevation_m":2919,"name":""},"geometry":{"type":"Point","coordinates":[41.189965,43.606352]}},{"type":"Feature","properties":{"id":"mount-0944","type":"mountain","longitude":41.142951,"latitude":43.455232,"elevation_m":2663,"name":""},"geometry":{"type":"Point","coordinates":[41.142951,43.455232]}},{"type":"Feature","properties":{"id":"mount-0945","type":"mountain","longitude":41.173217,"latitude":43.425115,"elevation_m":2744,"name":""},"geometry":{"type":"Point","coordinates":[41.173217,43.425115]}},{"type":"Feature","properties":{"id":"mount-0946","type":"mountain","longitude":41.276343,"latitude":43.375148,"elevation_m":3148,"name":""},"geometry":{"type":"Point","coordinates":[41.276343,43.375148]}},{"type":"Feature","properties":{"id":"mount-0947","type":"mountain","longitude":42.126925,"latitude":43.469078,"elevation_m":2342,"name":""},"geometry":{"type":"Point","coordinates":[42.126925,43.469078]}},{"type":"Feature","properties":{"id":"mount-0948","type":"mountain","longitude":42.205299,"latitude":43.478203,"elevation_m":2784,"name":""},"geometry":{"type":"Point","coordinates":[42.205299,43.478203]}},{"type":"Feature","properties":{"id":"mount-0949","type":"mountain","longitude":42.13362,"latitude":43.480313,"elevation_m":2340,"name":""},"geometry":{"type":"Point","coordinates":[42.13362,43.480313]}},{"type":"Feature","properties":{"id":"mount-0950","type":"mountain","longitude":42.856668,"latitude":43.097983,"elevation_m":3194,"name":""},"geometry":{"type":"Point","coordinates":[42.856668,43.097983]}},{"type":"Feature","properties":{"id":"mount-0951","type":"mountain","longitude":43.242284,"latitude":43.1512,"elevation_m":2710,"name":""},"geometry":{"type":"Point","coordinates":[43.242284,43.1512]}},{"type":"Feature","properties":{"id":"mount-0952","type":"mountain","longitude":42.994233,"latitude":43.187257,"elevation_m":3195,"name":""},"geometry":{"type":"Point","coordinates":[42.994233,43.187257]}},{"type":"Feature","properties":{"id":"mount-0953","type":"mountain","longitude":43.10474,"latitude":43.201406,"elevation_m":2931,"name":""},"geometry":{"type":"Point","coordinates":[43.10474,43.201406]}},{"type":"Feature","properties":{"id":"mount-0954","type":"mountain","longitude":42.494924,"latitude":43.408454,"elevation_m":3090,"name":""},"geometry":{"type":"Point","coordinates":[42.494924,43.408454]}},{"type":"Feature","properties":{"id":"mount-0955","type":"mountain","longitude":40.95642,"latitude":43.648777,"elevation_m":2725,"name":""},"geometry":{"type":"Point","coordinates":[40.95642,43.648777]}},{"type":"Feature","properties":{"id":"mount-0956","type":"mountain","longitude":42.523849,"latitude":43.450193,"elevation_m":3077,"name":""},"geometry":{"type":"Point","coordinates":[42.523849,43.450193]}},{"type":"Feature","properties":{"id":"mount-0957","type":"mountain","longitude":42.562205,"latitude":43.469413,"elevation_m":2355,"name":""},"geometry":{"type":"Point","coordinates":[42.562205,43.469413]}},{"type":"Feature","properties":{"id":"mount-0958","type":"mountain","longitude":42.583952,"latitude":43.441975,"elevation_m":2909,"name":""},"geometry":{"type":"Point","coordinates":[42.583952,43.441975]}},{"type":"Feature","properties":{"id":"mount-0959","type":"mountain","longitude":42.588834,"latitude":43.435392,"elevation_m":2951,"name":""},"geometry":{"type":"Point","coordinates":[42.588834,43.435392]}},{"type":"Feature","properties":{"id":"mount-0960","type":"mountain","longitude":42.542077,"latitude":43.600004,"elevation_m":2280,"name":""},"geometry":{"type":"Point","coordinates":[42.542077,43.600004]}},{"type":"Feature","properties":{"id":"mount-0961","type":"mountain","longitude":41.979382,"latitude":43.172236,"elevation_m":2201,"name":""},"geometry":{"type":"Point","coordinates":[41.979382,43.172236]}},{"type":"Feature","properties":{"id":"mount-0962","type":"mountain","longitude":41.973749,"latitude":43.1973,"elevation_m":2825,"name":""},"geometry":{"type":"Point","coordinates":[41.973749,43.1973]}},{"type":"Feature","properties":{"id":"mount-0963","type":"mountain","longitude":42.114812,"latitude":43.592079,"elevation_m":1910,"name":""},"geometry":{"type":"Point","coordinates":[42.114812,43.592079]}},{"type":"Feature","properties":{"id":"mount-0964","type":"mountain","longitude":42.11242,"latitude":43.57973,"elevation_m":1962,"name":""},"geometry":{"type":"Point","coordinates":[42.11242,43.57973]}},{"type":"Feature","properties":{"id":"mount-0965","type":"mountain","longitude":42.035494,"latitude":43.610477,"elevation_m":1939,"name":""},"geometry":{"type":"Point","coordinates":[42.035494,43.610477]}},{"type":"Feature","properties":{"id":"mount-0966","type":"mountain","longitude":41.923195,"latitude":43.588885,"elevation_m":1971,"name":""},"geometry":{"type":"Point","coordinates":[41.923195,43.588885]}},{"type":"Feature","properties":{"id":"mount-0967","type":"mountain","longitude":41.893508,"latitude":43.537785,"elevation_m":2422,"name":""},"geometry":{"type":"Point","coordinates":[41.893508,43.537785]}},{"type":"Feature","properties":{"id":"mount-0968","type":"mountain","longitude":41.836828,"latitude":43.416645,"elevation_m":2577,"name":""},"geometry":{"type":"Point","coordinates":[41.836828,43.416645]}},{"type":"Feature","properties":{"id":"mount-0969","type":"mountain","longitude":41.874186,"latitude":43.352114,"elevation_m":3181,"name":""},"geometry":{"type":"Point","coordinates":[41.874186,43.352114]}},{"type":"Feature","properties":{"id":"mount-0970","type":"mountain","longitude":42.040944,"latitude":43.246985,"elevation_m":2352,"name":""},"geometry":{"type":"Point","coordinates":[42.040944,43.246985]}},{"type":"Feature","properties":{"id":"mount-0971","type":"mountain","longitude":42.136817,"latitude":43.244718,"elevation_m":2757,"name":""},"geometry":{"type":"Point","coordinates":[42.136817,43.244718]}},{"type":"Feature","properties":{"id":"mount-0972","type":"mountain","longitude":42.029325,"latitude":43.230719,"elevation_m":2805,"name":""},"geometry":{"type":"Point","coordinates":[42.029325,43.230719]}},{"type":"Feature","properties":{"id":"mount-0973","type":"mountain","longitude":42.111583,"latitude":43.248891,"elevation_m":2904,"name":""},"geometry":{"type":"Point","coordinates":[42.111583,43.248891]}},{"type":"Feature","properties":{"id":"mount-0974","type":"mountain","longitude":42.033359,"latitude":43.209422,"elevation_m":2979,"name":""},"geometry":{"type":"Point","coordinates":[42.033359,43.209422]}},{"type":"Feature","properties":{"id":"mount-0975","type":"mountain","longitude":42.073356,"latitude":43.259886,"elevation_m":2983,"name":""},"geometry":{"type":"Point","coordinates":[42.073356,43.259886]}},{"type":"Feature","properties":{"id":"mount-0976","type":"mountain","longitude":42.025709,"latitude":43.222284,"elevation_m":3045,"name":""},"geometry":{"type":"Point","coordinates":[42.025709,43.222284]}},{"type":"Feature","properties":{"id":"mount-0977","type":"mountain","longitude":42.107087,"latitude":43.258378,"elevation_m":3163,"name":""},"geometry":{"type":"Point","coordinates":[42.107087,43.258378]}},{"type":"Feature","properties":{"id":"mount-0978","type":"mountain","longitude":41.995271,"latitude":43.179324,"elevation_m":2571,"name":""},"geometry":{"type":"Point","coordinates":[41.995271,43.179324]}},{"type":"Feature","properties":{"id":"mount-0979","type":"mountain","longitude":42.025366,"latitude":43.182899,"elevation_m":2893,"name":""},"geometry":{"type":"Point","coordinates":[42.025366,43.182899]}},{"type":"Feature","properties":{"id":"mount-0980","type":"mountain","longitude":42.071468,"latitude":43.225982,"elevation_m":3034,"name":""},"geometry":{"type":"Point","coordinates":[42.071468,43.225982]}},{"type":"Feature","properties":{"id":"mount-0981","type":"mountain","longitude":42.265778,"latitude":43.311986,"elevation_m":2858,"name":""},"geometry":{"type":"Point","coordinates":[42.265778,43.311986]}},{"type":"Feature","properties":{"id":"mount-0982","type":"mountain","longitude":42.241852,"latitude":43.270753,"elevation_m":2964,"name":""},"geometry":{"type":"Point","coordinates":[42.241852,43.270753]}},{"type":"Feature","properties":{"id":"mount-0983","type":"mountain","longitude":42.208529,"latitude":43.31343,"elevation_m":3130,"name":""},"geometry":{"type":"Point","coordinates":[42.208529,43.31343]}},{"type":"Feature","properties":{"id":"mount-0984","type":"mountain","longitude":42.16704,"latitude":43.336018,"elevation_m":2979,"name":""},"geometry":{"type":"Point","coordinates":[42.16704,43.336018]}},{"type":"Feature","properties":{"id":"mount-0985","type":"mountain","longitude":42.004777,"latitude":43.426043,"elevation_m":1856,"name":""},"geometry":{"type":"Point","coordinates":[42.004777,43.426043]}},{"type":"Feature","properties":{"id":"mount-0986","type":"mountain","longitude":42.173928,"latitude":43.383289,"elevation_m":1935,"name":""},"geometry":{"type":"Point","coordinates":[42.173928,43.383289]}},{"type":"Feature","properties":{"id":"mount-0987","type":"mountain","longitude":42.175173,"latitude":43.370967,"elevation_m":2060,"name":""},"geometry":{"type":"Point","coordinates":[42.175173,43.370967]}},{"type":"Feature","properties":{"id":"mount-0988","type":"mountain","longitude":42.004262,"latitude":43.391,"elevation_m":2266,"name":""},"geometry":{"type":"Point","coordinates":[42.004262,43.391]}},{"type":"Feature","properties":{"id":"mount-0989","type":"mountain","longitude":42.026417,"latitude":43.412577,"elevation_m":2238,"name":""},"geometry":{"type":"Point","coordinates":[42.026417,43.412577]}},{"type":"Feature","properties":{"id":"mount-0990","type":"mountain","longitude":42.049495,"latitude":43.411252,"elevation_m":2422,"name":""},"geometry":{"type":"Point","coordinates":[42.049495,43.411252]}},{"type":"Feature","properties":{"id":"mount-0991","type":"mountain","longitude":42.043605,"latitude":43.41412,"elevation_m":2386,"name":""},"geometry":{"type":"Point","coordinates":[42.043605,43.41412]}},{"type":"Feature","properties":{"id":"mount-0992","type":"mountain","longitude":42.10404,"latitude":43.397884,"elevation_m":2497,"name":""},"geometry":{"type":"Point","coordinates":[42.10404,43.397884]}},{"type":"Feature","properties":{"id":"mount-0993","type":"mountain","longitude":42.013296,"latitude":43.392099,"elevation_m":2681,"name":""},"geometry":{"type":"Point","coordinates":[42.013296,43.392099]}},{"type":"Feature","properties":{"id":"mount-0994","type":"mountain","longitude":42.125745,"latitude":43.26748,"elevation_m":2790,"name":""},"geometry":{"type":"Point","coordinates":[42.125745,43.26748]}},{"type":"Feature","properties":{"id":"mount-0995","type":"mountain","longitude":42.112033,"latitude":43.417822,"elevation_m":2795,"name":""},"geometry":{"type":"Point","coordinates":[42.112033,43.417822]}},{"type":"Feature","properties":{"id":"mount-0996","type":"mountain","longitude":42.151054,"latitude":43.282368,"elevation_m":2996,"name":""},"geometry":{"type":"Point","coordinates":[42.151054,43.282368]}},{"type":"Feature","properties":{"id":"mount-0997","type":"mountain","longitude":42.166675,"latitude":43.32997,"elevation_m":2946,"name":""},"geometry":{"type":"Point","coordinates":[42.166675,43.32997]}},{"type":"Feature","properties":{"id":"mount-0998","type":"mountain","longitude":42.155163,"latitude":43.258253,"elevation_m":2969,"name":""},"geometry":{"type":"Point","coordinates":[42.155163,43.258253]}},{"type":"Feature","properties":{"id":"mount-0999","type":"mountain","longitude":42.035558,"latitude":43.3544,"elevation_m":3087,"name":""},"geometry":{"type":"Point","coordinates":[42.035558,43.3544]}},{"type":"Feature","properties":{"id":"mount-1000","type":"mountain","longitude":42.040075,"latitude":43.349423,"elevation_m":3100,"name":""},"geometry":{"type":"Point","coordinates":[42.040075,43.349423]}},{"type":"Feature","properties":{"id":"mount-1001","type":"mountain","longitude":42.129639,"latitude":43.20559,"elevation_m":3103,"name":""},"geometry":{"type":"Point","coordinates":[42.129639,43.20559]}},{"type":"Feature","properties":{"id":"mount-1002","type":"mountain","longitude":42.104008,"latitude":43.343329,"elevation_m":3164,"name":""},"geometry":{"type":"Point","coordinates":[42.104008,43.343329]}},{"type":"Feature","properties":{"id":"mount-1003","type":"mountain","longitude":42.04295,"latitude":43.444959,"elevation_m":1806,"name":""},"geometry":{"type":"Point","coordinates":[42.04295,43.444959]}},{"type":"Feature","properties":{"id":"mount-1004","type":"mountain","longitude":42.037082,"latitude":43.5089,"elevation_m":1936,"name":""},"geometry":{"type":"Point","coordinates":[42.037082,43.5089]}},{"type":"Feature","properties":{"id":"mount-1005","type":"mountain","longitude":42.212809,"latitude":43.502706,"elevation_m":2078,"name":""},"geometry":{"type":"Point","coordinates":[42.212809,43.502706]}},{"type":"Feature","properties":{"id":"mount-1006","type":"mountain","longitude":42.219268,"latitude":43.496643,"elevation_m":2110,"name":""},"geometry":{"type":"Point","coordinates":[42.219268,43.496643]}},{"type":"Feature","properties":{"id":"mount-1007","type":"mountain","longitude":42.14982,"latitude":43.499009,"elevation_m":2074,"name":""},"geometry":{"type":"Point","coordinates":[42.14982,43.499009]}},{"type":"Feature","properties":{"id":"mount-1008","type":"mountain","longitude":42.158489,"latitude":43.446812,"elevation_m":2321,"name":""},"geometry":{"type":"Point","coordinates":[42.158489,43.446812]}},{"type":"Feature","properties":{"id":"mount-1009","type":"mountain","longitude":42.03455,"latitude":43.488315,"elevation_m":2376,"name":""},"geometry":{"type":"Point","coordinates":[42.03455,43.488315]}},{"type":"Feature","properties":{"id":"mount-1010","type":"mountain","longitude":42.205889,"latitude":43.434192,"elevation_m":2508,"name":""},"geometry":{"type":"Point","coordinates":[42.205889,43.434192]}},{"type":"Feature","properties":{"id":"mount-1011","type":"mountain","longitude":42.096144,"latitude":43.43173,"elevation_m":2556,"name":""},"geometry":{"type":"Point","coordinates":[42.096144,43.43173]}},{"type":"Feature","properties":{"id":"mount-1012","type":"mountain","longitude":42.06311,"latitude":43.478981,"elevation_m":2663,"name":""},"geometry":{"type":"Point","coordinates":[42.06311,43.478981]}},{"type":"Feature","properties":{"id":"mount-1013","type":"mountain","longitude":42.273535,"latitude":43.269308,"elevation_m":2643,"name":""},"geometry":{"type":"Point","coordinates":[42.273535,43.269308]}},{"type":"Feature","properties":{"id":"mount-1014","type":"mountain","longitude":42.238247,"latitude":43.435423,"elevation_m":2750,"name":""},"geometry":{"type":"Point","coordinates":[42.238247,43.435423]}},{"type":"Feature","properties":{"id":"mount-1015","type":"mountain","longitude":42.272505,"latitude":43.338187,"elevation_m":2784,"name":""},"geometry":{"type":"Point","coordinates":[42.272505,43.338187]}},{"type":"Feature","properties":{"id":"mount-1016","type":"mountain","longitude":42.320184,"latitude":43.403902,"elevation_m":2935,"name":""},"geometry":{"type":"Point","coordinates":[42.320184,43.403902]}},{"type":"Feature","properties":{"id":"mount-1017","type":"mountain","longitude":42.34471,"latitude":43.419411,"elevation_m":2968,"name":""},"geometry":{"type":"Point","coordinates":[42.34471,43.419411]}},{"type":"Feature","properties":{"id":"mount-1018","type":"mountain","longitude":42.282203,"latitude":43.443097,"elevation_m":3038,"name":""},"geometry":{"type":"Point","coordinates":[42.282203,43.443097]}},{"type":"Feature","properties":{"id":"mount-1019","type":"mountain","longitude":42.295336,"latitude":43.450785,"elevation_m":3088,"name":""},"geometry":{"type":"Point","coordinates":[42.295336,43.450785]}},{"type":"Feature","properties":{"id":"mount-1020","type":"mountain","longitude":42.323949,"latitude":43.429923,"elevation_m":3127,"name":""},"geometry":{"type":"Point","coordinates":[42.323949,43.429923]}},{"type":"Feature","properties":{"id":"mount-1021","type":"mountain","longitude":42.340246,"latitude":43.428497,"elevation_m":3184,"name":""},"geometry":{"type":"Point","coordinates":[42.340246,43.428497]}},{"type":"Feature","properties":{"id":"mount-1022","type":"mountain","longitude":42.328885,"latitude":43.398796,"elevation_m":3129,"name":""},"geometry":{"type":"Point","coordinates":[42.328885,43.398796]}},{"type":"Feature","properties":{"id":"mount-1023","type":"mountain","longitude":42.333691,"latitude":43.284407,"elevation_m":3163,"name":""},"geometry":{"type":"Point","coordinates":[42.333691,43.284407]}},{"type":"Feature","properties":{"id":"mount-1024","type":"mountain","longitude":42.756,"latitude":43.320284,"elevation_m":1974,"name":""},"geometry":{"type":"Point","coordinates":[42.756,43.320284]}},{"type":"Feature","properties":{"id":"mount-1025","type":"mountain","longitude":42.766879,"latitude":43.329377,"elevation_m":2347,"name":""},"geometry":{"type":"Point","coordinates":[42.766879,43.329377]}},{"type":"Feature","properties":{"id":"mount-1026","type":"mountain","longitude":42.768252,"latitude":43.333443,"elevation_m":2499,"name":""},"geometry":{"type":"Point","coordinates":[42.768252,43.333443]}},{"type":"Feature","properties":{"id":"mount-1027","type":"mountain","longitude":42.742964,"latitude":43.33853,"elevation_m":2542,"name":""},"geometry":{"type":"Point","coordinates":[42.742964,43.33853]}},{"type":"Feature","properties":{"id":"mount-1028","type":"mountain","longitude":42.675319,"latitude":43.374149,"elevation_m":2713,"name":""},"geometry":{"type":"Point","coordinates":[42.675319,43.374149]}},{"type":"Feature","properties":{"id":"mount-1029","type":"mountain","longitude":42.736645,"latitude":43.371303,"elevation_m":2741,"name":""},"geometry":{"type":"Point","coordinates":[42.736645,43.371303]}},{"type":"Feature","properties":{"id":"mount-1030","type":"mountain","longitude":42.655985,"latitude":43.373713,"elevation_m":2913,"name":""},"geometry":{"type":"Point","coordinates":[42.655985,43.373713]}},{"type":"Feature","properties":{"id":"mount-1031","type":"mountain","longitude":42.684234,"latitude":43.376583,"elevation_m":2945,"name":""},"geometry":{"type":"Point","coordinates":[42.684234,43.376583]}},{"type":"Feature","properties":{"id":"mount-1032","type":"mountain","longitude":42.64546,"latitude":43.371545,"elevation_m":2946,"name":""},"geometry":{"type":"Point","coordinates":[42.64546,43.371545]}},{"type":"Feature","properties":{"id":"mount-1033","type":"mountain","longitude":42.577289,"latitude":43.284415,"elevation_m":2991,"name":""},"geometry":{"type":"Point","coordinates":[42.577289,43.284415]}},{"type":"Feature","properties":{"id":"mount-1034","type":"mountain","longitude":42.778122,"latitude":43.344515,"elevation_m":3061,"name":""},"geometry":{"type":"Point","coordinates":[42.778122,43.344515]}},{"type":"Feature","properties":{"id":"mount-1035","type":"mountain","longitude":42.586495,"latitude":43.283712,"elevation_m":2989,"name":""},"geometry":{"type":"Point","coordinates":[42.586495,43.283712]}},{"type":"Feature","properties":{"id":"mount-1036","type":"mountain","longitude":42.711647,"latitude":43.336392,"elevation_m":3138,"name":""},"geometry":{"type":"Point","coordinates":[42.711647,43.336392]}},{"type":"Feature","properties":{"id":"mount-1037","type":"mountain","longitude":42.262838,"latitude":43.255893,"elevation_m":3060,"name":""},"geometry":{"type":"Point","coordinates":[42.262838,43.255893]}},{"type":"Feature","properties":{"id":"mount-1038","type":"mountain","longitude":42.598457,"latitude":43.271784,"elevation_m":3155,"name":""},"geometry":{"type":"Point","coordinates":[42.598457,43.271784]}},{"type":"Feature","properties":{"id":"mount-1039","type":"mountain","longitude":41.662763,"latitude":43.419302,"elevation_m":2844,"name":""},"geometry":{"type":"Point","coordinates":[41.662763,43.419302]}},{"type":"Feature","properties":{"id":"mount-1040","type":"mountain","longitude":42.141581,"latitude":43.443907,"elevation_m":1813,"name":""},"geometry":{"type":"Point","coordinates":[42.141581,43.443907]}},{"type":"Feature","properties":{"id":"mount-1041","type":"mountain","longitude":42.260939,"latitude":43.504799,"elevation_m":1884,"name":""},"geometry":{"type":"Point","coordinates":[42.260939,43.504799]}},{"type":"Feature","properties":{"id":"mount-1042","type":"mountain","longitude":42.268267,"latitude":43.49813,"elevation_m":1986,"name":""},"geometry":{"type":"Point","coordinates":[42.268267,43.49813]}},{"type":"Feature","properties":{"id":"mount-1043","type":"mountain","longitude":42.139682,"latitude":43.449367,"elevation_m":2058,"name":""},"geometry":{"type":"Point","coordinates":[42.139682,43.449367]}},{"type":"Feature","properties":{"id":"mount-1044","type":"mountain","longitude":42.286913,"latitude":43.499375,"elevation_m":2124,"name":""},"geometry":{"type":"Point","coordinates":[42.286913,43.499375]}},{"type":"Feature","properties":{"id":"mount-1045","type":"mountain","longitude":42.291462,"latitude":43.494503,"elevation_m":2221,"name":""},"geometry":{"type":"Point","coordinates":[42.291462,43.494503]}},{"type":"Feature","properties":{"id":"mount-1046","type":"mountain","longitude":42.273985,"latitude":43.472527,"elevation_m":2494,"name":""},"geometry":{"type":"Point","coordinates":[42.273985,43.472527]}},{"type":"Feature","properties":{"id":"mount-1047","type":"mountain","longitude":42.136967,"latitude":43.471865,"elevation_m":2571,"name":""},"geometry":{"type":"Point","coordinates":[42.136967,43.471865]}},{"type":"Feature","properties":{"id":"mount-1048","type":"mountain","longitude":42.441784,"latitude":43.529914,"elevation_m":2349,"name":""},"geometry":{"type":"Point","coordinates":[42.441784,43.529914]}},{"type":"Feature","properties":{"id":"mount-1049","type":"mountain","longitude":42.349505,"latitude":43.520532,"elevation_m":2061,"name":""},"geometry":{"type":"Point","coordinates":[42.349505,43.520532]}},{"type":"Feature","properties":{"id":"mount-1050","type":"mountain","longitude":42.324958,"latitude":43.503445,"elevation_m":2089,"name":""},"geometry":{"type":"Point","coordinates":[42.324958,43.503445]}},{"type":"Feature","properties":{"id":"mount-1051","type":"mountain","longitude":42.484957,"latitude":43.492705,"elevation_m":2267,"name":""},"geometry":{"type":"Point","coordinates":[42.484957,43.492705]}},{"type":"Feature","properties":{"id":"mount-1052","type":"mountain","longitude":42.498132,"latitude":43.523978,"elevation_m":2370,"name":""},"geometry":{"type":"Point","coordinates":[42.498132,43.523978]}},{"type":"Feature","properties":{"id":"mount-1053","type":"mountain","longitude":42.3269,"latitude":43.478047,"elevation_m":2275,"name":""},"geometry":{"type":"Point","coordinates":[42.3269,43.478047]}},{"type":"Feature","properties":{"id":"mount-1054","type":"mountain","longitude":42.492135,"latitude":43.526001,"elevation_m":2402,"name":""},"geometry":{"type":"Point","coordinates":[42.492135,43.526001]}},{"type":"Feature","properties":{"id":"mount-1055","type":"mountain","longitude":42.518131,"latitude":43.540709,"elevation_m":2395,"name":""},"geometry":{"type":"Point","coordinates":[42.518131,43.540709]}},{"type":"Feature","properties":{"id":"mount-1056","type":"mountain","longitude":42.436956,"latitude":43.50995,"elevation_m":2391,"name":""},"geometry":{"type":"Point","coordinates":[42.436956,43.50995]}},{"type":"Feature","properties":{"id":"mount-1057","type":"mountain","longitude":42.382572,"latitude":43.48886,"elevation_m":2478,"name":""},"geometry":{"type":"Point","coordinates":[42.382572,43.48886]}},{"type":"Feature","properties":{"id":"mount-1058","type":"mountain","longitude":42.362294,"latitude":43.494215,"elevation_m":2545,"name":""},"geometry":{"type":"Point","coordinates":[42.362294,43.494215]}},{"type":"Feature","properties":{"id":"mount-1059","type":"mountain","longitude":42.495836,"latitude":43.456416,"elevation_m":2662,"name":""},"geometry":{"type":"Point","coordinates":[42.495836,43.456416]}},{"type":"Feature","properties":{"id":"mount-1060","type":"mountain","longitude":42.36312,"latitude":43.485357,"elevation_m":2693,"name":""},"geometry":{"type":"Point","coordinates":[42.36312,43.485357]}},{"type":"Feature","properties":{"id":"mount-1061","type":"mountain","longitude":42.355149,"latitude":43.483683,"elevation_m":2698,"name":""},"geometry":{"type":"Point","coordinates":[42.355149,43.483683]}},{"type":"Feature","properties":{"id":"mount-1062","type":"mountain","longitude":42.374986,"latitude":43.438999,"elevation_m":2865,"name":""},"geometry":{"type":"Point","coordinates":[42.374986,43.438999]}},{"type":"Feature","properties":{"id":"mount-1063","type":"mountain","longitude":42.382293,"latitude":43.432549,"elevation_m":2917,"name":""},"geometry":{"type":"Point","coordinates":[42.382293,43.432549]}},{"type":"Feature","properties":{"id":"mount-1064","type":"mountain","longitude":42.368978,"latitude":43.429401,"elevation_m":3006,"name":""},"geometry":{"type":"Point","coordinates":[42.368978,43.429401]}},{"type":"Feature","properties":{"id":"mount-1065","type":"mountain","longitude":42.340289,"latitude":43.454126,"elevation_m":2968,"name":""},"geometry":{"type":"Point","coordinates":[42.340289,43.454126]}},{"type":"Feature","properties":{"id":"mount-1066","type":"mountain","longitude":42.477436,"latitude":43.465862,"elevation_m":2984,"name":""},"geometry":{"type":"Point","coordinates":[42.477436,43.465862]}},{"type":"Feature","properties":{"id":"mount-1067","type":"mountain","longitude":42.396787,"latitude":43.439841,"elevation_m":3047,"name":""},"geometry":{"type":"Point","coordinates":[42.396787,43.439841]}},{"type":"Feature","properties":{"id":"mount-1068","type":"mountain","longitude":42.475741,"latitude":43.450582,"elevation_m":3057,"name":""},"geometry":{"type":"Point","coordinates":[42.475741,43.450582]}},{"type":"Feature","properties":{"id":"mount-1069","type":"mountain","longitude":42.326868,"latitude":43.450785,"elevation_m":3105,"name":""},"geometry":{"type":"Point","coordinates":[42.326868,43.450785]}},{"type":"Feature","properties":{"id":"mount-1070","type":"mountain","longitude":42.307706,"latitude":43.554535,"elevation_m":1927,"name":""},"geometry":{"type":"Point","coordinates":[42.307706,43.554535]}},{"type":"Feature","properties":{"id":"mount-1071","type":"mountain","longitude":42.28466,"latitude":43.536875,"elevation_m":1966,"name":""},"geometry":{"type":"Point","coordinates":[42.28466,43.536875]}},{"type":"Feature","properties":{"id":"mount-1072","type":"mountain","longitude":42.261583,"latitude":43.533733,"elevation_m":2087,"name":""},"geometry":{"type":"Point","coordinates":[42.261583,43.533733]}},{"type":"Feature","properties":{"id":"mount-1073","type":"mountain","longitude":42.187092,"latitude":43.524888,"elevation_m":2053,"name":""},"geometry":{"type":"Point","coordinates":[42.187092,43.524888]}},{"type":"Feature","properties":{"id":"mount-1074","type":"mountain","longitude":41.957216,"latitude":43.3904,"elevation_m":3169,"name":""},"geometry":{"type":"Point","coordinates":[41.957216,43.3904]}},{"type":"Feature","properties":{"id":"mount-1075","type":"mountain","longitude":42.207584,"latitude":43.403559,"elevation_m":2692,"name":""},"geometry":{"type":"Point","coordinates":[42.207584,43.403559]}},{"type":"Feature","properties":{"id":"mount-1076","type":"mountain","longitude":42.683494,"latitude":43.486634,"elevation_m":2610,"name":""},"geometry":{"type":"Point","coordinates":[42.683494,43.486634]}},{"type":"Feature","properties":{"id":"mount-1077","type":"mountain","longitude":42.855574,"latitude":43.465831,"elevation_m":2354,"name":""},"geometry":{"type":"Point","coordinates":[42.855574,43.465831]}},{"type":"Feature","properties":{"id":"mount-1078","type":"mountain","longitude":42.756547,"latitude":43.443486,"elevation_m":3014,"name":""},"geometry":{"type":"Point","coordinates":[42.756547,43.443486]}},{"type":"Feature","properties":{"id":"mount-1079","type":"mountain","longitude":42.793819,"latitude":43.568724,"elevation_m":2722,"name":""},"geometry":{"type":"Point","coordinates":[42.793819,43.568724]}},{"type":"Feature","properties":{"id":"mount-1080","type":"mountain","longitude":42.734435,"latitude":43.581013,"elevation_m":2826,"name":""},"geometry":{"type":"Point","coordinates":[42.734435,43.581013]}},{"type":"Feature","properties":{"id":"mount-1081","type":"mountain","longitude":42.865359,"latitude":43.523371,"elevation_m":2874,"name":""},"geometry":{"type":"Point","coordinates":[42.865359,43.523371]}},{"type":"Feature","properties":{"id":"mount-1082","type":"mountain","longitude":42.878544,"latitude":43.494503,"elevation_m":2897,"name":""},"geometry":{"type":"Point","coordinates":[42.878544,43.494503]}},{"type":"Feature","properties":{"id":"mount-1083","type":"mountain","longitude":42.780075,"latitude":43.434496,"elevation_m":2860,"name":""},"geometry":{"type":"Point","coordinates":[42.780075,43.434496]}},{"type":"Feature","properties":{"id":"mount-1084","type":"mountain","longitude":42.780526,"latitude":43.516245,"elevation_m":2493,"name":""},"geometry":{"type":"Point","coordinates":[42.780526,43.516245]}},{"type":"Feature","properties":{"id":"mount-1085","type":"mountain","longitude":42.678773,"latitude":43.570838,"elevation_m":2393,"name":""},"geometry":{"type":"Point","coordinates":[42.678773,43.570838]}},{"type":"Feature","properties":{"id":"mount-1086","type":"mountain","longitude":42.868931,"latitude":43.423705,"elevation_m":2712,"name":""},"geometry":{"type":"Point","coordinates":[42.868931,43.423705]}},{"type":"Feature","properties":{"id":"mount-1087","type":"mountain","longitude":42.801147,"latitude":43.33814,"elevation_m":2196,"name":""},"geometry":{"type":"Point","coordinates":[42.801147,43.33814]}},{"type":"Feature","properties":{"id":"mount-1088","type":"mountain","longitude":42.490836,"latitude":43.583111,"elevation_m":2176,"name":""},"geometry":{"type":"Point","coordinates":[42.490836,43.583111]}},{"type":"Feature","properties":{"id":"mount-1089","type":"mountain","longitude":42.549051,"latitude":43.495312,"elevation_m":2217,"name":""},"geometry":{"type":"Point","coordinates":[42.549051,43.495312]}},{"type":"Feature","properties":{"id":"mount-1090","type":"mountain","longitude":42.839888,"latitude":43.355406,"elevation_m":2316,"name":""},"geometry":{"type":"Point","coordinates":[42.839888,43.355406]}},{"type":"Feature","properties":{"id":"mount-1091","type":"mountain","longitude":42.54168,"latitude":43.4936,"elevation_m":2262,"name":""},"geometry":{"type":"Point","coordinates":[42.54168,43.4936]}},{"type":"Feature","properties":{"id":"mount-1092","type":"mountain","longitude":42.874843,"latitude":43.443307,"elevation_m":2276,"name":""},"geometry":{"type":"Point","coordinates":[42.874843,43.443307]}},{"type":"Feature","properties":{"id":"mount-1093","type":"mountain","longitude":42.500621,"latitude":43.587113,"elevation_m":2301,"name":""},"geometry":{"type":"Point","coordinates":[42.500621,43.587113]}},{"type":"Feature","properties":{"id":"mount-1094","type":"mountain","longitude":42.557259,"latitude":43.476031,"elevation_m":2302,"name":""},"geometry":{"type":"Point","coordinates":[42.557259,43.476031]}},{"type":"Feature","properties":{"id":"mount-1095","type":"mountain","longitude":42.914325,"latitude":43.438212,"elevation_m":2293,"name":""},"geometry":{"type":"Point","coordinates":[42.914325,43.438212]}},{"type":"Feature","properties":{"id":"mount-1096","type":"mountain","longitude":42.489935,"latitude":43.591271,"elevation_m":2319,"name":""},"geometry":{"type":"Point","coordinates":[42.489935,43.591271]}},{"type":"Feature","properties":{"id":"mount-1097","type":"mountain","longitude":42.502123,"latitude":43.489304,"elevation_m":2329,"name":""},"geometry":{"type":"Point","coordinates":[42.502123,43.489304]}},{"type":"Feature","properties":{"id":"mount-1098","type":"mountain","longitude":42.43451,"latitude":43.563857,"elevation_m":2344,"name":""},"geometry":{"type":"Point","coordinates":[42.43451,43.563857]}},{"type":"Feature","properties":{"id":"mount-1099","type":"mountain","longitude":42.491566,"latitude":43.549512,"elevation_m":2343,"name":""},"geometry":{"type":"Point","coordinates":[42.491566,43.549512]}},{"type":"Feature","properties":{"id":"mount-1100","type":"mountain","longitude":42.559737,"latitude":43.514899,"elevation_m":2362,"name":""},"geometry":{"type":"Point","coordinates":[42.559737,43.514899]}},{"type":"Feature","properties":{"id":"mount-1101","type":"mountain","longitude":42.479249,"latitude":43.522765,"elevation_m":2386,"name":""},"geometry":{"type":"Point","coordinates":[42.479249,43.522765]}},{"type":"Feature","properties":{"id":"mount-1102","type":"mountain","longitude":42.525415,"latitude":43.495203,"elevation_m":2408,"name":""},"geometry":{"type":"Point","coordinates":[42.525415,43.495203]}},{"type":"Feature","properties":{"id":"mount-1103","type":"mountain","longitude":42.526735,"latitude":43.481379,"elevation_m":2405,"name":""},"geometry":{"type":"Point","coordinates":[42.526735,43.481379]}},{"type":"Feature","properties":{"id":"mount-1104","type":"mountain","longitude":42.528044,"latitude":43.488556,"elevation_m":2411,"name":""},"geometry":{"type":"Point","coordinates":[42.528044,43.488556]}},{"type":"Feature","properties":{"id":"mount-1105","type":"mountain","longitude":42.879649,"latitude":43.430562,"elevation_m":2437,"name":""},"geometry":{"type":"Point","coordinates":[42.879649,43.430562]}},{"type":"Feature","properties":{"id":"mount-1106","type":"mountain","longitude":42.516586,"latitude":43.463674,"elevation_m":2461,"name":""},"geometry":{"type":"Point","coordinates":[42.516586,43.463674]}},{"type":"Feature","properties":{"id":"mount-1107","type":"mountain","longitude":42.896901,"latitude":43.432424,"elevation_m":2438,"name":""},"geometry":{"type":"Point","coordinates":[42.896901,43.432424]}},{"type":"Feature","properties":{"id":"mount-1108","type":"mountain","longitude":42.672079,"latitude":43.521792,"elevation_m":2530,"name":""},"geometry":{"type":"Point","coordinates":[42.672079,43.521792]}},{"type":"Feature","properties":{"id":"mount-1109","type":"mountain","longitude":42.866056,"latitude":43.438049,"elevation_m":2555,"name":""},"geometry":{"type":"Point","coordinates":[42.866056,43.438049]}},{"type":"Feature","properties":{"id":"mount-1110","type":"mountain","longitude":42.877965,"latitude":43.385144,"elevation_m":2539,"name":""},"geometry":{"type":"Point","coordinates":[42.877965,43.385144]}},{"type":"Feature","properties":{"id":"mount-1111","type":"mountain","longitude":42.861539,"latitude":43.426721,"elevation_m":2680,"name":""},"geometry":{"type":"Point","coordinates":[42.861539,43.426721]}},{"type":"Feature","properties":{"id":"mount-1112","type":"mountain","longitude":42.841004,"latitude":43.422365,"elevation_m":2721,"name":""},"geometry":{"type":"Point","coordinates":[42.841004,43.422365]}},{"type":"Feature","properties":{"id":"mount-1113","type":"mountain","longitude":42.827196,"latitude":43.360539,"elevation_m":2799,"name":""},"geometry":{"type":"Point","coordinates":[42.827196,43.360539]}},{"type":"Feature","properties":{"id":"mount-1114","type":"mountain","longitude":42.839727,"latitude":43.415312,"elevation_m":2879,"name":""},"geometry":{"type":"Point","coordinates":[42.839727,43.415312]}},{"type":"Feature","properties":{"id":"mount-1115","type":"mountain","longitude":42.838054,"latitude":43.401594,"elevation_m":2973,"name":""},"geometry":{"type":"Point","coordinates":[42.838054,43.401594]}},{"type":"Feature","properties":{"id":"mount-1116","type":"mountain","longitude":42.742106,"latitude":43.375421,"elevation_m":2930,"name":""},"geometry":{"type":"Point","coordinates":[42.742106,43.375421]}},{"type":"Feature","properties":{"id":"mount-1117","type":"mountain","longitude":42.833848,"latitude":43.412171,"elevation_m":2956,"name":""},"geometry":{"type":"Point","coordinates":[42.833848,43.412171]}},{"type":"Feature","properties":{"id":"mount-1118","type":"mountain","longitude":42.578738,"latitude":43.4245,"elevation_m":3043,"name":""},"geometry":{"type":"Point","coordinates":[42.578738,43.4245]}},{"type":"Feature","properties":{"id":"mount-1119","type":"mountain","longitude":42.6378,"latitude":43.450286,"elevation_m":3155,"name":""},"geometry":{"type":"Point","coordinates":[42.6378,43.450286]}},{"type":"Feature","properties":{"id":"mount-1120","type":"mountain","longitude":42.617126,"latitude":43.410839,"elevation_m":3191,"name":""},"geometry":{"type":"Point","coordinates":[42.617126,43.410839]}},{"type":"Feature","properties":{"id":"mount-1121","type":"mountain","longitude":42.342145,"latitude":43.575891,"elevation_m":2044,"name":""},"geometry":{"type":"Point","coordinates":[42.342145,43.575891]}},{"type":"Feature","properties":{"id":"mount-1122","type":"mountain","longitude":42.361919,"latitude":43.560398,"elevation_m":2043,"name":""},"geometry":{"type":"Point","coordinates":[42.361919,43.560398]}},{"type":"Feature","properties":{"id":"mount-1123","type":"mountain","longitude":42.335697,"latitude":43.543385,"elevation_m":2079,"name":""},"geometry":{"type":"Point","coordinates":[42.335697,43.543385]}},{"type":"Feature","properties":{"id":"mount-1124","type":"mountain","longitude":42.340654,"latitude":43.561735,"elevation_m":2124,"name":""},"geometry":{"type":"Point","coordinates":[42.340654,43.561735]}},{"type":"Feature","properties":{"id":"mount-1125","type":"mountain","longitude":42.524375,"latitude":43.58751,"elevation_m":2099,"name":""},"geometry":{"type":"Point","coordinates":[42.524375,43.58751]}},{"type":"Feature","properties":{"id":"mount-1126","type":"mountain","longitude":42.536123,"latitude":43.539457,"elevation_m":2114,"name":""},"geometry":{"type":"Point","coordinates":[42.536123,43.539457]}},{"type":"Feature","properties":{"id":"mount-1127","type":"mountain","longitude":42.509172,"latitude":43.58057,"elevation_m":2147,"name":""},"geometry":{"type":"Point","coordinates":[42.509172,43.58057]}},{"type":"Feature","properties":{"id":"mount-1128","type":"mountain","longitude":42.549995,"latitude":43.546783,"elevation_m":2215,"name":""},"geometry":{"type":"Point","coordinates":[42.549995,43.546783]}},{"type":"Feature","properties":{"id":"mount-1129","type":"mountain","longitude":42.553439,"latitude":43.598955,"elevation_m":2241,"name":""},"geometry":{"type":"Point","coordinates":[42.553439,43.598955]}},{"type":"Feature","properties":{"id":"mount-1130","type":"mountain","longitude":42.523152,"latitude":43.568304,"elevation_m":2278,"name":""},"geometry":{"type":"Point","coordinates":[42.523152,43.568304]}},{"type":"Feature","properties":{"id":"mount-1131","type":"mountain","longitude":42.544899,"latitude":43.588225,"elevation_m":2282,"name":""},"geometry":{"type":"Point","coordinates":[42.544899,43.588225]}},{"type":"Feature","properties":{"id":"mount-1132","type":"mountain","longitude":42.529063,"latitude":43.60291,"elevation_m":2308,"name":""},"geometry":{"type":"Point","coordinates":[42.529063,43.60291]}},{"type":"Feature","properties":{"id":"mount-1133","type":"mountain","longitude":42.524139,"latitude":43.551534,"elevation_m":2330,"name":""},"geometry":{"type":"Point","coordinates":[42.524139,43.551534]}},{"type":"Feature","properties":{"id":"mount-1134","type":"mountain","longitude":42.517626,"latitude":43.561525,"elevation_m":2350,"name":""},"geometry":{"type":"Point","coordinates":[42.517626,43.561525]}},{"type":"Feature","properties":{"id":"mount-1135","type":"mountain","longitude":42.68505,"latitude":43.245515,"elevation_m":3194,"name":""},"geometry":{"type":"Point","coordinates":[42.68505,43.245515]}},{"type":"Feature","properties":{"id":"mount-1136","type":"mountain","longitude":42.723781,"latitude":43.26537,"elevation_m":3155,"name":""},"geometry":{"type":"Point","coordinates":[42.723781,43.26537]}},{"type":"Feature","properties":{"id":"mount-1137","type":"mountain","longitude":42.461343,"latitude":43.780801,"elevation_m":2149,"name":""},"geometry":{"type":"Point","coordinates":[42.461343,43.780801]}},{"type":"Feature","properties":{"id":"mount-1138","type":"mountain","longitude":42.461375,"latitude":43.753574,"elevation_m":2327,"name":""},"geometry":{"type":"Point","coordinates":[42.461375,43.753574]}},{"type":"Feature","properties":{"id":"mount-1139","type":"mountain","longitude":42.84668,"latitude":43.66455,"elevation_m":1913,"name":""},"geometry":{"type":"Point","coordinates":[42.84668,43.66455]}},{"type":"Feature","properties":{"id":"mount-1140","type":"mountain","longitude":42.795782,"latitude":43.68561,"elevation_m":1947,"name":""},"geometry":{"type":"Point","coordinates":[42.795782,43.68561]}},{"type":"Feature","properties":{"id":"mount-1141","type":"mountain","longitude":42.589842,"latitude":43.623075,"elevation_m":2392,"name":""},"geometry":{"type":"Point","coordinates":[42.589842,43.623075]}},{"type":"Feature","properties":{"id":"mount-1142","type":"mountain","longitude":42.705638,"latitude":43.632068,"elevation_m":2134,"name":""},"geometry":{"type":"Point","coordinates":[42.705638,43.632068]}},{"type":"Feature","properties":{"id":"mount-1143","type":"mountain","longitude":42.706711,"latitude":43.705825,"elevation_m":2047,"name":""},"geometry":{"type":"Point","coordinates":[42.706711,43.705825]}},{"type":"Feature","properties":{"id":"mount-1144","type":"mountain","longitude":42.595035,"latitude":43.612939,"elevation_m":2396,"name":""},"geometry":{"type":"Point","coordinates":[42.595035,43.612939]}},{"type":"Feature","properties":{"id":"mount-1145","type":"mountain","longitude":42.357466,"latitude":43.633691,"elevation_m":2183,"name":""},"geometry":{"type":"Point","coordinates":[42.357466,43.633691]}},{"type":"Feature","properties":{"id":"mount-1146","type":"mountain","longitude":42.360975,"latitude":43.70636,"elevation_m":2199,"name":""},"geometry":{"type":"Point","coordinates":[42.360975,43.70636]}},{"type":"Feature","properties":{"id":"mount-1147","type":"mountain","longitude":42.576152,"latitude":43.729949,"elevation_m":2218,"name":""},"geometry":{"type":"Point","coordinates":[42.576152,43.729949]}},{"type":"Feature","properties":{"id":"mount-1148","type":"mountain","longitude":42.402248,"latitude":43.629281,"elevation_m":2321,"name":""},"geometry":{"type":"Point","coordinates":[42.402248,43.629281]}},{"type":"Feature","properties":{"id":"mount-1149","type":"mountain","longitude":42.99551,"latitude":43.342674,"elevation_m":3175,"name":""},"geometry":{"type":"Point","coordinates":[42.99551,43.342674]}},{"type":"Feature","properties":{"id":"mount-1150","type":"mountain","longitude":42.992045,"latitude":43.356623,"elevation_m":2987,"name":""},"geometry":{"type":"Point","coordinates":[42.992045,43.356623]}},{"type":"Feature","properties":{"id":"mount-1151","type":"mountain","longitude":42.989244,"latitude":43.217687,"elevation_m":2658,"name":""},"geometry":{"type":"Point","coordinates":[42.989244,43.217687]}},{"type":"Feature","properties":{"id":"mount-1152","type":"mountain","longitude":43.051118,"latitude":43.218453,"elevation_m":2552,"name":""},"geometry":{"type":"Point","coordinates":[43.051118,43.218453]}},{"type":"Feature","properties":{"id":"mount-1153","type":"mountain","longitude":42.906858,"latitude":43.351061,"elevation_m":2758,"name":""},"geometry":{"type":"Point","coordinates":[42.906858,43.351061]}},{"type":"Feature","properties":{"id":"mount-1154","type":"mountain","longitude":43.074045,"latitude":43.330266,"elevation_m":2875,"name":""},"geometry":{"type":"Point","coordinates":[43.074045,43.330266]}},{"type":"Feature","properties":{"id":"mount-1155","type":"mountain","longitude":43.038661,"latitude":43.322454,"elevation_m":2535,"name":""},"geometry":{"type":"Point","coordinates":[43.038661,43.322454]}},{"type":"Feature","properties":{"id":"mount-1156","type":"mountain","longitude":43.108281,"latitude":43.280876,"elevation_m":3104,"name":""},"geometry":{"type":"Point","coordinates":[43.108281,43.280876]}},{"type":"Feature","properties":{"id":"mount-1157","type":"mountain","longitude":43.08089,"latitude":43.313313,"elevation_m":2975,"name":""},"geometry":{"type":"Point","coordinates":[43.08089,43.313313]}},{"type":"Feature","properties":{"id":"mount-1158","type":"mountain","longitude":43.114568,"latitude":43.317099,"elevation_m":2947,"name":""},"geometry":{"type":"Point","coordinates":[43.114568,43.317099]}},{"type":"Feature","properties":{"id":"mount-1159","type":"mountain","longitude":43.095235,"latitude":43.339006,"elevation_m":2856,"name":""},"geometry":{"type":"Point","coordinates":[43.095235,43.339006]}},{"type":"Feature","properties":{"id":"mount-1160","type":"mountain","longitude":43.012204,"latitude":43.34489,"elevation_m":3127,"name":""},"geometry":{"type":"Point","coordinates":[43.012204,43.34489]}},{"type":"Feature","properties":{"id":"mount-1161","type":"mountain","longitude":43.170143,"latitude":43.46256,"elevation_m":2071,"name":""},"geometry":{"type":"Point","coordinates":[43.170143,43.46256]}},{"type":"Feature","properties":{"id":"mount-1162","type":"mountain","longitude":41.23626,"latitude":43.387936,"elevation_m":3198,"name":""},"geometry":{"type":"Point","coordinates":[41.23626,43.387936]}},{"type":"Feature","properties":{"id":"mount-1163","type":"mountain","longitude":41.262385,"latitude":43.428661,"elevation_m":3047,"name":""},"geometry":{"type":"Point","coordinates":[41.262385,43.428661]}},{"type":"Feature","properties":{"id":"mount-1164","type":"mountain","longitude":41.266032,"latitude":43.430694,"elevation_m":3063,"name":""},"geometry":{"type":"Point","coordinates":[41.266032,43.430694]}},{"type":"Feature","properties":{"id":"mount-1165","type":"mountain","longitude":41.268725,"latitude":43.435112,"elevation_m":3041,"name":""},"geometry":{"type":"Point","coordinates":[41.268725,43.435112]}},{"type":"Feature","properties":{"id":"mount-1166","type":"mountain","longitude":41.071411,"latitude":43.442123,"elevation_m":2914,"name":""},"geometry":{"type":"Point","coordinates":[41.071411,43.442123]}},{"type":"Feature","properties":{"id":"mount-1167","type":"mountain","longitude":42.793111,"latitude":43.453223,"elevation_m":2779,"name":""},"geometry":{"type":"Point","coordinates":[42.793111,43.453223]}},{"type":"Feature","properties":{"id":"mount-1168","type":"mountain","longitude":41.460664,"latitude":43.358581,"elevation_m":2486,"name":""},"geometry":{"type":"Point","coordinates":[41.460664,43.358581]}},{"type":"Feature","properties":{"id":"mount-1169","type":"mountain","longitude":41.345125,"latitude":43.310206,"elevation_m":2477,"name":""},"geometry":{"type":"Point","coordinates":[41.345125,43.310206]}},{"type":"Feature","properties":{"id":"mount-1170","type":"mountain","longitude":41.384543,"latitude":43.318317,"elevation_m":2474,"name":""},"geometry":{"type":"Point","coordinates":[41.384543,43.318317]}},{"type":"Feature","properties":{"id":"mount-1171","type":"mountain","longitude":41.459248,"latitude":43.408384,"elevation_m":2543,"name":""},"geometry":{"type":"Point","coordinates":[41.459248,43.408384]}},{"type":"Feature","properties":{"id":"mount-1172","type":"mountain","longitude":41.347786,"latitude":43.449321,"elevation_m":2640,"name":""},"geometry":{"type":"Point","coordinates":[41.347786,43.449321]}},{"type":"Feature","properties":{"id":"mount-1173","type":"mountain","longitude":41.397461,"latitude":43.411057,"elevation_m":2694,"name":""},"geometry":{"type":"Point","coordinates":[41.397461,43.411057]}},{"type":"Feature","properties":{"id":"mount-1174","type":"mountain","longitude":41.461115,"latitude":43.462116,"elevation_m":2697,"name":""},"geometry":{"type":"Point","coordinates":[41.461115,43.462116]}},{"type":"Feature","properties":{"id":"mount-1175","type":"mountain","longitude":41.384565,"latitude":43.352286,"elevation_m":2735,"name":""},"geometry":{"type":"Point","coordinates":[41.384565,43.352286]}},{"type":"Feature","properties":{"id":"mount-1176","type":"mountain","longitude":41.494653,"latitude":43.348752,"elevation_m":2771,"name":""},"geometry":{"type":"Point","coordinates":[41.494653,43.348752]}},{"type":"Feature","properties":{"id":"mount-1177","type":"mountain","longitude":41.394521,"latitude":43.310487,"elevation_m":2757,"name":""},"geometry":{"type":"Point","coordinates":[41.394521,43.310487]}},{"type":"Feature","properties":{"id":"mount-1178","type":"mountain","longitude":41.4029,"latitude":43.386836,"elevation_m":2794,"name":""},"geometry":{"type":"Point","coordinates":[41.4029,43.386836]}},{"type":"Feature","properties":{"id":"mount-1179","type":"mountain","longitude":41.338109,"latitude":43.472986,"elevation_m":2793,"name":""},"geometry":{"type":"Point","coordinates":[41.338109,43.472986]}},{"type":"Feature","properties":{"id":"mount-1180","type":"mountain","longitude":41.453186,"latitude":43.348174,"elevation_m":2808,"name":""},"geometry":{"type":"Point","coordinates":[41.453186,43.348174]}},{"type":"Feature","properties":{"id":"mount-1181","type":"mountain","longitude":41.382816,"latitude":43.516634,"elevation_m":2844,"name":""},"geometry":{"type":"Point","coordinates":[41.382816,43.516634]}},{"type":"Feature","properties":{"id":"mount-1182","type":"mountain","longitude":41.437297,"latitude":43.416816,"elevation_m":2958,"name":""},"geometry":{"type":"Point","coordinates":[41.437297,43.416816]}},{"type":"Feature","properties":{"id":"mount-1183","type":"mountain","longitude":41.357507,"latitude":43.436654,"elevation_m":2909,"name":""},"geometry":{"type":"Point","coordinates":[41.357507,43.436654]}},{"type":"Feature","properties":{"id":"mount-1184","type":"mountain","longitude":41.450483,"latitude":43.402686,"elevation_m":2999,"name":""},"geometry":{"type":"Point","coordinates":[41.450483,43.402686]}},{"type":"Feature","properties":{"id":"mount-1185","type":"mountain","longitude":41.437747,"latitude":43.386158,"elevation_m":2917,"name":""},"geometry":{"type":"Point","coordinates":[41.437747,43.386158]}},{"type":"Feature","properties":{"id":"mount-1186","type":"mountain","longitude":41.452135,"latitude":43.295848,"elevation_m":2875,"name":""},"geometry":{"type":"Point","coordinates":[41.452135,43.295848]}},{"type":"Feature","properties":{"id":"mount-1187","type":"mountain","longitude":41.447564,"latitude":43.362544,"elevation_m":3023,"name":""},"geometry":{"type":"Point","coordinates":[41.447564,43.362544]}},{"type":"Feature","properties":{"id":"mount-1188","type":"mountain","longitude":41.452618,"latitude":43.42404,"elevation_m":3023,"name":""},"geometry":{"type":"Point","coordinates":[41.452618,43.42404]}},{"type":"Feature","properties":{"id":"mount-1189","type":"mountain","longitude":41.430956,"latitude":43.39482,"elevation_m":3099,"name":""},"geometry":{"type":"Point","coordinates":[41.430956,43.39482]}},{"type":"Feature","properties":{"id":"mount-1190","type":"mountain","longitude":41.41335,"latitude":43.30827,"elevation_m":3100,"name":""},"geometry":{"type":"Point","coordinates":[41.41335,43.30827]}},{"type":"Feature","properties":{"id":"mount-1191","type":"mountain","longitude":41.425323,"latitude":43.388349,"elevation_m":3172,"name":""},"geometry":{"type":"Point","coordinates":[41.425323,43.388349]}},{"type":"Feature","properties":{"id":"mount-1192","type":"mountain","longitude":43.078144,"latitude":43.517404,"elevation_m":2258,"name":""},"geometry":{"type":"Point","coordinates":[43.078144,43.517404]}},{"type":"Feature","properties":{"id":"mount-1193","type":"mountain","longitude":41.005858,"latitude":43.687899,"elevation_m":2287,"name":""},"geometry":{"type":"Point","coordinates":[41.005858,43.687899]}},{"type":"Feature","properties":{"id":"mount-1194","type":"mountain","longitude":42.451633,"latitude":43.175475,"elevation_m":2817,"name":""},"geometry":{"type":"Point","coordinates":[42.451633,43.175475]}},{"type":"Feature","properties":{"id":"mount-1195","type":"mountain","longitude":43.409965,"latitude":43.114346,"elevation_m":2324,"name":""},"geometry":{"type":"Point","coordinates":[43.409965,43.114346]}},{"type":"Feature","properties":{"id":"mount-1196","type":"mountain","longitude":43.396221,"latitude":43.114353,"elevation_m":2803,"name":""},"geometry":{"type":"Point","coordinates":[43.396221,43.114353]}},{"type":"Feature","properties":{"id":"mount-1197","type":"mountain","longitude":43.417046,"latitude":43.114933,"elevation_m":2023,"name":""},"geometry":{"type":"Point","coordinates":[43.417046,43.114933]}},{"type":"Feature","properties":{"id":"mount-1198","type":"mountain","longitude":43.413044,"latitude":43.104218,"elevation_m":2050,"name":""},"geometry":{"type":"Point","coordinates":[43.413044,43.104218]}},{"type":"Feature","properties":{"id":"mount-1199","type":"mountain","longitude":43.402809,"latitude":43.102385,"elevation_m":2515,"name":""},"geometry":{"type":"Point","coordinates":[43.402809,43.102385]}},{"type":"Feature","properties":{"id":"mount-1200","type":"mountain","longitude":43.39223,"latitude":43.102385,"elevation_m":2895,"name":""},"geometry":{"type":"Point","coordinates":[43.39223,43.102385]}},{"type":"Feature","properties":{"id":"mount-1201","type":"mountain","longitude":41.280463,"latitude":43.666676,"elevation_m":2183,"name":""},"geometry":{"type":"Point","coordinates":[41.280463,43.666676]}},{"type":"Feature","properties":{"id":"mount-1202","type":"mountain","longitude":43.490753,"latitude":43.12877,"elevation_m":2042,"name":""},"geometry":{"type":"Point","coordinates":[43.490753,43.12877]}},{"type":"Feature","properties":{"id":"mount-1203","type":"mountain","longitude":43.306797,"latitude":42.97813,"elevation_m":2421,"name":""},"geometry":{"type":"Point","coordinates":[43.306797,42.97813]}},{"type":"Feature","properties":{"id":"mount-1204","type":"mountain","longitude":41.265399,"latitude":43.495375,"elevation_m":2741,"name":""},"geometry":{"type":"Point","coordinates":[41.265399,43.495375]}},{"type":"Feature","properties":{"id":"mount-1205","type":"mountain","longitude":41.291159,"latitude":43.423386,"elevation_m":3086,"name":""},"geometry":{"type":"Point","coordinates":[41.291159,43.423386]}},{"type":"Feature","properties":{"id":"mount-1206","type":"mountain","longitude":41.186285,"latitude":43.519645,"elevation_m":2220,"name":""},"geometry":{"type":"Point","coordinates":[41.186285,43.519645]}},{"type":"Feature","properties":{"id":"mount-1207","type":"mountain","longitude":41.146492,"latitude":43.449453,"elevation_m":2696,"name":""},"geometry":{"type":"Point","coordinates":[41.146492,43.449453]}},{"type":"Feature","properties":{"id":"mount-1208","type":"mountain","longitude":41.061863,"latitude":43.497772,"elevation_m":2758,"name":""},"geometry":{"type":"Point","coordinates":[41.061863,43.497772]}},{"type":"Feature","properties":{"id":"mount-1209","type":"mountain","longitude":43.120673,"latitude":43.357325,"elevation_m":2011,"name":""},"geometry":{"type":"Point","coordinates":[43.120673,43.357325]}},{"type":"Feature","properties":{"id":"mount-1210","type":"mountain","longitude":41.680241,"latitude":43.289233,"elevation_m":3144,"name":""},"geometry":{"type":"Point","coordinates":[41.680241,43.289233]}},{"type":"Feature","properties":{"id":"mount-1211","type":"mountain","longitude":41.201617,"latitude":43.462498,"elevation_m":3000,"name":""},"geometry":{"type":"Point","coordinates":[41.201617,43.462498]}},{"type":"Feature","properties":{"id":"mount-1212","type":"mountain","longitude":41.193055,"latitude":43.469491,"elevation_m":2992,"name":""},"geometry":{"type":"Point","coordinates":[41.193055,43.469491]}},{"type":"Feature","properties":{"id":"mount-1213","type":"mountain","longitude":41.21139,"latitude":43.468704,"elevation_m":3054,"name":""},"geometry":{"type":"Point","coordinates":[41.21139,43.468704]}},{"type":"Feature","properties":{"id":"mount-1214","type":"mountain","longitude":41.093953,"latitude":43.524997,"elevation_m":2459,"name":""},"geometry":{"type":"Point","coordinates":[41.093953,43.524997]}},{"type":"Feature","properties":{"id":"mount-1215","type":"mountain","longitude":41.048731,"latitude":43.542568,"elevation_m":2706,"name":""},"geometry":{"type":"Point","coordinates":[41.048731,43.542568]}},{"type":"Feature","properties":{"id":"mount-1216","type":"mountain","longitude":41.915653,"latitude":43.168996,"elevation_m":3004,"name":""},"geometry":{"type":"Point","coordinates":[41.915653,43.168996]}},{"type":"Feature","properties":{"id":"mount-1217","type":"mountain","longitude":41.866386,"latitude":43.195126,"elevation_m":3023,"name":""},"geometry":{"type":"Point","coordinates":[41.866386,43.195126]}},{"type":"Feature","properties":{"id":"mount-1218","type":"mountain","longitude":41.935769,"latitude":43.449266,"elevation_m":3147,"name":""},"geometry":{"type":"Point","coordinates":[41.935769,43.449266]}},{"type":"Feature","properties":{"id":"mount-1219","type":"mountain","longitude":41.980326,"latitude":43.433374,"elevation_m":2925,"name":""},"geometry":{"type":"Point","coordinates":[41.980326,43.433374]}},{"type":"Feature","properties":{"id":"mount-1220","type":"mountain","longitude":42.025859,"latitude":43.456618,"elevation_m":2752,"name":""},"geometry":{"type":"Point","coordinates":[42.025859,43.456618]}},{"type":"Feature","properties":{"id":"mount-1221","type":"mountain","longitude":41.982579,"latitude":43.294801,"elevation_m":2888,"name":""},"geometry":{"type":"Point","coordinates":[41.982579,43.294801]}},{"type":"Feature","properties":{"id":"mount-1222","type":"mountain","longitude":42.028928,"latitude":43.317606,"elevation_m":2974,"name":""},"geometry":{"type":"Point","coordinates":[42.028928,43.317606]}},{"type":"Feature","properties":{"id":"mount-1223","type":"mountain","longitude":41.866547,"latitude":43.405009,"elevation_m":3123,"name":""},"geometry":{"type":"Point","coordinates":[41.866547,43.405009]}},{"type":"Feature","properties":{"id":"mount-1224","type":"mountain","longitude":40.813243,"latitude":43.920092,"elevation_m":1844,"name":""},"geometry":{"type":"Point","coordinates":[40.813243,43.920092]}},{"type":"Feature","properties":{"id":"mount-1225","type":"mountain","longitude":43.09634,"latitude":43.376325,"elevation_m":2181,"name":""},"geometry":{"type":"Point","coordinates":[43.09634,43.376325]}},{"type":"Feature","properties":{"id":"mount-1226","type":"mountain","longitude":43.014811,"latitude":43.424274,"elevation_m":1957,"name":""},"geometry":{"type":"Point","coordinates":[43.014811,43.424274]}},{"type":"Feature","properties":{"id":"mount-1227","type":"mountain","longitude":42.303189,"latitude":43.743956,"elevation_m":2068,"name":""},"geometry":{"type":"Point","coordinates":[42.303189,43.743956]}},{"type":"Feature","properties":{"id":"mount-1228","type":"mountain","longitude":41.273414,"latitude":43.30553,"elevation_m":2399,"name":""},"geometry":{"type":"Point","coordinates":[41.273414,43.30553]}},{"type":"Feature","properties":{"id":"mount-1229","type":"mountain","longitude":41.277083,"latitude":43.309816,"elevation_m":2421,"name":""},"geometry":{"type":"Point","coordinates":[41.277083,43.309816]}},{"type":"Feature","properties":{"id":"mount-1230","type":"mountain","longitude":41.266612,"latitude":43.325529,"elevation_m":2447,"name":""},"geometry":{"type":"Point","coordinates":[41.266612,43.325529]}},{"type":"Feature","properties":{"id":"mount-1231","type":"mountain","longitude":41.286031,"latitude":43.326684,"elevation_m":2997,"name":""},"geometry":{"type":"Point","coordinates":[41.286031,43.326684]}},{"type":"Feature","properties":{"id":"mount-1232","type":"mountain","longitude":41.274465,"latitude":43.3348,"elevation_m":2830,"name":""},"geometry":{"type":"Point","coordinates":[41.274465,43.3348]}},{"type":"Feature","properties":{"id":"mount-1233","type":"mountain","longitude":41.151652,"latitude":43.385831,"elevation_m":3155,"name":""},"geometry":{"type":"Point","coordinates":[41.151652,43.385831]}},{"type":"Feature","properties":{"id":"mount-1234","type":"mountain","longitude":43.5278,"latitude":43.124284,"elevation_m":3094,"name":""},"geometry":{"type":"Point","coordinates":[43.5278,43.124284]}},{"type":"Feature","properties":{"id":"mount-1235","type":"mountain","longitude":43.480507,"latitude":43.066003,"elevation_m":3141,"name":""},"geometry":{"type":"Point","coordinates":[43.480507,43.066003]}},{"type":"Feature","properties":{"id":"mount-1236","type":"mountain","longitude":41.965907,"latitude":43.273261,"elevation_m":3127,"name":""},"geometry":{"type":"Point","coordinates":[41.965907,43.273261]}},{"type":"Feature","properties":{"id":"mount-1237","type":"mountain","longitude":41.984349,"latitude":43.265347,"elevation_m":3103,"name":""},"geometry":{"type":"Point","coordinates":[41.984349,43.265347]}},{"type":"Feature","properties":{"id":"mount-1238","type":"mountain","longitude":41.850046,"latitude":43.518027,"elevation_m":2894,"name":""},"geometry":{"type":"Point","coordinates":[41.850046,43.518027]}},{"type":"Feature","properties":{"id":"mount-1239","type":"mountain","longitude":42.88128,"latitude":43.113555,"elevation_m":3151,"name":""},"geometry":{"type":"Point","coordinates":[42.88128,43.113555]}},{"type":"Feature","properties":{"id":"mount-1240","type":"mountain","longitude":41.350951,"latitude":43.595622,"elevation_m":2484,"name":""},"geometry":{"type":"Point","coordinates":[41.350951,43.595622]}},{"type":"Feature","properties":{"id":"mount-1241","type":"mountain","longitude":42.151709,"latitude":43.626803,"elevation_m":2030,"name":""},"geometry":{"type":"Point","coordinates":[42.151709,43.626803]}},{"type":"Feature","properties":{"id":"mount-1242","type":"mountain","longitude":42.338519,"latitude":43.647667,"elevation_m":2273,"name":""},"geometry":{"type":"Point","coordinates":[42.338519,43.647667]}},{"type":"Feature","properties":{"id":"mount-1243","type":"mountain","longitude":42.463639,"latitude":43.653924,"elevation_m":2371,"name":""},"geometry":{"type":"Point","coordinates":[42.463639,43.653924]}},{"type":"Feature","properties":{"id":"mount-1244","type":"mountain","longitude":42.338562,"latitude":43.662416,"elevation_m":2253,"name":""},"geometry":{"type":"Point","coordinates":[42.338562,43.662416]}},{"type":"Feature","properties":{"id":"mount-1245","type":"mountain","longitude":42.562494,"latitude":43.663836,"elevation_m":2171,"name":""},"geometry":{"type":"Point","coordinates":[42.562494,43.663836]}},{"type":"Feature","properties":{"id":"mount-1246","type":"mountain","longitude":42.539685,"latitude":43.699527,"elevation_m":1933,"name":""},"geometry":{"type":"Point","coordinates":[42.539685,43.699527]}},{"type":"Feature","properties":{"id":"mount-1247","type":"mountain","longitude":42.172104,"latitude":43.705561,"elevation_m":1943,"name":""},"geometry":{"type":"Point","coordinates":[42.172104,43.705561]}},{"type":"Feature","properties":{"id":"mount-1248","type":"mountain","longitude":42.179314,"latitude":43.728608,"elevation_m":1912,"name":""},"geometry":{"type":"Point","coordinates":[42.179314,43.728608]}},{"type":"Feature","properties":{"id":"mount-1249","type":"mountain","longitude":42.203304,"latitude":43.754249,"elevation_m":2049,"name":""},"geometry":{"type":"Point","coordinates":[42.203304,43.754249]}},{"type":"Feature","properties":{"id":"mount-1250","type":"mountain","longitude":42.243247,"latitude":43.784062,"elevation_m":2241,"name":""},"geometry":{"type":"Point","coordinates":[42.243247,43.784062]}},{"type":"Feature","properties":{"id":"mount-1251","type":"mountain","longitude":42.213303,"latitude":43.786316,"elevation_m":2163,"name":""},"geometry":{"type":"Point","coordinates":[42.213303,43.786316]}},{"type":"Feature","properties":{"id":"mount-1252","type":"mountain","longitude":42.300764,"latitude":43.580873,"elevation_m":2189,"name":""},"geometry":{"type":"Point","coordinates":[42.300764,43.580873]}},{"type":"Feature","properties":{"id":"mount-1253","type":"mountain","longitude":42.366865,"latitude":43.610174,"elevation_m":2257,"name":""},"geometry":{"type":"Point","coordinates":[42.366865,43.610174]}},{"type":"Feature","properties":{"id":"mount-1254","type":"mountain","longitude":42.551529,"latitude":43.614617,"elevation_m":2131,"name":""},"geometry":{"type":"Point","coordinates":[42.551529,43.614617]}},{"type":"Feature","properties":{"id":"mount-1255","type":"mountain","longitude":42.468059,"latitude":43.639057,"elevation_m":2328,"name":""},"geometry":{"type":"Point","coordinates":[42.468059,43.639057]}},{"type":"Feature","properties":{"id":"mount-1256","type":"mountain","longitude":42.981477,"latitude":43.570527,"elevation_m":1970,"name":""},"geometry":{"type":"Point","coordinates":[42.981477,43.570527]}},{"type":"Feature","properties":{"id":"mount-1257","type":"mountain","longitude":43.097445,"latitude":43.450045,"elevation_m":2264,"name":""},"geometry":{"type":"Point","coordinates":[43.097445,43.450045]}},{"type":"Feature","properties":{"id":"mount-1258","type":"mountain","longitude":42.955062,"latitude":43.496682,"elevation_m":2610,"name":""},"geometry":{"type":"Point","coordinates":[42.955062,43.496682]}},{"type":"Feature","properties":{"id":"mount-1259","type":"mountain","longitude":42.985843,"latitude":43.497351,"elevation_m":2496,"name":""},"geometry":{"type":"Point","coordinates":[42.985843,43.497351]}},{"type":"Feature","properties":{"id":"mount-1260","type":"mountain","longitude":42.979052,"latitude":43.498114,"elevation_m":2425,"name":""},"geometry":{"type":"Point","coordinates":[42.979052,43.498114]}},{"type":"Feature","properties":{"id":"mount-1261","type":"mountain","longitude":42.920215,"latitude":43.500791,"elevation_m":2703,"name":""},"geometry":{"type":"Point","coordinates":[42.920215,43.500791]}},{"type":"Feature","properties":{"id":"mount-1262","type":"mountain","longitude":42.738565,"latitude":43.483621,"elevation_m":2562,"name":""},"geometry":{"type":"Point","coordinates":[42.738565,43.483621]}},{"type":"Feature","properties":{"id":"mount-1263","type":"mountain","longitude":42.648046,"latitude":43.506285,"elevation_m":2456,"name":""},"geometry":{"type":"Point","coordinates":[42.648046,43.506285]}},{"type":"Feature","properties":{"id":"mount-1264","type":"mountain","longitude":42.617705,"latitude":43.517583,"elevation_m":2377,"name":""},"geometry":{"type":"Point","coordinates":[42.617705,43.517583]}},{"type":"Feature","properties":{"id":"mount-1265","type":"mountain","longitude":43.032954,"latitude":42.985853,"elevation_m":3038,"name":""},"geometry":{"type":"Point","coordinates":[43.032954,42.985853]}},{"type":"Feature","properties":{"id":"mount-1266","type":"mountain","longitude":42.994834,"latitude":43.010971,"elevation_m":3169,"name":""},"geometry":{"type":"Point","coordinates":[42.994834,43.010971]}},{"type":"Feature","properties":{"id":"mount-1267","type":"mountain","longitude":43.128387,"latitude":42.933231,"elevation_m":2613,"name":""},"geometry":{"type":"Point","coordinates":[43.128387,42.933231]}},{"type":"Feature","properties":{"id":"mount-1268","type":"mountain","longitude":43.144931,"latitude":42.940441,"elevation_m":2871,"name":""},"geometry":{"type":"Point","coordinates":[43.144931,42.940441]}},{"type":"Feature","properties":{"id":"mount-1269","type":"mountain","longitude":43.124868,"latitude":42.948876,"elevation_m":3199,"name":""},"geometry":{"type":"Point","coordinates":[43.124868,42.948876]}},{"type":"Feature","properties":{"id":"mount-1270","type":"mountain","longitude":43.103163,"latitude":42.9686,"elevation_m":2734,"name":""},"geometry":{"type":"Point","coordinates":[43.103163,42.9686]}},{"type":"Feature","properties":{"id":"mount-1271","type":"mountain","longitude":43.256575,"latitude":42.897425,"elevation_m":2262,"name":""},"geometry":{"type":"Point","coordinates":[43.256575,42.897425]}},{"type":"Feature","properties":{"id":"mount-1272","type":"mountain","longitude":43.243411,"latitude":42.898926,"elevation_m":2366,"name":""},"geometry":{"type":"Point","coordinates":[43.243411,42.898926]}},{"type":"Feature","properties":{"id":"mount-1273","type":"mountain","longitude":43.22,"latitude":42.900348,"elevation_m":2469,"name":""},"geometry":{"type":"Point","coordinates":[43.22,42.900348]}},{"type":"Feature","properties":{"id":"mount-1274","type":"mountain","longitude":43.19806,"latitude":42.903681,"elevation_m":2325,"name":""},"geometry":{"type":"Point","coordinates":[43.19806,42.903681]}},{"type":"Feature","properties":{"id":"mount-1275","type":"mountain","longitude":43.221084,"latitude":42.906195,"elevation_m":2477,"name":""},"geometry":{"type":"Point","coordinates":[43.221084,42.906195]}},{"type":"Feature","properties":{"id":"mount-1276","type":"mountain","longitude":43.177493,"latitude":42.909425,"elevation_m":2663,"name":""},"geometry":{"type":"Point","coordinates":[43.177493,42.909425]}},{"type":"Feature","properties":{"id":"mount-1277","type":"mountain","longitude":43.218112,"latitude":42.912851,"elevation_m":2312,"name":""},"geometry":{"type":"Point","coordinates":[43.218112,42.912851]}},{"type":"Feature","properties":{"id":"mount-1278","type":"mountain","longitude":43.163062,"latitude":42.922453,"elevation_m":2841,"name":""},"geometry":{"type":"Point","coordinates":[43.163062,42.922453]}},{"type":"Feature","properties":{"id":"mount-1279","type":"mountain","longitude":43.344272,"latitude":42.858051,"elevation_m":2475,"name":""},"geometry":{"type":"Point","coordinates":[43.344272,42.858051]}},{"type":"Feature","properties":{"id":"mount-1280","type":"mountain","longitude":43.298385,"latitude":42.86976,"elevation_m":2642,"name":""},"geometry":{"type":"Point","coordinates":[43.298385,42.86976]}},{"type":"Feature","properties":{"id":"mount-1281","type":"mountain","longitude":43.35704,"latitude":42.874533,"elevation_m":2982,"name":""},"geometry":{"type":"Point","coordinates":[43.35704,42.874533]}},{"type":"Feature","properties":{"id":"mount-1282","type":"mountain","longitude":43.319564,"latitude":42.875068,"elevation_m":2811,"name":""},"geometry":{"type":"Point","coordinates":[43.319564,42.875068]}},{"type":"Feature","properties":{"id":"mount-1283","type":"mountain","longitude":43.322096,"latitude":42.880115,"elevation_m":3014,"name":""},"geometry":{"type":"Point","coordinates":[43.322096,42.880115]}},{"type":"Feature","properties":{"id":"mount-1284","type":"mountain","longitude":43.292924,"latitude":42.881051,"elevation_m":2153,"name":""},"geometry":{"type":"Point","coordinates":[43.292924,42.881051]}},{"type":"Feature","properties":{"id":"mount-1285","type":"mountain","longitude":43.296862,"latitude":42.885972,"elevation_m":2316,"name":""},"geometry":{"type":"Point","coordinates":[43.296862,42.885972]}},{"type":"Feature","properties":{"id":"mount-1286","type":"mountain","longitude":43.292795,"latitude":42.900034,"elevation_m":3124,"name":""},"geometry":{"type":"Point","coordinates":[43.292795,42.900034]}},{"type":"Feature","properties":{"id":"mount-1287","type":"mountain","longitude":43.251425,"latitude":42.908372,"elevation_m":2419,"name":""},"geometry":{"type":"Point","coordinates":[43.251425,42.908372]}},{"type":"Feature","properties":{"id":"mount-1288","type":"mountain","longitude":43.274621,"latitude":42.913598,"elevation_m":3119,"name":""},"geometry":{"type":"Point","coordinates":[43.274621,42.913598]}},{"type":"Feature","properties":{"id":"mount-1289","type":"mountain","longitude":43.377242,"latitude":42.872371,"elevation_m":3044,"name":""},"geometry":{"type":"Point","coordinates":[43.377242,42.872371]}},{"type":"Feature","properties":{"id":"mount-1290","type":"mountain","longitude":43.323587,"latitude":42.859427,"elevation_m":2832,"name":""},"geometry":{"type":"Point","coordinates":[43.323587,42.859427]}},{"type":"Feature","properties":{"id":"mount-1291","type":"mountain","longitude":41.322305,"latitude":43.533289,"elevation_m":2855,"name":""},"geometry":{"type":"Point","coordinates":[41.322305,43.533289]}},{"type":"Feature","properties":{"id":"mount-1292","type":"mountain","longitude":42.335322,"latitude":43.798684,"elevation_m":2146,"name":""},"geometry":{"type":"Point","coordinates":[42.335322,43.798684]}},{"type":"Feature","properties":{"id":"mount-1293","type":"mountain","longitude":42.295089,"latitude":43.777136,"elevation_m":1999,"name":""},"geometry":{"type":"Point","coordinates":[42.295089,43.777136]}},{"type":"Feature","properties":{"id":"mount-1294","type":"mountain","longitude":42.264276,"latitude":43.811103,"elevation_m":2062,"name":""},"geometry":{"type":"Point","coordinates":[42.264276,43.811103]}},{"type":"Feature","properties":{"id":"mount-1295","type":"mountain","longitude":41.076443,"latitude":43.593439,"elevation_m":2728,"name":""},"geometry":{"type":"Point","coordinates":[41.076443,43.593439]}},{"type":"Feature","properties":{"id":"mount-1296","type":"mountain","longitude":40.802847,"latitude":43.498285,"elevation_m":2520,"name":""},"geometry":{"type":"Point","coordinates":[40.802847,43.498285]}},{"type":"Feature","properties":{"id":"mount-1297","type":"mountain","longitude":40.89092,"latitude":43.489444,"elevation_m":2792,"name":""},"geometry":{"type":"Point","coordinates":[40.89092,43.489444]}},{"type":"Feature","properties":{"id":"mount-1298","type":"mountain","longitude":40.897014,"latitude":43.464904,"elevation_m":2464,"name":""},"geometry":{"type":"Point","coordinates":[40.897014,43.464904]}},{"type":"Feature","properties":{"id":"mount-1299","type":"mountain","longitude":40.924802,"latitude":43.447225,"elevation_m":2837,"name":""},"geometry":{"type":"Point","coordinates":[40.924802,43.447225]}},{"type":"Feature","properties":{"id":"mount-1300","type":"mountain","longitude":40.929265,"latitude":43.443884,"elevation_m":2744,"name":""},"geometry":{"type":"Point","coordinates":[40.929265,43.443884]}},{"type":"Feature","properties":{"id":"mount-1301","type":"mountain","longitude":40.961795,"latitude":43.422614,"elevation_m":2738,"name":""},"geometry":{"type":"Point","coordinates":[40.961795,43.422614]}},{"type":"Feature","properties":{"id":"mount-1302","type":"mountain","longitude":41.004292,"latitude":43.432221,"elevation_m":2913,"name":""},"geometry":{"type":"Point","coordinates":[41.004292,43.432221]}},{"type":"Feature","properties":{"id":"mount-1303","type":"mountain","longitude":41.036972,"latitude":43.406981,"elevation_m":2782,"name":""},"geometry":{"type":"Point","coordinates":[41.036972,43.406981]}},{"type":"Feature","properties":{"id":"mount-1304","type":"mountain","longitude":41.039311,"latitude":43.399404,"elevation_m":2752,"name":""},"geometry":{"type":"Point","coordinates":[41.039311,43.399404]}},{"type":"Feature","properties":{"id":"mount-1305","type":"mountain","longitude":41.097504,"latitude":43.385316,"elevation_m":2794,"name":""},"geometry":{"type":"Point","coordinates":[41.097504,43.385316]}},{"type":"Feature","properties":{"id":"mount-1306","type":"mountain","longitude":41.103083,"latitude":43.391187,"elevation_m":2770,"name":""},"geometry":{"type":"Point","coordinates":[41.103083,43.391187]}},{"type":"Feature","properties":{"id":"mount-1307","type":"mountain","longitude":41.123693,"latitude":43.398219,"elevation_m":2848,"name":""},"geometry":{"type":"Point","coordinates":[41.123693,43.398219]}},{"type":"Feature","properties":{"id":"mount-1308","type":"mountain","longitude":41.155225,"latitude":43.39885,"elevation_m":3166,"name":""},"geometry":{"type":"Point","coordinates":[41.155225,43.39885]}},{"type":"Feature","properties":{"id":"mount-1309","type":"mountain","longitude":41.160579,"latitude":43.386969,"elevation_m":3091,"name":""},"geometry":{"type":"Point","coordinates":[41.160579,43.386969]}},{"type":"Feature","properties":{"id":"mount-1310","type":"mountain","longitude":41.220918,"latitude":43.380723,"elevation_m":3126,"name":""},"geometry":{"type":"Point","coordinates":[41.220918,43.380723]}},{"type":"Feature","properties":{"id":"mount-1311","type":"mountain","longitude":41.276751,"latitude":43.359221,"elevation_m":3183,"name":""},"geometry":{"type":"Point","coordinates":[41.276751,43.359221]}},{"type":"Feature","properties":{"id":"mount-1312","type":"mountain","longitude":41.284411,"latitude":43.342206,"elevation_m":3133,"name":""},"geometry":{"type":"Point","coordinates":[41.284411,43.342206]}},{"type":"Feature","properties":{"id":"mount-1313","type":"mountain","longitude":41.303283,"latitude":43.34091,"elevation_m":2988,"name":""},"geometry":{"type":"Point","coordinates":[41.303283,43.34091]}},{"type":"Feature","properties":{"id":"mount-1314","type":"mountain","longitude":41.751813,"latitude":43.23104,"elevation_m":3130,"name":""},"geometry":{"type":"Point","coordinates":[41.751813,43.23104]}},{"type":"Feature","properties":{"id":"mount-1315","type":"mountain","longitude":41.812956,"latitude":43.204871,"elevation_m":3094,"name":""},"geometry":{"type":"Point","coordinates":[41.812956,43.204871]}},{"type":"Feature","properties":{"id":"mount-1316","type":"mountain","longitude":41.839349,"latitude":43.211635,"elevation_m":3187,"name":""},"geometry":{"type":"Point","coordinates":[41.839349,43.211635]}},{"type":"Feature","properties":{"id":"mount-1317","type":"mountain","longitude":41.958836,"latitude":43.202525,"elevation_m":3141,"name":""},"geometry":{"type":"Point","coordinates":[41.958836,43.202525]}},{"type":"Feature","properties":{"id":"mount-1318","type":"mountain","longitude":41.172928,"latitude":43.515677,"elevation_m":2475,"name":""},"geometry":{"type":"Point","coordinates":[41.172928,43.515677]}},{"type":"Feature","properties":{"id":"mount-1319","type":"mountain","longitude":42.02911,"latitude":43.279689,"elevation_m":2929,"name":""},"geometry":{"type":"Point","coordinates":[42.02911,43.279689]}},{"type":"Feature","properties":{"id":"mount-1320","type":"mountain","longitude":43.176699,"latitude":43.081302,"elevation_m":3069,"name":""},"geometry":{"type":"Point","coordinates":[43.176699,43.081302]}},{"type":"Feature","properties":{"id":"mount-1321","type":"mountain","longitude":43.037556,"latitude":43.128802,"elevation_m":3072,"name":""},"geometry":{"type":"Point","coordinates":[43.037556,43.128802]}},{"type":"Feature","properties":{"id":"mount-1322","type":"mountain","longitude":43.29536,"latitude":42.957742,"elevation_m":3108,"name":""},"geometry":{"type":"Point","coordinates":[43.29536,42.957742]}},{"type":"Feature","properties":{"id":"mount-1323","type":"mountain","longitude":43.30037,"latitude":42.965413,"elevation_m":3181,"name":""},"geometry":{"type":"Point","coordinates":[43.30037,42.965413]}},{"type":"Feature","properties":{"id":"mount-1324","type":"mountain","longitude":43.302033,"latitude":42.967061,"elevation_m":3111,"name":""},"geometry":{"type":"Point","coordinates":[43.302033,42.967061]}},{"type":"Feature","properties":{"id":"mount-1325","type":"mountain","longitude":43.337642,"latitude":43.097724,"elevation_m":3176,"name":""},"geometry":{"type":"Point","coordinates":[43.337642,43.097724]}},{"type":"Feature","properties":{"id":"mount-1326","type":"mountain","longitude":43.294158,"latitude":43.02142,"elevation_m":2985,"name":""},"geometry":{"type":"Point","coordinates":[43.294158,43.02142]}},{"type":"Feature","properties":{"id":"mount-1327","type":"mountain","longitude":41.136739,"latitude":43.596578,"elevation_m":3057,"name":""},"geometry":{"type":"Point","coordinates":[41.136739,43.596578]}},{"type":"Feature","properties":{"id":"mount-1328","type":"mountain","longitude":41.169741,"latitude":43.604852,"elevation_m":2941,"name":""},"geometry":{"type":"Point","coordinates":[41.169741,43.604852]}},{"type":"Feature","properties":{"id":"mount-1329","type":"mountain","longitude":41.167552,"latitude":43.608185,"elevation_m":2965,"name":""},"geometry":{"type":"Point","coordinates":[41.167552,43.608185]}},{"type":"Feature","properties":{"id":"mount-1330","type":"mountain","longitude":41.031575,"latitude":43.627223,"elevation_m":2560,"name":""},"geometry":{"type":"Point","coordinates":[41.031575,43.627223]}},{"type":"Feature","properties":{"id":"mount-1331","type":"mountain","longitude":41.122588,"latitude":43.586328,"elevation_m":2592,"name":""},"geometry":{"type":"Point","coordinates":[41.122588,43.586328]}},{"type":"Feature","properties":{"id":"mount-1332","type":"mountain","longitude":41.125635,"latitude":43.586546,"elevation_m":2591,"name":""},"geometry":{"type":"Point","coordinates":[41.125635,43.586546]}},{"type":"Feature","properties":{"id":"mount-1333","type":"mountain","longitude":41.029011,"latitude":43.622586,"elevation_m":2703,"name":""},"geometry":{"type":"Point","coordinates":[41.029011,43.622586]}},{"type":"Feature","properties":{"id":"mount-1334","type":"mountain","longitude":41.09126,"latitude":43.638513,"elevation_m":2699,"name":""},"geometry":{"type":"Point","coordinates":[41.09126,43.638513]}},{"type":"Feature","properties":{"id":"mount-1335","type":"mountain","longitude":41.100926,"latitude":43.634157,"elevation_m":2843,"name":""},"geometry":{"type":"Point","coordinates":[41.100926,43.634157]}},{"type":"Feature","properties":{"id":"mount-1336","type":"mountain","longitude":41.165149,"latitude":43.613467,"elevation_m":2875,"name":""},"geometry":{"type":"Point","coordinates":[41.165149,43.613467]}},{"type":"Feature","properties":{"id":"mount-1337","type":"mountain","longitude":41.205726,"latitude":43.59807,"elevation_m":2984,"name":""},"geometry":{"type":"Point","coordinates":[41.205726,43.59807]}},{"type":"Feature","properties":{"id":"mount-1338","type":"mountain","longitude":41.1263,"latitude":43.507149,"elevation_m":3037,"name":""},"geometry":{"type":"Point","coordinates":[41.1263,43.507149]}},{"type":"Feature","properties":{"id":"mount-1339","type":"mountain","longitude":41.05123,"latitude":43.557552,"elevation_m":2539,"name":""},"geometry":{"type":"Point","coordinates":[41.05123,43.557552]}},{"type":"Feature","properties":{"id":"mount-1340","type":"mountain","longitude":41.064738,"latitude":43.552708,"elevation_m":2336,"name":""},"geometry":{"type":"Point","coordinates":[41.064738,43.552708]}},{"type":"Feature","properties":{"id":"mount-1341","type":"mountain","longitude":41.044922,"latitude":43.539123,"elevation_m":2658,"name":""},"geometry":{"type":"Point","coordinates":[41.044922,43.539123]}},{"type":"Feature","properties":{"id":"mount-1342","type":"mountain","longitude":41.052657,"latitude":43.529237,"elevation_m":2658,"name":""},"geometry":{"type":"Point","coordinates":[41.052657,43.529237]}},{"type":"Feature","properties":{"id":"mount-1343","type":"mountain","longitude":41.036478,"latitude":43.524818,"elevation_m":2841,"name":""},"geometry":{"type":"Point","coordinates":[41.036478,43.524818]}},{"type":"Feature","properties":{"id":"mount-1344","type":"mountain","longitude":41.045973,"latitude":43.518081,"elevation_m":2849,"name":""},"geometry":{"type":"Point","coordinates":[41.045973,43.518081]}},{"type":"Feature","properties":{"id":"mount-1345","type":"mountain","longitude":41.123961,"latitude":43.653994,"elevation_m":3075,"name":""},"geometry":{"type":"Point","coordinates":[41.123961,43.653994]}},{"type":"Feature","properties":{"id":"mount-1346","type":"mountain","longitude":42.766181,"latitude":43.720048,"elevation_m":1880,"name":""},"geometry":{"type":"Point","coordinates":[42.766181,43.720048]}},{"type":"Feature","properties":{"id":"mount-1347","type":"mountain","longitude":41.047636,"latitude":43.523333,"elevation_m":2844,"name":""},"geometry":{"type":"Point","coordinates":[41.047636,43.523333]}},{"type":"Feature","properties":{"id":"mount-1348","type":"mountain","longitude":43.318287,"latitude":42.950211,"elevation_m":2885,"name":""},"geometry":{"type":"Point","coordinates":[43.318287,42.950211]}},{"type":"Feature","properties":{"id":"mount-1349","type":"mountain","longitude":43.408602,"latitude":42.930851,"elevation_m":3024,"name":""},"geometry":{"type":"Point","coordinates":[43.408602,42.930851]}},{"type":"Feature","properties":{"id":"mount-1350","type":"mountain","longitude":43.314532,"latitude":42.93682,"elevation_m":3030,"name":""},"geometry":{"type":"Point","coordinates":[43.314532,42.93682]}},{"type":"Feature","properties":{"id":"mount-1351","type":"mountain","longitude":43.289073,"latitude":42.940795,"elevation_m":3179,"name":""},"geometry":{"type":"Point","coordinates":[43.289073,42.940795]}},{"type":"Feature","properties":{"id":"mount-1352","type":"mountain","longitude":43.409611,"latitude":42.940669,"elevation_m":3072,"name":""},"geometry":{"type":"Point","coordinates":[43.409611,42.940669]}},{"type":"Feature","properties":{"id":"mount-1353","type":"mountain","longitude":43.334123,"latitude":42.944345,"elevation_m":2577,"name":""},"geometry":{"type":"Point","coordinates":[43.334123,42.944345]}},{"type":"Feature","properties":{"id":"mount-1354","type":"mountain","longitude":43.298503,"latitude":42.954883,"elevation_m":2860,"name":""},"geometry":{"type":"Point","coordinates":[43.298503,42.954883]}},{"type":"Feature","properties":{"id":"mount-1355","type":"mountain","longitude":43.399472,"latitude":42.955794,"elevation_m":3106,"name":""},"geometry":{"type":"Point","coordinates":[43.399472,42.955794]}},{"type":"Feature","properties":{"id":"mount-1356","type":"mountain","longitude":43.317364,"latitude":42.964361,"elevation_m":2412,"name":""},"geometry":{"type":"Point","coordinates":[43.317364,42.964361]}},{"type":"Feature","properties":{"id":"mount-1357","type":"mountain","longitude":43.348424,"latitude":42.965279,"elevation_m":2941,"name":""},"geometry":{"type":"Point","coordinates":[43.348424,42.965279]}},{"type":"Feature","properties":{"id":"mount-1358","type":"mountain","longitude":43.257927,"latitude":42.966315,"elevation_m":3015,"name":""},"geometry":{"type":"Point","coordinates":[43.257927,42.966315]}},{"type":"Feature","properties":{"id":"mount-1359","type":"mountain","longitude":43.31906,"latitude":42.968938,"elevation_m":2480,"name":""},"geometry":{"type":"Point","coordinates":[43.31906,42.968938]}},{"type":"Feature","properties":{"id":"mount-1360","type":"mountain","longitude":43.324993,"latitude":42.970484,"elevation_m":2084,"name":""},"geometry":{"type":"Point","coordinates":[43.324993,42.970484]}},{"type":"Feature","properties":{"id":"mount-1361","type":"mountain","longitude":43.350613,"latitude":42.97426,"elevation_m":2806,"name":""},"geometry":{"type":"Point","coordinates":[43.350613,42.97426]}},{"type":"Feature","properties":{"id":"mount-1362","type":"mountain","longitude":43.253099,"latitude":42.978036,"elevation_m":2267,"name":""},"geometry":{"type":"Point","coordinates":[43.253099,42.978036]}},{"type":"Feature","properties":{"id":"mount-1363","type":"mountain","longitude":43.356943,"latitude":42.982345,"elevation_m":2800,"name":""},"geometry":{"type":"Point","coordinates":[43.356943,42.982345]}},{"type":"Feature","properties":{"id":"mount-1364","type":"mountain","longitude":43.287946,"latitude":42.989369,"elevation_m":2734,"name":""},"geometry":{"type":"Point","coordinates":[43.287946,42.989369]}},{"type":"Feature","properties":{"id":"mount-1365","type":"mountain","longitude":41.330545,"latitude":43.594177,"elevation_m":2801,"name":""},"geometry":{"type":"Point","coordinates":[41.330545,43.594177]}},{"type":"Feature","properties":{"id":"mount-1366","type":"mountain","longitude":41.322348,"latitude":43.61318,"elevation_m":2455,"name":""},"geometry":{"type":"Point","coordinates":[41.322348,43.61318]}},{"type":"Feature","properties":{"id":"mount-1367","type":"mountain","longitude":41.322219,"latitude":43.601247,"elevation_m":2814,"name":""},"geometry":{"type":"Point","coordinates":[41.322219,43.601247]}},{"type":"Feature","properties":{"id":"mount-1368","type":"mountain","longitude":41.189686,"latitude":43.383897,"elevation_m":3162,"name":""},"geometry":{"type":"Point","coordinates":[41.189686,43.383897]}},{"type":"Feature","properties":{"id":"mount-1369","type":"mountain","longitude":42.981906,"latitude":43.525293,"elevation_m":2108,"name":""},"geometry":{"type":"Point","coordinates":[42.981906,43.525293]}},{"type":"Feature","properties":{"id":"mount-1370","type":"mountain","longitude":42.945728,"latitude":43.525324,"elevation_m":2425,"name":""},"geometry":{"type":"Point","coordinates":[42.945728,43.525324]}},{"type":"Feature","properties":{"id":"mount-1371","type":"mountain","longitude":42.7722,"latitude":43.489366,"elevation_m":2512,"name":""},"geometry":{"type":"Point","coordinates":[42.7722,43.489366]}},{"type":"Feature","properties":{"id":"mount-1372","type":"mountain","longitude":42.716421,"latitude":43.472395,"elevation_m":2559,"name":""},"geometry":{"type":"Point","coordinates":[42.716421,43.472395]}},{"type":"Feature","properties":{"id":"mount-1373","type":"mountain","longitude":42.635472,"latitude":43.423214,"elevation_m":2976,"name":""},"geometry":{"type":"Point","coordinates":[42.635472,43.423214]}},{"type":"Feature","properties":{"id":"mount-1374","type":"mountain","longitude":43.090053,"latitude":43.234636,"elevation_m":2930,"name":""},"geometry":{"type":"Point","coordinates":[43.090053,43.234636]}},{"type":"Feature","properties":{"id":"mount-1375","type":"mountain","longitude":43.14905,"latitude":43.20089,"elevation_m":3069,"name":""},"geometry":{"type":"Point","coordinates":[43.14905,43.20089]}},{"type":"Feature","properties":{"id":"mount-1376","type":"mountain","longitude":43.317107,"latitude":43.28222,"elevation_m":2483,"name":""},"geometry":{"type":"Point","coordinates":[43.317107,43.28222]}},{"type":"Feature","properties":{"id":"mount-1377","type":"mountain","longitude":43.252584,"latitude":43.215928,"elevation_m":2377,"name":""},"geometry":{"type":"Point","coordinates":[43.252584,43.215928]}},{"type":"Feature","properties":{"id":"mount-1378","type":"mountain","longitude":43.215237,"latitude":43.271425,"elevation_m":2651,"name":""},"geometry":{"type":"Point","coordinates":[43.215237,43.271425]}},{"type":"Feature","properties":{"id":"mount-1379","type":"mountain","longitude":43.168148,"latitude":42.98572,"elevation_m":3046,"name":""},"geometry":{"type":"Point","coordinates":[43.168148,42.98572]}},{"type":"Feature","properties":{"id":"mount-1380","type":"mountain","longitude":43.315133,"latitude":42.958181,"elevation_m":2485,"name":""},"geometry":{"type":"Point","coordinates":[43.315133,42.958181]}},{"type":"Feature","properties":{"id":"mount-1381","type":"mountain","longitude":43.264654,"latitude":43.018141,"elevation_m":3067,"name":""},"geometry":{"type":"Point","coordinates":[43.264654,43.018141]}},{"type":"Feature","properties":{"id":"mount-1382","type":"mountain","longitude":43.453707,"latitude":43.152068,"elevation_m":2023,"name":""},"geometry":{"type":"Point","coordinates":[43.453707,43.152068]}},{"type":"Feature","properties":{"id":"mount-1383","type":"mountain","longitude":43.310026,"latitude":43.124229,"elevation_m":3085,"name":""},"geometry":{"type":"Point","coordinates":[43.310026,43.124229]}},{"type":"Feature","properties":{"id":"mount-1384","type":"mountain","longitude":43.365966,"latitude":43.15408,"elevation_m":2830,"name":""},"geometry":{"type":"Point","coordinates":[43.365966,43.15408]}},{"type":"Feature","properties":{"id":"mount-1385","type":"mountain","longitude":43.371899,"latitude":43.176132,"elevation_m":3084,"name":""},"geometry":{"type":"Point","coordinates":[43.371899,43.176132]}},{"type":"Feature","properties":{"id":"mount-1386","type":"mountain","longitude":41.814083,"latitude":43.175436,"elevation_m":3179,"name":""},"geometry":{"type":"Point","coordinates":[41.814083,43.175436]}},{"type":"Feature","properties":{"id":"mount-1387","type":"mountain","longitude":41.992975,"latitude":43.497896,"elevation_m":2805,"name":""},"geometry":{"type":"Point","coordinates":[41.992975,43.497896]}},{"type":"Feature","properties":{"id":"mount-1388","type":"mountain","longitude":41.760782,"latitude":43.201868,"elevation_m":2969,"name":""},"geometry":{"type":"Point","coordinates":[41.760782,43.201868]}},{"type":"Feature","properties":{"id":"mount-1389","type":"mountain","longitude":41.683749,"latitude":43.188727,"elevation_m":3024,"name":""},"geometry":{"type":"Point","coordinates":[41.683749,43.188727]}},{"type":"Feature","properties":{"id":"mount-1390","type":"mountain","longitude":41.633763,"latitude":43.265472,"elevation_m":3020,"name":""},"geometry":{"type":"Point","coordinates":[41.633763,43.265472]}},{"type":"Feature","properties":{"id":"mount-1391","type":"mountain","longitude":41.633849,"latitude":43.24879,"elevation_m":2983,"name":""},"geometry":{"type":"Point","coordinates":[41.633849,43.24879]}},{"type":"Feature","properties":{"id":"mount-1392","type":"mountain","longitude":41.513633,"latitude":43.305287,"elevation_m":3063,"name":""},"geometry":{"type":"Point","coordinates":[41.513633,43.305287]}},{"type":"Feature","properties":{"id":"mount-1393","type":"mountain","longitude":41.63048,"latitude":43.524593,"elevation_m":3185,"name":""},"geometry":{"type":"Point","coordinates":[41.63048,43.524593]}},{"type":"Feature","properties":{"id":"mount-1394","type":"mountain","longitude":41.612628,"latitude":43.471133,"elevation_m":2795,"name":""},"geometry":{"type":"Point","coordinates":[41.612628,43.471133]}},{"type":"Feature","properties":{"id":"mount-1395","type":"mountain","longitude":41.660296,"latitude":43.536992,"elevation_m":3128,"name":""},"geometry":{"type":"Point","coordinates":[41.660296,43.536992]}},{"type":"Feature","properties":{"id":"mount-1396","type":"mountain","longitude":41.658,"latitude":43.558128,"elevation_m":2789,"name":""},"geometry":{"type":"Point","coordinates":[41.658,43.558128]}},{"type":"Feature","properties":{"id":"mount-1397","type":"mountain","longitude":41.470889,"latitude":43.328705,"elevation_m":2878,"name":""},"geometry":{"type":"Point","coordinates":[41.470889,43.328705]}},{"type":"Feature","properties":{"id":"mount-1398","type":"mountain","longitude":41.435666,"latitude":43.432728,"elevation_m":3023,"name":""},"geometry":{"type":"Point","coordinates":[41.435666,43.432728]}},{"type":"Feature","properties":{"id":"mount-1399","type":"mountain","longitude":41.486467,"latitude":43.510861,"elevation_m":2721,"name":""},"geometry":{"type":"Point","coordinates":[41.486467,43.510861]}},{"type":"Feature","properties":{"id":"mount-1400","type":"mountain","longitude":41.356831,"latitude":43.401953,"elevation_m":2875,"name":""},"geometry":{"type":"Point","coordinates":[41.356831,43.401953]}},{"type":"Feature","properties":{"id":"mount-1401","type":"mountain","longitude":41.359009,"latitude":43.411119,"elevation_m":2943,"name":""},"geometry":{"type":"Point","coordinates":[41.359009,43.411119]}},{"type":"Feature","properties":{"id":"mount-1402","type":"mountain","longitude":41.356487,"latitude":43.418772,"elevation_m":2947,"name":""},"geometry":{"type":"Point","coordinates":[41.356487,43.418772]}},{"type":"Feature","properties":{"id":"mount-1403","type":"mountain","longitude":41.360403,"latitude":43.429892,"elevation_m":3045,"name":""},"geometry":{"type":"Point","coordinates":[41.360403,43.429892]}},{"type":"Feature","properties":{"id":"mount-1404","type":"mountain","longitude":41.360114,"latitude":43.443517,"elevation_m":2995,"name":""},"geometry":{"type":"Point","coordinates":[41.360114,43.443517]}},{"type":"Feature","properties":{"id":"mount-1405","type":"mountain","longitude":41.359266,"latitude":43.456354,"elevation_m":2975,"name":""},"geometry":{"type":"Point","coordinates":[41.359266,43.456354]}},{"type":"Feature","properties":{"id":"mount-1406","type":"mountain","longitude":41.346456,"latitude":43.466913,"elevation_m":2888,"name":""},"geometry":{"type":"Point","coordinates":[41.346456,43.466913]}},{"type":"Feature","properties":{"id":"mount-1407","type":"mountain","longitude":41.325878,"latitude":43.324725,"elevation_m":2917,"name":""},"geometry":{"type":"Point","coordinates":[41.325878,43.324725]}},{"type":"Feature","properties":{"id":"mount-1408","type":"mountain","longitude":40.997468,"latitude":43.461774,"elevation_m":3084,"name":""},"geometry":{"type":"Point","coordinates":[40.997468,43.461774]}},{"type":"Feature","properties":{"id":"mount-1409","type":"mountain","longitude":41.028721,"latitude":43.438571,"elevation_m":2510,"name":""},"geometry":{"type":"Point","coordinates":[41.028721,43.438571]}},{"type":"Feature","properties":{"id":"mount-1410","type":"mountain","longitude":41.007693,"latitude":43.447817,"elevation_m":2963,"name":""},"geometry":{"type":"Point","coordinates":[41.007693,43.447817]}},{"type":"Feature","properties":{"id":"mount-1411","type":"mountain","longitude":40.979937,"latitude":43.434099,"elevation_m":2862,"name":""},"geometry":{"type":"Point","coordinates":[40.979937,43.434099]}},{"type":"Feature","properties":{"id":"mount-1412","type":"mountain","longitude":40.761412,"latitude":43.533235,"elevation_m":2648,"name":""},"geometry":{"type":"Point","coordinates":[40.761412,43.533235]}},{"type":"Feature","properties":{"id":"mount-1413","type":"mountain","longitude":40.740792,"latitude":43.556946,"elevation_m":2564,"name":""},"geometry":{"type":"Point","coordinates":[40.740792,43.556946]}},{"type":"Feature","properties":{"id":"mount-1414","type":"mountain","longitude":40.728722,"latitude":43.688341,"elevation_m":2821,"name":""},"geometry":{"type":"Point","coordinates":[40.728722,43.688341]}},{"type":"Feature","properties":{"id":"mount-1415","type":"mountain","longitude":42.2932,"latitude":43.704096,"elevation_m":2182,"name":""},"geometry":{"type":"Point","coordinates":[42.2932,43.704096]}},{"type":"Feature","properties":{"id":"mount-1416","type":"mountain","longitude":42.280927,"latitude":43.701924,"elevation_m":2159,"name":""},"geometry":{"type":"Point","coordinates":[42.280927,43.701924]}},{"type":"Feature","properties":{"id":"mount-1417","type":"mountain","longitude":42.314959,"latitude":43.700559,"elevation_m":2182,"name":""},"geometry":{"type":"Point","coordinates":[42.314959,43.700559]}},{"type":"Feature","properties":{"id":"mount-1418","type":"mountain","longitude":42.185966,"latitude":43.712076,"elevation_m":1966,"name":""},"geometry":{"type":"Point","coordinates":[42.185966,43.712076]}},{"type":"Feature","properties":{"id":"mount-1419","type":"mountain","longitude":41.589861,"latitude":43.462436,"elevation_m":3199,"name":""},"geometry":{"type":"Point","coordinates":[41.589861,43.462436]}},{"type":"Feature","properties":{"id":"mount-1420","type":"mountain","longitude":42.31822,"latitude":43.705864,"elevation_m":2227,"name":""},"geometry":{"type":"Point","coordinates":[42.31822,43.705864]}},{"type":"Feature","properties":{"id":"mount-1421","type":"mountain","longitude":41.359116,"latitude":43.36114,"elevation_m":3112,"name":""},"geometry":{"type":"Point","coordinates":[41.359116,43.36114]}},{"type":"Feature","properties":{"id":"mount-1422","type":"mountain","longitude":42.200171,"latitude":43.715612,"elevation_m":1949,"name":""},"geometry":{"type":"Point","coordinates":[42.200171,43.715612]}},{"type":"Feature","properties":{"id":"mount-1423","type":"mountain","longitude":41.258404,"latitude":43.364798,"elevation_m":3157,"name":""},"geometry":{"type":"Point","coordinates":[41.258404,43.364798]}},{"type":"Feature","properties":{"id":"mount-1424","type":"mountain","longitude":41.098105,"latitude":43.383219,"elevation_m":2759,"name":""},"geometry":{"type":"Point","coordinates":[41.098105,43.383219]}},{"type":"Feature","properties":{"id":"mount-1425","type":"mountain","longitude":42.197682,"latitude":43.725661,"elevation_m":2044,"name":""},"geometry":{"type":"Point","coordinates":[42.197682,43.725661]}},{"type":"Feature","properties":{"id":"mount-1426","type":"mountain","longitude":41.989081,"latitude":43.283813,"elevation_m":2913,"name":""},"geometry":{"type":"Point","coordinates":[41.989081,43.283813]}},{"type":"Feature","properties":{"id":"mount-1427","type":"mountain","longitude":42.071586,"latitude":43.521209,"elevation_m":2220,"name":""},"geometry":{"type":"Point","coordinates":[42.071586,43.521209]}},{"type":"Feature","properties":{"id":"mount-1428","type":"mountain","longitude":42.010453,"latitude":43.536362,"elevation_m":2267,"name":""},"geometry":{"type":"Point","coordinates":[42.010453,43.536362]}},{"type":"Feature","properties":{"id":"mount-1429","type":"mountain","longitude":42.029818,"latitude":43.544427,"elevation_m":2217,"name":""},"geometry":{"type":"Point","coordinates":[42.029818,43.544427]}},{"type":"Feature","properties":{"id":"mount-1430","type":"mountain","longitude":42.178745,"latitude":43.443852,"elevation_m":2529,"name":""},"geometry":{"type":"Point","coordinates":[42.178745,43.443852]}},{"type":"Feature","properties":{"id":"mount-1431","type":"mountain","longitude":42.149616,"latitude":43.519614,"elevation_m":1949,"name":""},"geometry":{"type":"Point","coordinates":[42.149616,43.519614]}},{"type":"Feature","properties":{"id":"mount-1432","type":"mountain","longitude":42.015356,"latitude":43.528342,"elevation_m":1937,"name":""},"geometry":{"type":"Point","coordinates":[42.015356,43.528342]}},{"type":"Feature","properties":{"id":"mount-1433","type":"mountain","longitude":42.180709,"latitude":43.515358,"elevation_m":2149,"name":""},"geometry":{"type":"Point","coordinates":[42.180709,43.515358]}},{"type":"Feature","properties":{"id":"mount-1434","type":"mountain","longitude":42.223356,"latitude":43.500496,"elevation_m":2090,"name":""},"geometry":{"type":"Point","coordinates":[42.223356,43.500496]}},{"type":"Feature","properties":{"id":"mount-1435","type":"mountain","longitude":42.103075,"latitude":43.557327,"elevation_m":2024,"name":""},"geometry":{"type":"Point","coordinates":[42.103075,43.557327]}},{"type":"Feature","properties":{"id":"mount-1436","type":"mountain","longitude":42.223946,"latitude":43.724638,"elevation_m":1812,"name":""},"geometry":{"type":"Point","coordinates":[42.223946,43.724638]}},{"type":"Feature","properties":{"id":"mount-1437","type":"mountain","longitude":42.169819,"latitude":43.520579,"elevation_m":2019,"name":""},"geometry":{"type":"Point","coordinates":[42.169819,43.520579]}},{"type":"Feature","properties":{"id":"mount-1438","type":"mountain","longitude":42.138501,"latitude":43.50578,"elevation_m":2040,"name":""},"geometry":{"type":"Point","coordinates":[42.138501,43.50578]}},{"type":"Feature","properties":{"id":"mount-1439","type":"mountain","longitude":41.206509,"latitude":43.417463,"elevation_m":2485,"name":""},"geometry":{"type":"Point","coordinates":[41.206509,43.417463]}},{"type":"Feature","properties":{"id":"mount-1440","type":"mountain","longitude":42.084417,"latitude":43.51998,"elevation_m":2169,"name":""},"geometry":{"type":"Point","coordinates":[42.084417,43.51998]}},{"type":"Feature","properties":{"id":"mount-1441","type":"mountain","longitude":42.02999,"latitude":43.534394,"elevation_m":1975,"name":""},"geometry":{"type":"Point","coordinates":[42.02999,43.534394]}},{"type":"Feature","properties":{"id":"mount-1442","type":"mountain","longitude":42.229643,"latitude":43.349867,"elevation_m":2988,"name":""},"geometry":{"type":"Point","coordinates":[42.229643,43.349867]}},{"type":"Feature","properties":{"id":"mount-1443","type":"mountain","longitude":41.354567,"latitude":43.496122,"elevation_m":2937,"name":""},"geometry":{"type":"Point","coordinates":[41.354567,43.496122]}},{"type":"Feature","properties":{"id":"mount-1444","type":"mountain","longitude":42.284768,"latitude":43.433811,"elevation_m":2922,"name":""},"geometry":{"type":"Point","coordinates":[42.284768,43.433811]}},{"type":"Feature","properties":{"id":"mount-1445","type":"mountain","longitude":42.002707,"latitude":43.189963,"elevation_m":2753,"name":""},"geometry":{"type":"Point","coordinates":[42.002707,43.189963]}},{"type":"Feature","properties":{"id":"mount-1446","type":"mountain","longitude":41.28086,"latitude":43.476918,"elevation_m":2945,"name":""},"geometry":{"type":"Point","coordinates":[41.28086,43.476918]}},{"type":"Feature","properties":{"id":"mount-1447","type":"mountain","longitude":40.979476,"latitude":43.651455,"elevation_m":3068,"name":""},"geometry":{"type":"Point","coordinates":[40.979476,43.651455]}},{"type":"Feature","properties":{"id":"mount-1448","type":"mountain","longitude":42.198508,"latitude":43.410691,"elevation_m":2475,"name":""},"geometry":{"type":"Point","coordinates":[42.198508,43.410691]}},{"type":"Feature","properties":{"id":"mount-1449","type":"mountain","longitude":42.214622,"latitude":43.387031,"elevation_m":2809,"name":""},"geometry":{"type":"Point","coordinates":[42.214622,43.387031]}},{"type":"Feature","properties":{"id":"mount-1450","type":"mountain","longitude":42.182747,"latitude":43.507243,"elevation_m":2112,"name":""},"geometry":{"type":"Point","coordinates":[42.182747,43.507243]}},{"type":"Feature","properties":{"id":"mount-1451","type":"mountain","longitude":42.284961,"latitude":43.424243,"elevation_m":2620,"name":""},"geometry":{"type":"Point","coordinates":[42.284961,43.424243]}},{"type":"Feature","properties":{"id":"mount-1452","type":"mountain","longitude":42.30409,"latitude":43.425209,"elevation_m":2866,"name":""},"geometry":{"type":"Point","coordinates":[42.30409,43.425209]}},{"type":"Feature","properties":{"id":"mount-1453","type":"mountain","longitude":40.968339,"latitude":43.618881,"elevation_m":2170,"name":""},"geometry":{"type":"Point","coordinates":[40.968339,43.618881]}},{"type":"Feature","properties":{"id":"mount-1454","type":"mountain","longitude":42.030537,"latitude":43.467232,"elevation_m":2733,"name":""},"geometry":{"type":"Point","coordinates":[42.030537,43.467232]}},{"type":"Feature","properties":{"id":"mount-1455","type":"mountain","longitude":40.954145,"latitude":43.631758,"elevation_m":2476,"name":""},"geometry":{"type":"Point","coordinates":[40.954145,43.631758]}},{"type":"Feature","properties":{"id":"mount-1456","type":"mountain","longitude":41.369351,"latitude":43.641316,"elevation_m":2043,"name":""},"geometry":{"type":"Point","coordinates":[41.369351,43.641316]}},{"type":"Feature","properties":{"id":"mount-1457","type":"mountain","longitude":43.057265,"latitude":43.557451,"elevation_m":1915,"name":""},"geometry":{"type":"Point","coordinates":[43.057265,43.557451]}},{"type":"Feature","properties":{"id":"mount-1458","type":"mountain","longitude":41.478624,"latitude":43.626974,"elevation_m":2318,"name":""},"geometry":{"type":"Point","coordinates":[41.478624,43.626974]}},{"type":"Feature","properties":{"id":"mount-1459","type":"mountain","longitude":42.041148,"latitude":43.288655,"elevation_m":2976,"name":""},"geometry":{"type":"Point","coordinates":[42.041148,43.288655]}},{"type":"Feature","properties":{"id":"mount-1460","type":"mountain","longitude":40.954875,"latitude":43.779693,"elevation_m":2096,"name":""},"geometry":{"type":"Point","coordinates":[40.954875,43.779693]}},{"type":"Feature","properties":{"id":"mount-1461","type":"mountain","longitude":41.320052,"latitude":43.509087,"elevation_m":2434,"name":""},"geometry":{"type":"Point","coordinates":[41.320052,43.509087]}},{"type":"Feature","properties":{"id":"mount-1462","type":"mountain","longitude":42.025741,"latitude":43.284571,"elevation_m":2620,"name":""},"geometry":{"type":"Point","coordinates":[42.025741,43.284571]}},{"type":"Feature","properties":{"id":"mount-1463","type":"mountain","longitude":42.19191,"latitude":43.490424,"elevation_m":2660,"name":""},"geometry":{"type":"Point","coordinates":[42.19191,43.490424]}},{"type":"Feature","properties":{"id":"mount-1464","type":"mountain","longitude":41.263876,"latitude":43.597976,"elevation_m":2838,"name":""},"geometry":{"type":"Point","coordinates":[41.263876,43.597976]}},{"type":"Feature","properties":{"id":"mount-1465","type":"mountain","longitude":41.240723,"latitude":43.733368,"elevation_m":1836,"name":""},"geometry":{"type":"Point","coordinates":[41.240723,43.733368]}},{"type":"Feature","properties":{"id":"mount-1466","type":"mountain","longitude":40.945584,"latitude":43.750947,"elevation_m":2370,"name":""},"geometry":{"type":"Point","coordinates":[40.945584,43.750947]}},{"type":"Feature","properties":{"id":"mount-1467","type":"mountain","longitude":41.288649,"latitude":43.48598,"elevation_m":2621,"name":""},"geometry":{"type":"Point","coordinates":[41.288649,43.48598]}},{"type":"Feature","properties":{"id":"mount-1468","type":"mountain","longitude":41.279486,"latitude":43.611805,"elevation_m":2790,"name":""},"geometry":{"type":"Point","coordinates":[41.279486,43.611805]}},{"type":"Feature","properties":{"id":"mount-1469","type":"mountain","longitude":40.962642,"latitude":43.745452,"elevation_m":2623,"name":""},"geometry":{"type":"Point","coordinates":[40.962642,43.745452]}},{"type":"Feature","properties":{"id":"mount-1470","type":"mountain","longitude":41.353322,"latitude":43.478522,"elevation_m":2778,"name":""},"geometry":{"type":"Point","coordinates":[41.353322,43.478522]}},{"type":"Feature","properties":{"id":"mount-1471","type":"mountain","longitude":41.27763,"latitude":43.710657,"elevation_m":1864,"name":""},"geometry":{"type":"Point","coordinates":[41.27763,43.710657]}},{"type":"Feature","properties":{"id":"mount-1472","type":"mountain","longitude":41.114455,"latitude":43.74415,"elevation_m":1927,"name":""},"geometry":{"type":"Point","coordinates":[41.114455,43.74415]}},{"type":"Feature","properties":{"id":"mount-1473","type":"mountain","longitude":42.416228,"latitude":43.534371,"elevation_m":2364,"name":""},"geometry":{"type":"Point","coordinates":[42.416228,43.534371]}},{"type":"Feature","properties":{"id":"mount-1474","type":"mountain","longitude":41.253372,"latitude":43.709602,"elevation_m":1940,"name":""},"geometry":{"type":"Point","coordinates":[41.253372,43.709602]}},{"type":"Feature","properties":{"id":"mount-1475","type":"mountain","longitude":41.251377,"latitude":43.720164,"elevation_m":1931,"name":""},"geometry":{"type":"Point","coordinates":[41.251377,43.720164]}},{"type":"Feature","properties":{"id":"mount-1476","type":"mountain","longitude":41.178904,"latitude":43.719699,"elevation_m":1941,"name":""},"geometry":{"type":"Point","coordinates":[41.178904,43.719699]}},{"type":"Feature","properties":{"id":"mount-1477","type":"mountain","longitude":41.066219,"latitude":43.717853,"elevation_m":2008,"name":""},"geometry":{"type":"Point","coordinates":[41.066219,43.717853]}},{"type":"Feature","properties":{"id":"mount-1478","type":"mountain","longitude":41.186972,"latitude":43.715325,"elevation_m":2080,"name":""},"geometry":{"type":"Point","coordinates":[41.186972,43.715325]}},{"type":"Feature","properties":{"id":"mount-1479","type":"mountain","longitude":41.229694,"latitude":43.722413,"elevation_m":2037,"name":""},"geometry":{"type":"Point","coordinates":[41.229694,43.722413]}},{"type":"Feature","properties":{"id":"mount-1480","type":"mountain","longitude":43.056225,"latitude":43.518478,"elevation_m":2171,"name":""},"geometry":{"type":"Point","coordinates":[43.056225,43.518478]}},{"type":"Feature","properties":{"id":"mount-1481","type":"mountain","longitude":42.230855,"latitude":43.745196,"elevation_m":2036,"name":""},"geometry":{"type":"Point","coordinates":[42.230855,43.745196]}},{"type":"Feature","properties":{"id":"mount-1482","type":"mountain","longitude":42.211243,"latitude":43.742933,"elevation_m":2052,"name":""},"geometry":{"type":"Point","coordinates":[42.211243,43.742933]}},{"type":"Feature","properties":{"id":"mount-1483","type":"mountain","longitude":42.280937,"latitude":43.741662,"elevation_m":2192,"name":""},"geometry":{"type":"Point","coordinates":[42.280937,43.741662]}},{"type":"Feature","properties":{"id":"mount-1484","type":"mountain","longitude":42.213603,"latitude":43.733631,"elevation_m":1937,"name":""},"geometry":{"type":"Point","coordinates":[42.213603,43.733631]}},{"type":"Feature","properties":{"id":"mount-1485","type":"mountain","longitude":42.239567,"latitude":43.738282,"elevation_m":2084,"name":""},"geometry":{"type":"Point","coordinates":[42.239567,43.738282]}},{"type":"Feature","properties":{"id":"mount-1486","type":"mountain","longitude":42.246133,"latitude":43.728701,"elevation_m":1989,"name":""},"geometry":{"type":"Point","coordinates":[42.246133,43.728701]}},{"type":"Feature","properties":{"id":"mount-1487","type":"mountain","longitude":41.088299,"latitude":43.694671,"elevation_m":2482,"name":""},"geometry":{"type":"Point","coordinates":[41.088299,43.694671]}},{"type":"Feature","properties":{"id":"mount-1488","type":"mountain","longitude":42.875111,"latitude":43.622423,"elevation_m":2201,"name":""},"geometry":{"type":"Point","coordinates":[42.875111,43.622423]}},{"type":"Feature","properties":{"id":"mount-1489","type":"mountain","longitude":43.094441,"latitude":43.463689,"elevation_m":2104,"name":""},"geometry":{"type":"Point","coordinates":[43.094441,43.463689]}},{"type":"Feature","properties":{"id":"mount-1490","type":"mountain","longitude":42.809429,"latitude":43.622035,"elevation_m":2426,"name":""},"geometry":{"type":"Point","coordinates":[42.809429,43.622035]}},{"type":"Feature","properties":{"id":"mount-1491","type":"mountain","longitude":42.259394,"latitude":43.747181,"elevation_m":2144,"name":""},"geometry":{"type":"Point","coordinates":[42.259394,43.747181]}},{"type":"Feature","properties":{"id":"mount-1492","type":"mountain","longitude":42.246863,"latitude":43.746127,"elevation_m":2134,"name":""},"geometry":{"type":"Point","coordinates":[42.246863,43.746127]}},{"type":"Feature","properties":{"id":"mount-1493","type":"mountain","longitude":41.120818,"latitude":43.736368,"elevation_m":1984,"name":""},"geometry":{"type":"Point","coordinates":[41.120818,43.736368]}},{"type":"Feature","properties":{"id":"mount-1494","type":"mountain","longitude":41.060715,"latitude":43.628395,"elevation_m":3111,"name":""},"geometry":{"type":"Point","coordinates":[41.060715,43.628395]}},{"type":"Feature","properties":{"id":"mount-1495","type":"mountain","longitude":42.451601,"latitude":43.654281,"elevation_m":2372,"name":""},"geometry":{"type":"Point","coordinates":[42.451601,43.654281]}},{"type":"Feature","properties":{"id":"mount-1496","type":"mountain","longitude":42.17778,"latitude":43.584215,"elevation_m":1950,"name":""},"geometry":{"type":"Point","coordinates":[42.17778,43.584215]}},{"type":"Feature","properties":{"id":"mount-1497","type":"mountain","longitude":42.158597,"latitude":43.546316,"elevation_m":1955,"name":""},"geometry":{"type":"Point","coordinates":[42.158597,43.546316]}},{"type":"Feature","properties":{"id":"mount-1498","type":"mountain","longitude":42.179475,"latitude":43.535467,"elevation_m":1905,"name":""},"geometry":{"type":"Point","coordinates":[42.179475,43.535467]}},{"type":"Feature","properties":{"id":"mount-1499","type":"mountain","longitude":42.267119,"latitude":43.524709,"elevation_m":1854,"name":""},"geometry":{"type":"Point","coordinates":[42.267119,43.524709]}},{"type":"Feature","properties":{"id":"mount-1500","type":"mountain","longitude":42.29246,"latitude":43.557988,"elevation_m":2208,"name":""},"geometry":{"type":"Point","coordinates":[42.29246,43.557988]}},{"type":"Feature","properties":{"id":"mount-1501","type":"mountain","longitude":42.264994,"latitude":43.539387,"elevation_m":2179,"name":""},"geometry":{"type":"Point","coordinates":[42.264994,43.539387]}},{"type":"Feature","properties":{"id":"mount-1502","type":"mountain","longitude":42.277697,"latitude":43.545033,"elevation_m":2151,"name":""},"geometry":{"type":"Point","coordinates":[42.277697,43.545033]}},{"type":"Feature","properties":{"id":"mount-1503","type":"mountain","longitude":42.263439,"latitude":43.559753,"elevation_m":2234,"name":""},"geometry":{"type":"Point","coordinates":[42.263439,43.559753]}},{"type":"Feature","properties":{"id":"mount-1504","type":"mountain","longitude":42.220813,"latitude":43.655096,"elevation_m":2043,"name":""},"geometry":{"type":"Point","coordinates":[42.220813,43.655096]}},{"type":"Feature","properties":{"id":"mount-1505","type":"mountain","longitude":41.185727,"latitude":43.59326,"elevation_m":2988,"name":""},"geometry":{"type":"Point","coordinates":[41.185727,43.59326]}},{"type":"Feature","properties":{"id":"mount-1506","type":"mountain","longitude":42.480547,"latitude":43.656113,"elevation_m":2309,"name":""},"geometry":{"type":"Point","coordinates":[42.480547,43.656113]}},{"type":"Feature","properties":{"id":"mount-1507","type":"mountain","longitude":41.895343,"latitude":43.564479,"elevation_m":2007,"name":""},"geometry":{"type":"Point","coordinates":[41.895343,43.564479]}},{"type":"Feature","properties":{"id":"mount-1508","type":"mountain","longitude":41.862245,"latitude":43.535234,"elevation_m":2348,"name":""},"geometry":{"type":"Point","coordinates":[41.862245,43.535234]}},{"type":"Feature","properties":{"id":"mount-1509","type":"mountain","longitude":41.879647,"latitude":43.557233,"elevation_m":2048,"name":""},"geometry":{"type":"Point","coordinates":[41.879647,43.557233]}},{"type":"Feature","properties":{"id":"mount-1510","type":"mountain","longitude":40.853283,"latitude":43.577857,"elevation_m":2737,"name":""},"geometry":{"type":"Point","coordinates":[40.853283,43.577857]}},{"type":"Feature","properties":{"id":"mount-1511","type":"mountain","longitude":42.426753,"latitude":43.657495,"elevation_m":2293,"name":""},"geometry":{"type":"Point","coordinates":[42.426753,43.657495]}},{"type":"Feature","properties":{"id":"mount-1512","type":"mountain","longitude":42.254663,"latitude":43.455746,"elevation_m":3186,"name":""},"geometry":{"type":"Point","coordinates":[42.254663,43.455746]}},{"type":"Feature","properties":{"id":"mount-1513","type":"mountain","longitude":42.527937,"latitude":43.730972,"elevation_m":2358,"name":""},"geometry":{"type":"Point","coordinates":[42.527937,43.730972]}},{"type":"Feature","properties":{"id":"mount-1514","type":"mountain","longitude":42.309262,"latitude":43.431653,"elevation_m":3115,"name":""},"geometry":{"type":"Point","coordinates":[42.309262,43.431653]}},{"type":"Feature","properties":{"id":"mount-1515","type":"mountain","longitude":41.109467,"latitude":43.639414,"elevation_m":3150,"name":""},"geometry":{"type":"Point","coordinates":[41.109467,43.639414]}},{"type":"Feature","properties":{"id":"mount-1516","type":"mountain","longitude":41.495587,"latitude":43.306053,"elevation_m":2951,"name":""},"geometry":{"type":"Point","coordinates":[41.495587,43.306053]}},{"type":"Feature","properties":{"id":"mount-1517","type":"mountain","longitude":41.498483,"latitude":43.319901,"elevation_m":3138,"name":""},"geometry":{"type":"Point","coordinates":[41.498483,43.319901]}},{"type":"Feature","properties":{"id":"mount-1518","type":"mountain","longitude":42.253901,"latitude":43.667266,"elevation_m":2059,"name":""},"geometry":{"type":"Point","coordinates":[42.253901,43.667266]}},{"type":"Feature","properties":{"id":"mount-1519","type":"mountain","longitude":42.248322,"latitude":43.662951,"elevation_m":1946,"name":""},"geometry":{"type":"Point","coordinates":[42.248322,43.662951]}},{"type":"Feature","properties":{"id":"mount-1520","type":"mountain","longitude":42.304788,"latitude":43.66791,"elevation_m":2212,"name":""},"geometry":{"type":"Point","coordinates":[42.304788,43.66791]}},{"type":"Feature","properties":{"id":"mount-1521","type":"mountain","longitude":42.53917,"latitude":43.673071,"elevation_m":2156,"name":""},"geometry":{"type":"Point","coordinates":[42.53917,43.673071]}},{"type":"Feature","properties":{"id":"mount-1522","type":"mountain","longitude":40.82262,"latitude":43.919914,"elevation_m":1803,"name":""},"geometry":{"type":"Point","coordinates":[40.82262,43.919914]}},{"type":"Feature","properties":{"id":"mount-1523","type":"mountain","longitude":43.313427,"latitude":43.264081,"elevation_m":3025,"name":""},"geometry":{"type":"Point","coordinates":[43.313427,43.264081]}},{"type":"Feature","properties":{"id":"mount-1524","type":"mountain","longitude":43.382446,"latitude":43.336876,"elevation_m":1825,"name":""},"geometry":{"type":"Point","coordinates":[43.382446,43.336876]}},{"type":"Feature","properties":{"id":"mount-1525","type":"mountain","longitude":43.229592,"latitude":43.327566,"elevation_m":3088,"name":""},"geometry":{"type":"Point","coordinates":[43.229592,43.327566]}},{"type":"Feature","properties":{"id":"mount-1526","type":"mountain","longitude":43.192878,"latitude":43.272753,"elevation_m":2383,"name":""},"geometry":{"type":"Point","coordinates":[43.192878,43.272753]}},{"type":"Feature","properties":{"id":"mount-1527","type":"mountain","longitude":42.552109,"latitude":43.659815,"elevation_m":2229,"name":""},"geometry":{"type":"Point","coordinates":[42.552109,43.659815]}},{"type":"Feature","properties":{"id":"mount-1528","type":"mountain","longitude":42.625312,"latitude":43.732926,"elevation_m":2143,"name":""},"geometry":{"type":"Point","coordinates":[42.625312,43.732926]}},{"type":"Feature","properties":{"id":"mount-1529","type":"mountain","longitude":42.397335,"latitude":43.595723,"elevation_m":2259,"name":""},"geometry":{"type":"Point","coordinates":[42.397335,43.595723]}},{"type":"Feature","properties":{"id":"mount-1530","type":"mountain","longitude":42.388666,"latitude":43.591123,"elevation_m":2228,"name":""},"geometry":{"type":"Point","coordinates":[42.388666,43.591123]}},{"type":"Feature","properties":{"id":"mount-1531","type":"mountain","longitude":42.29643,"latitude":43.601325,"elevation_m":1917,"name":""},"geometry":{"type":"Point","coordinates":[42.29643,43.601325]}},{"type":"Feature","properties":{"id":"mount-1532","type":"mountain","longitude":42.344377,"latitude":43.598676,"elevation_m":2205,"name":""},"geometry":{"type":"Point","coordinates":[42.344377,43.598676]}},{"type":"Feature","properties":{"id":"mount-1533","type":"mountain","longitude":42.307738,"latitude":43.588613,"elevation_m":2184,"name":""},"geometry":{"type":"Point","coordinates":[42.307738,43.588613]}},{"type":"Feature","properties":{"id":"mount-1534","type":"mountain","longitude":40.755844,"latitude":43.501858,"elevation_m":2174,"name":""},"geometry":{"type":"Point","coordinates":[40.755844,43.501858]}},{"type":"Feature","properties":{"id":"mount-1535","type":"mountain","longitude":41.759162,"latitude":43.392957,"elevation_m":3064,"name":""},"geometry":{"type":"Point","coordinates":[41.759162,43.392957]}},{"type":"Feature","properties":{"id":"mount-1536","type":"mountain","longitude":40.806452,"latitude":43.496659,"elevation_m":2453,"name":""},"geometry":{"type":"Point","coordinates":[40.806452,43.496659]}},{"type":"Feature","properties":{"id":"mount-1537","type":"mountain","longitude":42.364215,"latitude":43.60298,"elevation_m":2293,"name":""},"geometry":{"type":"Point","coordinates":[42.364215,43.60298]}},{"type":"Feature","properties":{"id":"mount-1538","type":"mountain","longitude":42.334335,"latitude":43.608496,"elevation_m":2111,"name":""},"geometry":{"type":"Point","coordinates":[42.334335,43.608496]}},{"type":"Feature","properties":{"id":"mount-1539","type":"mountain","longitude":40.8416,"latitude":43.48141,"elevation_m":2375,"name":""},"geometry":{"type":"Point","coordinates":[40.8416,43.48141]}},{"type":"Feature","properties":{"id":"mount-1540","type":"mountain","longitude":40.742326,"latitude":43.490899,"elevation_m":2379,"name":""},"geometry":{"type":"Point","coordinates":[40.742326,43.490899]}},{"type":"Feature","properties":{"id":"mount-1541","type":"mountain","longitude":40.830656,"latitude":43.602459,"elevation_m":2585,"name":""},"geometry":{"type":"Point","coordinates":[40.830656,43.602459]}},{"type":"Feature","properties":{"id":"mount-1542","type":"mountain","longitude":41.506294,"latitude":43.353916,"elevation_m":2810,"name":""},"geometry":{"type":"Point","coordinates":[41.506294,43.353916]}},{"type":"Feature","properties":{"id":"mount-1543","type":"mountain","longitude":41.688159,"latitude":43.172815,"elevation_m":2287,"name":""},"geometry":{"type":"Point","coordinates":[41.688159,43.172815]}},{"type":"Feature","properties":{"id":"mount-1544","type":"mountain","longitude":41.990701,"latitude":43.289553,"elevation_m":3028,"name":""},"geometry":{"type":"Point","coordinates":[41.990701,43.289553]}},{"type":"Feature","properties":{"id":"mount-1545","type":"mountain","longitude":42.839588,"latitude":43.513693,"elevation_m":2407,"name":""},"geometry":{"type":"Point","coordinates":[42.839588,43.513693]}},{"type":"Feature","properties":{"id":"mount-1546","type":"mountain","longitude":42.149745,"latitude":43.677727,"elevation_m":1907,"name":""},"geometry":{"type":"Point","coordinates":[42.149745,43.677727]}},{"type":"Feature","properties":{"id":"mount-1547","type":"mountain","longitude":40.903516,"latitude":43.55756,"elevation_m":2260,"name":""},"geometry":{"type":"Point","coordinates":[40.903516,43.55756]}},{"type":"Feature","properties":{"id":"mount-1548","type":"mountain","longitude":42.374868,"latitude":43.678899,"elevation_m":2277,"name":""},"geometry":{"type":"Point","coordinates":[42.374868,43.678899]}},{"type":"Feature","properties":{"id":"mount-1549","type":"mountain","longitude":42.294617,"latitude":43.678464,"elevation_m":2143,"name":""},"geometry":{"type":"Point","coordinates":[42.294617,43.678464]}},{"type":"Feature","properties":{"id":"mount-1550","type":"mountain","longitude":42.664279,"latitude":43.732848,"elevation_m":2118,"name":""},"geometry":{"type":"Point","coordinates":[42.664279,43.732848]}},{"type":"Feature","properties":{"id":"mount-1551","type":"mountain","longitude":40.735545,"latitude":43.484244,"elevation_m":2068,"name":""},"geometry":{"type":"Point","coordinates":[40.735545,43.484244]}},{"type":"Feature","properties":{"id":"mount-1552","type":"mountain","longitude":43.199615,"latitude":42.976921,"elevation_m":3065,"name":""},"geometry":{"type":"Point","coordinates":[43.199615,42.976921]}},{"type":"Feature","properties":{"id":"mount-1553","type":"mountain","longitude":43.173802,"latitude":42.977109,"elevation_m":3032,"name":""},"geometry":{"type":"Point","coordinates":[43.173802,42.977109]}},{"type":"Feature","properties":{"id":"mount-1554","type":"mountain","longitude":40.756702,"latitude":43.48127,"elevation_m":1908,"name":""},"geometry":{"type":"Point","coordinates":[40.756702,43.48127]}},{"type":"Feature","properties":{"id":"mount-1555","type":"mountain","longitude":41.92548,"latitude":43.28511,"elevation_m":3164,"name":""},"geometry":{"type":"Point","coordinates":[41.92548,43.28511]}},{"type":"Feature","properties":{"id":"mount-1556","type":"mountain","longitude":42.230759,"latitude":43.541285,"elevation_m":2074,"name":""},"geometry":{"type":"Point","coordinates":[42.230759,43.541285]}},{"type":"Feature","properties":{"id":"mount-1557","type":"mountain","longitude":42.167426,"latitude":43.532768,"elevation_m":1966,"name":""},"geometry":{"type":"Point","coordinates":[42.167426,43.532768]}},{"type":"Feature","properties":{"id":"mount-1558","type":"mountain","longitude":42.201759,"latitude":43.574911,"elevation_m":2134,"name":""},"geometry":{"type":"Point","coordinates":[42.201759,43.574911]}},{"type":"Feature","properties":{"id":"mount-1559","type":"mountain","longitude":41.664169,"latitude":43.183643,"elevation_m":2720,"name":""},"geometry":{"type":"Point","coordinates":[41.664169,43.183643]}},{"type":"Feature","properties":{"id":"mount-1560","type":"mountain","longitude":42.163864,"latitude":43.696595,"elevation_m":1936,"name":""},"geometry":{"type":"Point","coordinates":[42.163864,43.696595]}},{"type":"Feature","properties":{"id":"mount-1561","type":"mountain","longitude":42.707452,"latitude":43.363488,"elevation_m":2853,"name":""},"geometry":{"type":"Point","coordinates":[42.707452,43.363488]}},{"type":"Feature","properties":{"id":"mount-1562","type":"mountain","longitude":43.429953,"latitude":43.165639,"elevation_m":2989,"name":""},"geometry":{"type":"Point","coordinates":[43.429953,43.165639]}},{"type":"Feature","properties":{"id":"mount-1563","type":"mountain","longitude":42.534503,"latitude":43.690684,"elevation_m":2010,"name":""},"geometry":{"type":"Point","coordinates":[42.534503,43.690684]}},{"type":"Feature","properties":{"id":"mount-1564","type":"mountain","longitude":40.837909,"latitude":43.613879,"elevation_m":2700,"name":""},"geometry":{"type":"Point","coordinates":[40.837909,43.613879]}},{"type":"Feature","properties":{"id":"mount-1565","type":"mountain","longitude":42.831434,"latitude":43.475836,"elevation_m":2418,"name":""},"geometry":{"type":"Point","coordinates":[42.831434,43.475836]}},{"type":"Feature","properties":{"id":"mount-1566","type":"mountain","longitude":42.351952,"latitude":43.661407,"elevation_m":2371,"name":""},"geometry":{"type":"Point","coordinates":[42.351952,43.661407]}},{"type":"Feature","properties":{"id":"mount-1567","type":"mountain","longitude":41.957248,"latitude":43.189111,"elevation_m":2997,"name":""},"geometry":{"type":"Point","coordinates":[41.957248,43.189111]}},{"type":"Feature","properties":{"id":"mount-1568","type":"mountain","longitude":40.981547,"latitude":43.438945,"elevation_m":2817,"name":""},"geometry":{"type":"Point","coordinates":[40.981547,43.438945]}},{"type":"Feature","properties":{"id":"mount-1569","type":"mountain","longitude":40.941861,"latitude":43.476817,"elevation_m":2479,"name":""},"geometry":{"type":"Point","coordinates":[40.941861,43.476817]}},{"type":"Feature","properties":{"id":"mount-1570","type":"mountain","longitude":40.756477,"latitude":43.843163,"elevation_m":2060,"name":""},"geometry":{"type":"Point","coordinates":[40.756477,43.843163]}},{"type":"Feature","properties":{"id":"mount-1571","type":"mountain","longitude":41.98598,"latitude":43.277112,"elevation_m":3071,"name":""},"geometry":{"type":"Point","coordinates":[41.98598,43.277112]}},{"type":"Feature","properties":{"id":"mount-1572","type":"mountain","longitude":40.765682,"latitude":43.779422,"elevation_m":2454,"name":""},"geometry":{"type":"Point","coordinates":[40.765682,43.779422]}},{"type":"Feature","properties":{"id":"mount-1573","type":"mountain","longitude":41.057035,"latitude":43.653466,"elevation_m":3179,"name":""},"geometry":{"type":"Point","coordinates":[41.057035,43.653466]}},{"type":"Feature","properties":{"id":"mount-1574","type":"mountain","longitude":41.225306,"latitude":43.717962,"elevation_m":2119,"name":""},"geometry":{"type":"Point","coordinates":[41.225306,43.717962]}},{"type":"Feature","properties":{"id":"mount-1575","type":"mountain","longitude":42.613682,"latitude":43.724211,"elevation_m":2003,"name":""},"geometry":{"type":"Point","coordinates":[42.613682,43.724211]}},{"type":"Feature","properties":{"id":"mount-1576","type":"mountain","longitude":42.148994,"latitude":43.387468,"elevation_m":3008,"name":""},"geometry":{"type":"Point","coordinates":[42.148994,43.387468]}},{"type":"Feature","properties":{"id":"mount-1577","type":"mountain","longitude":41.989295,"latitude":43.291568,"elevation_m":3040,"name":""},"geometry":{"type":"Point","coordinates":[41.989295,43.291568]}},{"type":"Feature","properties":{"id":"mount-1578","type":"mountain","longitude":42.10227,"latitude":43.543594,"elevation_m":2023,"name":""},"geometry":{"type":"Point","coordinates":[42.10227,43.543594]}},{"type":"Feature","properties":{"id":"mount-1579","type":"mountain","longitude":42.094781,"latitude":43.532784,"elevation_m":2104,"name":""},"geometry":{"type":"Point","coordinates":[42.094781,43.532784]}},{"type":"Feature","properties":{"id":"mount-1580","type":"mountain","longitude":43.19895,"latitude":43.316139,"elevation_m":2146,"name":""},"geometry":{"type":"Point","coordinates":[43.19895,43.316139]}},{"type":"Feature","properties":{"id":"mount-1581","type":"mountain","longitude":41.755246,"latitude":43.182156,"elevation_m":2763,"name":""},"geometry":{"type":"Point","coordinates":[41.755246,43.182156]}},{"type":"Feature","properties":{"id":"mount-1582","type":"mountain","longitude":40.78317,"latitude":43.808819,"elevation_m":2811,"name":""},"geometry":{"type":"Point","coordinates":[40.78317,43.808819]}},{"type":"Feature","properties":{"id":"mount-1583","type":"mountain","longitude":40.793234,"latitude":43.803585,"elevation_m":2580,"name":""},"geometry":{"type":"Point","coordinates":[40.793234,43.803585]}},{"type":"Feature","properties":{"id":"mount-1584","type":"mountain","longitude":41.22595,"latitude":43.48025,"elevation_m":2563,"name":""},"geometry":{"type":"Point","coordinates":[41.22595,43.48025]}},{"type":"Feature","properties":{"id":"mount-1585","type":"mountain","longitude":42.193176,"latitude":43.648327,"elevation_m":1980,"name":""},"geometry":{"type":"Point","coordinates":[42.193176,43.648327]}},{"type":"Feature","properties":{"id":"mount-1586","type":"mountain","longitude":42.777801,"latitude":43.503056,"elevation_m":2513,"name":""},"geometry":{"type":"Point","coordinates":[42.777801,43.503056]}},{"type":"Feature","properties":{"id":"mount-1587","type":"mountain","longitude":42.503099,"latitude":43.649173,"elevation_m":2272,"name":""},"geometry":{"type":"Point","coordinates":[42.503099,43.649173]}},{"type":"Feature","properties":{"id":"mount-1588","type":"mountain","longitude":41.227559,"latitude":43.441554,"elevation_m":3155,"name":""},"geometry":{"type":"Point","coordinates":[41.227559,43.441554]}},{"type":"Feature","properties":{"id":"mount-1589","type":"mountain","longitude":42.491437,"latitude":43.644639,"elevation_m":2302,"name":""},"geometry":{"type":"Point","coordinates":[42.491437,43.644639]}},{"type":"Feature","properties":{"id":"mount-1590","type":"mountain","longitude":42.052381,"latitude":43.480935,"elevation_m":2937,"name":""},"geometry":{"type":"Point","coordinates":[42.052381,43.480935]}},{"type":"Feature","properties":{"id":"mount-1591","type":"mountain","longitude":42.16291,"latitude":43.500285,"elevation_m":2278,"name":""},"geometry":{"type":"Point","coordinates":[42.16291,43.500285]}},{"type":"Feature","properties":{"id":"mount-1592","type":"mountain","longitude":41.70526,"latitude":43.365087,"elevation_m":1987,"name":""},"geometry":{"type":"Point","coordinates":[41.70526,43.365087]}},{"type":"Feature","properties":{"id":"mount-1593","type":"mountain","longitude":42.360578,"latitude":43.664014,"elevation_m":2380,"name":""},"geometry":{"type":"Point","coordinates":[42.360578,43.664014]}},{"type":"Feature","properties":{"id":"mount-1594","type":"mountain","longitude":42.598232,"latitude":43.67564,"elevation_m":2224,"name":""},"geometry":{"type":"Point","coordinates":[42.598232,43.67564]}},{"type":"Feature","properties":{"id":"mount-1595","type":"mountain","longitude":42.367219,"latitude":43.691545,"elevation_m":2342,"name":""},"geometry":{"type":"Point","coordinates":[42.367219,43.691545]}},{"type":"Feature","properties":{"id":"mount-1596","type":"mountain","longitude":41.553952,"latitude":43.226209,"elevation_m":2770,"name":""},"geometry":{"type":"Point","coordinates":[41.553952,43.226209]}},{"type":"Feature","properties":{"id":"mount-1597","type":"mountain","longitude":41.724143,"latitude":43.365087,"elevation_m":2814,"name":""},"geometry":{"type":"Point","coordinates":[41.724143,43.365087]}},{"type":"Feature","properties":{"id":"mount-1598","type":"mountain","longitude":40.997243,"latitude":43.829597,"elevation_m":2098,"name":""},"geometry":{"type":"Point","coordinates":[40.997243,43.829597]}},{"type":"Feature","properties":{"id":"mount-1599","type":"mountain","longitude":41.706955,"latitude":43.186295,"elevation_m":2709,"name":""},"geometry":{"type":"Point","coordinates":[41.706955,43.186295]}},{"type":"Feature","properties":{"id":"mount-1600","type":"mountain","longitude":41.132534,"latitude":43.620978,"elevation_m":2868,"name":""},"geometry":{"type":"Point","coordinates":[41.132534,43.620978]}},{"type":"Feature","properties":{"id":"mount-1601","type":"mountain","longitude":41.794374,"latitude":43.265745,"elevation_m":2557,"name":""},"geometry":{"type":"Point","coordinates":[41.794374,43.265745]}},{"type":"Feature","properties":{"id":"mount-1602","type":"mountain","longitude":41.71865,"latitude":43.189431,"elevation_m":2475,"name":""},"geometry":{"type":"Point","coordinates":[41.71865,43.189431]}},{"type":"Feature","properties":{"id":"mount-1603","type":"mountain","longitude":40.952547,"latitude":43.388513,"elevation_m":1821,"name":""},"geometry":{"type":"Point","coordinates":[40.952547,43.388513]}},{"type":"Feature","properties":{"id":"mount-1604","type":"mountain","longitude":40.972867,"latitude":43.653575,"elevation_m":2697,"name":""},"geometry":{"type":"Point","coordinates":[40.972867,43.653575]}},{"type":"Feature","properties":{"id":"mount-1605","type":"mountain","longitude":40.968447,"latitude":43.384739,"elevation_m":2007,"name":""},"geometry":{"type":"Point","coordinates":[40.968447,43.384739]}},{"type":"Feature","properties":{"id":"mount-1606","type":"mountain","longitude":40.964627,"latitude":43.664682,"elevation_m":2672,"name":""},"geometry":{"type":"Point","coordinates":[40.964627,43.664682]}},{"type":"Feature","properties":{"id":"mount-1607","type":"mountain","longitude":40.957128,"latitude":43.652395,"elevation_m":2528,"name":""},"geometry":{"type":"Point","coordinates":[40.957128,43.652395]}},{"type":"Feature","properties":{"id":"mount-1608","type":"mountain","longitude":40.990945,"latitude":43.683601,"elevation_m":2569,"name":""},"geometry":{"type":"Point","coordinates":[40.990945,43.683601]}},{"type":"Feature","properties":{"id":"mount-1609","type":"mountain","longitude":41.829157,"latitude":43.470814,"elevation_m":2599,"name":""},"geometry":{"type":"Point","coordinates":[41.829157,43.470814]}},{"type":"Feature","properties":{"id":"mount-1610","type":"mountain","longitude":41.979371,"latitude":43.495865,"elevation_m":3140,"name":""},"geometry":{"type":"Point","coordinates":[41.979371,43.495865]}},{"type":"Feature","properties":{"id":"mount-1611","type":"mountain","longitude":41.760299,"latitude":43.321509,"elevation_m":3135,"name":""},"geometry":{"type":"Point","coordinates":[41.760299,43.321509]}},{"type":"Feature","properties":{"id":"mount-1612","type":"mountain","longitude":40.975485,"latitude":43.683306,"elevation_m":3075,"name":""},"geometry":{"type":"Point","coordinates":[40.975485,43.683306]}},{"type":"Feature","properties":{"id":"mount-1613","type":"mountain","longitude":41.791821,"latitude":43.248454,"elevation_m":3114,"name":""},"geometry":{"type":"Point","coordinates":[41.791821,43.248454]}},{"type":"Feature","properties":{"id":"mount-1614","type":"mountain","longitude":40.931872,"latitude":43.674367,"elevation_m":2859,"name":""},"geometry":{"type":"Point","coordinates":[40.931872,43.674367]}},{"type":"Feature","properties":{"id":"mount-1615","type":"mountain","longitude":40.937237,"latitude":43.6809,"elevation_m":2937,"name":""},"geometry":{"type":"Point","coordinates":[40.937237,43.6809]}},{"type":"Feature","properties":{"id":"mount-1616","type":"mountain","longitude":40.997275,"latitude":43.653652,"elevation_m":2750,"name":""},"geometry":{"type":"Point","coordinates":[40.997275,43.653652]}},{"type":"Feature","properties":{"id":"mount-1617","type":"mountain","longitude":41.864605,"latitude":43.47955,"elevation_m":2814,"name":""},"geometry":{"type":"Point","coordinates":[41.864605,43.47955]}},{"type":"Feature","properties":{"id":"mount-1618","type":"mountain","longitude":41.684908,"latitude":43.447513,"elevation_m":2943,"name":""},"geometry":{"type":"Point","coordinates":[41.684908,43.447513]}},{"type":"Feature","properties":{"id":"mount-1619","type":"mountain","longitude":41.568629,"latitude":43.217492,"elevation_m":2835,"name":""},"geometry":{"type":"Point","coordinates":[41.568629,43.217492]}},{"type":"Feature","properties":{"id":"mount-1620","type":"mountain","longitude":41.898851,"latitude":43.210517,"elevation_m":2573,"name":""},"geometry":{"type":"Point","coordinates":[41.898851,43.210517]}},{"type":"Feature","properties":{"id":"mount-1621","type":"mountain","longitude":41.5027,"latitude":43.531135,"elevation_m":3043,"name":""},"geometry":{"type":"Point","coordinates":[41.5027,43.531135]}},{"type":"Feature","properties":{"id":"mount-1622","type":"mountain","longitude":41.89707,"latitude":43.473461,"elevation_m":3022,"name":""},"geometry":{"type":"Point","coordinates":[41.89707,43.473461]}},{"type":"Feature","properties":{"id":"mount-1623","type":"mountain","longitude":42.551143,"latitude":43.653854,"elevation_m":2211,"name":""},"geometry":{"type":"Point","coordinates":[42.551143,43.653854]}},{"type":"Feature","properties":{"id":"mount-1624","type":"mountain","longitude":41.525155,"latitude":43.430951,"elevation_m":3145,"name":""},"geometry":{"type":"Point","coordinates":[41.525155,43.430951]}},{"type":"Feature","properties":{"id":"mount-1625","type":"mountain","longitude":41.510532,"latitude":43.406887,"elevation_m":2812,"name":""},"geometry":{"type":"Point","coordinates":[41.510532,43.406887]}},{"type":"Feature","properties":{"id":"mount-1626","type":"mountain","longitude":41.533996,"latitude":43.461711,"elevation_m":2940,"name":""},"geometry":{"type":"Point","coordinates":[41.533996,43.461711]}},{"type":"Feature","properties":{"id":"mount-1627","type":"mountain","longitude":41.546366,"latitude":43.471165,"elevation_m":2824,"name":""},"geometry":{"type":"Point","coordinates":[41.546366,43.471165]}},{"type":"Feature","properties":{"id":"mount-1628","type":"mountain","longitude":41.900074,"latitude":43.160858,"elevation_m":2868,"name":""},"geometry":{"type":"Point","coordinates":[41.900074,43.160858]}},{"type":"Feature","properties":{"id":"mount-1629","type":"mountain","longitude":41.034611,"latitude":43.615479,"elevation_m":2790,"name":""},"geometry":{"type":"Point","coordinates":[41.034611,43.615479]}},{"type":"Feature","properties":{"id":"mount-1630","type":"mountain","longitude":42.051104,"latitude":43.223004,"elevation_m":3116,"name":""},"geometry":{"type":"Point","coordinates":[42.051104,43.223004]}},{"type":"Feature","properties":{"id":"mount-1631","type":"mountain","longitude":42.771825,"latitude":43.465558,"elevation_m":2698,"name":""},"geometry":{"type":"Point","coordinates":[42.771825,43.465558]}},{"type":"Feature","properties":{"id":"mount-1632","type":"mountain","longitude":41.526883,"latitude":43.630911,"elevation_m":2203,"name":""},"geometry":{"type":"Point","coordinates":[41.526883,43.630911]}},{"type":"Feature","properties":{"id":"mount-1633","type":"mountain","longitude":40.860804,"latitude":43.835951,"elevation_m":1962,"name":""},"geometry":{"type":"Point","coordinates":[40.860804,43.835951]}},{"type":"Feature","properties":{"id":"mount-1634","type":"mountain","longitude":40.877842,"latitude":43.840656,"elevation_m":2028,"name":""},"geometry":{"type":"Point","coordinates":[40.877842,43.840656]}},{"type":"Feature","properties":{"id":"mount-1635","type":"mountain","longitude":41.453851,"latitude":43.510518,"elevation_m":2649,"name":""},"geometry":{"type":"Point","coordinates":[41.453851,43.510518]}},{"type":"Feature","properties":{"id":"mount-1636","type":"mountain","longitude":40.794221,"latitude":43.837499,"elevation_m":2065,"name":""},"geometry":{"type":"Point","coordinates":[40.794221,43.837499]}},{"type":"Feature","properties":{"id":"mount-1637","type":"mountain","longitude":41.477047,"latitude":43.483979,"elevation_m":2739,"name":""},"geometry":{"type":"Point","coordinates":[41.477047,43.483979]}},{"type":"Feature","properties":{"id":"mount-1638","type":"mountain","longitude":41.920706,"latitude":43.203674,"elevation_m":2735,"name":""},"geometry":{"type":"Point","coordinates":[41.920706,43.203674]}},{"type":"Feature","properties":{"id":"mount-1639","type":"mountain","longitude":40.817116,"latitude":43.530964,"elevation_m":2766,"name":""},"geometry":{"type":"Point","coordinates":[40.817116,43.530964]}},{"type":"Feature","properties":{"id":"mount-1640","type":"mountain","longitude":40.806667,"latitude":43.543548,"elevation_m":2725,"name":""},"geometry":{"type":"Point","coordinates":[40.806667,43.543548]}},{"type":"Feature","properties":{"id":"mount-1641","type":"mountain","longitude":41.912423,"latitude":43.54382,"elevation_m":2284,"name":""},"geometry":{"type":"Point","coordinates":[41.912423,43.54382]}},{"type":"Feature","properties":{"id":"mount-1642","type":"mountain","longitude":40.798877,"latitude":43.535693,"elevation_m":2868,"name":""},"geometry":{"type":"Point","coordinates":[40.798877,43.535693]}},{"type":"Feature","properties":{"id":"mount-1643","type":"mountain","longitude":41.928742,"latitude":43.602747,"elevation_m":1955,"name":""},"geometry":{"type":"Point","coordinates":[41.928742,43.602747]}},{"type":"Feature","properties":{"id":"mount-1644","type":"mountain","longitude":40.801077,"latitude":43.547452,"elevation_m":2792,"name":""},"geometry":{"type":"Point","coordinates":[40.801077,43.547452]}},{"type":"Feature","properties":{"id":"mount-1645","type":"mountain","longitude":43.374882,"latitude":43.210446,"elevation_m":3174,"name":""},"geometry":{"type":"Point","coordinates":[43.374882,43.210446]}},{"type":"Feature","properties":{"id":"mount-1646","type":"mountain","longitude":40.821601,"latitude":43.515467,"elevation_m":2473,"name":""},"geometry":{"type":"Point","coordinates":[40.821601,43.515467]}},{"type":"Feature","properties":{"id":"mount-1647","type":"mountain","longitude":42.552098,"latitude":43.775324,"elevation_m":2111,"name":""},"geometry":{"type":"Point","coordinates":[42.552098,43.775324]}},{"type":"Feature","properties":{"id":"mount-1648","type":"mountain","longitude":41.349728,"latitude":43.356007,"elevation_m":3111,"name":""},"geometry":{"type":"Point","coordinates":[41.349728,43.356007]}},{"type":"Feature","properties":{"id":"mount-1649","type":"mountain","longitude":42.50737,"latitude":43.620489,"elevation_m":2197,"name":""},"geometry":{"type":"Point","coordinates":[42.50737,43.620489]}},{"type":"Feature","properties":{"id":"mount-1650","type":"mountain","longitude":42.488616,"latitude":43.622477,"elevation_m":2301,"name":""},"geometry":{"type":"Point","coordinates":[42.488616,43.622477]}},{"type":"Feature","properties":{"id":"mount-1651","type":"mountain","longitude":42.341448,"latitude":43.622718,"elevation_m":2065,"name":""},"geometry":{"type":"Point","coordinates":[42.341448,43.622718]}},{"type":"Feature","properties":{"id":"mount-1652","type":"mountain","longitude":42.528784,"latitude":43.643381,"elevation_m":2203,"name":""},"geometry":{"type":"Point","coordinates":[42.528784,43.643381]}},{"type":"Feature","properties":{"id":"mount-1653","type":"mountain","longitude":42.480462,"latitude":43.614803,"elevation_m":2329,"name":""},"geometry":{"type":"Point","coordinates":[42.480462,43.614803]}},{"type":"Feature","properties":{"id":"mount-1654","type":"mountain","longitude":41.534135,"latitude":43.365149,"elevation_m":3101,"name":""},"geometry":{"type":"Point","coordinates":[41.534135,43.365149]}},{"type":"Feature","properties":{"id":"mount-1655","type":"mountain","longitude":41.588402,"latitude":43.318137,"elevation_m":3050,"name":""},"geometry":{"type":"Point","coordinates":[41.588402,43.318137]}},{"type":"Feature","properties":{"id":"mount-1656","type":"mountain","longitude":43.000402,"latitude":43.49957,"elevation_m":2695,"name":""},"geometry":{"type":"Point","coordinates":[43.000402,43.49957]}},{"type":"Feature","properties":{"id":"mount-1657","type":"mountain","longitude":42.606976,"latitude":43.505842,"elevation_m":2450,"name":""},"geometry":{"type":"Point","coordinates":[42.606976,43.505842]}},{"type":"Feature","properties":{"id":"mount-1658","type":"mountain","longitude":42.741548,"latitude":43.627487,"elevation_m":2441,"name":""},"geometry":{"type":"Point","coordinates":[42.741548,43.627487]}},{"type":"Feature","properties":{"id":"mount-1659","type":"mountain","longitude":41.607778,"latitude":43.308582,"elevation_m":2679,"name":""},"geometry":{"type":"Point","coordinates":[41.607778,43.308582]}},{"type":"Feature","properties":{"id":"mount-1660","type":"mountain","longitude":42.514322,"latitude":43.549792,"elevation_m":2443,"name":""},"geometry":{"type":"Point","coordinates":[42.514322,43.549792]}},{"type":"Feature","properties":{"id":"mount-1661","type":"mountain","longitude":41.574658,"latitude":43.346583,"elevation_m":3149,"name":""},"geometry":{"type":"Point","coordinates":[41.574658,43.346583]}},{"type":"Feature","properties":{"id":"mount-1662","type":"mountain","longitude":41.878767,"latitude":43.21506,"elevation_m":2800,"name":""},"geometry":{"type":"Point","coordinates":[41.878767,43.21506]}},{"type":"Feature","properties":{"id":"mount-1663","type":"mountain","longitude":41.0736,"latitude":43.673374,"elevation_m":2681,"name":""},"geometry":{"type":"Point","coordinates":[41.0736,43.673374]}},{"type":"Feature","properties":{"id":"mount-1664","type":"mountain","longitude":42.529836,"latitude":43.632899,"elevation_m":2209,"name":""},"geometry":{"type":"Point","coordinates":[42.529836,43.632899]}},{"type":"Feature","properties":{"id":"mount-1665","type":"mountain","longitude":42.309852,"latitude":43.682499,"elevation_m":2248,"name":""},"geometry":{"type":"Point","coordinates":[42.309852,43.682499]}},{"type":"Feature","properties":{"id":"mount-1666","type":"mountain","longitude":42.205364,"latitude":43.660498,"elevation_m":2060,"name":""},"geometry":{"type":"Point","coordinates":[42.205364,43.660498]}},{"type":"Feature","properties":{"id":"mount-1667","type":"mountain","longitude":42.206136,"latitude":43.754218,"elevation_m":2055,"name":""},"geometry":{"type":"Point","coordinates":[42.206136,43.754218]}},{"type":"Feature","properties":{"id":"mount-1668","type":"mountain","longitude":41.844682,"latitude":43.282173,"elevation_m":2911,"name":""},"geometry":{"type":"Point","coordinates":[41.844682,43.282173]}},{"type":"Feature","properties":{"id":"mount-1669","type":"mountain","longitude":42.057134,"latitude":43.593221,"elevation_m":2050,"name":""},"geometry":{"type":"Point","coordinates":[42.057134,43.593221]}},{"type":"Feature","properties":{"id":"mount-1670","type":"mountain","longitude":42.06664,"latitude":43.604782,"elevation_m":1995,"name":""},"geometry":{"type":"Point","coordinates":[42.06664,43.604782]}},{"type":"Feature","properties":{"id":"mount-1671","type":"mountain","longitude":42.064816,"latitude":43.600012,"elevation_m":1945,"name":""},"geometry":{"type":"Point","coordinates":[42.064816,43.600012]}},{"type":"Feature","properties":{"id":"mount-1672","type":"mountain","longitude":42.065052,"latitude":43.614803,"elevation_m":1986,"name":""},"geometry":{"type":"Point","coordinates":[42.065052,43.614803]}},{"type":"Feature","properties":{"id":"mount-1673","type":"mountain","longitude":42.053078,"latitude":43.608783,"elevation_m":1952,"name":""},"geometry":{"type":"Point","coordinates":[42.053078,43.608783]}},{"type":"Feature","properties":{"id":"mount-1674","type":"mountain","longitude":41.927691,"latitude":43.578339,"elevation_m":1919,"name":""},"geometry":{"type":"Point","coordinates":[41.927691,43.578339]}},{"type":"Feature","properties":{"id":"mount-1675","type":"mountain","longitude":42.063432,"latitude":43.623767,"elevation_m":1849,"name":""},"geometry":{"type":"Point","coordinates":[42.063432,43.623767]}},{"type":"Feature","properties":{"id":"mount-1676","type":"mountain","longitude":42.188498,"latitude":43.639756,"elevation_m":1938,"name":""},"geometry":{"type":"Point","coordinates":[42.188498,43.639756]}},{"type":"Feature","properties":{"id":"mount-1677","type":"mountain","longitude":42.557108,"latitude":43.640936,"elevation_m":2149,"name":""},"geometry":{"type":"Point","coordinates":[42.557108,43.640936]}},{"type":"Feature","properties":{"id":"mount-1678","type":"mountain","longitude":42.16262,"latitude":43.634258,"elevation_m":1814,"name":""},"geometry":{"type":"Point","coordinates":[42.16262,43.634258]}},{"type":"Feature","properties":{"id":"mount-1679","type":"mountain","longitude":42.17528,"latitude":43.639072,"elevation_m":1867,"name":""},"geometry":{"type":"Point","coordinates":[42.17528,43.639072]}},{"type":"Feature","properties":{"id":"mount-1680","type":"mountain","longitude":42.51797,"latitude":43.641937,"elevation_m":2274,"name":""},"geometry":{"type":"Point","coordinates":[42.51797,43.641937]}},{"type":"Feature","properties":{"id":"mount-1681","type":"mountain","longitude":42.538204,"latitude":43.602646,"elevation_m":2348,"name":""},"geometry":{"type":"Point","coordinates":[42.538204,43.602646]}},{"type":"Feature","properties":{"id":"mount-1682","type":"mountain","longitude":42.517776,"latitude":43.602871,"elevation_m":2307,"name":""},"geometry":{"type":"Point","coordinates":[42.517776,43.602871]}},{"type":"Feature","properties":{"id":"mount-1683","type":"mountain","longitude":42.538762,"latitude":43.56853,"elevation_m":2149,"name":""},"geometry":{"type":"Point","coordinates":[42.538762,43.56853]}},{"type":"Feature","properties":{"id":"mount-1684","type":"mountain","longitude":42.139939,"latitude":43.327504,"elevation_m":3026,"name":""},"geometry":{"type":"Point","coordinates":[42.139939,43.327504]}},{"type":"Feature","properties":{"id":"mount-1685","type":"mountain","longitude":42.077358,"latitude":43.400293,"elevation_m":3123,"name":""},"geometry":{"type":"Point","coordinates":[42.077358,43.400293]}},{"type":"Feature","properties":{"id":"mount-1686","type":"mountain","longitude":42.145818,"latitude":43.337695,"elevation_m":2638,"name":""},"geometry":{"type":"Point","coordinates":[42.145818,43.337695]}},{"type":"Feature","properties":{"id":"mount-1687","type":"mountain","longitude":42.822819,"latitude":43.457677,"elevation_m":2617,"name":""},"geometry":{"type":"Point","coordinates":[42.822819,43.457677]}},{"type":"Feature","properties":{"id":"mount-1688","type":"mountain","longitude":42.784925,"latitude":43.463004,"elevation_m":2658,"name":""},"geometry":{"type":"Point","coordinates":[42.784925,43.463004]}},{"type":"Feature","properties":{"id":"mount-1689","type":"mountain","longitude":42.56891,"latitude":43.550578,"elevation_m":2349,"name":""},"geometry":{"type":"Point","coordinates":[42.56891,43.550578]}},{"type":"Feature","properties":{"id":"mount-1690","type":"mountain","longitude":42.803013,"latitude":43.498675,"elevation_m":2279,"name":""},"geometry":{"type":"Point","coordinates":[42.803013,43.498675]}},{"type":"Feature","properties":{"id":"mount-1691","type":"mountain","longitude":40.818737,"latitude":43.758449,"elevation_m":1984,"name":""},"geometry":{"type":"Point","coordinates":[40.818737,43.758449]}},{"type":"Feature","properties":{"id":"mount-1692","type":"mountain","longitude":42.56846,"latitude":43.424663,"elevation_m":3127,"name":""},"geometry":{"type":"Point","coordinates":[42.56846,43.424663]}},{"type":"Feature","properties":{"id":"mount-1693","type":"mountain","longitude":40.809145,"latitude":43.755845,"elevation_m":1850,"name":""},"geometry":{"type":"Point","coordinates":[40.809145,43.755845]}},{"type":"Feature","properties":{"id":"mount-1694","type":"mountain","longitude":40.936196,"latitude":43.710393,"elevation_m":2778,"name":""},"geometry":{"type":"Point","coordinates":[40.936196,43.710393]}},{"type":"Feature","properties":{"id":"mount-1695","type":"mountain","longitude":42.301794,"latitude":43.49992,"elevation_m":2182,"name":""},"geometry":{"type":"Point","coordinates":[42.301794,43.49992]}},{"type":"Feature","properties":{"id":"mount-1696","type":"mountain","longitude":42.245221,"latitude":43.477938,"elevation_m":2264,"name":""},"geometry":{"type":"Point","coordinates":[42.245221,43.477938]}},{"type":"Feature","properties":{"id":"mount-1697","type":"mountain","longitude":42.460613,"latitude":43.621903,"elevation_m":2363,"name":""},"geometry":{"type":"Point","coordinates":[42.460613,43.621903]}},{"type":"Feature","properties":{"id":"mount-1698","type":"mountain","longitude":41.33828,"latitude":43.525176,"elevation_m":2876,"name":""},"geometry":{"type":"Point","coordinates":[41.33828,43.525176]}},{"type":"Feature","properties":{"id":"mount-1699","type":"mountain","longitude":42.299273,"latitude":43.513405,"elevation_m":1958,"name":""},"geometry":{"type":"Point","coordinates":[42.299273,43.513405]}},{"type":"Feature","properties":{"id":"mount-1700","type":"mountain","longitude":42.445357,"latitude":43.593112,"elevation_m":2277,"name":""},"geometry":{"type":"Point","coordinates":[42.445357,43.593112]}},{"type":"Feature","properties":{"id":"mount-1701","type":"mountain","longitude":42.54315,"latitude":43.508028,"elevation_m":2281,"name":""},"geometry":{"type":"Point","coordinates":[42.54315,43.508028]}},{"type":"Feature","properties":{"id":"mount-1702","type":"mountain","longitude":42.537453,"latitude":43.530512,"elevation_m":2264,"name":""},"geometry":{"type":"Point","coordinates":[42.537453,43.530512]}},{"type":"Feature","properties":{"id":"mount-1703","type":"mountain","longitude":42.435937,"latitude":43.602366,"elevation_m":2267,"name":""},"geometry":{"type":"Point","coordinates":[42.435937,43.602366]}},{"type":"Feature","properties":{"id":"mount-1704","type":"mountain","longitude":42.398483,"latitude":43.572502,"elevation_m":2293,"name":""},"geometry":{"type":"Point","coordinates":[42.398483,43.572502]}},{"type":"Feature","properties":{"id":"mount-1705","type":"mountain","longitude":42.449884,"latitude":43.566524,"elevation_m":2288,"name":""},"geometry":{"type":"Point","coordinates":[42.449884,43.566524]}},{"type":"Feature","properties":{"id":"mount-1706","type":"mountain","longitude":42.405725,"latitude":43.581502,"elevation_m":2295,"name":""},"geometry":{"type":"Point","coordinates":[42.405725,43.581502]}},{"type":"Feature","properties":{"id":"mount-1707","type":"mountain","longitude":42.556121,"latitude":43.500885,"elevation_m":2299,"name":""},"geometry":{"type":"Point","coordinates":[42.556121,43.500885]}},{"type":"Feature","properties":{"id":"mount-1708","type":"mountain","longitude":41.139432,"latitude":43.378805,"elevation_m":2586,"name":""},"geometry":{"type":"Point","coordinates":[41.139432,43.378805]}},{"type":"Feature","properties":{"id":"mount-1709","type":"mountain","longitude":42.469679,"latitude":43.58765,"elevation_m":2302,"name":""},"geometry":{"type":"Point","coordinates":[42.469679,43.58765]}},{"type":"Feature","properties":{"id":"mount-1710","type":"mountain","longitude":42.47278,"latitude":43.601791,"elevation_m":2319,"name":""},"geometry":{"type":"Point","coordinates":[42.47278,43.601791]}},{"type":"Feature","properties":{"id":"mount-1711","type":"mountain","longitude":42.545425,"latitude":43.533608,"elevation_m":2313,"name":""},"geometry":{"type":"Point","coordinates":[42.545425,43.533608]}},{"type":"Feature","properties":{"id":"mount-1712","type":"mountain","longitude":42.477994,"latitude":43.573201,"elevation_m":2310,"name":""},"geometry":{"type":"Point","coordinates":[42.477994,43.573201]}},{"type":"Feature","properties":{"id":"mount-1713","type":"mountain","longitude":42.530887,"latitude":43.506161,"elevation_m":2338,"name":""},"geometry":{"type":"Point","coordinates":[42.530887,43.506161]}},{"type":"Feature","properties":{"id":"mount-1714","type":"mountain","longitude":42.457985,"latitude":43.597945,"elevation_m":2329,"name":""},"geometry":{"type":"Point","coordinates":[42.457985,43.597945]}},{"type":"Feature","properties":{"id":"mount-1715","type":"mountain","longitude":42.846615,"latitude":43.453301,"elevation_m":2346,"name":""},"geometry":{"type":"Point","coordinates":[42.846615,43.453301]}},{"type":"Feature","properties":{"id":"mount-1716","type":"mountain","longitude":42.543257,"latitude":43.522383,"elevation_m":2347,"name":""},"geometry":{"type":"Point","coordinates":[42.543257,43.522383]}},{"type":"Feature","properties":{"id":"mount-1717","type":"mountain","longitude":42.555789,"latitude":43.527837,"elevation_m":2377,"name":""},"geometry":{"type":"Point","coordinates":[42.555789,43.527837]}},{"type":"Feature","properties":{"id":"mount-1718","type":"mountain","longitude":42.402989,"latitude":43.5484,"elevation_m":2143,"name":""},"geometry":{"type":"Point","coordinates":[42.402989,43.5484]}},{"type":"Feature","properties":{"id":"mount-1719","type":"mountain","longitude":42.405982,"latitude":43.555126,"elevation_m":2203,"name":""},"geometry":{"type":"Point","coordinates":[42.405982,43.555126]}},{"type":"Feature","properties":{"id":"mount-1720","type":"mountain","longitude":42.420745,"latitude":43.592234,"elevation_m":2228,"name":""},"geometry":{"type":"Point","coordinates":[42.420745,43.592234]}},{"type":"Feature","properties":{"id":"mount-1721","type":"mountain","longitude":42.413621,"latitude":43.60183,"elevation_m":2201,"name":""},"geometry":{"type":"Point","coordinates":[42.413621,43.60183]}},{"type":"Feature","properties":{"id":"mount-1722","type":"mountain","longitude":42.437986,"latitude":43.58573,"elevation_m":2242,"name":""},"geometry":{"type":"Point","coordinates":[42.437986,43.58573]}},{"type":"Feature","properties":{"id":"mount-1723","type":"mountain","longitude":42.53063,"latitude":43.51444,"elevation_m":2238,"name":""},"geometry":{"type":"Point","coordinates":[42.53063,43.51444]}},{"type":"Feature","properties":{"id":"mount-1724","type":"mountain","longitude":41.85452,"latitude":43.256237,"elevation_m":3014,"name":""},"geometry":{"type":"Point","coordinates":[41.85452,43.256237]}},{"type":"Feature","properties":{"id":"mount-1725","type":"mountain","longitude":42.450464,"latitude":43.553556,"elevation_m":2389,"name":""},"geometry":{"type":"Point","coordinates":[42.450464,43.553556]}},{"type":"Feature","properties":{"id":"mount-1726","type":"mountain","longitude":42.429596,"latitude":43.552763,"elevation_m":2384,"name":""},"geometry":{"type":"Point","coordinates":[42.429596,43.552763]}},{"type":"Feature","properties":{"id":"mount-1727","type":"mountain","longitude":42.467362,"latitude":43.555041,"elevation_m":2399,"name":""},"geometry":{"type":"Point","coordinates":[42.467362,43.555041]}},{"type":"Feature","properties":{"id":"mount-1728","type":"mountain","longitude":42.510728,"latitude":43.458573,"elevation_m":2506,"name":""},"geometry":{"type":"Point","coordinates":[42.510728,43.458573]}},{"type":"Feature","properties":{"id":"mount-1729","type":"mountain","longitude":41.899495,"latitude":43.231728,"elevation_m":3108,"name":""},"geometry":{"type":"Point","coordinates":[41.899495,43.231728]}},{"type":"Feature","properties":{"id":"mount-1730","type":"mountain","longitude":41.287994,"latitude":43.337001,"elevation_m":3043,"name":""},"geometry":{"type":"Point","coordinates":[41.287994,43.337001]}},{"type":"Feature","properties":{"id":"mount-1731","type":"mountain","longitude":40.751756,"latitude":43.567589,"elevation_m":2692,"name":""},"geometry":{"type":"Point","coordinates":[40.751756,43.567589]}},{"type":"Feature","properties":{"id":"mount-1732","type":"mountain","longitude":40.768912,"latitude":43.742166,"elevation_m":2911,"name":""},"geometry":{"type":"Point","coordinates":[40.768912,43.742166]}},{"type":"Feature","properties":{"id":"mount-1733","type":"mountain","longitude":40.969584,"latitude":43.662998,"elevation_m":2849,"name":""},"geometry":{"type":"Point","coordinates":[40.969584,43.662998]}},{"type":"Feature","properties":{"id":"mount-1734","type":"mountain","longitude":41.141814,"latitude":43.403107,"elevation_m":2987,"name":""},"geometry":{"type":"Point","coordinates":[41.141814,43.403107]}},{"type":"Feature","properties":{"id":"mount-1735","type":"mountain","longitude":41.610943,"latitude":43.48201,"elevation_m":2940,"name":""},"geometry":{"type":"Point","coordinates":[41.610943,43.48201]}},{"type":"Feature","properties":{"id":"mount-1736","type":"mountain","longitude":42.110145,"latitude":43.569563,"elevation_m":2051,"name":""},"geometry":{"type":"Point","coordinates":[42.110145,43.569563]}},{"type":"Feature","properties":{"id":"mount-1737","type":"mountain","longitude":41.774279,"latitude":43.620551,"elevation_m":2358,"name":""},"geometry":{"type":"Point","coordinates":[41.774279,43.620551]}},{"type":"Feature","properties":{"id":"mount-1738","type":"mountain","longitude":42.175108,"latitude":43.528537,"elevation_m":2035,"name":""},"geometry":{"type":"Point","coordinates":[42.175108,43.528537]}},{"type":"Feature","properties":{"id":"mount-1739","type":"mountain","longitude":41.890923,"latitude":43.528,"elevation_m":2818,"name":""},"geometry":{"type":"Point","coordinates":[41.890923,43.528]}},{"type":"Feature","properties":{"id":"mount-1740","type":"mountain","longitude":41.947056,"latitude":43.553307,"elevation_m":2062,"name":""},"geometry":{"type":"Point","coordinates":[41.947056,43.553307]}},{"type":"Feature","properties":{"id":"mount-1741","type":"mountain","longitude":41.36801,"latitude":43.649693,"elevation_m":2167,"name":""},"geometry":{"type":"Point","coordinates":[41.36801,43.649693]}},{"type":"Feature","properties":{"id":"mount-1742","type":"mountain","longitude":40.776497,"latitude":43.598505,"elevation_m":2602,"name":""},"geometry":{"type":"Point","coordinates":[40.776497,43.598505]}},{"type":"Feature","properties":{"id":"mount-1743","type":"mountain","longitude":42.454069,"latitude":43.686999,"elevation_m":2629,"name":""},"geometry":{"type":"Point","coordinates":[42.454069,43.686999]}},{"type":"Feature","properties":{"id":"mount-1744","type":"mountain","longitude":40.868733,"latitude":43.510231,"elevation_m":2033,"name":""},"geometry":{"type":"Point","coordinates":[40.868733,43.510231]}},{"type":"Feature","properties":{"id":"mount-1745","type":"mountain","longitude":41.988684,"latitude":43.523037,"elevation_m":2314,"name":""},"geometry":{"type":"Point","coordinates":[41.988684,43.523037]}},{"type":"Feature","properties":{"id":"mount-1746","type":"mountain","longitude":40.861716,"latitude":43.544084,"elevation_m":1997,"name":""},"geometry":{"type":"Point","coordinates":[40.861716,43.544084]}},{"type":"Feature","properties":{"id":"mount-1747","type":"mountain","longitude":41.948118,"latitude":43.524997,"elevation_m":2334,"name":""},"geometry":{"type":"Point","coordinates":[41.948118,43.524997]}},{"type":"Feature","properties":{"id":"mount-1748","type":"mountain","longitude":41.521196,"latitude":43.518283,"elevation_m":2537,"name":""},"geometry":{"type":"Point","coordinates":[41.521196,43.518283]}},{"type":"Feature","properties":{"id":"mount-1749","type":"mountain","longitude":41.860925,"latitude":43.511172,"elevation_m":2710,"name":""},"geometry":{"type":"Point","coordinates":[41.860925,43.511172]}},{"type":"Feature","properties":{"id":"mount-1750","type":"mountain","longitude":41.603401,"latitude":43.505297,"elevation_m":2878,"name":""},"geometry":{"type":"Point","coordinates":[41.603401,43.505297]}},{"type":"Feature","properties":{"id":"mount-1751","type":"mountain","longitude":41.974865,"latitude":43.505834,"elevation_m":3019,"name":""},"geometry":{"type":"Point","coordinates":[41.974865,43.505834]}},{"type":"Feature","properties":{"id":"mount-1752","type":"mountain","longitude":41.491209,"latitude":43.532029,"elevation_m":3023,"name":""},"geometry":{"type":"Point","coordinates":[41.491209,43.532029]}},{"type":"Feature","properties":{"id":"mount-1753","type":"mountain","longitude":41.627154,"latitude":43.532473,"elevation_m":3025,"name":""},"geometry":{"type":"Point","coordinates":[41.627154,43.532473]}},{"type":"Feature","properties":{"id":"mount-1754","type":"mountain","longitude":40.969273,"latitude":43.446524,"elevation_m":2617,"name":""},"geometry":{"type":"Point","coordinates":[40.969273,43.446524]}},{"type":"Feature","properties":{"id":"mount-1755","type":"mountain","longitude":40.932537,"latitude":43.461735,"elevation_m":2835,"name":""},"geometry":{"type":"Point","coordinates":[40.932537,43.461735]}},{"type":"Feature","properties":{"id":"mount-1756","type":"mountain","longitude":40.908773,"latitude":43.441064,"elevation_m":2369,"name":""},"geometry":{"type":"Point","coordinates":[40.908773,43.441064]}},{"type":"Feature","properties":{"id":"mount-1757","type":"mountain","longitude":40.916508,"latitude":43.465473,"elevation_m":2366,"name":""},"geometry":{"type":"Point","coordinates":[40.916508,43.465473]}},{"type":"Feature","properties":{"id":"mount-1758","type":"mountain","longitude":40.858991,"latitude":43.458752,"elevation_m":2245,"name":""},"geometry":{"type":"Point","coordinates":[40.858991,43.458752]}},{"type":"Feature","properties":{"id":"mount-1759","type":"mountain","longitude":40.89327,"latitude":43.435657,"elevation_m":2179,"name":""},"geometry":{"type":"Point","coordinates":[40.89327,43.435657]}},{"type":"Feature","properties":{"id":"mount-1760","type":"mountain","longitude":40.909728,"latitude":43.524367,"elevation_m":2599,"name":""},"geometry":{"type":"Point","coordinates":[40.909728,43.524367]}},{"type":"Feature","properties":{"id":"mount-1761","type":"mountain","longitude":40.873067,"latitude":43.488805,"elevation_m":2538,"name":""},"geometry":{"type":"Point","coordinates":[40.873067,43.488805]}},{"type":"Feature","properties":{"id":"mount-1762","type":"mountain","longitude":40.938449,"latitude":43.505134,"elevation_m":2495,"name":""},"geometry":{"type":"Point","coordinates":[40.938449,43.505134]}},{"type":"Feature","properties":{"id":"mount-1763","type":"mountain","longitude":40.884665,"latitude":43.460715,"elevation_m":2381,"name":""},"geometry":{"type":"Point","coordinates":[40.884665,43.460715]}},{"type":"Feature","properties":{"id":"mount-1764","type":"mountain","longitude":43.24385,"latitude":42.968883,"elevation_m":2970,"name":""},"geometry":{"type":"Point","coordinates":[43.24385,42.968883]}},{"type":"Feature","properties":{"id":"mount-1765","type":"mountain","longitude":41.915063,"latitude":43.613374,"elevation_m":2022,"name":""},"geometry":{"type":"Point","coordinates":[41.915063,43.613374]}},{"type":"Feature","properties":{"id":"mount-1766","type":"mountain","longitude":42.197027,"latitude":43.563041,"elevation_m":2075,"name":""},"geometry":{"type":"Point","coordinates":[42.197027,43.563041]}},{"type":"Feature","properties":{"id":"mount-1767","type":"mountain","longitude":42.565134,"latitude":43.540437,"elevation_m":2371,"name":""},"geometry":{"type":"Point","coordinates":[42.565134,43.540437]}},{"type":"Feature","properties":{"id":"mount-1768","type":"mountain","longitude":41.863618,"latitude":43.210149,"elevation_m":2928,"name":""},"geometry":{"type":"Point","coordinates":[41.863618,43.210149]}},{"type":"Feature","properties":{"id":"mount-1769","type":"mountain","longitude":42.384503,"latitude":43.45911,"elevation_m":3192,"name":""},"geometry":{"type":"Point","coordinates":[42.384503,43.45911]}},{"type":"Feature","properties":{"id":"mount-1770","type":"mountain","longitude":41.374898,"latitude":43.658868,"elevation_m":1936,"name":""},"geometry":{"type":"Point","coordinates":[41.374898,43.658868]}},{"type":"Feature","properties":{"id":"mount-1771","type":"mountain","longitude":41.368278,"latitude":43.492308,"elevation_m":2790,"name":""},"geometry":{"type":"Point","coordinates":[41.368278,43.492308]}},{"type":"Feature","properties":{"id":"mount-1772","type":"mountain","longitude":40.897411,"latitude":43.591605,"elevation_m":1997,"name":""},"geometry":{"type":"Point","coordinates":[40.897411,43.591605]}},{"type":"Feature","properties":{"id":"mount-1773","type":"mountain","longitude":42.474518,"latitude":43.476638,"elevation_m":2653,"name":""},"geometry":{"type":"Point","coordinates":[42.474518,43.476638]}},{"type":"Feature","properties":{"id":"mount-1774","type":"mountain","longitude":42.422376,"latitude":43.477736,"elevation_m":2839,"name":""},"geometry":{"type":"Point","coordinates":[42.422376,43.477736]}},{"type":"Feature","properties":{"id":"mount-1775","type":"mountain","longitude":42.338272,"latitude":43.485528,"elevation_m":2635,"name":""},"geometry":{"type":"Point","coordinates":[42.338272,43.485528]}},{"type":"Feature","properties":{"id":"mount-1776","type":"mountain","longitude":42.357337,"latitude":43.573582,"elevation_m":2175,"name":""},"geometry":{"type":"Point","coordinates":[42.357337,43.573582]}},{"type":"Feature","properties":{"id":"mount-1777","type":"mountain","longitude":42.293565,"latitude":43.565094,"elevation_m":2234,"name":""},"geometry":{"type":"Point","coordinates":[42.293565,43.565094]}},{"type":"Feature","properties":{"id":"mount-1778","type":"mountain","longitude":42.273846,"latitude":43.572183,"elevation_m":2240,"name":""},"geometry":{"type":"Point","coordinates":[42.273846,43.572183]}},{"type":"Feature","properties":{"id":"mount-1779","type":"mountain","longitude":42.33573,"latitude":43.549761,"elevation_m":2132,"name":""},"geometry":{"type":"Point","coordinates":[42.33573,43.549761]}},{"type":"Feature","properties":{"id":"mount-1780","type":"mountain","longitude":42.416593,"latitude":43.471336,"elevation_m":2904,"name":""},"geometry":{"type":"Point","coordinates":[42.416593,43.471336]}},{"type":"Feature","properties":{"id":"mount-1781","type":"mountain","longitude":42.320065,"latitude":43.344102,"elevation_m":3198,"name":""},"geometry":{"type":"Point","coordinates":[42.320065,43.344102]}},{"type":"Feature","properties":{"id":"mount-1782","type":"mountain","longitude":42.348701,"latitude":43.508877,"elevation_m":2104,"name":""},"geometry":{"type":"Point","coordinates":[42.348701,43.508877]}},{"type":"Feature","properties":{"id":"mount-1783","type":"mountain","longitude":42.336266,"latitude":43.512759,"elevation_m":2178,"name":""},"geometry":{"type":"Point","coordinates":[42.336266,43.512759]}},{"type":"Feature","properties":{"id":"mount-1784","type":"mountain","longitude":42.422612,"latitude":43.520757,"elevation_m":2236,"name":""},"geometry":{"type":"Point","coordinates":[42.422612,43.520757]}},{"type":"Feature","properties":{"id":"mount-1785","type":"mountain","longitude":42.32175,"latitude":43.541658,"elevation_m":2055,"name":""},"geometry":{"type":"Point","coordinates":[42.32175,43.541658]}},{"type":"Feature","properties":{"id":"mount-1786","type":"mountain","longitude":42.339753,"latitude":43.530691,"elevation_m":1955,"name":""},"geometry":{"type":"Point","coordinates":[42.339753,43.530691]}},{"type":"Feature","properties":{"id":"mount-1787","type":"mountain","longitude":42.222798,"latitude":43.564977,"elevation_m":2103,"name":""},"geometry":{"type":"Point","coordinates":[42.222798,43.564977]}},{"type":"Feature","properties":{"id":"mount-1788","type":"mountain","longitude":42.319669,"latitude":43.520034,"elevation_m":2007,"name":""},"geometry":{"type":"Point","coordinates":[42.319669,43.520034]}},{"type":"Feature","properties":{"id":"mount-1789","type":"mountain","longitude":42.348679,"latitude":43.553735,"elevation_m":2094,"name":""},"geometry":{"type":"Point","coordinates":[42.348679,43.553735]}},{"type":"Feature","properties":{"id":"mount-1790","type":"mountain","longitude":42.246509,"latitude":43.540383,"elevation_m":2102,"name":""},"geometry":{"type":"Point","coordinates":[42.246509,43.540383]}},{"type":"Feature","properties":{"id":"mount-1791","type":"mountain","longitude":42.443984,"latitude":43.496246,"elevation_m":2397,"name":""},"geometry":{"type":"Point","coordinates":[42.443984,43.496246]}},{"type":"Feature","properties":{"id":"mount-1792","type":"mountain","longitude":42.451934,"latitude":43.504488,"elevation_m":2433,"name":""},"geometry":{"type":"Point","coordinates":[42.451934,43.504488]}},{"type":"Feature","properties":{"id":"mount-1793","type":"mountain","longitude":42.481835,"latitude":43.507849,"elevation_m":2316,"name":""},"geometry":{"type":"Point","coordinates":[42.481835,43.507849]}},{"type":"Feature","properties":{"id":"mount-1794","type":"mountain","longitude":42.463542,"latitude":43.515319,"elevation_m":2324,"name":""},"geometry":{"type":"Point","coordinates":[42.463542,43.515319]}},{"type":"Feature","properties":{"id":"mount-1795","type":"mountain","longitude":42.466954,"latitude":43.534596,"elevation_m":2400,"name":""},"geometry":{"type":"Point","coordinates":[42.466954,43.534596]}},{"type":"Feature","properties":{"id":"mount-1796","type":"mountain","longitude":41.191574,"latitude":43.693368,"elevation_m":2185,"name":""},"geometry":{"type":"Point","coordinates":[41.191574,43.693368]}},{"type":"Feature","properties":{"id":"mount-1797","type":"mountain","longitude":40.869162,"latitude":43.565335,"elevation_m":2210,"name":""},"geometry":{"type":"Point","coordinates":[40.869162,43.565335]}},{"type":"Feature","properties":{"id":"mount-1798","type":"mountain","longitude":41.150944,"latitude":43.686246,"elevation_m":2495,"name":""},"geometry":{"type":"Point","coordinates":[41.150944,43.686246]}},{"type":"Feature","properties":{"id":"mount-1799","type":"mountain","longitude":42.233816,"latitude":43.752203,"elevation_m":2114,"name":""},"geometry":{"type":"Point","coordinates":[42.233816,43.752203]}},{"type":"Feature","properties":{"id":"mount-1800","type":"mountain","longitude":42.972143,"latitude":43.563018,"elevation_m":1990,"name":""},"geometry":{"type":"Point","coordinates":[42.972143,43.563018]}},{"type":"Feature","properties":{"id":"mount-1801","type":"mountain","longitude":42.946458,"latitude":43.555336,"elevation_m":2138,"name":""},"geometry":{"type":"Point","coordinates":[42.946458,43.555336]}},{"type":"Feature","properties":{"id":"mount-1802","type":"mountain","longitude":41.016566,"latitude":43.472208,"elevation_m":2533,"name":""},"geometry":{"type":"Point","coordinates":[41.016566,43.472208]}},{"type":"Feature","properties":{"id":"mount-1803","type":"mountain","longitude":43.039874,"latitude":43.525324,"elevation_m":2169,"name":""},"geometry":{"type":"Point","coordinates":[43.039874,43.525324]}},{"type":"Feature","properties":{"id":"mount-1804","type":"mountain","longitude":42.888587,"latitude":43.611176,"elevation_m":1982,"name":""},"geometry":{"type":"Point","coordinates":[42.888587,43.611176]}},{"type":"Feature","properties":{"id":"mount-1805","type":"mountain","longitude":42.91322,"latitude":43.644569,"elevation_m":1842,"name":""},"geometry":{"type":"Point","coordinates":[42.91322,43.644569]}},{"type":"Feature","properties":{"id":"mount-1806","type":"mountain","longitude":43.210849,"latitude":43.188242,"elevation_m":3127,"name":""},"geometry":{"type":"Point","coordinates":[43.210849,43.188242]}},{"type":"Feature","properties":{"id":"mount-1807","type":"mountain","longitude":41.917434,"latitude":43.175843,"elevation_m":2915,"name":""},"geometry":{"type":"Point","coordinates":[41.917434,43.175843]}},{"type":"Feature","properties":{"id":"mount-1808","type":"mountain","longitude":42.848032,"latitude":43.599212,"elevation_m":2326,"name":""},"geometry":{"type":"Point","coordinates":[42.848032,43.599212]}},{"type":"Feature","properties":{"id":"mount-1809","type":"mountain","longitude":41.389822,"latitude":43.370422,"elevation_m":2658,"name":""},"geometry":{"type":"Point","coordinates":[41.389822,43.370422]}},{"type":"Feature","properties":{"id":"mount-1810","type":"mountain","longitude":41.264327,"latitude":43.669261,"elevation_m":2372,"name":""},"geometry":{"type":"Point","coordinates":[41.264327,43.669261]}},{"type":"Feature","properties":{"id":"mount-1811","type":"mountain","longitude":40.900512,"latitude":43.736662,"elevation_m":2525,"name":""},"geometry":{"type":"Point","coordinates":[40.900512,43.736662]}},{"type":"Feature","properties":{"id":"mount-1812","type":"mountain","longitude":42.273813,"latitude":43.761719,"elevation_m":2057,"name":""},"geometry":{"type":"Point","coordinates":[42.273813,43.761719]}},{"type":"Feature","properties":{"id":"mount-1813","type":"mountain","longitude":42.202917,"latitude":43.761254,"elevation_m":1988,"name":""},"geometry":{"type":"Point","coordinates":[42.202917,43.761254]}},{"type":"Feature","properties":{"id":"mount-1814","type":"mountain","longitude":41.313518,"latitude":43.671441,"elevation_m":2193,"name":""},"geometry":{"type":"Point","coordinates":[41.313518,43.671441]}},{"type":"Feature","properties":{"id":"mount-1815","type":"mountain","longitude":41.442511,"latitude":43.54515,"elevation_m":2296,"name":""},"geometry":{"type":"Point","coordinates":[41.442511,43.54515]}},{"type":"Feature","properties":{"id":"mount-1816","type":"mountain","longitude":42.301065,"latitude":43.758433,"elevation_m":2015,"name":""},"geometry":{"type":"Point","coordinates":[42.301065,43.758433]}},{"type":"Feature","properties":{"id":"mount-1817","type":"mountain","longitude":41.627294,"latitude":43.388996,"elevation_m":3155,"name":""},"geometry":{"type":"Point","coordinates":[41.627294,43.388996]}},{"type":"Feature","properties":{"id":"mount-1818","type":"mountain","longitude":41.380316,"latitude":43.366062,"elevation_m":2807,"name":""},"geometry":{"type":"Point","coordinates":[41.380316,43.366062]}},{"type":"Feature","properties":{"id":"mount-1819","type":"mountain","longitude":42.271185,"latitude":43.67297,"elevation_m":2115,"name":""},"geometry":{"type":"Point","coordinates":[42.271185,43.67297]}},{"type":"Feature","properties":{"id":"mount-1820","type":"mountain","longitude":42.3138,"latitude":43.711014,"elevation_m":2260,"name":""},"geometry":{"type":"Point","coordinates":[42.3138,43.711014]}},{"type":"Feature","properties":{"id":"mount-1821","type":"mountain","longitude":41.643484,"latitude":43.534052,"elevation_m":2858,"name":""},"geometry":{"type":"Point","coordinates":[41.643484,43.534052]}},{"type":"Feature","properties":{"id":"mount-1822","type":"mountain","longitude":42.20296,"latitude":43.78149,"elevation_m":2140,"name":""},"geometry":{"type":"Point","coordinates":[42.20296,43.78149]}},{"type":"Feature","properties":{"id":"mount-1823","type":"mountain","longitude":42.30217,"latitude":43.44756,"elevation_m":3171,"name":""},"geometry":{"type":"Point","coordinates":[42.30217,43.44756]}},{"type":"Feature","properties":{"id":"mount-1824","type":"mountain","longitude":41.751577,"latitude":43.572727,"elevation_m":2276,"name":""},"geometry":{"type":"Point","coordinates":[41.751577,43.572727]}},{"type":"Feature","properties":{"id":"mount-1825","type":"mountain","longitude":41.745569,"latitude":43.571375,"elevation_m":2368,"name":""},"geometry":{"type":"Point","coordinates":[41.745569,43.571375]}},{"type":"Feature","properties":{"id":"mount-1826","type":"mountain","longitude":42.345042,"latitude":43.671915,"elevation_m":2272,"name":""},"geometry":{"type":"Point","coordinates":[42.345042,43.671915]}},{"type":"Feature","properties":{"id":"mount-1827","type":"mountain","longitude":41.673288,"latitude":43.591216,"elevation_m":2260,"name":""},"geometry":{"type":"Point","coordinates":[41.673288,43.591216]}},{"type":"Feature","properties":{"id":"mount-1828","type":"mountain","longitude":41.448272,"latitude":43.697627,"elevation_m":1887,"name":""},"geometry":{"type":"Point","coordinates":[41.448272,43.697627]}},{"type":"Feature","properties":{"id":"mount-1829","type":"mountain","longitude":41.72439,"latitude":43.59629,"elevation_m":2014,"name":""},"geometry":{"type":"Point","coordinates":[41.72439,43.59629]}},{"type":"Feature","properties":{"id":"mount-1830","type":"mountain","longitude":41.692793,"latitude":43.599647,"elevation_m":1932,"name":""},"geometry":{"type":"Point","coordinates":[41.692793,43.599647]}},{"type":"Feature","properties":{"id":"mount-1831","type":"mountain","longitude":41.489085,"latitude":43.623969,"elevation_m":2289,"name":""},"geometry":{"type":"Point","coordinates":[41.489085,43.623969]}},{"type":"Feature","properties":{"id":"mount-1832","type":"mountain","longitude":41.516358,"latitude":43.627564,"elevation_m":2256,"name":""},"geometry":{"type":"Point","coordinates":[41.516358,43.627564]}},{"type":"Feature","properties":{"id":"mount-1833","type":"mountain","longitude":41.483999,"latitude":43.62431,"elevation_m":2316,"name":""},"geometry":{"type":"Point","coordinates":[41.483999,43.62431]}},{"type":"Feature","properties":{"id":"mount-1834","type":"mountain","longitude":42.033767,"latitude":43.503056,"elevation_m":1910,"name":""},"geometry":{"type":"Point","coordinates":[42.033767,43.503056]}},{"type":"Feature","properties":{"id":"mount-1835","type":"mountain","longitude":42.059473,"latitude":43.53143,"elevation_m":1905,"name":""},"geometry":{"type":"Point","coordinates":[42.059473,43.53143]}},{"type":"Feature","properties":{"id":"mount-1836","type":"mountain","longitude":42.217197,"latitude":43.511024,"elevation_m":1907,"name":""},"geometry":{"type":"Point","coordinates":[42.217197,43.511024]}},{"type":"Feature","properties":{"id":"mount-1837","type":"mountain","longitude":41.453991,"latitude":43.471336,"elevation_m":3125,"name":""},"geometry":{"type":"Point","coordinates":[41.453991,43.471336]}},{"type":"Feature","properties":{"id":"mount-1838","type":"mountain","longitude":42.117355,"latitude":43.566322,"elevation_m":1831,"name":""},"geometry":{"type":"Point","coordinates":[42.117355,43.566322]}},{"type":"Feature","properties":{"id":"mount-1839","type":"mountain","longitude":41.916479,"latitude":43.648956,"elevation_m":1813,"name":""},"geometry":{"type":"Point","coordinates":[41.916479,43.648956]}},{"type":"Feature","properties":{"id":"mount-1840","type":"mountain","longitude":42.57524,"latitude":43.448121,"elevation_m":2860,"name":""},"geometry":{"type":"Point","coordinates":[42.57524,43.448121]}},{"type":"Feature","properties":{"id":"mount-1841","type":"mountain","longitude":42.531327,"latitude":43.461828,"elevation_m":2618,"name":""},"geometry":{"type":"Point","coordinates":[42.531327,43.461828]}},{"type":"Feature","properties":{"id":"mount-1842","type":"mountain","longitude":40.77051,"latitude":43.878021,"elevation_m":1916,"name":""},"geometry":{"type":"Point","coordinates":[40.77051,43.878021]}},{"type":"Feature","properties":{"id":"mount-1843","type":"mountain","longitude":40.725374,"latitude":43.57652,"elevation_m":2826,"name":""},"geometry":{"type":"Point","coordinates":[40.725374,43.57652]}},{"type":"Feature","properties":{"id":"mount-1844","type":"mountain","longitude":41.095229,"latitude":43.648055,"elevation_m":2961,"name":""},"geometry":{"type":"Point","coordinates":[41.095229,43.648055]}},{"type":"Feature","properties":{"id":"mount-1845","type":"mountain","longitude":41.076797,"latitude":43.681917,"elevation_m":2652,"name":""},"geometry":{"type":"Point","coordinates":[41.076797,43.681917]}},{"type":"Feature","properties":{"id":"mount-1846","type":"mountain","longitude":40.933825,"latitude":43.646588,"elevation_m":2603,"name":""},"geometry":{"type":"Point","coordinates":[40.933825,43.646588]}},{"type":"Feature","properties":{"id":"mount-1847","type":"mountain","longitude":40.97542,"latitude":43.66167,"elevation_m":2991,"name":""},"geometry":{"type":"Point","coordinates":[40.97542,43.66167]}},{"type":"Feature","properties":{"id":"mount-1848","type":"mountain","longitude":40.977427,"latitude":43.677448,"elevation_m":3121,"name":""},"geometry":{"type":"Point","coordinates":[40.977427,43.677448]}},{"type":"Feature","properties":{"id":"mount-1849","type":"mountain","longitude":40.962181,"latitude":43.643521,"elevation_m":2797,"name":""},"geometry":{"type":"Point","coordinates":[40.962181,43.643521]}},{"type":"Feature","properties":{"id":"mount-1850","type":"mountain","longitude":41.97832,"latitude":43.514417,"elevation_m":2722,"name":""},"geometry":{"type":"Point","coordinates":[41.97832,43.514417]}},{"type":"Feature","properties":{"id":"mount-1851","type":"mountain","longitude":41.426278,"latitude":43.60702,"elevation_m":2730,"name":""},"geometry":{"type":"Point","coordinates":[41.426278,43.60702]}},{"type":"Feature","properties":{"id":"mount-1852","type":"mountain","longitude":41.296545,"latitude":43.735499,"elevation_m":1936,"name":""},"geometry":{"type":"Point","coordinates":[41.296545,43.735499]}},{"type":"Feature","properties":{"id":"mount-1853","type":"mountain","longitude":40.923203,"latitude":43.719187,"elevation_m":2819,"name":""},"geometry":{"type":"Point","coordinates":[40.923203,43.719187]}},{"type":"Feature","properties":{"id":"mount-1854","type":"mountain","longitude":42.425423,"latitude":43.461003,"elevation_m":3169,"name":""},"geometry":{"type":"Point","coordinates":[42.425423,43.461003]}},{"type":"Feature","properties":{"id":"mount-1855","type":"mountain","longitude":40.921304,"latitude":43.714387,"elevation_m":2901,"name":""},"geometry":{"type":"Point","coordinates":[40.921304,43.714387]}},{"type":"Feature","properties":{"id":"mount-1856","type":"mountain","longitude":40.981364,"latitude":43.708958,"elevation_m":2462,"name":""},"geometry":{"type":"Point","coordinates":[40.981364,43.708958]}},{"type":"Feature","properties":{"id":"mount-1857","type":"mountain","longitude":40.948298,"latitude":43.735639,"elevation_m":2669,"name":""},"geometry":{"type":"Point","coordinates":[40.948298,43.735639]}},{"type":"Feature","properties":{"id":"mount-1858","type":"mountain","longitude":40.886135,"latitude":43.684601,"elevation_m":2491,"name":""},"geometry":{"type":"Point","coordinates":[40.886135,43.684601]}},{"type":"Feature","properties":{"id":"mount-1859","type":"mountain","longitude":40.875492,"latitude":43.726344,"elevation_m":2063,"name":""},"geometry":{"type":"Point","coordinates":[40.875492,43.726344]}},{"type":"Feature","properties":{"id":"mount-1860","type":"mountain","longitude":40.912453,"latitude":43.74632,"elevation_m":2411,"name":""},"geometry":{"type":"Point","coordinates":[40.912453,43.74632]}},{"type":"Feature","properties":{"id":"mount-1861","type":"mountain","longitude":40.913225,"latitude":43.735507,"elevation_m":2644,"name":""},"geometry":{"type":"Point","coordinates":[40.913225,43.735507]}},{"type":"Feature","properties":{"id":"mount-1862","type":"mountain","longitude":40.892261,"latitude":43.736926,"elevation_m":2412,"name":""},"geometry":{"type":"Point","coordinates":[40.892261,43.736926]}},{"type":"Feature","properties":{"id":"mount-1863","type":"mountain","longitude":42.529074,"latitude":43.434527,"elevation_m":2550,"name":""},"geometry":{"type":"Point","coordinates":[42.529074,43.434527]}},{"type":"Feature","properties":{"id":"mount-1864","type":"mountain","longitude":40.923557,"latitude":43.54158,"elevation_m":2103,"name":""},"geometry":{"type":"Point","coordinates":[40.923557,43.54158]}},{"type":"Feature","properties":{"id":"mount-1865","type":"mountain","longitude":42.890604,"latitude":43.380762,"elevation_m":2242,"name":""},"geometry":{"type":"Point","coordinates":[42.890604,43.380762]}},{"type":"Feature","properties":{"id":"mount-1866","type":"mountain","longitude":40.789919,"latitude":43.792488,"elevation_m":2695,"name":""},"geometry":{"type":"Point","coordinates":[40.789919,43.792488]}},{"type":"Feature","properties":{"id":"mount-1867","type":"mountain","longitude":40.779598,"latitude":43.796833,"elevation_m":2832,"name":""},"geometry":{"type":"Point","coordinates":[40.779598,43.796833]}},{"type":"Feature","properties":{"id":"mount-1868","type":"mountain","longitude":42.216522,"latitude":43.432447,"elevation_m":2708,"name":""},"geometry":{"type":"Point","coordinates":[42.216522,43.432447]}},{"type":"Feature","properties":{"id":"mount-1869","type":"mountain","longitude":41.102139,"latitude":43.620248,"elevation_m":2972,"name":""},"geometry":{"type":"Point","coordinates":[41.102139,43.620248]}},{"type":"Feature","properties":{"id":"mount-1870","type":"mountain","longitude":41.211745,"latitude":43.471468,"elevation_m":3108,"name":""},"geometry":{"type":"Point","coordinates":[41.211745,43.471468]}},{"type":"Feature","properties":{"id":"mount-1871","type":"mountain","longitude":41.200844,"latitude":43.461976,"elevation_m":2987,"name":""},"geometry":{"type":"Point","coordinates":[41.200844,43.461976]}},{"type":"Feature","properties":{"id":"mount-1872","type":"mountain","longitude":41.506627,"latitude":43.54648,"elevation_m":3118,"name":""},"geometry":{"type":"Point","coordinates":[41.506627,43.54648]}},{"type":"Feature","properties":{"id":"mount-1873","type":"mountain","longitude":41.44721,"latitude":43.63335,"elevation_m":2299,"name":""},"geometry":{"type":"Point","coordinates":[41.44721,43.63335]}},{"type":"Feature","properties":{"id":"mount-1874","type":"mountain","longitude":41.08935,"latitude":43.621639,"elevation_m":3192,"name":""},"geometry":{"type":"Point","coordinates":[41.08935,43.621639]}},{"type":"Feature","properties":{"id":"mount-1875","type":"mountain","longitude":41.13425,"latitude":43.43674,"elevation_m":2673,"name":""},"geometry":{"type":"Point","coordinates":[41.13425,43.43674]}},{"type":"Feature","properties":{"id":"mount-1876","type":"mountain","longitude":41.361144,"latitude":43.397619,"elevation_m":2922,"name":""},"geometry":{"type":"Point","coordinates":[41.361144,43.397619]}},{"type":"Feature","properties":{"id":"mount-1877","type":"mountain","longitude":41.365564,"latitude":43.381815,"elevation_m":3096,"name":""},"geometry":{"type":"Point","coordinates":[41.365564,43.381815]}},{"type":"Feature","properties":{"id":"mount-1878","type":"mountain","longitude":41.068965,"latitude":43.555562,"elevation_m":2292,"name":""},"geometry":{"type":"Point","coordinates":[41.068965,43.555562]}},{"type":"Feature","properties":{"id":"mount-1879","type":"mountain","longitude":40.999002,"latitude":43.574686,"elevation_m":2362,"name":""},"geometry":{"type":"Point","coordinates":[40.999002,43.574686]}},{"type":"Feature","properties":{"id":"mount-1880","type":"mountain","longitude":40.840452,"latitude":43.564534,"elevation_m":2577,"name":""},"geometry":{"type":"Point","coordinates":[40.840452,43.564534]}},{"type":"Feature","properties":{"id":"mount-1881","type":"mountain","longitude":41.492722,"latitude":43.402124,"elevation_m":2950,"name":""},"geometry":{"type":"Point","coordinates":[41.492722,43.402124]}},{"type":"Feature","properties":{"id":"mount-1882","type":"mountain","longitude":41.495308,"latitude":43.391951,"elevation_m":3103,"name":""},"geometry":{"type":"Point","coordinates":[41.495308,43.391951]}},{"type":"Feature","properties":{"id":"mount-1883","type":"mountain","longitude":41.496112,"latitude":43.396894,"elevation_m":3048,"name":""},"geometry":{"type":"Point","coordinates":[41.496112,43.396894]}},{"type":"Feature","properties":{"id":"mount-1884","type":"mountain","longitude":41.528224,"latitude":43.436763,"elevation_m":3151,"name":""},"geometry":{"type":"Point","coordinates":[41.528224,43.436763]}},{"type":"Feature","properties":{"id":"mount-1885","type":"mountain","longitude":40.941571,"latitude":43.716264,"elevation_m":2679,"name":""},"geometry":{"type":"Point","coordinates":[40.941571,43.716264]}},{"type":"Feature","properties":{"id":"mount-1886","type":"mountain","longitude":40.768461,"latitude":43.544077,"elevation_m":2416,"name":""},"geometry":{"type":"Point","coordinates":[40.768461,43.544077]}},{"type":"Feature","properties":{"id":"mount-1887","type":"mountain","longitude":40.727777,"latitude":43.543416,"elevation_m":2454,"name":""},"geometry":{"type":"Point","coordinates":[40.727777,43.543416]}},{"type":"Feature","properties":{"id":"mount-1888","type":"mountain","longitude":41.050404,"latitude":43.722017,"elevation_m":2399,"name":""},"geometry":{"type":"Point","coordinates":[41.050404,43.722017]}},{"type":"Feature","properties":{"id":"mount-1889","type":"mountain","longitude":43.283397,"latitude":43.289592,"elevation_m":2865,"name":""},"geometry":{"type":"Point","coordinates":[43.283397,43.289592]}},{"type":"Feature","properties":{"id":"mount-1890","type":"mountain","longitude":41.317681,"latitude":43.394095,"elevation_m":2432,"name":""},"geometry":{"type":"Point","coordinates":[41.317681,43.394095]}},{"type":"Feature","properties":{"id":"mount-1891","type":"mountain","longitude":41.635319,"latitude":43.444398,"elevation_m":3165,"name":""},"geometry":{"type":"Point","coordinates":[41.635319,43.444398]}},{"type":"Feature","properties":{"id":"mount-1892","type":"mountain","longitude":41.180438,"latitude":43.411158,"elevation_m":2885,"name":""},"geometry":{"type":"Point","coordinates":[41.180438,43.411158]}},{"type":"Feature","properties":{"id":"mount-1893","type":"mountain","longitude":41.2233,"latitude":43.454196,"elevation_m":3084,"name":""},"geometry":{"type":"Point","coordinates":[41.2233,43.454196]}},{"type":"Feature","properties":{"id":"mount-1894","type":"mountain","longitude":41.111569,"latitude":43.487085,"elevation_m":3094,"name":""},"geometry":{"type":"Point","coordinates":[41.111569,43.487085]}},{"type":"Feature","properties":{"id":"mount-1895","type":"mountain","longitude":40.702897,"latitude":43.533725,"elevation_m":2662,"name":""},"geometry":{"type":"Point","coordinates":[40.702897,43.533725]}},{"type":"Feature","properties":{"id":"mount-1896","type":"mountain","longitude":41.487046,"latitude":43.568631,"elevation_m":2966,"name":""},"geometry":{"type":"Point","coordinates":[41.487046,43.568631]}},{"type":"Feature","properties":{"id":"mount-1897","type":"mountain","longitude":41.505082,"latitude":43.572502,"elevation_m":2479,"name":""},"geometry":{"type":"Point","coordinates":[41.505082,43.572502]}},{"type":"Feature","properties":{"id":"mount-1898","type":"mountain","longitude":41.49667,"latitude":43.555461,"elevation_m":3033,"name":""},"geometry":{"type":"Point","coordinates":[41.49667,43.555461]}},{"type":"Feature","properties":{"id":"mount-1899","type":"mountain","longitude":41.499331,"latitude":43.554862,"elevation_m":3064,"name":""},"geometry":{"type":"Point","coordinates":[41.499331,43.554862]}},{"type":"Feature","properties":{"id":"mount-1900","type":"mountain","longitude":41.488806,"latitude":43.541168,"elevation_m":2776,"name":""},"geometry":{"type":"Point","coordinates":[41.488806,43.541168]}},{"type":"Feature","properties":{"id":"mount-1901","type":"mountain","longitude":41.505564,"latitude":43.538143,"elevation_m":3016,"name":""},"geometry":{"type":"Point","coordinates":[41.505564,43.538143]}},{"type":"Feature","properties":{"id":"mount-1902","type":"mountain","longitude":41.521046,"latitude":43.552125,"elevation_m":2899,"name":""},"geometry":{"type":"Point","coordinates":[41.521046,43.552125]}},{"type":"Feature","properties":{"id":"mount-1903","type":"mountain","longitude":41.52361,"latitude":43.575486,"elevation_m":2648,"name":""},"geometry":{"type":"Point","coordinates":[41.52361,43.575486]}},{"type":"Feature","properties":{"id":"mount-1904","type":"mountain","longitude":40.760243,"latitude":43.793139,"elevation_m":2799,"name":""},"geometry":{"type":"Point","coordinates":[40.760243,43.793139]}},{"type":"Feature","properties":{"id":"mount-1905","type":"mountain","longitude":40.813297,"latitude":43.792279,"elevation_m":2450,"name":""},"geometry":{"type":"Point","coordinates":[40.813297,43.792279]}},{"type":"Feature","properties":{"id":"mount-1906","type":"mountain","longitude":40.841728,"latitude":43.80271,"elevation_m":1901,"name":""},"geometry":{"type":"Point","coordinates":[40.841728,43.80271]}},{"type":"Feature","properties":{"id":"mount-1907","type":"mountain","longitude":40.844003,"latitude":43.812567,"elevation_m":1815,"name":""},"geometry":{"type":"Point","coordinates":[40.844003,43.812567]}},{"type":"Feature","properties":{"id":"mount-1908","type":"mountain","longitude":40.756145,"latitude":43.7549,"elevation_m":3107,"name":""},"geometry":{"type":"Point","coordinates":[40.756145,43.7549]}},{"type":"Feature","properties":{"id":"mount-1909","type":"mountain","longitude":43.585006,"latitude":43.099573,"elevation_m":3089,"name":""},"geometry":{"type":"Point","coordinates":[43.585006,43.099573]}},{"type":"Feature","properties":{"id":"mount-1910","type":"mountain","longitude":43.487781,"latitude":43.080487,"elevation_m":2650,"name":""},"geometry":{"type":"Point","coordinates":[43.487781,43.080487]}},{"type":"Feature","properties":{"id":"mount-1911","type":"mountain","longitude":43.505334,"latitude":43.088205,"elevation_m":2236,"name":""},"geometry":{"type":"Point","coordinates":[43.505334,43.088205]}},{"type":"Feature","properties":{"id":"mount-1912","type":"mountain","longitude":43.528283,"latitude":43.107657,"elevation_m":2314,"name":""},"geometry":{"type":"Point","coordinates":[43.528283,43.107657]}},{"type":"Feature","properties":{"id":"mount-1913","type":"mountain","longitude":43.508885,"latitude":43.096831,"elevation_m":2256,"name":""},"geometry":{"type":"Point","coordinates":[43.508885,43.096831]}},{"type":"Feature","properties":{"id":"mount-1914","type":"mountain","longitude":40.726908,"latitude":43.562248,"elevation_m":2732,"name":""},"geometry":{"type":"Point","coordinates":[40.726908,43.562248]}},{"type":"Feature","properties":{"id":"mount-1915","type":"mountain","longitude":40.724838,"latitude":43.579155,"elevation_m":2848,"name":""},"geometry":{"type":"Point","coordinates":[40.724838,43.579155]}},{"type":"Feature","properties":{"id":"mount-1916","type":"mountain","longitude":40.740963,"latitude":43.59427,"elevation_m":2888,"name":""},"geometry":{"type":"Point","coordinates":[40.740963,43.59427]}},{"type":"Feature","properties":{"id":"mount-1917","type":"mountain","longitude":40.744396,"latitude":43.818187,"elevation_m":2441,"name":""},"geometry":{"type":"Point","coordinates":[40.744396,43.818187]}},{"type":"Feature","properties":{"id":"mount-1918","type":"mountain","longitude":41.258833,"latitude":43.503282,"elevation_m":2769,"name":""},"geometry":{"type":"Point","coordinates":[41.258833,43.503282]}},{"type":"Feature","properties":{"id":"mount-1919","type":"mountain","longitude":41.271032,"latitude":43.490759,"elevation_m":2856,"name":""},"geometry":{"type":"Point","coordinates":[41.271032,43.490759]}},{"type":"Feature","properties":{"id":"mount-1920","type":"mountain","longitude":41.249993,"latitude":43.413255,"elevation_m":3190,"name":""},"geometry":{"type":"Point","coordinates":[41.249993,43.413255]}},{"type":"Feature","properties":{"id":"mount-1921","type":"mountain","longitude":41.227248,"latitude":43.384068,"elevation_m":3003,"name":""},"geometry":{"type":"Point","coordinates":[41.227248,43.384068]}},{"type":"Feature","properties":{"id":"mount-1922","type":"mountain","longitude":41.279197,"latitude":43.345888,"elevation_m":3006,"name":""},"geometry":{"type":"Point","coordinates":[41.279197,43.345888]}},{"type":"Feature","properties":{"id":"mount-1923","type":"mountain","longitude":40.965153,"latitude":43.646223,"elevation_m":2749,"name":""},"geometry":{"type":"Point","coordinates":[40.965153,43.646223]}},{"type":"Feature","properties":{"id":"mount-1924","type":"mountain","longitude":42.245865,"latitude":43.363176,"elevation_m":3166,"name":""},"geometry":{"type":"Point","coordinates":[42.245865,43.363176]}},{"type":"Feature","properties":{"id":"mount-1925","type":"mountain","longitude":41.672044,"latitude":43.293989,"elevation_m":2994,"name":""},"geometry":{"type":"Point","coordinates":[41.672044,43.293989]}},{"type":"Feature","properties":{"id":"mount-1926","type":"mountain","longitude":41.230799,"latitude":43.557607,"elevation_m":2311,"name":""},"geometry":{"type":"Point","coordinates":[41.230799,43.557607]}},{"type":"Feature","properties":{"id":"mount-1927","type":"mountain","longitude":42.128127,"latitude":43.777795,"elevation_m":1828,"name":""},"geometry":{"type":"Point","coordinates":[42.128127,43.777795]}},{"type":"Feature","properties":{"id":"mount-1928","type":"mountain","longitude":41.468453,"latitude":43.324936,"elevation_m":2954,"name":""},"geometry":{"type":"Point","coordinates":[41.468453,43.324936]}},{"type":"Feature","properties":{"id":"mount-1929","type":"mountain","longitude":41.041263,"latitude":43.725289,"elevation_m":2498,"name":""},"geometry":{"type":"Point","coordinates":[41.041263,43.725289]}},{"type":"Feature","properties":{"id":"mount-1930","type":"mountain","longitude":40.982201,"latitude":43.702319,"elevation_m":2677,"name":""},"geometry":{"type":"Point","coordinates":[40.982201,43.702319]}},{"type":"Feature","properties":{"id":"mount-1931","type":"mountain","longitude":43.315562,"latitude":43.057796,"elevation_m":3106,"name":""},"geometry":{"type":"Point","coordinates":[43.315562,43.057796]}},{"type":"Feature","properties":{"id":"mount-1932","type":"mountain","longitude":43.321495,"latitude":43.15588,"elevation_m":2992,"name":""},"geometry":{"type":"Point","coordinates":[43.321495,43.15588]}},{"type":"Feature","properties":{"id":"mount-1933","type":"mountain","longitude":43.305992,"latitude":43.113304,"elevation_m":3059,"name":""},"geometry":{"type":"Point","coordinates":[43.305992,43.113304]}},{"type":"Feature","properties":{"id":"mount-1934","type":"mountain","longitude":41.508579,"latitude":43.649227,"elevation_m":2023,"name":""},"geometry":{"type":"Point","coordinates":[41.508579,43.649227]}},{"type":"Feature","properties":{"id":"mount-1935","type":"mountain","longitude":41.335963,"latitude":43.68045,"elevation_m":1852,"name":""},"geometry":{"type":"Point","coordinates":[41.335963,43.68045]}},{"type":"Feature","properties":{"id":"mount-1936","type":"mountain","longitude":41.429197,"latitude":43.690156,"elevation_m":1895,"name":""},"geometry":{"type":"Point","coordinates":[41.429197,43.690156]}},{"type":"Feature","properties":{"id":"mount-1937","type":"mountain","longitude":42.507294,"latitude":43.445223,"elevation_m":3090,"name":""},"geometry":{"type":"Point","coordinates":[42.507294,43.445223]}},{"type":"Feature","properties":{"id":"mount-1938","type":"mountain","longitude":42.512487,"latitude":43.448066,"elevation_m":3099,"name":""},"geometry":{"type":"Point","coordinates":[42.512487,43.448066]}},{"type":"Feature","properties":{"id":"mount-1939","type":"mountain","longitude":42.505224,"latitude":43.441991,"elevation_m":3081,"name":""},"geometry":{"type":"Point","coordinates":[42.505224,43.441991]}},{"type":"Feature","properties":{"id":"mount-1940","type":"mountain","longitude":42.453039,"latitude":43.465107,"elevation_m":3095,"name":""},"geometry":{"type":"Point","coordinates":[42.453039,43.465107]}},{"type":"Feature","properties":{"id":"mount-1941","type":"mountain","longitude":42.303672,"latitude":43.327144,"elevation_m":3185,"name":""},"geometry":{"type":"Point","coordinates":[42.303672,43.327144]}},{"type":"Feature","properties":{"id":"mount-1942","type":"mountain","longitude":40.828017,"latitude":43.852935,"elevation_m":2196,"name":""},"geometry":{"type":"Point","coordinates":[40.828017,43.852935]}},{"type":"Feature","properties":{"id":"mount-1943","type":"mountain","longitude":41.681689,"latitude":43.604293,"elevation_m":2001,"name":""},"geometry":{"type":"Point","coordinates":[41.681689,43.604293]}},{"type":"Feature","properties":{"id":"mount-1944","type":"mountain","longitude":41.862438,"latitude":43.231564,"elevation_m":3175,"name":""},"geometry":{"type":"Point","coordinates":[41.862438,43.231564]}},{"type":"Feature","properties":{"id":"mount-1945","type":"mountain","longitude":41.884625,"latitude":43.165803,"elevation_m":2255,"name":""},"geometry":{"type":"Point","coordinates":[41.884625,43.165803]}},{"type":"Feature","properties":{"id":"mount-1946","type":"mountain","longitude":42.834696,"latitude":43.2668,"elevation_m":4051,"name":""},"geometry":{"type":"Point","coordinates":[42.834696,43.2668]}},{"type":"Feature","properties":{"id":"mount-1947","type":"mountain","longitude":43.507447,"latitude":42.963324,"elevation_m":4094,"name":""},"geometry":{"type":"Point","coordinates":[43.507447,42.963324]}},{"type":"Feature","properties":{"id":"mount-1948","type":"mountain","longitude":43.497716,"latitude":42.962217,"elevation_m":4283,"name":""},"geometry":{"type":"Point","coordinates":[43.497716,42.962217]}},{"type":"Feature","properties":{"id":"mount-1949","type":"mountain","longitude":43.490828,"latitude":42.960034,"elevation_m":4027,"name":""},"geometry":{"type":"Point","coordinates":[43.490828,42.960034]}},{"type":"Feature","properties":{"id":"mount-1950","type":"mountain","longitude":43.479992,"latitude":42.962515,"elevation_m":4044,"name":""},"geometry":{"type":"Point","coordinates":[43.479992,42.962515]}},{"type":"Feature","properties":{"id":"mount-1951","type":"mountain","longitude":43.473136,"latitude":42.960011,"elevation_m":4095,"name":""},"geometry":{"type":"Point","coordinates":[43.473136,42.960011]}},{"type":"Feature","properties":{"id":"mount-1952","type":"mountain","longitude":43.466656,"latitude":42.961668,"elevation_m":4264,"name":""},"geometry":{"type":"Point","coordinates":[43.466656,42.961668]}},{"type":"Feature","properties":{"id":"mount-1953","type":"mountain","longitude":43.456753,"latitude":42.969157,"elevation_m":4350,"name":""},"geometry":{"type":"Point","coordinates":[43.456753,42.969157]}},{"type":"Feature","properties":{"id":"mount-1954","type":"mountain","longitude":43.444598,"latitude":42.973396,"elevation_m":4445,"name":""},"geometry":{"type":"Point","coordinates":[43.444598,42.973396]}},{"type":"Feature","properties":{"id":"mount-1955","type":"mountain","longitude":43.451689,"latitude":42.975806,"elevation_m":4386,"name":""},"geometry":{"type":"Point","coordinates":[43.451689,42.975806]}},{"type":"Feature","properties":{"id":"mount-1956","type":"mountain","longitude":43.055184,"latitude":43.089114,"elevation_m":4406,"name":""},"geometry":{"type":"Point","coordinates":[43.055184,43.089114]}},{"type":"Feature","properties":{"id":"mount-1957","type":"mountain","longitude":43.082156,"latitude":43.108644,"elevation_m":4254,"name":""},"geometry":{"type":"Point","coordinates":[43.082156,43.108644]}},{"type":"Feature","properties":{"id":"mount-1958","type":"mountain","longitude":42.923595,"latitude":43.266113,"elevation_m":4030,"name":""},"geometry":{"type":"Point","coordinates":[42.923595,43.266113]}},{"type":"Feature","properties":{"id":"mount-1959","type":"mountain","longitude":42.932521,"latitude":43.275378,"elevation_m":4094,"name":""},"geometry":{"type":"Point","coordinates":[42.932521,43.275378]}},{"type":"Feature","properties":{"id":"mount-1960","type":"mountain","longitude":42.938733,"latitude":43.281048,"elevation_m":4058,"name":""},"geometry":{"type":"Point","coordinates":[42.938733,43.281048]}},{"type":"Feature","properties":{"id":"mount-1961","type":"mountain","longitude":42.935461,"latitude":43.285078,"elevation_m":4049,"name":""},"geometry":{"type":"Point","coordinates":[42.935461,43.285078]}},{"type":"Feature","properties":{"id":"mount-1962","type":"mountain","longitude":42.952241,"latitude":43.295106,"elevation_m":4038,"name":""},"geometry":{"type":"Point","coordinates":[42.952241,43.295106]}},{"type":"Feature","properties":{"id":"mount-1963","type":"mountain","longitude":42.407076,"latitude":43.381043,"elevation_m":4033,"name":""},"geometry":{"type":"Point","coordinates":[42.407076,43.381043]}},{"type":"Feature","properties":{"id":"mount-1964","type":"mountain","longitude":42.391627,"latitude":43.337321,"elevation_m":4589,"name":""},"geometry":{"type":"Point","coordinates":[42.391627,43.337321]}},{"type":"Feature","properties":{"id":"mount-1965","type":"mountain","longitude":42.865884,"latitude":43.203455,"elevation_m":4291,"name":""},"geometry":{"type":"Point","coordinates":[42.865884,43.203455]}},{"type":"Feature","properties":{"id":"mount-1966","type":"mountain","longitude":42.883168,"latitude":43.232353,"elevation_m":4171,"name":""},"geometry":{"type":"Point","coordinates":[42.883168,43.232353]}},{"type":"Feature","properties":{"id":"mount-1967","type":"mountain","longitude":42.844502,"latitude":43.251392,"elevation_m":4056,"name":""},"geometry":{"type":"Point","coordinates":[42.844502,43.251392]}},{"type":"Feature","properties":{"id":"mount-1968","type":"mountain","longitude":42.888533,"latitude":43.215779,"elevation_m":4197,"name":""},"geometry":{"type":"Point","coordinates":[42.888533,43.215779]}},{"type":"Feature","properties":{"id":"mount-1969","type":"mountain","longitude":42.871045,"latitude":43.252298,"elevation_m":4154,"name":""},"geometry":{"type":"Point","coordinates":[42.871045,43.252298]}},{"type":"Feature","properties":{"id":"mount-1970","type":"mountain","longitude":42.881473,"latitude":43.223989,"elevation_m":4184,"name":""},"geometry":{"type":"Point","coordinates":[42.881473,43.223989]}},{"type":"Feature","properties":{"id":"mount-1971","type":"mountain","longitude":43.113688,"latitude":43.047879,"elevation_m":4108,"name":""},"geometry":{"type":"Point","coordinates":[43.113688,43.047879]}},{"type":"Feature","properties":{"id":"mount-1972","type":"mountain","longitude":43.137206,"latitude":43.029177,"elevation_m":4299,"name":""},"geometry":{"type":"Point","coordinates":[43.137206,43.029177]}},{"type":"Feature","properties":{"id":"mount-1973","type":"mountain","longitude":43.144416,"latitude":43.082837,"elevation_m":4056,"name":""},"geometry":{"type":"Point","coordinates":[43.144416,43.082837]}},{"type":"Feature","properties":{"id":"mount-1974","type":"mountain","longitude":43.132399,"latitude":43.069954,"elevation_m":4256,"name":""},"geometry":{"type":"Point","coordinates":[43.132399,43.069954]}},{"type":"Feature","properties":{"id":"mount-1975","type":"mountain","longitude":43.212694,"latitude":43.084021,"elevation_m":4149,"name":""},"geometry":{"type":"Point","coordinates":[43.212694,43.084021]}},{"type":"Feature","properties":{"id":"mount-1976","type":"mountain","longitude":43.201547,"latitude":43.105354,"elevation_m":4115,"name":""},"geometry":{"type":"Point","coordinates":[43.201547,43.105354]}},{"type":"Feature","properties":{"id":"mount-1977","type":"mountain","longitude":43.207673,"latitude":43.099009,"elevation_m":4155,"name":""},"geometry":{"type":"Point","coordinates":[43.207673,43.099009]}},{"type":"Feature","properties":{"id":"mount-1978","type":"mountain","longitude":43.19512,"latitude":43.103443,"elevation_m":4034,"name":""},"geometry":{"type":"Point","coordinates":[43.19512,43.103443]}},{"type":"Feature","properties":{"id":"mount-1979","type":"mountain","longitude":43.220354,"latitude":43.079194,"elevation_m":4667,"name":""},"geometry":{"type":"Point","coordinates":[43.220354,43.079194]}},{"type":"Feature","properties":{"id":"mount-1980","type":"mountain","longitude":43.206568,"latitude":43.072148,"elevation_m":4517,"name":""},"geometry":{"type":"Point","coordinates":[43.206568,43.072148]}},{"type":"Feature","properties":{"id":"mount-1981","type":"mountain","longitude":43.015616,"latitude":43.071153,"elevation_m":4285,"name":""},"geometry":{"type":"Point","coordinates":[43.015616,43.071153]}},{"type":"Feature","properties":{"id":"mount-1982","type":"mountain","longitude":43.059261,"latitude":43.085274,"elevation_m":4202,"name":""},"geometry":{"type":"Point","coordinates":[43.059261,43.085274]}},{"type":"Feature","properties":{"id":"mount-1983","type":"mountain","longitude":43.188125,"latitude":43.066192,"elevation_m":4079,"name":""},"geometry":{"type":"Point","coordinates":[43.188125,43.066192]}},{"type":"Feature","properties":{"id":"mount-1984","type":"mountain","longitude":43.14301,"latitude":43.018784,"elevation_m":4014,"name":""},"geometry":{"type":"Point","coordinates":[43.14301,43.018784]}},{"type":"Feature","properties":{"id":"mount-1985","type":"mountain","longitude":43.073756,"latitude":43.101038,"elevation_m":4280,"name":""},"geometry":{"type":"Point","coordinates":[43.073756,43.101038]}},{"type":"Feature","properties":{"id":"mount-1986","type":"mountain","longitude":43.142345,"latitude":43.021459,"elevation_m":4013,"name":""},"geometry":{"type":"Point","coordinates":[43.142345,43.021459]}},{"type":"Feature","properties":{"id":"mount-1987","type":"mountain","longitude":43.154233,"latitude":43.028377,"elevation_m":4207,"name":""},"geometry":{"type":"Point","coordinates":[43.154233,43.028377]}},{"type":"Feature","properties":{"id":"mount-1988","type":"mountain","longitude":43.211417,"latitude":43.067595,"elevation_m":4286,"name":""},"geometry":{"type":"Point","coordinates":[43.211417,43.067595]}},{"type":"Feature","properties":{"id":"mount-1989","type":"mountain","longitude":43.197191,"latitude":43.073332,"elevation_m":4080,"name":""},"geometry":{"type":"Point","coordinates":[43.197191,43.073332]}},{"type":"Feature","properties":{"id":"mount-1990","type":"mountain","longitude":43.211675,"latitude":43.064914,"elevation_m":4302,"name":""},"geometry":{"type":"Point","coordinates":[43.211675,43.064914]}},{"type":"Feature","properties":{"id":"mount-1991","type":"mountain","longitude":43.195324,"latitude":43.067618,"elevation_m":4120,"name":""},"geometry":{"type":"Point","coordinates":[43.195324,43.067618]}},{"type":"Feature","properties":{"id":"mount-1992","type":"mountain","longitude":43.071696,"latitude":43.007801,"elevation_m":4840,"name":""},"geometry":{"type":"Point","coordinates":[43.071696,43.007801]}},{"type":"Feature","properties":{"id":"mount-1993","type":"mountain","longitude":43.24473,"latitude":43.050913,"elevation_m":4386,"name":""},"geometry":{"type":"Point","coordinates":[43.24473,43.050913]}},{"type":"Feature","properties":{"id":"mount-1994","type":"mountain","longitude":43.227167,"latitude":43.080706,"elevation_m":4506,"name":""},"geometry":{"type":"Point","coordinates":[43.227167,43.080706]}},{"type":"Feature","properties":{"id":"mount-1995","type":"mountain","longitude":42.856958,"latitude":43.210728,"elevation_m":4037,"name":""},"geometry":{"type":"Point","coordinates":[42.856958,43.210728]}},{"type":"Feature","properties":{"id":"mount-1996","type":"mountain","longitude":42.993289,"latitude":43.030675,"elevation_m":4778,"name":""},"geometry":{"type":"Point","coordinates":[42.993289,43.030675]}},{"type":"Feature","properties":{"id":"mount-1997","type":"mountain","longitude":43.01096,"latitude":43.033961,"elevation_m":4219,"name":""},"geometry":{"type":"Point","coordinates":[43.01096,43.033961]}},{"type":"Feature","properties":{"id":"mount-1998","type":"mountain","longitude":43.187449,"latitude":43.04123,"elevation_m":4667,"name":""},"geometry":{"type":"Point","coordinates":[43.187449,43.04123]}},{"type":"Feature","properties":{"id":"mount-1999","type":"mountain","longitude":43.098453,"latitude":43.119005,"elevation_m":4222,"name":""},"geometry":{"type":"Point","coordinates":[43.098453,43.119005]}},{"type":"Feature","properties":{"id":"mount-2000","type":"mountain","longitude":42.918627,"latitude":43.291709,"elevation_m":4075,"name":""},"geometry":{"type":"Point","coordinates":[42.918627,43.291709]}},{"type":"Feature","properties":{"id":"mount-2001","type":"mountain","longitude":42.881109,"latitude":43.15354,"elevation_m":4030,"name":""},"geometry":{"type":"Point","coordinates":[42.881109,43.15354]}},{"type":"Feature","properties":{"id":"mount-2002","type":"mountain","longitude":43.452591,"latitude":42.97532,"elevation_m":4391,"name":""},"geometry":{"type":"Point","coordinates":[43.452591,42.97532]}},{"type":"Feature","properties":{"id":"mount-2003","type":"mountain","longitude":43.031441,"latitude":43.016792,"elevation_m":4543,"name":""},"geometry":{"type":"Point","coordinates":[43.031441,43.016792]}},{"type":"Feature","properties":{"id":"mount-2004","type":"mountain","longitude":43.027074,"latitude":43.078935,"elevation_m":4041,"name":""},"geometry":{"type":"Point","coordinates":[43.027074,43.078935]}},{"type":"Feature","properties":{"id":"mount-2005","type":"mountain","longitude":43.065752,"latitude":43.098053,"elevation_m":4311,"name":""},"geometry":{"type":"Point","coordinates":[43.065752,43.098053]}},{"type":"Feature","properties":{"id":"mount-2006","type":"mountain","longitude":42.840457,"latitude":43.271605,"elevation_m":4125,"name":""},"geometry":{"type":"Point","coordinates":[42.840457,43.271605]}},{"type":"Feature","properties":{"id":"mount-2007","type":"mountain","longitude":42.864618,"latitude":43.198434,"elevation_m":4072,"name":""},"geometry":{"type":"Point","coordinates":[42.864618,43.198434]}},{"type":"Feature","properties":{"id":"mount-2008","type":"mountain","longitude":42.902641,"latitude":43.233244,"elevation_m":4261,"name":""},"geometry":{"type":"Point","coordinates":[42.902641,43.233244]}},{"type":"Feature","properties":{"id":"mount-2009","type":"mountain","longitude":42.883962,"latitude":43.240615,"elevation_m":4197,"name":""},"geometry":{"type":"Point","coordinates":[42.883962,43.240615]}},{"type":"Feature","properties":{"id":"mount-2010","type":"mountain","longitude":42.885915,"latitude":43.241404,"elevation_m":4242,"name":""},"geometry":{"type":"Point","coordinates":[42.885915,43.241404]}},{"type":"Feature","properties":{"id":"mount-2011","type":"mountain","longitude":42.87288,"latitude":43.250439,"elevation_m":4177,"name":""},"geometry":{"type":"Point","coordinates":[42.87288,43.250439]}},{"type":"Feature","properties":{"id":"mount-2012","type":"mountain","longitude":42.966338,"latitude":43.294715,"elevation_m":4132,"name":""},"geometry":{"type":"Point","coordinates":[42.966338,43.294715]}},{"type":"Feature","properties":{"id":"mount-2013","type":"mountain","longitude":42.866356,"latitude":43.252267,"elevation_m":4202,"name":""},"geometry":{"type":"Point","coordinates":[42.866356,43.252267]}},{"type":"Feature","properties":{"id":"mount-2014","type":"mountain","longitude":42.868685,"latitude":43.252439,"elevation_m":4185,"name":""},"geometry":{"type":"Point","coordinates":[42.868685,43.252439]}},{"type":"Feature","properties":{"id":"mount-2015","type":"mountain","longitude":42.856958,"latitude":43.256424,"elevation_m":4131,"name":""},"geometry":{"type":"Point","coordinates":[42.856958,43.256424]}},{"type":"Feature","properties":{"id":"mount-2016","type":"mountain","longitude":42.917093,"latitude":43.258807,"elevation_m":4118,"name":""},"geometry":{"type":"Point","coordinates":[42.917093,43.258807]}},{"type":"Feature","properties":{"id":"mount-2017","type":"mountain","longitude":42.849212,"latitude":43.267456,"elevation_m":4178,"name":""},"geometry":{"type":"Point","coordinates":[42.849212,43.267456]}},{"type":"Feature","properties":{"id":"mount-2018","type":"mountain","longitude":43.222747,"latitude":43.031647,"elevation_m":4312,"name":""},"geometry":{"type":"Point","coordinates":[43.222747,43.031647]}},{"type":"Feature","properties":{"id":"mount-2019","type":"mountain","longitude":43.227296,"latitude":43.028463,"elevation_m":4499,"name":""},"geometry":{"type":"Point","coordinates":[43.227296,43.028463]}},{"type":"Feature","properties":{"id":"mount-2020","type":"mountain","longitude":43.23869,"latitude":43.047738,"elevation_m":4458,"name":""},"geometry":{"type":"Point","coordinates":[43.23869,43.047738]}},{"type":"Feature","properties":{"id":"mount-2021","type":"mountain","longitude":43.249665,"latitude":43.051823,"elevation_m":4287,"name":""},"geometry":{"type":"Point","coordinates":[43.249665,43.051823]}},{"type":"Feature","properties":{"id":"mount-2022","type":"mountain","longitude":43.250459,"latitude":43.055884,"elevation_m":4212,"name":""},"geometry":{"type":"Point","coordinates":[43.250459,43.055884]}},{"type":"Feature","properties":{"id":"mount-2023","type":"mountain","longitude":43.212651,"latitude":43.09611,"elevation_m":4299,"name":""},"geometry":{"type":"Point","coordinates":[43.212651,43.09611]}},{"type":"Feature","properties":{"id":"mount-2024","type":"mountain","longitude":42.65856,"latitude":43.124291,"elevation_m":4521,"name":""},"geometry":{"type":"Point","coordinates":[42.65856,43.124291]}},{"type":"Feature","properties":{"id":"mount-2025","type":"mountain","longitude":42.822261,"latitude":43.134392,"elevation_m":4086,"name":""},"geometry":{"type":"Point","coordinates":[42.822261,43.134392]}},{"type":"Feature","properties":{"id":"mount-2026","type":"mountain","longitude":42.946619,"latitude":43.163033,"elevation_m":4061,"name":""},"geometry":{"type":"Point","coordinates":[42.946619,43.163033]}},{"type":"Feature","properties":{"id":"mount-2027","type":"mountain","longitude":43.147012,"latitude":42.968647,"elevation_m":4090,"name":""},"geometry":{"type":"Point","coordinates":[43.147012,42.968647]}},{"type":"Feature","properties":{"id":"mount-2028","type":"mountain","longitude":43.022912,"latitude":43.062986,"elevation_m":4153,"name":""},"geometry":{"type":"Point","coordinates":[43.022912,43.062986]}},{"type":"Feature","properties":{"id":"mount-2029","type":"mountain","longitude":43.134588,"latitude":42.979087,"elevation_m":4099,"name":""},"geometry":{"type":"Point","coordinates":[43.134588,42.979087]}},{"type":"Feature","properties":{"id":"mount-2030","type":"mountain","longitude":43.143793,"latitude":42.967014,"elevation_m":4139,"name":""},"geometry":{"type":"Point","coordinates":[43.143793,42.967014]}},{"type":"Feature","properties":{"id":"mount-2031","type":"mountain","longitude":42.404158,"latitude":43.370827,"elevation_m":4323,"name":""},"geometry":{"type":"Point","coordinates":[42.404158,43.370827]}},{"type":"Feature","properties":{"id":"mount-2032","type":"mountain","longitude":42.4061,"latitude":43.341347,"elevation_m":4931,"name":""},"geometry":{"type":"Point","coordinates":[42.4061,43.341347]}},{"type":"Feature","properties":{"id":"mount-2033","type":"mountain","longitude":42.959654,"latitude":43.269737,"elevation_m":4023,"name":""},"geometry":{"type":"Point","coordinates":[42.959654,43.269737]}},{"type":"Feature","properties":{"id":"mount-2034","type":"mountain","longitude":42.679675,"latitude":43.172705,"elevation_m":4056,"name":""},"geometry":{"type":"Point","coordinates":[42.679675,43.172705]}},{"type":"Feature","properties":{"id":"mount-2035","type":"mountain","longitude":42.511232,"latitude":43.199381,"elevation_m":4405,"name":""},"geometry":{"type":"Point","coordinates":[42.511232,43.199381]}},{"type":"Feature","properties":{"id":"mount-2036","type":"mountain","longitude":43.443418,"latitude":42.98156,"elevation_m":4127,"name":""},"geometry":{"type":"Point","coordinates":[43.443418,42.98156]}},{"type":"Feature","properties":{"id":"mount-2037","type":"mountain","longitude":42.494999,"latitude":43.2001,"elevation_m":4233,"name":""},"geometry":{"type":"Point","coordinates":[42.494999,43.2001]}},{"type":"Feature","properties":{"id":"mount-2038","type":"mountain","longitude":42.514547,"latitude":43.194813,"elevation_m":4434,"name":""},"geometry":{"type":"Point","coordinates":[42.514547,43.194813]}},{"type":"Feature","properties":{"id":"mount-2039","type":"mountain","longitude":42.93265,"latitude":43.146847,"elevation_m":4193,"name":""},"geometry":{"type":"Point","coordinates":[42.93265,43.146847]}},{"type":"Feature","properties":{"id":"mount-2040","type":"mountain","longitude":42.929142,"latitude":43.124816,"elevation_m":4032,"name":""},"geometry":{"type":"Point","coordinates":[42.929142,43.124816]}},{"type":"Feature","properties":{"id":"mount-2041","type":"mountain","longitude":42.990071,"latitude":43.119115,"elevation_m":4531,"name":""},"geometry":{"type":"Point","coordinates":[42.990071,43.119115]}},{"type":"Feature","properties":{"id":"mount-2042","type":"mountain","longitude":43.00081,"latitude":43.113476,"elevation_m":4202,"name":""},"geometry":{"type":"Point","coordinates":[43.00081,43.113476]}},{"type":"Feature","properties":{"id":"mount-2043","type":"mountain","longitude":43.02775,"latitude":43.099017,"elevation_m":4018,"name":""},"geometry":{"type":"Point","coordinates":[43.02775,43.099017]}},{"type":"Feature","properties":{"id":"mount-2044","type":"mountain","longitude":43.04305,"latitude":43.088001,"elevation_m":4284,"name":""},"geometry":{"type":"Point","coordinates":[43.04305,43.088001]}},{"type":"Feature","properties":{"id":"mount-2045","type":"mountain","longitude":43.03614,"latitude":43.082485,"elevation_m":4051,"name":""},"geometry":{"type":"Point","coordinates":[43.03614,43.082485]}},{"type":"Feature","properties":{"id":"mount-2046","type":"mountain","longitude":43.036344,"latitude":43.0296,"elevation_m":4881,"name":""},"geometry":{"type":"Point","coordinates":[43.036344,43.0296]}},{"type":"Feature","properties":{"id":"mount-2047","type":"mountain","longitude":43.133333,"latitude":42.985131,"elevation_m":4384,"name":""},"geometry":{"type":"Point","coordinates":[43.133333,42.985131]}},{"type":"Feature","properties":{"id":"mount-2048","type":"mountain","longitude":43.141487,"latitude":42.976481,"elevation_m":4132,"name":""},"geometry":{"type":"Point","coordinates":[43.141487,42.976481]}},{"type":"Feature","properties":{"id":"mount-2049","type":"mountain","longitude":43.142828,"latitude":42.969911,"elevation_m":4161,"name":""},"geometry":{"type":"Point","coordinates":[43.142828,42.969911]}},{"type":"Feature","properties":{"id":"mount-2050","type":"mountain","longitude":43.179413,"latitude":42.957318,"elevation_m":4503,"name":""},"geometry":{"type":"Point","coordinates":[43.179413,42.957318]}},{"type":"Feature","properties":{"id":"mount-2051","type":"mountain","longitude":43.186301,"latitude":42.937614,"elevation_m":4172,"name":""},"geometry":{"type":"Point","coordinates":[43.186301,42.937614]}},{"type":"Feature","properties":{"id":"mount-2052","type":"mountain","longitude":43.210634,"latitude":42.932469,"elevation_m":4037,"name":""},"geometry":{"type":"Point","coordinates":[43.210634,42.932469]}},{"type":"Feature","properties":{"id":"mount-2053","type":"mountain","longitude":43.213123,"latitude":43.064459,"elevation_m":4307,"name":""},"geometry":{"type":"Point","coordinates":[43.213123,43.064459]}},{"type":"Feature","properties":{"id":"mount-2054","type":"mountain","longitude":43.162891,"latitude":43.022635,"elevation_m":4161,"name":""},"geometry":{"type":"Point","coordinates":[43.162891,43.022635]}},{"type":"Feature","properties":{"id":"mount-2055","type":"mountain","longitude":42.645149,"latitude":43.148507,"elevation_m":4157,"name":""},"geometry":{"type":"Point","coordinates":[42.645149,43.148507]}},{"type":"Feature","properties":{"id":"mount-2056","type":"mountain","longitude":43.395749,"latitude":42.993646,"elevation_m":4463,"name":""},"geometry":{"type":"Point","coordinates":[43.395749,42.993646]}},{"type":"Feature","properties":{"id":"mount-2057","type":"mountain","longitude":43.46804,"latitude":42.955048,"elevation_m":4017,"name":""},"geometry":{"type":"Point","coordinates":[43.46804,42.955048]}},{"type":"Feature","properties":{"id":"mount-2058","type":"mountain","longitude":43.432539,"latitude":42.964172,"elevation_m":4079,"name":""},"geometry":{"type":"Point","coordinates":[43.432539,42.964172]}},{"type":"Feature","properties":{"id":"mount-2059","type":"mountain","longitude":43.441122,"latitude":42.965931,"elevation_m":4059,"name":""},"geometry":{"type":"Point","coordinates":[43.441122,42.965931]}},{"type":"Feature","properties":{"id":"mount-2060","type":"mountain","longitude":42.693933,"latitude":43.172752,"elevation_m":4016,"name":""},"geometry":{"type":"Point","coordinates":[42.693933,43.172752]}},{"type":"Feature","properties":{"id":"mount-2061","type":"mountain","longitude":43.248367,"latitude":42.9474,"elevation_m":4054,"name":""},"geometry":{"type":"Point","coordinates":[43.248367,42.9474]}},{"type":"Feature","properties":{"id":"mount-2062","type":"mountain","longitude":42.402763,"latitude":43.366537,"elevation_m":4352,"name":""},"geometry":{"type":"Point","coordinates":[42.402763,43.366537]}},{"type":"Feature","properties":{"id":"mount-2063","type":"mountain","longitude":43.098958,"latitude":43.050733,"elevation_m":4061,"name":""},"geometry":{"type":"Point","coordinates":[43.098958,43.050733]}},{"type":"Feature","properties":{"id":"mount-2064","type":"mountain","longitude":43.510773,"latitude":42.982745,"elevation_m":4115,"name":""},"geometry":{"type":"Point","coordinates":[43.510773,42.982745]}},{"type":"Feature","properties":{"id":"mount-2065","type":"mountain","longitude":43.389173,"latitude":43.012147,"elevation_m":4114,"name":""},"geometry":{"type":"Point","coordinates":[43.389173,43.012147]}},{"type":"Feature","properties":{"id":"mount-2066","type":"mountain","longitude":43.392112,"latitude":43.001469,"elevation_m":4297,"name":""},"geometry":{"type":"Point","coordinates":[43.392112,43.001469]}},{"type":"Feature","properties":{"id":"mount-2067","type":"mountain","longitude":43.378208,"latitude":43.002678,"elevation_m":4002,"name":""},"geometry":{"type":"Point","coordinates":[43.378208,43.002678]}},{"type":"Feature","properties":{"id":"mount-2068","type":"mountain","longitude":42.982539,"latitude":43.023443,"elevation_m":4229,"name":""},"geometry":{"type":"Point","coordinates":[42.982539,43.023443]}},{"type":"Feature","properties":{"id":"mount-2069","type":"mountain","longitude":43.512501,"latitude":42.957498,"elevation_m":4213,"name":""},"geometry":{"type":"Point","coordinates":[43.512501,42.957498]}},{"type":"Feature","properties":{"id":"mount-2070","type":"mountain","longitude":42.522132,"latitude":43.190847,"elevation_m":4394,"name":""},"geometry":{"type":"Point","coordinates":[42.522132,43.190847]}},{"type":"Feature","properties":{"id":"mount-2071","type":"mountain","longitude":42.600775,"latitude":43.326942,"elevation_m":4007,"name":""},"geometry":{"type":"Point","coordinates":[42.600775,43.326942]}},{"type":"Feature","properties":{"id":"mount-2072","type":"mountain","longitude":42.685651,"latitude":43.174512,"elevation_m":4221,"name":""},"geometry":{"type":"Point","coordinates":[42.685651,43.174512]}},{"type":"Feature","properties":{"id":"mount-2073","type":"mountain","longitude":42.71022,"latitude":43.178816,"elevation_m":4192,"name":""},"geometry":{"type":"Point","coordinates":[42.71022,43.178816]}},{"type":"Feature","properties":{"id":"mount-2074","type":"mountain","longitude":42.678977,"latitude":43.165443,"elevation_m":4014,"name":""},"geometry":{"type":"Point","coordinates":[42.678977,43.165443]}},{"type":"Feature","properties":{"id":"mount-2075","type":"mountain","longitude":42.727686,"latitude":43.241733,"elevation_m":4028,"name":""},"geometry":{"type":"Point","coordinates":[42.727686,43.241733]}},{"type":"Feature","properties":{"id":"mount-2076","type":"mountain","longitude":42.860262,"latitude":43.178557,"elevation_m":4011,"name":""},"geometry":{"type":"Point","coordinates":[42.860262,43.178557]}},{"type":"Feature","properties":{"id":"mount-2077","type":"mountain","longitude":42.8246,"latitude":43.173472,"elevation_m":4270,"name":""},"geometry":{"type":"Point","coordinates":[42.8246,43.173472]}},{"type":"Feature","properties":{"id":"mount-2078","type":"mountain","longitude":42.863384,"latitude":43.175577,"elevation_m":4016,"name":""},"geometry":{"type":"Point","coordinates":[42.863384,43.175577]}},{"type":"Feature","properties":{"id":"rock-0001","type":"rock","longitude":41.853662,"latitude":43.20771,"elevation_m":3314,"name":""},"geometry":{"type":"Point","coordinates":[41.853662,43.20771]}},{"type":"Feature","properties":{"id":"rock-0002","type":"rock","longitude":41.944932,"latitude":43.215193,"elevation_m":3240,"name":""},"geometry":{"type":"Point","coordinates":[41.944932,43.215193]}},{"type":"Feature","properties":{"id":"rock-0003","type":"rock","longitude":41.947893,"latitude":43.195634,"elevation_m":3449,"name":""},"geometry":{"type":"Point","coordinates":[41.947893,43.195634]}},{"type":"Feature","properties":{"id":"rock-0004","type":"rock","longitude":41.159484,"latitude":43.409295,"elevation_m":3604,"name":""},"geometry":{"type":"Point","coordinates":[41.159484,43.409295]}},{"type":"Feature","properties":{"id":"rock-0005","type":"rock","longitude":42.993461,"latitude":43.173683,"elevation_m":3228,"name":""},"geometry":{"type":"Point","coordinates":[42.993461,43.173683]}},{"type":"Feature","properties":{"id":"rock-0006","type":"rock","longitude":43.037857,"latitude":43.255752,"elevation_m":3675,"name":""},"geometry":{"type":"Point","coordinates":[43.037857,43.255752]}},{"type":"Feature","properties":{"id":"rock-0007","type":"rock","longitude":42.968549,"latitude":43.165561,"elevation_m":3728,"name":""},"geometry":{"type":"Point","coordinates":[42.968549,43.165561]}},{"type":"Feature","properties":{"id":"rock-0008","type":"rock","longitude":42.964461,"latitude":43.181476,"elevation_m":3526,"name":""},"geometry":{"type":"Point","coordinates":[42.964461,43.181476]}},{"type":"Feature","properties":{"id":"rock-0009","type":"rock","longitude":41.229329,"latitude":43.439436,"elevation_m":3236,"name":""},"geometry":{"type":"Point","coordinates":[41.229329,43.439436]}},{"type":"Feature","properties":{"id":"rock-0010","type":"rock","longitude":41.25275,"latitude":43.41659,"elevation_m":3236,"name":""},"geometry":{"type":"Point","coordinates":[41.25275,43.41659]}},{"type":"Feature","properties":{"id":"rock-0011","type":"rock","longitude":41.25923,"latitude":43.417346,"elevation_m":3330,"name":""},"geometry":{"type":"Point","coordinates":[41.25923,43.417346]}},{"type":"Feature","properties":{"id":"rock-0012","type":"rock","longitude":41.208558,"latitude":43.464491,"elevation_m":3205,"name":""},"geometry":{"type":"Point","coordinates":[41.208558,43.464491]}},{"type":"Feature","properties":{"id":"rock-0013","type":"rock","longitude":41.247901,"latitude":43.390361,"elevation_m":3448,"name":""},"geometry":{"type":"Point","coordinates":[41.247901,43.390361]}},{"type":"Feature","properties":{"id":"rock-0014","type":"rock","longitude":41.197636,"latitude":43.382306,"elevation_m":3419,"name":""},"geometry":{"type":"Point","coordinates":[41.197636,43.382306]}},{"type":"Feature","properties":{"id":"rock-0015","type":"rock","longitude":42.161858,"latitude":43.227757,"elevation_m":3473,"name":""},"geometry":{"type":"Point","coordinates":[42.161858,43.227757]}},{"type":"Feature","properties":{"id":"rock-0016","type":"rock","longitude":41.106141,"latitude":43.413379,"elevation_m":3460,"name":""},"geometry":{"type":"Point","coordinates":[41.106141,43.413379]}},{"type":"Feature","properties":{"id":"rock-0017","type":"rock","longitude":41.676421,"latitude":43.524982,"elevation_m":3208,"name":""},"geometry":{"type":"Point","coordinates":[41.676421,43.524982]}},{"type":"Feature","properties":{"id":"rock-0018","type":"rock","longitude":43.540438,"latitude":42.944337,"elevation_m":3698,"name":""},"geometry":{"type":"Point","coordinates":[43.540438,42.944337]}},{"type":"Feature","properties":{"id":"rock-0019","type":"rock","longitude":43.531684,"latitude":42.94586,"elevation_m":3738,"name":""},"geometry":{"type":"Point","coordinates":[43.531684,42.94586]}},{"type":"Feature","properties":{"id":"rock-0020","type":"rock","longitude":43.522457,"latitude":42.95325,"elevation_m":3932,"name":""},"geometry":{"type":"Point","coordinates":[43.522457,42.95325]}},{"type":"Feature","properties":{"id":"rock-0021","type":"rock","longitude":43.460004,"latitude":42.986669,"elevation_m":3935,"name":""},"geometry":{"type":"Point","coordinates":[43.460004,42.986669]}},{"type":"Feature","properties":{"id":"rock-0022","type":"rock","longitude":43.460745,"latitude":42.992516,"elevation_m":3981,"name":""},"geometry":{"type":"Point","coordinates":[43.460745,42.992516]}},{"type":"Feature","properties":{"id":"rock-0023","type":"rock","longitude":43.464961,"latitude":42.997452,"elevation_m":3871,"name":""},"geometry":{"type":"Point","coordinates":[43.464961,42.997452]}},{"type":"Feature","properties":{"id":"rock-0024","type":"rock","longitude":43.460004,"latitude":43.000826,"elevation_m":3705,"name":""},"geometry":{"type":"Point","coordinates":[43.460004,43.000826]}},{"type":"Feature","properties":{"id":"rock-0025","type":"rock","longitude":43.51721,"latitude":42.993991,"elevation_m":3735,"name":""},"geometry":{"type":"Point","coordinates":[43.51721,42.993991]}},{"type":"Feature","properties":{"id":"rock-0026","type":"rock","longitude":43.526995,"latitude":42.979064,"elevation_m":3734,"name":""},"geometry":{"type":"Point","coordinates":[43.526995,42.979064]}},{"type":"Feature","properties":{"id":"rock-0027","type":"rock","longitude":42.54035,"latitude":43.271698,"elevation_m":3506,"name":""},"geometry":{"type":"Point","coordinates":[42.54035,43.271698]}},{"type":"Feature","properties":{"id":"rock-0028","type":"rock","longitude":42.059805,"latitude":43.374508,"elevation_m":3424,"name":""},"geometry":{"type":"Point","coordinates":[42.059805,43.374508]}},{"type":"Feature","properties":{"id":"rock-0029","type":"rock","longitude":41.234307,"latitude":43.435011,"elevation_m":3216,"name":""},"geometry":{"type":"Point","coordinates":[41.234307,43.435011]}},{"type":"Feature","properties":{"id":"rock-0030","type":"rock","longitude":41.245937,"latitude":43.408384,"elevation_m":3210,"name":""},"geometry":{"type":"Point","coordinates":[41.245937,43.408384]}},{"type":"Feature","properties":{"id":"rock-0031","type":"rock","longitude":41.227248,"latitude":43.429736,"elevation_m":3218,"name":""},"geometry":{"type":"Point","coordinates":[41.227248,43.429736]}},{"type":"Feature","properties":{"id":"rock-0032","type":"rock","longitude":43.174682,"latitude":43.184816,"elevation_m":3786,"name":""},"geometry":{"type":"Point","coordinates":[43.174682,43.184816]}},{"type":"Feature","properties":{"id":"rock-0033","type":"rock","longitude":42.873856,"latitude":43.188892,"elevation_m":3870,"name":""},"geometry":{"type":"Point","coordinates":[42.873856,43.188892]}},{"type":"Feature","properties":{"id":"rock-0034","type":"rock","longitude":42.944977,"latitude":43.289975,"elevation_m":3987,"name":""},"geometry":{"type":"Point","coordinates":[42.944977,43.289975]}},{"type":"Feature","properties":{"id":"rock-0035","type":"rock","longitude":42.979975,"latitude":43.294661,"elevation_m":3782,"name":""},"geometry":{"type":"Point","coordinates":[42.979975,43.294661]}},{"type":"Feature","properties":{"id":"rock-0036","type":"rock","longitude":42.988054,"latitude":43.301602,"elevation_m":3582,"name":""},"geometry":{"type":"Point","coordinates":[42.988054,43.301602]}},{"type":"Feature","properties":{"id":"rock-0037","type":"rock","longitude":42.995059,"latitude":43.33189,"elevation_m":3212,"name":""},"geometry":{"type":"Point","coordinates":[42.995059,43.33189]}},{"type":"Feature","properties":{"id":"rock-0038","type":"rock","longitude":41.506037,"latitude":43.315866,"elevation_m":3246,"name":""},"geometry":{"type":"Point","coordinates":[41.506037,43.315866]}},{"type":"Feature","properties":{"id":"rock-0039","type":"rock","longitude":42.392271,"latitude":43.46073,"elevation_m":3294,"name":""},"geometry":{"type":"Point","coordinates":[42.392271,43.46073]}},{"type":"Feature","properties":{"id":"rock-0040","type":"rock","longitude":43.143407,"latitude":42.957632,"elevation_m":3833,"name":""},"geometry":{"type":"Point","coordinates":[43.143407,42.957632]}},{"type":"Feature","properties":{"id":"rock-0041","type":"rock","longitude":41.662334,"latitude":43.409654,"elevation_m":3225,"name":""},"geometry":{"type":"Point","coordinates":[41.662334,43.409654]}},{"type":"Feature","properties":{"id":"rock-0042","type":"rock","longitude":41.633956,"latitude":43.410971,"elevation_m":3247,"name":""},"geometry":{"type":"Point","coordinates":[41.633956,43.410971]}},{"type":"Feature","properties":{"id":"rock-0043","type":"rock","longitude":41.592007,"latitude":43.425497,"elevation_m":3563,"name":""},"geometry":{"type":"Point","coordinates":[41.592007,43.425497]}},{"type":"Feature","properties":{"id":"rock-0044","type":"rock","longitude":41.581653,"latitude":43.432291,"elevation_m":3712,"name":""},"geometry":{"type":"Point","coordinates":[41.581653,43.432291]}},{"type":"Feature","properties":{"id":"rock-0045","type":"rock","longitude":41.596931,"latitude":43.418071,"elevation_m":3573,"name":""},"geometry":{"type":"Point","coordinates":[41.596931,43.418071]}},{"type":"Feature","properties":{"id":"rock-0046","type":"rock","longitude":41.581568,"latitude":43.413621,"elevation_m":3373,"name":""},"geometry":{"type":"Point","coordinates":[41.581568,43.413621]}},{"type":"Feature","properties":{"id":"rock-0047","type":"rock","longitude":41.563715,"latitude":43.421219,"elevation_m":3245,"name":""},"geometry":{"type":"Point","coordinates":[41.563715,43.421219]}},{"type":"Feature","properties":{"id":"rock-0048","type":"rock","longitude":41.62679,"latitude":43.438508,"elevation_m":3282,"name":""},"geometry":{"type":"Point","coordinates":[41.62679,43.438508]}},{"type":"Feature","properties":{"id":"rock-0049","type":"rock","longitude":41.618153,"latitude":43.386353,"elevation_m":3219,"name":""},"geometry":{"type":"Point","coordinates":[41.618153,43.386353]}},{"type":"Feature","properties":{"id":"rock-0050","type":"rock","longitude":41.644524,"latitude":43.50869,"elevation_m":3469,"name":""},"geometry":{"type":"Point","coordinates":[41.644524,43.50869]}},{"type":"Feature","properties":{"id":"rock-0051","type":"rock","longitude":41.656251,"latitude":43.504511,"elevation_m":3236,"name":""},"geometry":{"type":"Point","coordinates":[41.656251,43.504511]}},{"type":"Feature","properties":{"id":"rock-0052","type":"rock","longitude":41.575506,"latitude":43.442606,"elevation_m":3468,"name":""},"geometry":{"type":"Point","coordinates":[41.575506,43.442606]}},{"type":"Feature","properties":{"id":"rock-0053","type":"rock","longitude":41.585366,"latitude":43.447233,"elevation_m":3337,"name":""},"geometry":{"type":"Point","coordinates":[41.585366,43.447233]}},{"type":"Feature","properties":{"id":"rock-0054","type":"rock","longitude":41.826582,"latitude":43.399786,"elevation_m":3379,"name":""},"geometry":{"type":"Point","coordinates":[41.826582,43.399786]}},{"type":"Feature","properties":{"id":"rock-0055","type":"rock","longitude":41.864616,"latitude":43.358636,"elevation_m":3432,"name":""},"geometry":{"type":"Point","coordinates":[41.864616,43.358636]}},{"type":"Feature","properties":{"id":"rock-0056","type":"rock","longitude":41.89177,"latitude":43.393308,"elevation_m":3263,"name":""},"geometry":{"type":"Point","coordinates":[41.89177,43.393308]}},{"type":"Feature","properties":{"id":"rock-0057","type":"rock","longitude":41.886621,"latitude":43.405086,"elevation_m":3603,"name":""},"geometry":{"type":"Point","coordinates":[41.886621,43.405086]}},{"type":"Feature","properties":{"id":"rock-0058","type":"rock","longitude":41.934482,"latitude":43.358792,"elevation_m":3399,"name":""},"geometry":{"type":"Point","coordinates":[41.934482,43.358792]}},{"type":"Feature","properties":{"id":"rock-0059","type":"rock","longitude":41.84967,"latitude":43.489864,"elevation_m":3297,"name":""},"geometry":{"type":"Point","coordinates":[41.84967,43.489864]}},{"type":"Feature","properties":{"id":"rock-0060","type":"rock","longitude":41.82935,"latitude":43.330173,"elevation_m":3525,"name":""},"geometry":{"type":"Point","coordinates":[41.82935,43.330173]}},{"type":"Feature","properties":{"id":"rock-0061","type":"rock","longitude":41.842697,"latitude":43.307606,"elevation_m":3524,"name":""},"geometry":{"type":"Point","coordinates":[41.842697,43.307606]}},{"type":"Feature","properties":{"id":"rock-0062","type":"rock","longitude":41.767123,"latitude":43.391655,"elevation_m":3292,"name":""},"geometry":{"type":"Point","coordinates":[41.767123,43.391655]}},{"type":"Feature","properties":{"id":"rock-0063","type":"rock","longitude":41.896555,"latitude":43.480951,"elevation_m":3251,"name":""},"geometry":{"type":"Point","coordinates":[41.896555,43.480951]}},{"type":"Feature","properties":{"id":"rock-0064","type":"rock","longitude":41.880355,"latitude":43.490572,"elevation_m":3325,"name":""},"geometry":{"type":"Point","coordinates":[41.880355,43.490572]}},{"type":"Feature","properties":{"id":"rock-0065","type":"rock","longitude":41.91252,"latitude":43.408781,"elevation_m":3398,"name":""},"geometry":{"type":"Point","coordinates":[41.91252,43.408781]}},{"type":"Feature","properties":{"id":"rock-0066","type":"rock","longitude":41.882876,"latitude":43.388552,"elevation_m":3260,"name":""},"geometry":{"type":"Point","coordinates":[41.882876,43.388552]}},{"type":"Feature","properties":{"id":"rock-0067","type":"rock","longitude":41.825305,"latitude":43.392957,"elevation_m":3454,"name":""},"geometry":{"type":"Point","coordinates":[41.825305,43.392957]}},{"type":"Feature","properties":{"id":"rock-0068","type":"rock","longitude":41.910256,"latitude":43.290873,"elevation_m":3355,"name":""},"geometry":{"type":"Point","coordinates":[41.910256,43.290873]}},{"type":"Feature","properties":{"id":"rock-0069","type":"rock","longitude":41.896405,"latitude":43.286351,"elevation_m":3624,"name":""},"geometry":{"type":"Point","coordinates":[41.896405,43.286351]}},{"type":"Feature","properties":{"id":"rock-0070","type":"rock","longitude":41.524973,"latitude":43.445527,"elevation_m":3337,"name":""},"geometry":{"type":"Point","coordinates":[41.524973,43.445527]}},{"type":"Feature","properties":{"id":"rock-0071","type":"rock","longitude":42.544116,"latitude":43.321806,"elevation_m":3674,"name":""},"geometry":{"type":"Point","coordinates":[42.544116,43.321806]}},{"type":"Feature","properties":{"id":"rock-0072","type":"rock","longitude":42.560499,"latitude":43.323624,"elevation_m":3455,"name":""},"geometry":{"type":"Point","coordinates":[42.560499,43.323624]}},{"type":"Feature","properties":{"id":"rock-0073","type":"rock","longitude":42.216736,"latitude":43.253572,"elevation_m":3404,"name":""},"geometry":{"type":"Point","coordinates":[42.216736,43.253572]}},{"type":"Feature","properties":{"id":"rock-0074","type":"rock","longitude":42.142589,"latitude":43.290569,"elevation_m":3294,"name":""},"geometry":{"type":"Point","coordinates":[42.142589,43.290569]}},{"type":"Feature","properties":{"id":"rock-0075","type":"rock","longitude":42.153586,"latitude":43.306138,"elevation_m":3473,"name":""},"geometry":{"type":"Point","coordinates":[42.153586,43.306138]}},{"type":"Feature","properties":{"id":"rock-0076","type":"rock","longitude":42.121689,"latitude":43.30663,"elevation_m":3453,"name":""},"geometry":{"type":"Point","coordinates":[42.121689,43.30663]}},{"type":"Feature","properties":{"id":"rock-0077","type":"rock","longitude":42.212917,"latitude":43.27187,"elevation_m":3688,"name":""},"geometry":{"type":"Point","coordinates":[42.212917,43.27187]}},{"type":"Feature","properties":{"id":"rock-0078","type":"rock","longitude":42.215931,"latitude":43.256932,"elevation_m":3455,"name":""},"geometry":{"type":"Point","coordinates":[42.215931,43.256932]}},{"type":"Feature","properties":{"id":"rock-0079","type":"rock","longitude":42.223688,"latitude":43.261636,"elevation_m":3653,"name":""},"geometry":{"type":"Point","coordinates":[42.223688,43.261636]}},{"type":"Feature","properties":{"id":"rock-0080","type":"rock","longitude":42.417837,"latitude":43.405772,"elevation_m":3531,"name":""},"geometry":{"type":"Point","coordinates":[42.417837,43.405772]}},{"type":"Feature","properties":{"id":"rock-0081","type":"rock","longitude":41.601115,"latitude":43.363394,"elevation_m":3269,"name":""},"geometry":{"type":"Point","coordinates":[41.601115,43.363394]}},{"type":"Feature","properties":{"id":"rock-0082","type":"rock","longitude":41.58352,"latitude":43.365843,"elevation_m":3269,"name":""},"geometry":{"type":"Point","coordinates":[41.58352,43.365843]}},{"type":"Feature","properties":{"id":"rock-0083","type":"rock","longitude":41.578896,"latitude":43.408446,"elevation_m":3527,"name":""},"geometry":{"type":"Point","coordinates":[41.578896,43.408446]}},{"type":"Feature","properties":{"id":"rock-0084","type":"rock","longitude":41.452092,"latitude":43.477448,"elevation_m":3401,"name":""},"geometry":{"type":"Point","coordinates":[41.452092,43.477448]}},{"type":"Feature","properties":{"id":"rock-0085","type":"rock","longitude":41.585419,"latitude":43.398367,"elevation_m":3381,"name":""},"geometry":{"type":"Point","coordinates":[41.585419,43.398367]}},{"type":"Feature","properties":{"id":"rock-0086","type":"rock","longitude":41.592017,"latitude":43.393261,"elevation_m":3449,"name":""},"geometry":{"type":"Point","coordinates":[41.592017,43.393261]}},{"type":"Feature","properties":{"id":"rock-0087","type":"rock","longitude":41.601255,"latitude":43.390688,"elevation_m":3437,"name":""},"geometry":{"type":"Point","coordinates":[41.601255,43.390688]}},{"type":"Feature","properties":{"id":"rock-0088","type":"rock","longitude":41.614226,"latitude":43.390407,"elevation_m":3278,"name":""},"geometry":{"type":"Point","coordinates":[41.614226,43.390407]}},{"type":"Feature","properties":{"id":"rock-0089","type":"rock","longitude":41.614441,"latitude":43.387452,"elevation_m":3356,"name":""},"geometry":{"type":"Point","coordinates":[41.614441,43.387452]}},{"type":"Feature","properties":{"id":"rock-0090","type":"rock","longitude":42.415112,"latitude":43.260542,"elevation_m":3472,"name":""},"geometry":{"type":"Point","coordinates":[42.415112,43.260542]}},{"type":"Feature","properties":{"id":"rock-0091","type":"rock","longitude":42.256958,"latitude":43.372605,"elevation_m":3504,"name":""},"geometry":{"type":"Point","coordinates":[42.256958,43.372605]}},{"type":"Feature","properties":{"id":"rock-0092","type":"rock","longitude":42.335075,"latitude":43.394937,"elevation_m":3219,"name":""},"geometry":{"type":"Point","coordinates":[42.335075,43.394937]}},{"type":"Feature","properties":{"id":"rock-0093","type":"rock","longitude":42.257302,"latitude":43.366405,"elevation_m":3324,"name":""},"geometry":{"type":"Point","coordinates":[42.257302,43.366405]}},{"type":"Feature","properties":{"id":"rock-0094","type":"rock","longitude":42.26051,"latitude":43.369704,"elevation_m":3419,"name":""},"geometry":{"type":"Point","coordinates":[42.26051,43.369704]}},{"type":"Feature","properties":{"id":"rock-0095","type":"rock","longitude":42.36517,"latitude":43.365336,"elevation_m":3505,"name":""},"geometry":{"type":"Point","coordinates":[42.36517,43.365336]}},{"type":"Feature","properties":{"id":"rock-0096","type":"rock","longitude":42.234492,"latitude":43.397057,"elevation_m":3358,"name":""},"geometry":{"type":"Point","coordinates":[42.234492,43.397057]}},{"type":"Feature","properties":{"id":"rock-0097","type":"rock","longitude":42.534267,"latitude":43.335994,"elevation_m":3897,"name":""},"geometry":{"type":"Point","coordinates":[42.534267,43.335994]}},{"type":"Feature","properties":{"id":"rock-0098","type":"rock","longitude":42.574081,"latitude":43.276268,"elevation_m":3525,"name":""},"geometry":{"type":"Point","coordinates":[42.574081,43.276268]}},{"type":"Feature","properties":{"id":"rock-0099","type":"rock","longitude":42.560037,"latitude":43.349688,"elevation_m":3704,"name":""},"geometry":{"type":"Point","coordinates":[42.560037,43.349688]}},{"type":"Feature","properties":{"id":"rock-0100","type":"rock","longitude":42.636287,"latitude":43.394415,"elevation_m":3391,"name":""},"geometry":{"type":"Point","coordinates":[42.636287,43.394415]}},{"type":"Feature","properties":{"id":"rock-0101","type":"rock","longitude":42.71803,"latitude":43.43318,"elevation_m":3404,"name":""},"geometry":{"type":"Point","coordinates":[42.71803,43.43318]}},{"type":"Feature","properties":{"id":"rock-0102","type":"rock","longitude":42.706872,"latitude":43.410129,"elevation_m":3359,"name":""},"geometry":{"type":"Point","coordinates":[42.706872,43.410129]}},{"type":"Feature","properties":{"id":"rock-0103","type":"rock","longitude":42.345235,"latitude":43.267863,"elevation_m":3483,"name":""},"geometry":{"type":"Point","coordinates":[42.345235,43.267863]}},{"type":"Feature","properties":{"id":"rock-0104","type":"rock","longitude":42.282236,"latitude":43.295082,"elevation_m":3260,"name":""},"geometry":{"type":"Point","coordinates":[42.282236,43.295082]}},{"type":"Feature","properties":{"id":"rock-0105","type":"rock","longitude":42.341802,"latitude":43.268136,"elevation_m":3477,"name":""},"geometry":{"type":"Point","coordinates":[42.341802,43.268136]}},{"type":"Feature","properties":{"id":"rock-0106","type":"rock","longitude":42.244277,"latitude":43.458807,"elevation_m":3243,"name":""},"geometry":{"type":"Point","coordinates":[42.244277,43.458807]}},{"type":"Feature","properties":{"id":"rock-0107","type":"rock","longitude":42.278277,"latitude":43.453238,"elevation_m":3294,"name":""},"geometry":{"type":"Point","coordinates":[42.278277,43.453238]}},{"type":"Feature","properties":{"id":"rock-0108","type":"rock","longitude":42.21267,"latitude":43.285399,"elevation_m":3732,"name":""},"geometry":{"type":"Point","coordinates":[42.21267,43.285399]}},{"type":"Feature","properties":{"id":"rock-0109","type":"rock","longitude":42.340461,"latitude":43.44749,"elevation_m":3360,"name":""},"geometry":{"type":"Point","coordinates":[42.340461,43.44749]}},{"type":"Feature","properties":{"id":"rock-0110","type":"rock","longitude":42.256519,"latitude":43.247938,"elevation_m":3391,"name":""},"geometry":{"type":"Point","coordinates":[42.256519,43.247938]}},{"type":"Feature","properties":{"id":"rock-0111","type":"rock","longitude":42.256851,"latitude":43.237872,"elevation_m":3358,"name":""},"geometry":{"type":"Point","coordinates":[42.256851,43.237872]}},{"type":"Feature","properties":{"id":"rock-0112","type":"rock","longitude":41.877168,"latitude":43.300462,"elevation_m":3634,"name":""},"geometry":{"type":"Point","coordinates":[41.877168,43.300462]}},{"type":"Feature","properties":{"id":"rock-0113","type":"rock","longitude":41.916919,"latitude":43.306826,"elevation_m":3448,"name":""},"geometry":{"type":"Point","coordinates":[41.916919,43.306826]}},{"type":"Feature","properties":{"id":"rock-0114","type":"rock","longitude":41.921006,"latitude":43.319425,"elevation_m":3501,"name":""},"geometry":{"type":"Point","coordinates":[41.921006,43.319425]}},{"type":"Feature","properties":{"id":"rock-0115","type":"rock","longitude":41.932636,"latitude":43.318317,"elevation_m":3291,"name":""},"geometry":{"type":"Point","coordinates":[41.932636,43.318317]}},{"type":"Feature","properties":{"id":"rock-0116","type":"rock","longitude":42.107184,"latitude":43.225998,"elevation_m":3343,"name":""},"geometry":{"type":"Point","coordinates":[42.107184,43.225998]}},{"type":"Feature","properties":{"id":"rock-0117","type":"rock","longitude":41.565185,"latitude":43.364502,"elevation_m":3343,"name":""},"geometry":{"type":"Point","coordinates":[41.565185,43.364502]}},{"type":"Feature","properties":{"id":"rock-0118","type":"rock","longitude":41.530144,"latitude":43.38116,"elevation_m":3575,"name":""},"geometry":{"type":"Point","coordinates":[41.530144,43.38116]}},{"type":"Feature","properties":{"id":"rock-0119","type":"rock","longitude":41.551419,"latitude":43.370827,"elevation_m":3557,"name":""},"geometry":{"type":"Point","coordinates":[41.551419,43.370827]}},{"type":"Feature","properties":{"id":"rock-0120","type":"rock","longitude":41.505607,"latitude":43.345186,"elevation_m":3267,"name":""},"geometry":{"type":"Point","coordinates":[41.505607,43.345186]}},{"type":"Feature","properties":{"id":"rock-0121","type":"rock","longitude":41.521229,"latitude":43.337157,"elevation_m":3545,"name":""},"geometry":{"type":"Point","coordinates":[41.521229,43.337157]}},{"type":"Feature","properties":{"id":"rock-0122","type":"rock","longitude":41.513257,"latitude":43.389815,"elevation_m":3470,"name":""},"geometry":{"type":"Point","coordinates":[41.513257,43.389815]}},{"type":"Feature","properties":{"id":"rock-0123","type":"rock","longitude":41.522205,"latitude":43.397666,"elevation_m":3340,"name":""},"geometry":{"type":"Point","coordinates":[41.522205,43.397666]}},{"type":"Feature","properties":{"id":"rock-0124","type":"rock","longitude":41.8373,"latitude":43.33306,"elevation_m":3510,"name":""},"geometry":{"type":"Point","coordinates":[41.8373,43.33306]}},{"type":"Feature","properties":{"id":"rock-0125","type":"rock","longitude":41.858811,"latitude":43.35791,"elevation_m":3547,"name":""},"geometry":{"type":"Point","coordinates":[41.858811,43.35791]}},{"type":"Feature","properties":{"id":"rock-0126","type":"rock","longitude":41.850454,"latitude":43.35816,"elevation_m":3395,"name":""},"geometry":{"type":"Point","coordinates":[41.850454,43.35816]}},{"type":"Feature","properties":{"id":"rock-0127","type":"rock","longitude":42.825233,"latitude":43.250032,"elevation_m":3795,"name":""},"geometry":{"type":"Point","coordinates":[42.825233,43.250032]}},{"type":"Feature","properties":{"id":"rock-0128","type":"rock","longitude":42.8723,"latitude":43.193452,"elevation_m":3976,"name":""},"geometry":{"type":"Point","coordinates":[42.8723,43.193452]}},{"type":"Feature","properties":{"id":"rock-0129","type":"rock","longitude":42.830211,"latitude":43.273737,"elevation_m":3933,"name":""},"geometry":{"type":"Point","coordinates":[42.830211,43.273737]}},{"type":"Feature","properties":{"id":"rock-0130","type":"rock","longitude":42.571399,"latitude":43.365274,"elevation_m":3775,"name":""},"geometry":{"type":"Point","coordinates":[42.571399,43.365274]}},{"type":"Feature","properties":{"id":"rock-0131","type":"rock","longitude":43.143761,"latitude":43.074554,"elevation_m":3758,"name":""},"geometry":{"type":"Point","coordinates":[43.143761,43.074554]}},{"type":"Feature","properties":{"id":"rock-0132","type":"rock","longitude":43.199583,"latitude":43.085658,"elevation_m":3843,"name":""},"geometry":{"type":"Point","coordinates":[43.199583,43.085658]}},{"type":"Feature","properties":{"id":"rock-0133","type":"rock","longitude":43.121831,"latitude":43.026628,"elevation_m":3942,"name":""},"geometry":{"type":"Point","coordinates":[43.121831,43.026628]}},{"type":"Feature","properties":{"id":"rock-0134","type":"rock","longitude":43.113184,"latitude":43.129068,"elevation_m":3964,"name":""},"geometry":{"type":"Point","coordinates":[43.113184,43.129068]}},{"type":"Feature","properties":{"id":"rock-0135","type":"rock","longitude":43.281155,"latitude":43.262222,"elevation_m":3333,"name":""},"geometry":{"type":"Point","coordinates":[43.281155,43.262222]}},{"type":"Feature","properties":{"id":"rock-0136","type":"rock","longitude":42.53358,"latitude":43.344047,"elevation_m":3729,"name":""},"geometry":{"type":"Point","coordinates":[42.53358,43.344047]}},{"type":"Feature","properties":{"id":"rock-0137","type":"rock","longitude":43.138139,"latitude":43.016258,"elevation_m":3980,"name":""},"geometry":{"type":"Point","coordinates":[43.138139,43.016258]}},{"type":"Feature","properties":{"id":"rock-0138","type":"rock","longitude":43.192137,"latitude":43.006946,"elevation_m":3674,"name":""},"geometry":{"type":"Point","coordinates":[43.192137,43.006946]}},{"type":"Feature","properties":{"id":"rock-0139","type":"rock","longitude":43.208864,"latitude":43.085925,"elevation_m":3945,"name":""},"geometry":{"type":"Point","coordinates":[43.208864,43.085925]}},{"type":"Feature","properties":{"id":"rock-0140","type":"rock","longitude":42.085619,"latitude":43.311838,"elevation_m":3583,"name":""},"geometry":{"type":"Point","coordinates":[42.085619,43.311838]}},{"type":"Feature","properties":{"id":"rock-0141","type":"rock","longitude":43.245277,"latitude":43.267941,"elevation_m":3614,"name":""},"geometry":{"type":"Point","coordinates":[43.245277,43.267941]}},{"type":"Feature","properties":{"id":"rock-0142","type":"rock","longitude":43.250792,"latitude":43.261222,"elevation_m":3468,"name":""},"geometry":{"type":"Point","coordinates":[43.250792,43.261222]}},{"type":"Feature","properties":{"id":"rock-0143","type":"rock","longitude":43.198146,"latitude":43.113578,"elevation_m":3948,"name":""},"geometry":{"type":"Point","coordinates":[43.198146,43.113578]}},{"type":"Feature","properties":{"id":"rock-0144","type":"rock","longitude":42.078216,"latitude":43.379023,"elevation_m":3253,"name":""},"geometry":{"type":"Point","coordinates":[42.078216,43.379023]}},{"type":"Feature","properties":{"id":"rock-0145","type":"rock","longitude":42.287343,"latitude":43.274964,"elevation_m":3366,"name":""},"geometry":{"type":"Point","coordinates":[42.287343,43.274964]}},{"type":"Feature","properties":{"id":"rock-0146","type":"rock","longitude":42.299455,"latitude":43.264448,"elevation_m":3263,"name":""},"geometry":{"type":"Point","coordinates":[42.299455,43.264448]}},{"type":"Feature","properties":{"id":"rock-0147","type":"rock","longitude":42.116014,"latitude":43.281579,"elevation_m":3558,"name":""},"geometry":{"type":"Point","coordinates":[42.116014,43.281579]}},{"type":"Feature","properties":{"id":"rock-0148","type":"rock","longitude":42.333959,"latitude":43.336158,"elevation_m":3489,"name":""},"geometry":{"type":"Point","coordinates":[42.333959,43.336158]}},{"type":"Feature","properties":{"id":"rock-0149","type":"rock","longitude":42.135841,"latitude":43.286101,"elevation_m":3439,"name":""},"geometry":{"type":"Point","coordinates":[42.135841,43.286101]}},{"type":"Feature","properties":{"id":"rock-0150","type":"rock","longitude":42.107817,"latitude":43.221674,"elevation_m":3356,"name":""},"geometry":{"type":"Point","coordinates":[42.107817,43.221674]}},{"type":"Feature","properties":{"id":"rock-0151","type":"rock","longitude":42.104716,"latitude":43.229086,"elevation_m":3501,"name":""},"geometry":{"type":"Point","coordinates":[42.104716,43.229086]}},{"type":"Feature","properties":{"id":"rock-0152","type":"rock","longitude":43.048575,"latitude":43.248923,"elevation_m":3725,"name":""},"geometry":{"type":"Point","coordinates":[43.048575,43.248923]}},{"type":"Feature","properties":{"id":"rock-0153","type":"rock","longitude":42.839835,"latitude":43.210314,"elevation_m":3898,"name":""},"geometry":{"type":"Point","coordinates":[42.839835,43.210314]}},{"type":"Feature","properties":{"id":"rock-0154","type":"rock","longitude":42.849029,"latitude":43.211729,"elevation_m":3964,"name":""},"geometry":{"type":"Point","coordinates":[42.849029,43.211729]}},{"type":"Feature","properties":{"id":"rock-0155","type":"rock","longitude":41.09538,"latitude":43.419598,"elevation_m":3284,"name":""},"geometry":{"type":"Point","coordinates":[41.09538,43.419598]}},{"type":"Feature","properties":{"id":"rock-0156","type":"rock","longitude":41.209438,"latitude":43.390587,"elevation_m":3238,"name":""},"geometry":{"type":"Point","coordinates":[41.209438,43.390587]}},{"type":"Feature","properties":{"id":"rock-0157","type":"rock","longitude":41.158637,"latitude":43.405484,"elevation_m":3588,"name":""},"geometry":{"type":"Point","coordinates":[41.158637,43.405484]}},{"type":"Feature","properties":{"id":"rock-0158","type":"rock","longitude":41.436546,"latitude":43.472286,"elevation_m":3224,"name":""},"geometry":{"type":"Point","coordinates":[41.436546,43.472286]}},{"type":"Feature","properties":{"id":"rock-0159","type":"rock","longitude":43.238046,"latitude":43.086418,"elevation_m":3917,"name":""},"geometry":{"type":"Point","coordinates":[43.238046,43.086418]}},{"type":"Feature","properties":{"id":"rock-0160","type":"rock","longitude":43.243432,"latitude":43.093509,"elevation_m":3855,"name":""},"geometry":{"type":"Point","coordinates":[43.243432,43.093509]}},{"type":"Feature","properties":{"id":"rock-0161","type":"rock","longitude":43.084742,"latitude":43.147059,"elevation_m":3910,"name":""},"geometry":{"type":"Point","coordinates":[43.084742,43.147059]}},{"type":"Feature","properties":{"id":"rock-0162","type":"rock","longitude":43.07838,"latitude":43.154745,"elevation_m":3859,"name":""},"geometry":{"type":"Point","coordinates":[43.07838,43.154745]}},{"type":"Feature","properties":{"id":"rock-0163","type":"rock","longitude":42.914218,"latitude":43.301313,"elevation_m":3821,"name":""},"geometry":{"type":"Point","coordinates":[42.914218,43.301313]}},{"type":"Feature","properties":{"id":"rock-0164","type":"rock","longitude":43.362887,"latitude":43.172666,"elevation_m":3226,"name":""},"geometry":{"type":"Point","coordinates":[43.362887,43.172666]}},{"type":"Feature","properties":{"id":"rock-0165","type":"rock","longitude":42.725605,"latitude":43.394477,"elevation_m":3566,"name":""},"geometry":{"type":"Point","coordinates":[42.725605,43.394477]}},{"type":"Feature","properties":{"id":"rock-0166","type":"rock","longitude":42.711421,"latitude":43.396987,"elevation_m":3754,"name":""},"geometry":{"type":"Point","coordinates":[42.711421,43.396987]}},{"type":"Feature","properties":{"id":"rock-0167","type":"rock","longitude":42.474893,"latitude":43.241623,"elevation_m":3526,"name":""},"geometry":{"type":"Point","coordinates":[42.474893,43.241623]}},{"type":"Feature","properties":{"id":"rock-0168","type":"rock","longitude":42.456762,"latitude":43.243929,"elevation_m":3566,"name":""},"geometry":{"type":"Point","coordinates":[42.456762,43.243929]}},{"type":"Feature","properties":{"id":"rock-0169","type":"rock","longitude":42.450314,"latitude":43.243835,"elevation_m":3644,"name":""},"geometry":{"type":"Point","coordinates":[42.450314,43.243835]}},{"type":"Feature","properties":{"id":"rock-0170","type":"rock","longitude":42.569951,"latitude":43.22635,"elevation_m":3207,"name":""},"geometry":{"type":"Point","coordinates":[42.569951,43.22635]}},{"type":"Feature","properties":{"id":"rock-0171","type":"rock","longitude":42.602695,"latitude":43.178127,"elevation_m":3793,"name":""},"geometry":{"type":"Point","coordinates":[42.602695,43.178127]}},{"type":"Feature","properties":{"id":"rock-0172","type":"rock","longitude":42.623541,"latitude":43.202407,"elevation_m":3489,"name":""},"geometry":{"type":"Point","coordinates":[42.623541,43.202407]}},{"type":"Feature","properties":{"id":"rock-0173","type":"rock","longitude":42.617147,"latitude":43.227733,"elevation_m":3216,"name":""},"geometry":{"type":"Point","coordinates":[42.617147,43.227733]}},{"type":"Feature","properties":{"id":"rock-0174","type":"rock","longitude":41.554627,"latitude":43.387351,"elevation_m":3392,"name":""},"geometry":{"type":"Point","coordinates":[41.554627,43.387351]}},{"type":"Feature","properties":{"id":"rock-0175","type":"rock","longitude":41.863307,"latitude":43.262823,"elevation_m":3259,"name":""},"geometry":{"type":"Point","coordinates":[41.863307,43.262823]}},{"type":"Feature","properties":{"id":"rock-0176","type":"rock","longitude":41.853468,"latitude":43.267644,"elevation_m":3259,"name":""},"geometry":{"type":"Point","coordinates":[41.853468,43.267644]}},{"type":"Feature","properties":{"id":"rock-0177","type":"rock","longitude":41.521132,"latitude":43.318067,"elevation_m":3277,"name":""},"geometry":{"type":"Point","coordinates":[41.521132,43.318067]}},{"type":"Feature","properties":{"id":"rock-0178","type":"rock","longitude":41.583863,"latitude":43.327379,"elevation_m":3499,"name":""},"geometry":{"type":"Point","coordinates":[41.583863,43.327379]}},{"type":"Feature","properties":{"id":"rock-0179","type":"rock","longitude":41.741749,"latitude":43.346349,"elevation_m":3399,"name":""},"geometry":{"type":"Point","coordinates":[41.741749,43.346349]}},{"type":"Feature","properties":{"id":"rock-0180","type":"rock","longitude":41.730752,"latitude":43.35135,"elevation_m":3310,"name":""},"geometry":{"type":"Point","coordinates":[41.730752,43.35135]}},{"type":"Feature","properties":{"id":"rock-0181","type":"rock","longitude":41.583488,"latitude":43.404837,"elevation_m":3366,"name":""},"geometry":{"type":"Point","coordinates":[41.583488,43.404837]}},{"type":"Feature","properties":{"id":"rock-0182","type":"rock","longitude":41.889238,"latitude":43.497671,"elevation_m":3209,"name":""},"geometry":{"type":"Point","coordinates":[41.889238,43.497671]}},{"type":"Feature","properties":{"id":"rock-0183","type":"rock","longitude":41.661776,"latitude":43.499235,"elevation_m":3232,"name":""},"geometry":{"type":"Point","coordinates":[41.661776,43.499235]}},{"type":"Feature","properties":{"id":"rock-0184","type":"rock","longitude":41.649063,"latitude":43.516315,"elevation_m":3326,"name":""},"geometry":{"type":"Point","coordinates":[41.649063,43.516315]}},{"type":"Feature","properties":{"id":"rock-0185","type":"rock","longitude":41.582447,"latitude":43.264847,"elevation_m":3699,"name":""},"geometry":{"type":"Point","coordinates":[41.582447,43.264847]}},{"type":"Feature","properties":{"id":"rock-0186","type":"rock","longitude":41.684339,"latitude":43.216983,"elevation_m":3429,"name":""},"geometry":{"type":"Point","coordinates":[41.684339,43.216983]}},{"type":"Feature","properties":{"id":"rock-0187","type":"rock","longitude":41.511433,"latitude":43.287109,"elevation_m":3691,"name":""},"geometry":{"type":"Point","coordinates":[41.511433,43.287109]}},{"type":"Feature","properties":{"id":"rock-0188","type":"rock","longitude":41.521164,"latitude":43.310924,"elevation_m":3229,"name":""},"geometry":{"type":"Point","coordinates":[41.521164,43.310924]}},{"type":"Feature","properties":{"id":"rock-0189","type":"rock","longitude":41.547385,"latitude":43.277393,"elevation_m":3221,"name":""},"geometry":{"type":"Point","coordinates":[41.547385,43.277393]}},{"type":"Feature","properties":{"id":"rock-0190","type":"rock","longitude":41.868864,"latitude":43.305717,"elevation_m":3315,"name":""},"geometry":{"type":"Point","coordinates":[41.868864,43.305717]}},{"type":"Feature","properties":{"id":"rock-0191","type":"rock","longitude":41.769773,"latitude":43.213332,"elevation_m":3259,"name":""},"geometry":{"type":"Point","coordinates":[41.769773,43.213332]}},{"type":"Feature","properties":{"id":"rock-0192","type":"rock","longitude":41.831893,"latitude":43.304288,"elevation_m":3206,"name":""},"geometry":{"type":"Point","coordinates":[41.831893,43.304288]}},{"type":"Feature","properties":{"id":"rock-0193","type":"rock","longitude":41.805865,"latitude":43.33793,"elevation_m":3241,"name":""},"geometry":{"type":"Point","coordinates":[41.805865,43.33793]}},{"type":"Feature","properties":{"id":"rock-0194","type":"rock","longitude":41.785051,"latitude":43.357528,"elevation_m":3375,"name":""},"geometry":{"type":"Point","coordinates":[41.785051,43.357528]}},{"type":"Feature","properties":{"id":"rock-0195","type":"rock","longitude":41.725398,"latitude":43.256377,"elevation_m":3204,"name":""},"geometry":{"type":"Point","coordinates":[41.725398,43.256377]}},{"type":"Feature","properties":{"id":"rock-0196","type":"rock","longitude":41.818621,"latitude":43.300985,"elevation_m":3329,"name":""},"geometry":{"type":"Point","coordinates":[41.818621,43.300985]}},{"type":"Feature","properties":{"id":"rock-0197","type":"rock","longitude":41.640801,"latitude":43.240201,"elevation_m":3248,"name":""},"geometry":{"type":"Point","coordinates":[41.640801,43.240201]}},{"type":"Feature","properties":{"id":"rock-0198","type":"rock","longitude":41.577072,"latitude":43.225998,"elevation_m":3353,"name":""},"geometry":{"type":"Point","coordinates":[41.577072,43.225998]}},{"type":"Feature","properties":{"id":"rock-0199","type":"rock","longitude":41.908765,"latitude":43.289499,"elevation_m":3334,"name":""},"geometry":{"type":"Point","coordinates":[41.908765,43.289499]}},{"type":"Feature","properties":{"id":"rock-0200","type":"rock","longitude":41.635276,"latitude":43.221596,"elevation_m":3428,"name":""},"geometry":{"type":"Point","coordinates":[41.635276,43.221596]}},{"type":"Feature","properties":{"id":"rock-0201","type":"rock","longitude":41.852535,"latitude":43.214872,"elevation_m":3377,"name":""},"geometry":{"type":"Point","coordinates":[41.852535,43.214872]}},{"type":"Feature","properties":{"id":"rock-0202","type":"rock","longitude":41.791241,"latitude":43.239935,"elevation_m":3229,"name":""},"geometry":{"type":"Point","coordinates":[41.791241,43.239935]}},{"type":"Feature","properties":{"id":"rock-0203","type":"rock","longitude":41.617337,"latitude":43.220572,"elevation_m":3453,"name":""},"geometry":{"type":"Point","coordinates":[41.617337,43.220572]}},{"type":"Feature","properties":{"id":"rock-0204","type":"rock","longitude":41.784396,"latitude":43.235816,"elevation_m":3563,"name":""},"geometry":{"type":"Point","coordinates":[41.784396,43.235816]}},{"type":"Feature","properties":{"id":"rock-0205","type":"rock","longitude":41.611308,"latitude":43.226998,"elevation_m":3491,"name":""},"geometry":{"type":"Point","coordinates":[41.611308,43.226998]}},{"type":"Feature","properties":{"id":"rock-0206","type":"rock","longitude":41.934482,"latitude":43.490261,"elevation_m":3316,"name":""},"geometry":{"type":"Point","coordinates":[41.934482,43.490261]}},{"type":"Feature","properties":{"id":"rock-0207","type":"rock","longitude":41.861472,"latitude":43.365726,"elevation_m":3208,"name":""},"geometry":{"type":"Point","coordinates":[41.861472,43.365726]}},{"type":"Feature","properties":{"id":"rock-0208","type":"rock","longitude":41.880012,"latitude":43.426089,"elevation_m":3211,"name":""},"geometry":{"type":"Point","coordinates":[41.880012,43.426089]}},{"type":"Feature","properties":{"id":"rock-0209","type":"rock","longitude":41.876922,"latitude":43.364205,"elevation_m":3243,"name":""},"geometry":{"type":"Point","coordinates":[41.876922,43.364205]}},{"type":"Feature","properties":{"id":"rock-0210","type":"rock","longitude":41.854069,"latitude":43.338671,"elevation_m":3329,"name":""},"geometry":{"type":"Point","coordinates":[41.854069,43.338671]}},{"type":"Feature","properties":{"id":"rock-0211","type":"rock","longitude":41.930019,"latitude":43.348065,"elevation_m":3367,"name":""},"geometry":{"type":"Point","coordinates":[41.930019,43.348065]}},{"type":"Feature","properties":{"id":"rock-0212","type":"rock","longitude":41.808997,"latitude":43.389869,"elevation_m":3328,"name":""},"geometry":{"type":"Point","coordinates":[41.808997,43.389869]}},{"type":"Feature","properties":{"id":"rock-0213","type":"rock","longitude":41.855432,"latitude":43.34897,"elevation_m":3455,"name":""},"geometry":{"type":"Point","coordinates":[41.855432,43.34897]}},{"type":"Feature","properties":{"id":"rock-0214","type":"rock","longitude":41.914762,"latitude":43.301259,"elevation_m":3411,"name":""},"geometry":{"type":"Point","coordinates":[41.914762,43.301259]}},{"type":"Feature","properties":{"id":"rock-0215","type":"rock","longitude":41.828481,"latitude":43.382447,"elevation_m":3450,"name":""},"geometry":{"type":"Point","coordinates":[41.828481,43.382447]}},{"type":"Feature","properties":{"id":"rock-0216","type":"rock","longitude":41.869304,"latitude":43.421617,"elevation_m":3521,"name":""},"geometry":{"type":"Point","coordinates":[41.869304,43.421617]}},{"type":"Feature","properties":{"id":"rock-0217","type":"rock","longitude":41.830788,"latitude":43.362513,"elevation_m":3507,"name":""},"geometry":{"type":"Point","coordinates":[41.830788,43.362513]}},{"type":"Feature","properties":{"id":"rock-0218","type":"rock","longitude":42.12038,"latitude":43.399926,"elevation_m":3207,"name":""},"geometry":{"type":"Point","coordinates":[42.12038,43.399926]}},{"type":"Feature","properties":{"id":"rock-0219","type":"rock","longitude":42.122065,"latitude":43.385854,"elevation_m":3426,"name":""},"geometry":{"type":"Point","coordinates":[42.122065,43.385854]}},{"type":"Feature","properties":{"id":"rock-0220","type":"rock","longitude":41.82656,"latitude":43.368402,"elevation_m":3473,"name":""},"geometry":{"type":"Point","coordinates":[41.82656,43.368402]}},{"type":"Feature","properties":{"id":"rock-0221","type":"rock","longitude":42.098204,"latitude":43.306919,"elevation_m":3731,"name":""},"geometry":{"type":"Point","coordinates":[42.098204,43.306919]}},{"type":"Feature","properties":{"id":"rock-0222","type":"rock","longitude":42.070985,"latitude":43.348736,"elevation_m":3291,"name":""},"geometry":{"type":"Point","coordinates":[42.070985,43.348736]}},{"type":"Feature","properties":{"id":"rock-0223","type":"rock","longitude":42.218571,"latitude":43.307848,"elevation_m":3262,"name":""},"geometry":{"type":"Point","coordinates":[42.218571,43.307848]}},{"type":"Feature","properties":{"id":"rock-0224","type":"rock","longitude":42.20046,"latitude":43.27048,"elevation_m":3299,"name":""},"geometry":{"type":"Point","coordinates":[42.20046,43.27048]}},{"type":"Feature","properties":{"id":"rock-0225","type":"rock","longitude":42.057381,"latitude":43.339248,"elevation_m":3210,"name":""},"geometry":{"type":"Point","coordinates":[42.057381,43.339248]}},{"type":"Feature","properties":{"id":"rock-0226","type":"rock","longitude":42.201651,"latitude":43.293068,"elevation_m":3376,"name":""},"geometry":{"type":"Point","coordinates":[42.201651,43.293068]}},{"type":"Feature","properties":{"id":"rock-0227","type":"rock","longitude":42.126077,"latitude":43.304522,"elevation_m":3315,"name":""},"geometry":{"type":"Point","coordinates":[42.126077,43.304522]}},{"type":"Feature","properties":{"id":"rock-0228","type":"rock","longitude":42.050761,"latitude":43.391398,"elevation_m":3361,"name":""},"geometry":{"type":"Point","coordinates":[42.050761,43.391398]}},{"type":"Feature","properties":{"id":"rock-0229","type":"rock","longitude":42.145808,"latitude":43.304397,"elevation_m":3407,"name":""},"geometry":{"type":"Point","coordinates":[42.145808,43.304397]}},{"type":"Feature","properties":{"id":"rock-0230","type":"rock","longitude":42.114898,"latitude":43.294731,"elevation_m":3597,"name":""},"geometry":{"type":"Point","coordinates":[42.114898,43.294731]}},{"type":"Feature","properties":{"id":"rock-0231","type":"rock","longitude":42.119683,"latitude":43.281408,"elevation_m":3590,"name":""},"geometry":{"type":"Point","coordinates":[42.119683,43.281408]}},{"type":"Feature","properties":{"id":"rock-0232","type":"rock","longitude":42.111754,"latitude":43.303226,"elevation_m":3651,"name":""},"geometry":{"type":"Point","coordinates":[42.111754,43.303226]}},{"type":"Feature","properties":{"id":"rock-0233","type":"rock","longitude":41.961175,"latitude":43.253353,"elevation_m":3410,"name":""},"geometry":{"type":"Point","coordinates":[41.961175,43.253353]}},{"type":"Feature","properties":{"id":"rock-0234","type":"rock","longitude":41.966851,"latitude":43.263167,"elevation_m":3406,"name":""},"geometry":{"type":"Point","coordinates":[41.966851,43.263167]}},{"type":"Feature","properties":{"id":"rock-0235","type":"rock","longitude":41.976743,"latitude":43.262628,"elevation_m":3270,"name":""},"geometry":{"type":"Point","coordinates":[41.976743,43.262628]}},{"type":"Feature","properties":{"id":"rock-0236","type":"rock","longitude":41.898562,"latitude":43.243905,"elevation_m":3260,"name":""},"geometry":{"type":"Point","coordinates":[41.898562,43.243905]}},{"type":"Feature","properties":{"id":"rock-0237","type":"rock","longitude":42.019347,"latitude":43.227811,"elevation_m":3241,"name":""},"geometry":{"type":"Point","coordinates":[42.019347,43.227811]}},{"type":"Feature","properties":{"id":"rock-0238","type":"rock","longitude":41.968846,"latitude":43.266933,"elevation_m":3375,"name":""},"geometry":{"type":"Point","coordinates":[41.968846,43.266933]}},{"type":"Feature","properties":{"id":"rock-0239","type":"rock","longitude":43.129234,"latitude":43.184057,"elevation_m":3287,"name":""},"geometry":{"type":"Point","coordinates":[43.129234,43.184057]}},{"type":"Feature","properties":{"id":"rock-0240","type":"rock","longitude":43.088454,"latitude":43.249079,"elevation_m":3288,"name":""},"geometry":{"type":"Point","coordinates":[43.088454,43.249079]}},{"type":"Feature","properties":{"id":"rock-0241","type":"rock","longitude":43.118752,"latitude":43.135629,"elevation_m":3840,"name":""},"geometry":{"type":"Point","coordinates":[43.118752,43.135629]}},{"type":"Feature","properties":{"id":"rock-0242","type":"rock","longitude":43.131273,"latitude":43.136968,"elevation_m":3781,"name":""},"geometry":{"type":"Point","coordinates":[43.131273,43.136968]}},{"type":"Feature","properties":{"id":"rock-0243","type":"rock","longitude":43.137238,"latitude":43.15271,"elevation_m":3885,"name":""},"geometry":{"type":"Point","coordinates":[43.137238,43.15271]}},{"type":"Feature","properties":{"id":"rock-0244","type":"rock","longitude":43.162172,"latitude":43.174317,"elevation_m":3548,"name":""},"geometry":{"type":"Point","coordinates":[43.162172,43.174317]}},{"type":"Feature","properties":{"id":"rock-0245","type":"rock","longitude":43.177975,"latitude":43.194782,"elevation_m":3615,"name":""},"geometry":{"type":"Point","coordinates":[43.177975,43.194782]}},{"type":"Feature","properties":{"id":"rock-0246","type":"rock","longitude":43.180379,"latitude":43.197199,"elevation_m":3584,"name":""},"geometry":{"type":"Point","coordinates":[43.180379,43.197199]}},{"type":"Feature","properties":{"id":"rock-0247","type":"rock","longitude":41.894324,"latitude":43.275823,"elevation_m":3664,"name":""},"geometry":{"type":"Point","coordinates":[41.894324,43.275823]}},{"type":"Feature","properties":{"id":"rock-0248","type":"rock","longitude":41.524608,"latitude":43.321743,"elevation_m":3216,"name":""},"geometry":{"type":"Point","coordinates":[41.524608,43.321743]}},{"type":"Feature","properties":{"id":"rock-0249","type":"rock","longitude":43.067662,"latitude":43.137015,"elevation_m":3652,"name":""},"geometry":{"type":"Point","coordinates":[43.067662,43.137015]}},{"type":"Feature","properties":{"id":"rock-0250","type":"rock","longitude":43.079495,"latitude":43.137798,"elevation_m":3772,"name":""},"geometry":{"type":"Point","coordinates":[43.079495,43.137798]}},{"type":"Feature","properties":{"id":"rock-0251","type":"rock","longitude":41.419187,"latitude":43.427687,"elevation_m":3222,"name":""},"geometry":{"type":"Point","coordinates":[41.419187,43.427687]}},{"type":"Feature","properties":{"id":"rock-0252","type":"rock","longitude":41.42719,"latitude":43.413933,"elevation_m":3338,"name":""},"geometry":{"type":"Point","coordinates":[41.42719,43.413933]}},{"type":"Feature","properties":{"id":"rock-0253","type":"rock","longitude":41.417094,"latitude":43.40334,"elevation_m":3295,"name":""},"geometry":{"type":"Point","coordinates":[41.417094,43.40334]}},{"type":"Feature","properties":{"id":"rock-0254","type":"rock","longitude":42.95797,"latitude":43.160623,"elevation_m":3989,"name":""},"geometry":{"type":"Point","coordinates":[42.95797,43.160623]}},{"type":"Feature","properties":{"id":"rock-0255","type":"rock","longitude":41.864272,"latitude":43.45316,"elevation_m":3209,"name":""},"geometry":{"type":"Point","coordinates":[41.864272,43.45316]}},{"type":"Feature","properties":{"id":"rock-0256","type":"rock","longitude":41.869261,"latitude":43.452327,"elevation_m":3274,"name":""},"geometry":{"type":"Point","coordinates":[41.869261,43.452327]}},{"type":"Feature","properties":{"id":"rock-0257","type":"rock","longitude":42.831026,"latitude":43.224262,"elevation_m":3399,"name":""},"geometry":{"type":"Point","coordinates":[42.831026,43.224262]}},{"type":"Feature","properties":{"id":"rock-0258","type":"rock","longitude":42.864093,"latitude":43.244851,"elevation_m":3986,"name":""},"geometry":{"type":"Point","coordinates":[42.864093,43.244851]}},{"type":"Feature","properties":{"id":"rock-0259","type":"rock","longitude":42.832217,"latitude":43.208147,"elevation_m":3797,"name":""},"geometry":{"type":"Point","coordinates":[42.832217,43.208147]}},{"type":"Feature","properties":{"id":"rock-0260","type":"rock","longitude":41.529458,"latitude":43.330399,"elevation_m":3405,"name":""},"geometry":{"type":"Point","coordinates":[41.529458,43.330399]}},{"type":"Feature","properties":{"id":"rock-0261","type":"rock","longitude":41.543137,"latitude":43.326551,"elevation_m":3254,"name":""},"geometry":{"type":"Point","coordinates":[41.543137,43.326551]}},{"type":"Feature","properties":{"id":"rock-0262","type":"rock","longitude":43.434545,"latitude":42.984268,"elevation_m":3777,"name":""},"geometry":{"type":"Point","coordinates":[43.434545,42.984268]}},{"type":"Feature","properties":{"id":"rock-0263","type":"rock","longitude":43.43698,"latitude":42.988906,"elevation_m":3688,"name":""},"geometry":{"type":"Point","coordinates":[43.43698,42.988906]}},{"type":"Feature","properties":{"id":"rock-0264","type":"rock","longitude":41.565968,"latitude":43.330001,"elevation_m":3236,"name":""},"geometry":{"type":"Point","coordinates":[41.565968,43.330001]}},{"type":"Feature","properties":{"id":"rock-0265","type":"rock","longitude":43.536748,"latitude":42.944188,"elevation_m":3697,"name":""},"geometry":{"type":"Point","coordinates":[43.536748,42.944188]}},{"type":"Feature","properties":{"id":"rock-0266","type":"rock","longitude":43.544934,"latitude":42.945028,"elevation_m":3849,"name":""},"geometry":{"type":"Point","coordinates":[43.544934,42.945028]}},{"type":"Feature","properties":{"id":"rock-0267","type":"rock","longitude":43.57726,"latitude":42.950549,"elevation_m":3755,"name":""},"geometry":{"type":"Point","coordinates":[43.57726,42.950549]}},{"type":"Feature","properties":{"id":"rock-0268","type":"rock","longitude":43.582002,"latitude":42.964659,"elevation_m":3956,"name":""},"geometry":{"type":"Point","coordinates":[43.582002,42.964659]}},{"type":"Feature","properties":{"id":"rock-0269","type":"rock","longitude":43.430436,"latitude":42.971834,"elevation_m":3914,"name":""},"geometry":{"type":"Point","coordinates":[43.430436,42.971834]}},{"type":"Feature","properties":{"id":"rock-0270","type":"rock","longitude":43.424052,"latitude":42.973671,"elevation_m":3762,"name":""},"geometry":{"type":"Point","coordinates":[43.424052,42.973671]}},{"type":"Feature","properties":{"id":"rock-0271","type":"rock","longitude":43.409579,"latitude":42.980689,"elevation_m":3842,"name":""},"geometry":{"type":"Point","coordinates":[43.409579,42.980689]}},{"type":"Feature","properties":{"id":"rock-0272","type":"rock","longitude":43.405513,"latitude":42.985312,"elevation_m":3931,"name":""},"geometry":{"type":"Point","coordinates":[43.405513,42.985312]}},{"type":"Feature","properties":{"id":"rock-0273","type":"rock","longitude":43.516706,"latitude":42.990829,"elevation_m":3802,"name":""},"geometry":{"type":"Point","coordinates":[43.516706,42.990829]}},{"type":"Feature","properties":{"id":"rock-0274","type":"rock","longitude":43.503445,"latitude":42.994235,"elevation_m":3543,"name":""},"geometry":{"type":"Point","coordinates":[43.503445,42.994235]}},{"type":"Feature","properties":{"id":"rock-0275","type":"rock","longitude":43.521684,"latitude":42.999147,"elevation_m":3820,"name":""},"geometry":{"type":"Point","coordinates":[43.521684,42.999147]}},{"type":"Feature","properties":{"id":"rock-0276","type":"rock","longitude":43.396575,"latitude":43.023498,"elevation_m":3809,"name":""},"geometry":{"type":"Point","coordinates":[43.396575,43.023498]}},{"type":"Feature","properties":{"id":"rock-0277","type":"rock","longitude":43.399343,"latitude":43.02793,"elevation_m":3847,"name":""},"geometry":{"type":"Point","coordinates":[43.399343,43.02793]}},{"type":"Feature","properties":{"id":"rock-0278","type":"rock","longitude":43.049626,"latitude":42.977463,"elevation_m":3519,"name":""},"geometry":{"type":"Point","coordinates":[43.049626,42.977463]}},{"type":"Feature","properties":{"id":"rock-0279","type":"rock","longitude":42.196716,"latitude":43.226834,"elevation_m":3638,"name":""},"geometry":{"type":"Point","coordinates":[42.196716,43.226834]}},{"type":"Feature","properties":{"id":"rock-0280","type":"rock","longitude":43.176076,"latitude":42.920685,"elevation_m":3387,"name":""},"geometry":{"type":"Point","coordinates":[43.176076,42.920685]}},{"type":"Feature","properties":{"id":"rock-0281","type":"rock","longitude":43.182181,"latitude":42.924409,"elevation_m":3481,"name":""},"geometry":{"type":"Point","coordinates":[43.182181,42.924409]}},{"type":"Feature","properties":{"id":"rock-0282","type":"rock","longitude":43.235128,"latitude":42.932312,"elevation_m":3993,"name":""},"geometry":{"type":"Point","coordinates":[43.235128,42.932312]}},{"type":"Feature","properties":{"id":"rock-0283","type":"rock","longitude":43.147184,"latitude":42.949426,"elevation_m":3343,"name":""},"geometry":{"type":"Point","coordinates":[43.147184,42.949426]}},{"type":"Feature","properties":{"id":"rock-0284","type":"rock","longitude":43.120415,"latitude":42.971991,"elevation_m":3598,"name":""},"geometry":{"type":"Point","coordinates":[43.120415,42.971991]}},{"type":"Feature","properties":{"id":"rock-0285","type":"rock","longitude":43.304307,"latitude":42.903382,"elevation_m":3306,"name":""},"geometry":{"type":"Point","coordinates":[43.304307,42.903382]}},{"type":"Feature","properties":{"id":"rock-0286","type":"rock","longitude":42.1747,"latitude":43.169293,"elevation_m":3254,"name":""},"geometry":{"type":"Point","coordinates":[42.1747,43.169293]}},{"type":"Feature","properties":{"id":"rock-0287","type":"rock","longitude":42.148447,"latitude":43.175279,"elevation_m":3300,"name":""},"geometry":{"type":"Point","coordinates":[42.148447,43.175279]}},{"type":"Feature","properties":{"id":"rock-0288","type":"rock","longitude":42.463982,"latitude":43.189901,"elevation_m":3412,"name":""},"geometry":{"type":"Point","coordinates":[42.463982,43.189901]}},{"type":"Feature","properties":{"id":"rock-0289","type":"rock","longitude":42.137332,"latitude":43.194711,"elevation_m":3344,"name":""},"geometry":{"type":"Point","coordinates":[42.137332,43.194711]}},{"type":"Feature","properties":{"id":"rock-0290","type":"rock","longitude":42.420005,"latitude":43.221542,"elevation_m":3440,"name":""},"geometry":{"type":"Point","coordinates":[42.420005,43.221542]}},{"type":"Feature","properties":{"id":"rock-0291","type":"rock","longitude":42.363399,"latitude":43.245414,"elevation_m":3416,"name":""},"geometry":{"type":"Point","coordinates":[42.363399,43.245414]}},{"type":"Feature","properties":{"id":"rock-0292","type":"rock","longitude":42.025988,"latitude":43.16517,"elevation_m":3394,"name":""},"geometry":{"type":"Point","coordinates":[42.025988,43.16517]}},{"type":"Feature","properties":{"id":"rock-0293","type":"rock","longitude":42.816457,"latitude":43.273104,"elevation_m":3847,"name":""},"geometry":{"type":"Point","coordinates":[42.816457,43.273104]}},{"type":"Feature","properties":{"id":"rock-0294","type":"rock","longitude":42.826756,"latitude":43.281408,"elevation_m":3907,"name":""},"geometry":{"type":"Point","coordinates":[42.826756,43.281408]}},{"type":"Feature","properties":{"id":"rock-0295","type":"rock","longitude":42.853557,"latitude":43.293388,"elevation_m":3524,"name":""},"geometry":{"type":"Point","coordinates":[42.853557,43.293388]}},{"type":"Feature","properties":{"id":"rock-0296","type":"rock","longitude":42.990661,"latitude":43.305865,"elevation_m":3558,"name":""},"geometry":{"type":"Point","coordinates":[42.990661,43.305865]}},{"type":"Feature","properties":{"id":"rock-0297","type":"rock","longitude":42.990607,"latitude":43.312587,"elevation_m":3375,"name":""},"geometry":{"type":"Point","coordinates":[42.990607,43.312587]}},{"type":"Feature","properties":{"id":"rock-0298","type":"rock","longitude":42.924271,"latitude":43.221893,"elevation_m":3995,"name":""},"geometry":{"type":"Point","coordinates":[42.924271,43.221893]}},{"type":"Feature","properties":{"id":"rock-0299","type":"rock","longitude":42.916009,"latitude":43.226365,"elevation_m":3939,"name":""},"geometry":{"type":"Point","coordinates":[42.916009,43.226365]}},{"type":"Feature","properties":{"id":"rock-0300","type":"rock","longitude":42.745088,"latitude":43.240334,"elevation_m":3740,"name":""},"geometry":{"type":"Point","coordinates":[42.745088,43.240334]}},{"type":"Feature","properties":{"id":"rock-0301","type":"rock","longitude":43.250953,"latitude":43.00959,"elevation_m":3908,"name":""},"geometry":{"type":"Point","coordinates":[43.250953,43.00959]}},{"type":"Feature","properties":{"id":"rock-0302","type":"rock","longitude":43.227242,"latitude":43.002748,"elevation_m":3803,"name":""},"geometry":{"type":"Point","coordinates":[43.227242,43.002748]}},{"type":"Feature","properties":{"id":"rock-0303","type":"rock","longitude":43.228358,"latitude":43.011457,"elevation_m":3810,"name":""},"geometry":{"type":"Point","coordinates":[43.228358,43.011457]}},{"type":"Feature","properties":{"id":"rock-0304","type":"rock","longitude":43.281487,"latitude":43.062539,"elevation_m":3684,"name":""},"geometry":{"type":"Point","coordinates":[43.281487,43.062539]}},{"type":"Feature","properties":{"id":"rock-0305","type":"rock","longitude":43.060849,"latitude":43.067618,"elevation_m":3581,"name":""},"geometry":{"type":"Point","coordinates":[43.060849,43.067618]}},{"type":"Feature","properties":{"id":"rock-0306","type":"rock","longitude":43.293654,"latitude":43.071208,"elevation_m":3466,"name":""},"geometry":{"type":"Point","coordinates":[43.293654,43.071208]}},{"type":"Feature","properties":{"id":"rock-0307","type":"rock","longitude":42.910548,"latitude":43.080541,"elevation_m":3501,"name":""},"geometry":{"type":"Point","coordinates":[42.910548,43.080541]}},{"type":"Feature","properties":{"id":"rock-0308","type":"rock","longitude":42.93339,"latitude":43.092616,"elevation_m":3757,"name":""},"geometry":{"type":"Point","coordinates":[42.93339,43.092616]}},{"type":"Feature","properties":{"id":"rock-0309","type":"rock","longitude":43.09723,"latitude":43.107218,"elevation_m":3712,"name":""},"geometry":{"type":"Point","coordinates":[43.09723,43.107218]}},{"type":"Feature","properties":{"id":"rock-0310","type":"rock","longitude":42.823066,"latitude":43.114205,"elevation_m":3996,"name":""},"geometry":{"type":"Point","coordinates":[42.823066,43.114205]}},{"type":"Feature","properties":{"id":"rock-0311","type":"rock","longitude":42.633669,"latitude":43.117087,"elevation_m":3870,"name":""},"geometry":{"type":"Point","coordinates":[42.633669,43.117087]}},{"type":"Feature","properties":{"id":"rock-0312","type":"rock","longitude":43.052319,"latitude":43.117345,"elevation_m":3764,"name":""},"geometry":{"type":"Point","coordinates":[43.052319,43.117345]}},{"type":"Feature","properties":{"id":"rock-0313","type":"rock","longitude":43.220462,"latitude":43.126907,"elevation_m":3578,"name":""},"geometry":{"type":"Point","coordinates":[43.220462,43.126907]}},{"type":"Feature","properties":{"id":"rock-0314","type":"rock","longitude":42.791448,"latitude":43.139364,"elevation_m":3415,"name":""},"geometry":{"type":"Point","coordinates":[42.791448,43.139364]}},{"type":"Feature","properties":{"id":"rock-0315","type":"rock","longitude":43.073852,"latitude":43.153931,"elevation_m":3937,"name":""},"geometry":{"type":"Point","coordinates":[43.073852,43.153931]}},{"type":"Feature","properties":{"id":"rock-0316","type":"rock","longitude":42.979417,"latitude":43.16362,"elevation_m":3591,"name":""},"geometry":{"type":"Point","coordinates":[42.979417,43.16362]}},{"type":"Feature","properties":{"id":"rock-0317","type":"rock","longitude":42.97564,"latitude":43.164356,"elevation_m":3726,"name":""},"geometry":{"type":"Point","coordinates":[42.97564,43.164356]}},{"type":"Feature","properties":{"id":"rock-0318","type":"rock","longitude":42.920827,"latitude":43.168245,"elevation_m":3618,"name":""},"geometry":{"type":"Point","coordinates":[42.920827,43.168245]}},{"type":"Feature","properties":{"id":"rock-0319","type":"rock","longitude":43.09384,"latitude":43.168722,"elevation_m":3508,"name":""},"geometry":{"type":"Point","coordinates":[43.09384,43.168722]}},{"type":"Feature","properties":{"id":"rock-0320","type":"rock","longitude":42.959332,"latitude":43.177478,"elevation_m":3644,"name":""},"geometry":{"type":"Point","coordinates":[42.959332,43.177478]}},{"type":"Feature","properties":{"id":"rock-0321","type":"rock","longitude":43.088078,"latitude":43.182524,"elevation_m":3489,"name":""},"geometry":{"type":"Point","coordinates":[43.088078,43.182524]}},{"type":"Feature","properties":{"id":"rock-0322","type":"rock","longitude":43.165444,"latitude":42.965774,"elevation_m":3966,"name":""},"geometry":{"type":"Point","coordinates":[43.165444,42.965774]}},{"type":"Feature","properties":{"id":"rock-0323","type":"rock","longitude":42.895732,"latitude":43.158995,"elevation_m":3628,"name":""},"geometry":{"type":"Point","coordinates":[42.895732,43.158995]}},{"type":"Feature","properties":{"id":"rock-0324","type":"rock","longitude":42.994319,"latitude":43.019027,"elevation_m":3948,"name":""},"geometry":{"type":"Point","coordinates":[42.994319,43.019027]}},{"type":"Feature","properties":{"id":"rock-0325","type":"rock","longitude":41.887522,"latitude":43.266644,"elevation_m":3350,"name":""},"geometry":{"type":"Point","coordinates":[41.887522,43.266644]}},{"type":"Feature","properties":{"id":"rock-0326","type":"rock","longitude":41.833234,"latitude":43.323742,"elevation_m":3442,"name":""},"geometry":{"type":"Point","coordinates":[41.833234,43.323742]}},{"type":"Feature","properties":{"id":"rock-0327","type":"rock","longitude":42.081606,"latitude":43.252291,"elevation_m":3641,"name":""},"geometry":{"type":"Point","coordinates":[42.081606,43.252291]}},{"type":"Feature","properties":{"id":"rock-0328","type":"rock","longitude":42.162781,"latitude":43.232236,"elevation_m":3558,"name":""},"geometry":{"type":"Point","coordinates":[42.162781,43.232236]}},{"type":"Feature","properties":{"id":"rock-0329","type":"rock","longitude":42.098365,"latitude":43.216499,"elevation_m":3742,"name":""},"geometry":{"type":"Point","coordinates":[42.098365,43.216499]}},{"type":"Feature","properties":{"id":"rock-0330","type":"rock","longitude":42.229804,"latitude":43.258737,"elevation_m":3497,"name":""},"geometry":{"type":"Point","coordinates":[42.229804,43.258737]}},{"type":"Feature","properties":{"id":"rock-0331","type":"rock","longitude":42.05222,"latitude":43.257971,"elevation_m":3422,"name":""},"geometry":{"type":"Point","coordinates":[42.05222,43.257971]}},{"type":"Feature","properties":{"id":"rock-0332","type":"rock","longitude":42.093526,"latitude":43.253814,"elevation_m":3480,"name":""},"geometry":{"type":"Point","coordinates":[42.093526,43.253814]}},{"type":"Feature","properties":{"id":"rock-0333","type":"rock","longitude":42.093998,"latitude":43.23945,"elevation_m":3586,"name":""},"geometry":{"type":"Point","coordinates":[42.093998,43.23945]}},{"type":"Feature","properties":{"id":"rock-0334","type":"rock","longitude":42.108589,"latitude":43.208492,"elevation_m":3237,"name":""},"geometry":{"type":"Point","coordinates":[42.108589,43.208492]}},{"type":"Feature","properties":{"id":"rock-0335","type":"rock","longitude":42.091938,"latitude":43.203768,"elevation_m":3633,"name":""},"geometry":{"type":"Point","coordinates":[42.091938,43.203768]}},{"type":"Feature","properties":{"id":"rock-0336","type":"rock","longitude":42.073345,"latitude":43.212386,"elevation_m":3405,"name":""},"geometry":{"type":"Point","coordinates":[42.073345,43.212386]}},{"type":"Feature","properties":{"id":"rock-0337","type":"rock","longitude":42.165281,"latitude":43.222988,"elevation_m":3771,"name":""},"geometry":{"type":"Point","coordinates":[42.165281,43.222988]}},{"type":"Feature","properties":{"id":"rock-0338","type":"rock","longitude":42.213002,"latitude":43.299049,"elevation_m":3264,"name":""},"geometry":{"type":"Point","coordinates":[42.213002,43.299049]}},{"type":"Feature","properties":{"id":"rock-0339","type":"rock","longitude":42.213163,"latitude":43.306154,"elevation_m":3330,"name":""},"geometry":{"type":"Point","coordinates":[42.213163,43.306154]}},{"type":"Feature","properties":{"id":"rock-0340","type":"rock","longitude":42.220974,"latitude":43.248297,"elevation_m":3309,"name":""},"geometry":{"type":"Point","coordinates":[42.220974,43.248297]}},{"type":"Feature","properties":{"id":"rock-0341","type":"rock","longitude":42.200278,"latitude":43.211361,"elevation_m":3256,"name":""},"geometry":{"type":"Point","coordinates":[42.200278,43.211361]}},{"type":"Feature","properties":{"id":"rock-0342","type":"rock","longitude":42.219021,"latitude":43.236574,"elevation_m":3428,"name":""},"geometry":{"type":"Point","coordinates":[42.219021,43.236574]}},{"type":"Feature","properties":{"id":"rock-0343","type":"rock","longitude":42.203572,"latitude":43.228664,"elevation_m":3437,"name":""},"geometry":{"type":"Point","coordinates":[42.203572,43.228664]}},{"type":"Feature","properties":{"id":"rock-0344","type":"rock","longitude":42.250146,"latitude":43.23233,"elevation_m":3503,"name":""},"geometry":{"type":"Point","coordinates":[42.250146,43.23233]}},{"type":"Feature","properties":{"id":"rock-0345","type":"rock","longitude":42.221167,"latitude":43.281923,"elevation_m":3598,"name":""},"geometry":{"type":"Point","coordinates":[42.221167,43.281923]}},{"type":"Feature","properties":{"id":"rock-0346","type":"rock","longitude":42.180569,"latitude":43.214982,"elevation_m":3420,"name":""},"geometry":{"type":"Point","coordinates":[42.180569,43.214982]}},{"type":"Feature","properties":{"id":"rock-0347","type":"rock","longitude":42.073195,"latitude":43.354876,"elevation_m":3401,"name":""},"geometry":{"type":"Point","coordinates":[42.073195,43.354876]}},{"type":"Feature","properties":{"id":"rock-0348","type":"rock","longitude":42.155067,"latitude":43.314195,"elevation_m":3213,"name":""},"geometry":{"type":"Point","coordinates":[42.155067,43.314195]}},{"type":"Feature","properties":{"id":"rock-0349","type":"rock","longitude":42.235136,"latitude":43.266308,"elevation_m":3229,"name":""},"geometry":{"type":"Point","coordinates":[42.235136,43.266308]}},{"type":"Feature","properties":{"id":"rock-0350","type":"rock","longitude":42.053111,"latitude":43.317802,"elevation_m":3222,"name":""},"geometry":{"type":"Point","coordinates":[42.053111,43.317802]}},{"type":"Feature","properties":{"id":"rock-0351","type":"rock","longitude":42.043176,"latitude":43.344492,"elevation_m":3276,"name":""},"geometry":{"type":"Point","coordinates":[42.043176,43.344492]}},{"type":"Feature","properties":{"id":"rock-0352","type":"rock","longitude":42.07828,"latitude":43.383546,"elevation_m":3284,"name":""},"geometry":{"type":"Point","coordinates":[42.07828,43.383546]}},{"type":"Feature","properties":{"id":"rock-0353","type":"rock","longitude":42.031975,"latitude":43.381753,"elevation_m":3299,"name":""},"geometry":{"type":"Point","coordinates":[42.031975,43.381753]}},{"type":"Feature","properties":{"id":"rock-0354","type":"rock","longitude":42.086402,"latitude":43.276213,"elevation_m":3239,"name":""},"geometry":{"type":"Point","coordinates":[42.086402,43.276213]}},{"type":"Feature","properties":{"id":"rock-0355","type":"rock","longitude":42.103418,"latitude":43.313836,"elevation_m":3305,"name":""},"geometry":{"type":"Point","coordinates":[42.103418,43.313836]}},{"type":"Feature","properties":{"id":"rock-0356","type":"rock","longitude":42.098826,"latitude":43.334855,"elevation_m":3266,"name":""},"geometry":{"type":"Point","coordinates":[42.098826,43.334855]}},{"type":"Feature","properties":{"id":"rock-0357","type":"rock","longitude":42.114211,"latitude":43.353355,"elevation_m":3334,"name":""},"geometry":{"type":"Point","coordinates":[42.114211,43.353355]}},{"type":"Feature","properties":{"id":"rock-0358","type":"rock","longitude":42.063174,"latitude":43.336189,"elevation_m":3341,"name":""},"geometry":{"type":"Point","coordinates":[42.063174,43.336189]}},{"type":"Feature","properties":{"id":"rock-0359","type":"rock","longitude":42.047832,"latitude":43.342884,"elevation_m":3336,"name":""},"geometry":{"type":"Point","coordinates":[42.047832,43.342884]}},{"type":"Feature","properties":{"id":"rock-0360","type":"rock","longitude":42.124457,"latitude":43.314359,"elevation_m":3368,"name":""},"geometry":{"type":"Point","coordinates":[42.124457,43.314359]}},{"type":"Feature","properties":{"id":"rock-0361","type":"rock","longitude":42.130487,"latitude":43.323437,"elevation_m":3376,"name":""},"geometry":{"type":"Point","coordinates":[42.130487,43.323437]}},{"type":"Feature","properties":{"id":"rock-0362","type":"rock","longitude":42.061383,"latitude":43.332834,"elevation_m":3403,"name":""},"geometry":{"type":"Point","coordinates":[42.061383,43.332834]}},{"type":"Feature","properties":{"id":"rock-0363","type":"rock","longitude":42.149048,"latitude":43.295551,"elevation_m":3384,"name":""},"geometry":{"type":"Point","coordinates":[42.149048,43.295551]}},{"type":"Feature","properties":{"id":"rock-0364","type":"rock","longitude":42.160002,"latitude":43.244898,"elevation_m":3413,"name":""},"geometry":{"type":"Point","coordinates":[42.160002,43.244898]}},{"type":"Feature","properties":{"id":"rock-0365","type":"rock","longitude":42.080576,"latitude":43.317528,"elevation_m":3443,"name":""},"geometry":{"type":"Point","coordinates":[42.080576,43.317528]}},{"type":"Feature","properties":{"id":"rock-0366","type":"rock","longitude":42.121528,"latitude":43.368402,"elevation_m":3473,"name":""},"geometry":{"type":"Point","coordinates":[42.121528,43.368402]}},{"type":"Feature","properties":{"id":"rock-0367","type":"rock","longitude":42.130337,"latitude":43.362973,"elevation_m":3475,"name":""},"geometry":{"type":"Point","coordinates":[42.130337,43.362973]}},{"type":"Feature","properties":{"id":"rock-0368","type":"rock","longitude":42.068775,"latitude":43.322914,"elevation_m":3494,"name":""},"geometry":{"type":"Point","coordinates":[42.068775,43.322914]}},{"type":"Feature","properties":{"id":"rock-0369","type":"rock","longitude":42.098504,"latitude":43.271167,"elevation_m":3482,"name":""},"geometry":{"type":"Point","coordinates":[42.098504,43.271167]}},{"type":"Feature","properties":{"id":"rock-0370","type":"rock","longitude":42.107999,"latitude":43.274284,"elevation_m":3514,"name":""},"geometry":{"type":"Point","coordinates":[42.107999,43.274284]}},{"type":"Feature","properties":{"id":"rock-0371","type":"rock","longitude":42.061168,"latitude":43.368136,"elevation_m":3483,"name":""},"geometry":{"type":"Point","coordinates":[42.061168,43.368136]}},{"type":"Feature","properties":{"id":"rock-0372","type":"rock","longitude":42.118031,"latitude":43.290475,"elevation_m":3616,"name":""},"geometry":{"type":"Point","coordinates":[42.118031,43.290475]}},{"type":"Feature","properties":{"id":"rock-0373","type":"rock","longitude":42.222948,"latitude":43.26523,"elevation_m":3621,"name":""},"geometry":{"type":"Point","coordinates":[42.222948,43.26523]}},{"type":"Feature","properties":{"id":"rock-0374","type":"rock","longitude":42.304981,"latitude":43.240013,"elevation_m":3455,"name":""},"geometry":{"type":"Point","coordinates":[42.304981,43.240013]}},{"type":"Feature","properties":{"id":"rock-0375","type":"rock","longitude":42.305753,"latitude":43.255166,"elevation_m":3225,"name":""},"geometry":{"type":"Point","coordinates":[42.305753,43.255166]}},{"type":"Feature","properties":{"id":"rock-0376","type":"rock","longitude":42.372079,"latitude":43.39029,"elevation_m":3254,"name":""},"geometry":{"type":"Point","coordinates":[42.372079,43.39029]}},{"type":"Feature","properties":{"id":"rock-0377","type":"rock","longitude":42.36385,"latitude":43.413099,"elevation_m":3318,"name":""},"geometry":{"type":"Point","coordinates":[42.36385,43.413099]}},{"type":"Feature","properties":{"id":"rock-0378","type":"rock","longitude":42.283287,"latitude":43.277432,"elevation_m":3334,"name":""},"geometry":{"type":"Point","coordinates":[42.283287,43.277432]}},{"type":"Feature","properties":{"id":"rock-0379","type":"rock","longitude":42.398869,"latitude":43.246469,"elevation_m":3319,"name":""},"geometry":{"type":"Point","coordinates":[42.398869,43.246469]}},{"type":"Feature","properties":{"id":"rock-0380","type":"rock","longitude":42.43127,"latitude":43.253189,"elevation_m":3317,"name":""},"geometry":{"type":"Point","coordinates":[42.43127,43.253189]}},{"type":"Feature","properties":{"id":"rock-0381","type":"rock","longitude":42.298704,"latitude":43.338398,"elevation_m":3386,"name":""},"geometry":{"type":"Point","coordinates":[42.298704,43.338398]}},{"type":"Feature","properties":{"id":"rock-0382","type":"rock","longitude":42.259244,"latitude":43.362349,"elevation_m":3380,"name":""},"geometry":{"type":"Point","coordinates":[42.259244,43.362349]}},{"type":"Feature","properties":{"id":"rock-0383","type":"rock","longitude":42.391069,"latitude":43.406435,"elevation_m":3407,"name":""},"geometry":{"type":"Point","coordinates":[42.391069,43.406435]}},{"type":"Feature","properties":{"id":"rock-0384","type":"rock","longitude":42.380823,"latitude":43.289171,"elevation_m":3425,"name":""},"geometry":{"type":"Point","coordinates":[42.380823,43.289171]}},{"type":"Feature","properties":{"id":"rock-0385","type":"rock","longitude":42.366618,"latitude":43.419442,"elevation_m":3457,"name":""},"geometry":{"type":"Point","coordinates":[42.366618,43.419442]}},{"type":"Feature","properties":{"id":"rock-0386","type":"rock","longitude":42.338401,"latitude":43.316381,"elevation_m":3451,"name":""},"geometry":{"type":"Point","coordinates":[42.338401,43.316381]}},{"type":"Feature","properties":{"id":"rock-0387","type":"rock","longitude":42.519761,"latitude":43.316397,"elevation_m":3527,"name":""},"geometry":{"type":"Point","coordinates":[42.519761,43.316397]}},{"type":"Feature","properties":{"id":"rock-0388","type":"rock","longitude":42.350847,"latitude":43.265722,"elevation_m":3527,"name":""},"geometry":{"type":"Point","coordinates":[42.350847,43.265722]}},{"type":"Feature","properties":{"id":"rock-0389","type":"rock","longitude":42.428738,"latitude":43.228351,"elevation_m":3501,"name":""},"geometry":{"type":"Point","coordinates":[42.428738,43.228351]}},{"type":"Feature","properties":{"id":"rock-0390","type":"rock","longitude":42.561904,"latitude":43.356046,"elevation_m":3653,"name":""},"geometry":{"type":"Point","coordinates":[42.561904,43.356046]}},{"type":"Feature","properties":{"id":"rock-0391","type":"rock","longitude":42.545822,"latitude":43.326575,"elevation_m":3810,"name":""},"geometry":{"type":"Point","coordinates":[42.545822,43.326575]}},{"type":"Feature","properties":{"id":"rock-0392","type":"rock","longitude":42.539771,"latitude":43.332834,"elevation_m":3747,"name":""},"geometry":{"type":"Point","coordinates":[42.539771,43.332834]}},{"type":"Feature","properties":{"id":"rock-0393","type":"rock","longitude":42.335773,"latitude":43.345553,"elevation_m":3295,"name":""},"geometry":{"type":"Point","coordinates":[42.335773,43.345553]}},{"type":"Feature","properties":{"id":"rock-0394","type":"rock","longitude":42.283823,"latitude":43.293927,"elevation_m":3269,"name":""},"geometry":{"type":"Point","coordinates":[42.283823,43.293927]}},{"type":"Feature","properties":{"id":"rock-0395","type":"rock","longitude":42.714372,"latitude":43.38399,"elevation_m":3314,"name":""},"geometry":{"type":"Point","coordinates":[42.714372,43.38399]}},{"type":"Feature","properties":{"id":"rock-0396","type":"rock","longitude":42.462941,"latitude":43.211987,"elevation_m":3318,"name":""},"geometry":{"type":"Point","coordinates":[42.462941,43.211987]}},{"type":"Feature","properties":{"id":"rock-0397","type":"rock","longitude":42.380619,"latitude":43.386719,"elevation_m":3372,"name":""},"geometry":{"type":"Point","coordinates":[42.380619,43.386719]}},{"type":"Feature","properties":{"id":"rock-0398","type":"rock","longitude":42.630419,"latitude":43.396979,"elevation_m":3368,"name":""},"geometry":{"type":"Point","coordinates":[42.630419,43.396979]}},{"type":"Feature","properties":{"id":"rock-0399","type":"rock","longitude":42.63604,"latitude":43.37847,"elevation_m":3366,"name":""},"geometry":{"type":"Point","coordinates":[42.63604,43.37847]}},{"type":"Feature","properties":{"id":"rock-0400","type":"rock","longitude":42.609648,"latitude":43.310073,"elevation_m":3411,"name":""},"geometry":{"type":"Point","coordinates":[42.609648,43.310073]}},{"type":"Feature","properties":{"id":"rock-0401","type":"rock","longitude":42.636191,"latitude":43.288195,"elevation_m":3438,"name":""},"geometry":{"type":"Point","coordinates":[42.636191,43.288195]}},{"type":"Feature","properties":{"id":"rock-0402","type":"rock","longitude":42.686648,"latitude":43.334871,"elevation_m":3434,"name":""},"geometry":{"type":"Point","coordinates":[42.686648,43.334871]}},{"type":"Feature","properties":{"id":"rock-0403","type":"rock","longitude":42.658088,"latitude":43.347894,"elevation_m":3435,"name":""},"geometry":{"type":"Point","coordinates":[42.658088,43.347894]}},{"type":"Feature","properties":{"id":"rock-0404","type":"rock","longitude":42.584499,"latitude":43.389261,"elevation_m":3465,"name":""},"geometry":{"type":"Point","coordinates":[42.584499,43.389261]}},{"type":"Feature","properties":{"id":"rock-0405","type":"rock","longitude":42.569661,"latitude":43.31044,"elevation_m":3470,"name":""},"geometry":{"type":"Point","coordinates":[42.569661,43.31044]}},{"type":"Feature","properties":{"id":"rock-0406","type":"rock","longitude":42.341512,"latitude":43.378142,"elevation_m":3514,"name":""},"geometry":{"type":"Point","coordinates":[42.341512,43.378142]}},{"type":"Feature","properties":{"id":"rock-0407","type":"rock","longitude":42.672304,"latitude":43.335042,"elevation_m":3509,"name":""},"geometry":{"type":"Point","coordinates":[42.672304,43.335042]}},{"type":"Feature","properties":{"id":"rock-0408","type":"rock","longitude":42.55846,"latitude":43.313524,"elevation_m":3518,"name":""},"geometry":{"type":"Point","coordinates":[42.55846,43.313524]}},{"type":"Feature","properties":{"id":"rock-0409","type":"rock","longitude":42.667315,"latitude":43.3402,"elevation_m":3536,"name":""},"geometry":{"type":"Point","coordinates":[42.667315,43.3402]}},{"type":"Feature","properties":{"id":"rock-0410","type":"rock","longitude":42.605442,"latitude":43.341784,"elevation_m":3546,"name":""},"geometry":{"type":"Point","coordinates":[42.605442,43.341784]}},{"type":"Feature","properties":{"id":"rock-0411","type":"rock","longitude":42.445936,"latitude":43.223207,"elevation_m":3493,"name":""},"geometry":{"type":"Point","coordinates":[42.445936,43.223207]}},{"type":"Feature","properties":{"id":"rock-0412","type":"rock","longitude":42.65503,"latitude":43.329353,"elevation_m":3608,"name":""},"geometry":{"type":"Point","coordinates":[42.65503,43.329353]}},{"type":"Feature","properties":{"id":"rock-0413","type":"rock","longitude":42.390951,"latitude":43.385581,"elevation_m":3639,"name":""},"geometry":{"type":"Point","coordinates":[42.390951,43.385581]}},{"type":"Feature","properties":{"id":"rock-0414","type":"rock","longitude":42.547592,"latitude":43.318606,"elevation_m":3638,"name":""},"geometry":{"type":"Point","coordinates":[42.547592,43.318606]}},{"type":"Feature","properties":{"id":"rock-0415","type":"rock","longitude":42.486706,"latitude":43.205614,"elevation_m":3718,"name":""},"geometry":{"type":"Point","coordinates":[42.486706,43.205614]}},{"type":"Feature","properties":{"id":"rock-0416","type":"rock","longitude":42.606697,"latitude":43.334067,"elevation_m":3653,"name":""},"geometry":{"type":"Point","coordinates":[42.606697,43.334067]}},{"type":"Feature","properties":{"id":"rock-0417","type":"rock","longitude":42.622833,"latitude":43.312579,"elevation_m":3771,"name":""},"geometry":{"type":"Point","coordinates":[42.622833,43.312579]}},{"type":"Feature","properties":{"id":"rock-0418","type":"rock","longitude":42.531906,"latitude":43.290709,"elevation_m":3704,"name":""},"geometry":{"type":"Point","coordinates":[42.531906,43.290709]}},{"type":"Feature","properties":{"id":"rock-0419","type":"rock","longitude":42.635858,"latitude":43.321978,"elevation_m":3747,"name":""},"geometry":{"type":"Point","coordinates":[42.635858,43.321978]}},{"type":"Feature","properties":{"id":"rock-0420","type":"rock","longitude":42.62705,"latitude":43.329431,"elevation_m":3726,"name":""},"geometry":{"type":"Point","coordinates":[42.62705,43.329431]}},{"type":"Feature","properties":{"id":"rock-0421","type":"rock","longitude":42.700521,"latitude":43.334402,"elevation_m":3268,"name":""},"geometry":{"type":"Point","coordinates":[42.700521,43.334402]}},{"type":"Feature","properties":{"id":"rock-0422","type":"rock","longitude":42.623059,"latitude":43.327543,"elevation_m":3776,"name":""},"geometry":{"type":"Point","coordinates":[42.623059,43.327543]}},{"type":"Feature","properties":{"id":"rock-0423","type":"rock","longitude":41.54819,"latitude":43.351186,"elevation_m":3318,"name":""},"geometry":{"type":"Point","coordinates":[41.54819,43.351186]}},{"type":"Feature","properties":{"id":"rock-0424","type":"rock","longitude":42.47691,"latitude":43.443369,"elevation_m":3214,"name":""},"geometry":{"type":"Point","coordinates":[42.47691,43.443369]}},{"type":"Feature","properties":{"id":"rock-0425","type":"rock","longitude":42.487017,"latitude":43.443619,"elevation_m":3205,"name":""},"geometry":{"type":"Point","coordinates":[42.487017,43.443619]}},{"type":"Feature","properties":{"id":"rock-0426","type":"rock","longitude":42.351823,"latitude":43.436265,"elevation_m":3247,"name":""},"geometry":{"type":"Point","coordinates":[42.351823,43.436265]}},{"type":"Feature","properties":{"id":"rock-0427","type":"rock","longitude":42.469218,"latitude":43.441975,"elevation_m":3242,"name":""},"geometry":{"type":"Point","coordinates":[42.469218,43.441975]}},{"type":"Feature","properties":{"id":"rock-0428","type":"rock","longitude":42.349259,"latitude":43.443798,"elevation_m":3269,"name":""},"geometry":{"type":"Point","coordinates":[42.349259,43.443798]}},{"type":"Feature","properties":{"id":"rock-0429","type":"rock","longitude":42.405692,"latitude":43.447957,"elevation_m":3373,"name":""},"geometry":{"type":"Point","coordinates":[42.405692,43.447957]}},{"type":"Feature","properties":{"id":"rock-0430","type":"rock","longitude":42.439317,"latitude":43.438805,"elevation_m":3451,"name":""},"geometry":{"type":"Point","coordinates":[42.439317,43.438805]}},{"type":"Feature","properties":{"id":"rock-0431","type":"rock","longitude":41.913271,"latitude":43.26187,"elevation_m":3209,"name":""},"geometry":{"type":"Point","coordinates":[41.913271,43.26187]}},{"type":"Feature","properties":{"id":"rock-0432","type":"rock","longitude":41.890762,"latitude":43.281618,"elevation_m":3535,"name":""},"geometry":{"type":"Point","coordinates":[41.890762,43.281618]}},{"type":"Feature","properties":{"id":"rock-0433","type":"rock","longitude":42.250532,"latitude":43.387827,"elevation_m":3269,"name":""},"geometry":{"type":"Point","coordinates":[42.250532,43.387827]}},{"type":"Feature","properties":{"id":"rock-0434","type":"rock","longitude":42.803957,"latitude":43.3773,"elevation_m":3545,"name":""},"geometry":{"type":"Point","coordinates":[42.803957,43.3773]}},{"type":"Feature","properties":{"id":"rock-0435","type":"rock","longitude":42.81032,"latitude":43.382181,"elevation_m":3588,"name":""},"geometry":{"type":"Point","coordinates":[42.81032,43.382181]}},{"type":"Feature","properties":{"id":"rock-0436","type":"rock","longitude":42.791544,"latitude":43.377097,"elevation_m":3530,"name":""},"geometry":{"type":"Point","coordinates":[42.791544,43.377097]}},{"type":"Feature","properties":{"id":"rock-0437","type":"rock","longitude":42.815791,"latitude":43.370429,"elevation_m":3211,"name":""},"geometry":{"type":"Point","coordinates":[42.815791,43.370429]}},{"type":"Feature","properties":{"id":"rock-0438","type":"rock","longitude":42.807766,"latitude":43.394836,"elevation_m":3325,"name":""},"geometry":{"type":"Point","coordinates":[42.807766,43.394836]}},{"type":"Feature","properties":{"id":"rock-0439","type":"rock","longitude":42.585948,"latitude":43.39871,"elevation_m":3218,"name":""},"geometry":{"type":"Point","coordinates":[42.585948,43.39871]}},{"type":"Feature","properties":{"id":"rock-0440","type":"rock","longitude":42.834374,"latitude":43.385784,"elevation_m":3232,"name":""},"geometry":{"type":"Point","coordinates":[42.834374,43.385784]}},{"type":"Feature","properties":{"id":"rock-0441","type":"rock","longitude":42.779174,"latitude":43.357286,"elevation_m":3258,"name":""},"geometry":{"type":"Point","coordinates":[42.779174,43.357286]}},{"type":"Feature","properties":{"id":"rock-0442","type":"rock","longitude":42.660191,"latitude":43.449507,"elevation_m":3282,"name":""},"geometry":{"type":"Point","coordinates":[42.660191,43.449507]}},{"type":"Feature","properties":{"id":"rock-0443","type":"rock","longitude":42.76734,"latitude":43.40182,"elevation_m":3277,"name":""},"geometry":{"type":"Point","coordinates":[42.76734,43.40182]}},{"type":"Feature","properties":{"id":"rock-0444","type":"rock","longitude":42.67651,"latitude":43.450333,"elevation_m":3274,"name":""},"geometry":{"type":"Point","coordinates":[42.67651,43.450333]}},{"type":"Feature","properties":{"id":"rock-0445","type":"rock","longitude":42.579435,"latitude":43.407456,"elevation_m":3293,"name":""},"geometry":{"type":"Point","coordinates":[42.579435,43.407456]}},{"type":"Feature","properties":{"id":"rock-0446","type":"rock","longitude":42.761997,"latitude":43.38233,"elevation_m":3320,"name":""},"geometry":{"type":"Point","coordinates":[42.761997,43.38233]}},{"type":"Feature","properties":{"id":"rock-0447","type":"rock","longitude":42.622619,"latitude":43.401353,"elevation_m":3349,"name":""},"geometry":{"type":"Point","coordinates":[42.622619,43.401353]}},{"type":"Feature","properties":{"id":"rock-0448","type":"rock","longitude":42.247356,"latitude":43.39284,"elevation_m":3338,"name":""},"geometry":{"type":"Point","coordinates":[42.247356,43.39284]}},{"type":"Feature","properties":{"id":"rock-0449","type":"rock","longitude":42.806726,"latitude":43.389066,"elevation_m":3368,"name":""},"geometry":{"type":"Point","coordinates":[42.806726,43.389066]}},{"type":"Feature","properties":{"id":"rock-0450","type":"rock","longitude":42.740968,"latitude":43.389183,"elevation_m":3485,"name":""},"geometry":{"type":"Point","coordinates":[42.740968,43.389183]}},{"type":"Feature","properties":{"id":"rock-0451","type":"rock","longitude":42.684642,"latitude":43.443549,"elevation_m":3432,"name":""},"geometry":{"type":"Point","coordinates":[42.684642,43.443549]}},{"type":"Feature","properties":{"id":"rock-0452","type":"rock","longitude":42.731098,"latitude":43.403941,"elevation_m":3414,"name":""},"geometry":{"type":"Point","coordinates":[42.731098,43.403941]}},{"type":"Feature","properties":{"id":"rock-0453","type":"rock","longitude":42.787424,"latitude":43.365422,"elevation_m":3433,"name":""},"geometry":{"type":"Point","coordinates":[42.787424,43.365422]}},{"type":"Feature","properties":{"id":"rock-0454","type":"rock","longitude":42.825673,"latitude":43.380895,"elevation_m":3442,"name":""},"geometry":{"type":"Point","coordinates":[42.825673,43.380895]}},{"type":"Feature","properties":{"id":"rock-0455","type":"rock","longitude":42.642456,"latitude":43.409436,"elevation_m":3430,"name":""},"geometry":{"type":"Point","coordinates":[42.642456,43.409436]}},{"type":"Feature","properties":{"id":"rock-0456","type":"rock","longitude":42.814204,"latitude":43.393393,"elevation_m":3532,"name":""},"geometry":{"type":"Point","coordinates":[42.814204,43.393393]}},{"type":"Feature","properties":{"id":"rock-0457","type":"rock","longitude":42.769775,"latitude":43.388567,"elevation_m":3535,"name":""},"geometry":{"type":"Point","coordinates":[42.769775,43.388567]}},{"type":"Feature","properties":{"id":"rock-0458","type":"rock","longitude":42.667261,"latitude":43.40009,"elevation_m":3662,"name":""},"geometry":{"type":"Point","coordinates":[42.667261,43.40009]}},{"type":"Feature","properties":{"id":"rock-0459","type":"rock","longitude":42.53962,"latitude":43.154354,"elevation_m":3473,"name":""},"geometry":{"type":"Point","coordinates":[42.53962,43.154354]}},{"type":"Feature","properties":{"id":"rock-0460","type":"rock","longitude":42.525426,"latitude":43.157938,"elevation_m":3710,"name":""},"geometry":{"type":"Point","coordinates":[42.525426,43.157938]}},{"type":"Feature","properties":{"id":"rock-0461","type":"rock","longitude":42.519987,"latitude":43.15995,"elevation_m":3689,"name":""},"geometry":{"type":"Point","coordinates":[42.519987,43.15995]}},{"type":"Feature","properties":{"id":"rock-0462","type":"rock","longitude":42.476374,"latitude":43.165365,"elevation_m":3769,"name":""},"geometry":{"type":"Point","coordinates":[42.476374,43.165365]}},{"type":"Feature","properties":{"id":"rock-0463","type":"rock","longitude":42.505696,"latitude":43.184808,"elevation_m":3785,"name":""},"geometry":{"type":"Point","coordinates":[42.505696,43.184808]}},{"type":"Feature","properties":{"id":"rock-0464","type":"rock","longitude":42.402774,"latitude":43.193921,"elevation_m":3216,"name":""},"geometry":{"type":"Point","coordinates":[42.402774,43.193921]}},{"type":"Feature","properties":{"id":"rock-0465","type":"rock","longitude":42.178938,"latitude":43.214497,"elevation_m":3372,"name":""},"geometry":{"type":"Point","coordinates":[42.178938,43.214497]}},{"type":"Feature","properties":{"id":"rock-0466","type":"rock","longitude":43.328383,"latitude":43.08623,"elevation_m":3552,"name":""},"geometry":{"type":"Point","coordinates":[43.328383,43.08623]}},{"type":"Feature","properties":{"id":"rock-0467","type":"rock","longitude":43.33791,"latitude":43.082117,"elevation_m":3391,"name":""},"geometry":{"type":"Point","coordinates":[43.33791,43.082117]}},{"type":"Feature","properties":{"id":"rock-0468","type":"rock","longitude":43.337052,"latitude":43.091159,"elevation_m":3303,"name":""},"geometry":{"type":"Point","coordinates":[43.337052,43.091159]}},{"type":"Feature","properties":{"id":"rock-0469","type":"rock","longitude":43.287635,"latitude":43.067195,"elevation_m":3598,"name":""},"geometry":{"type":"Point","coordinates":[43.287635,43.067195]}},{"type":"Feature","properties":{"id":"rock-0470","type":"rock","longitude":42.093408,"latitude":43.263738,"elevation_m":3420,"name":""},"geometry":{"type":"Point","coordinates":[42.093408,43.263738]}},{"type":"Feature","properties":{"id":"rock-0471","type":"rock","longitude":42.684803,"latitude":43.240935,"elevation_m":3364,"name":""},"geometry":{"type":"Point","coordinates":[42.684803,43.240935]}},{"type":"Feature","properties":{"id":"rock-0472","type":"rock","longitude":42.723845,"latitude":43.259831,"elevation_m":3237,"name":""},"geometry":{"type":"Point","coordinates":[42.723845,43.259831]}},{"type":"Feature","properties":{"id":"rock-0473","type":"rock","longitude":42.776481,"latitude":43.204785,"elevation_m":3631,"name":""},"geometry":{"type":"Point","coordinates":[42.776481,43.204785]}},{"type":"Feature","properties":{"id":"rock-0474","type":"rock","longitude":42.936695,"latitude":43.246445,"elevation_m":3623,"name":""},"geometry":{"type":"Point","coordinates":[42.936695,43.246445]}},{"type":"Feature","properties":{"id":"rock-0475","type":"rock","longitude":42.989534,"latitude":43.266464,"elevation_m":3361,"name":""},"geometry":{"type":"Point","coordinates":[42.989534,43.266464]}},{"type":"Feature","properties":{"id":"rock-0476","type":"rock","longitude":42.969739,"latitude":43.26748,"elevation_m":3769,"name":""},"geometry":{"type":"Point","coordinates":[42.969739,43.26748]}},{"type":"Feature","properties":{"id":"rock-0477","type":"rock","longitude":43.00876,"latitude":43.268495,"elevation_m":3710,"name":""},"geometry":{"type":"Point","coordinates":[43.00876,43.268495]}},{"type":"Feature","properties":{"id":"rock-0478","type":"rock","longitude":42.948689,"latitude":43.277041,"elevation_m":3945,"name":""},"geometry":{"type":"Point","coordinates":[42.948689,43.277041]}},{"type":"Feature","properties":{"id":"rock-0479","type":"rock","longitude":43.019918,"latitude":43.278135,"elevation_m":3632,"name":""},"geometry":{"type":"Point","coordinates":[43.019918,43.278135]}},{"type":"Feature","properties":{"id":"rock-0480","type":"rock","longitude":43.034542,"latitude":43.292458,"elevation_m":3604,"name":""},"geometry":{"type":"Point","coordinates":[43.034542,43.292458]}},{"type":"Feature","properties":{"id":"rock-0481","type":"rock","longitude":43.051085,"latitude":43.294903,"elevation_m":3637,"name":""},"geometry":{"type":"Point","coordinates":[43.051085,43.294903]}},{"type":"Feature","properties":{"id":"rock-0482","type":"rock","longitude":42.94899,"latitude":43.299338,"elevation_m":3959,"name":""},"geometry":{"type":"Point","coordinates":[42.94899,43.299338]}},{"type":"Feature","properties":{"id":"rock-0483","type":"rock","longitude":42.946136,"latitude":43.302906,"elevation_m":3827,"name":""},"geometry":{"type":"Point","coordinates":[42.946136,43.302906]}},{"type":"Feature","properties":{"id":"rock-0484","type":"rock","longitude":42.94399,"latitude":43.310136,"elevation_m":3796,"name":""},"geometry":{"type":"Point","coordinates":[42.94399,43.310136]}},{"type":"Feature","properties":{"id":"rock-0485","type":"rock","longitude":42.905045,"latitude":43.310667,"elevation_m":3795,"name":""},"geometry":{"type":"Point","coordinates":[42.905045,43.310667]}},{"type":"Feature","properties":{"id":"rock-0486","type":"rock","longitude":42.94325,"latitude":43.314,"elevation_m":3710,"name":""},"geometry":{"type":"Point","coordinates":[42.94325,43.314]}},{"type":"Feature","properties":{"id":"rock-0487","type":"rock","longitude":42.896826,"latitude":43.318465,"elevation_m":3366,"name":""},"geometry":{"type":"Point","coordinates":[42.896826,43.318465]}},{"type":"Feature","properties":{"id":"rock-0488","type":"rock","longitude":42.956747,"latitude":43.260894,"elevation_m":3772,"name":""},"geometry":{"type":"Point","coordinates":[42.956747,43.260894]}},{"type":"Feature","properties":{"id":"rock-0489","type":"rock","longitude":42.952058,"latitude":43.275135,"elevation_m":3964,"name":""},"geometry":{"type":"Point","coordinates":[42.952058,43.275135]}},{"type":"Feature","properties":{"id":"rock-0490","type":"rock","longitude":42.970362,"latitude":43.30275,"elevation_m":3693,"name":""},"geometry":{"type":"Point","coordinates":[42.970362,43.30275]}},{"type":"Feature","properties":{"id":"rock-0491","type":"rock","longitude":42.940718,"latitude":43.319371,"elevation_m":3535,"name":""},"geometry":{"type":"Point","coordinates":[42.940718,43.319371]}},{"type":"Feature","properties":{"id":"rock-0492","type":"rock","longitude":42.683923,"latitude":43.185293,"elevation_m":3584,"name":""},"geometry":{"type":"Point","coordinates":[42.683923,43.185293]}},{"type":"Feature","properties":{"id":"rock-0493","type":"rock","longitude":42.587181,"latitude":43.184581,"elevation_m":3250,"name":""},"geometry":{"type":"Point","coordinates":[42.587181,43.184581]}},{"type":"Feature","properties":{"id":"rock-0494","type":"rock","longitude":42.676499,"latitude":43.196072,"elevation_m":3442,"name":""},"geometry":{"type":"Point","coordinates":[42.676499,43.196072]}},{"type":"Feature","properties":{"id":"rock-0495","type":"rock","longitude":42.670244,"latitude":43.202697,"elevation_m":3351,"name":""},"geometry":{"type":"Point","coordinates":[42.670244,43.202697]}},{"type":"Feature","properties":{"id":"rock-0496","type":"rock","longitude":42.616128,"latitude":43.223113,"elevation_m":3203,"name":""},"geometry":{"type":"Point","coordinates":[42.616128,43.223113]}},{"type":"Feature","properties":{"id":"rock-0497","type":"rock","longitude":42.932993,"latitude":43.159731,"elevation_m":3970,"name":""},"geometry":{"type":"Point","coordinates":[42.932993,43.159731]}},{"type":"Feature","properties":{"id":"rock-0498","type":"rock","longitude":42.541476,"latitude":43.179465,"elevation_m":3666,"name":""},"geometry":{"type":"Point","coordinates":[42.541476,43.179465]}},{"type":"Feature","properties":{"id":"rock-0499","type":"rock","longitude":42.483165,"latitude":43.205254,"elevation_m":3630,"name":""},"geometry":{"type":"Point","coordinates":[42.483165,43.205254]}},{"type":"Feature","properties":{"id":"rock-0500","type":"rock","longitude":43.073959,"latitude":43.293606,"elevation_m":3339,"name":""},"geometry":{"type":"Point","coordinates":[43.073959,43.293606]}},{"type":"Feature","properties":{"id":"rock-0501","type":"rock","longitude":42.512873,"latitude":43.163996,"elevation_m":3916,"name":""},"geometry":{"type":"Point","coordinates":[42.512873,43.163996]}},{"type":"Feature","properties":{"id":"rock-0502","type":"rock","longitude":41.153551,"latitude":43.403083,"elevation_m":3359,"name":""},"geometry":{"type":"Point","coordinates":[41.153551,43.403083]}},{"type":"Feature","properties":{"id":"rock-0503","type":"rock","longitude":41.280409,"latitude":43.416466,"elevation_m":3387,"name":""},"geometry":{"type":"Point","coordinates":[41.280409,43.416466]}},{"type":"Feature","properties":{"id":"rock-0504","type":"rock","longitude":41.32282,"latitude":43.361631,"elevation_m":3255,"name":""},"geometry":{"type":"Point","coordinates":[41.32282,43.361631]}},{"type":"Feature","properties":{"id":"rock-0505","type":"rock","longitude":41.434464,"latitude":43.308473,"elevation_m":3269,"name":""},"geometry":{"type":"Point","coordinates":[41.434464,43.308473]}},{"type":"Feature","properties":{"id":"rock-0506","type":"rock","longitude":41.436621,"latitude":43.327347,"elevation_m":3255,"name":""},"geometry":{"type":"Point","coordinates":[41.436621,43.327347]}},{"type":"Feature","properties":{"id":"rock-0507","type":"rock","longitude":41.432662,"latitude":43.358067,"elevation_m":3224,"name":""},"geometry":{"type":"Point","coordinates":[41.432662,43.358067]}},{"type":"Feature","properties":{"id":"rock-0508","type":"rock","longitude":41.395926,"latitude":43.352075,"elevation_m":3377,"name":""},"geometry":{"type":"Point","coordinates":[41.395926,43.352075]}},{"type":"Feature","properties":{"id":"rock-0509","type":"rock","longitude":41.413468,"latitude":43.323898,"elevation_m":3442,"name":""},"geometry":{"type":"Point","coordinates":[41.413468,43.323898]}},{"type":"Feature","properties":{"id":"rock-0510","type":"rock","longitude":41.409327,"latitude":43.338757,"elevation_m":3619,"name":""},"geometry":{"type":"Point","coordinates":[41.409327,43.338757]}},{"type":"Feature","properties":{"id":"rock-0511","type":"rock","longitude":42.409136,"latitude":43.196197,"elevation_m":3267,"name":""},"geometry":{"type":"Point","coordinates":[42.409136,43.196197]}},{"type":"Feature","properties":{"id":"rock-0512","type":"rock","longitude":43.303825,"latitude":43.08844,"elevation_m":3811,"name":""},"geometry":{"type":"Point","coordinates":[43.303825,43.08844]}},{"type":"Feature","properties":{"id":"rock-0513","type":"rock","longitude":43.296947,"latitude":43.094402,"elevation_m":3609,"name":""},"geometry":{"type":"Point","coordinates":[43.296947,43.094402]}},{"type":"Feature","properties":{"id":"rock-0514","type":"rock","longitude":43.297795,"latitude":43.100552,"elevation_m":3652,"name":""},"geometry":{"type":"Point","coordinates":[43.297795,43.100552]}},{"type":"Feature","properties":{"id":"rock-0515","type":"rock","longitude":43.384656,"latitude":43.10508,"elevation_m":3221,"name":""},"geometry":{"type":"Point","coordinates":[43.384656,43.10508]}},{"type":"Feature","properties":{"id":"rock-0516","type":"rock","longitude":41.26173,"latitude":43.419832,"elevation_m":3371,"name":""},"geometry":{"type":"Point","coordinates":[41.26173,43.419832]}},{"type":"Feature","properties":{"id":"rock-0517","type":"rock","longitude":41.933506,"latitude":43.334871,"elevation_m":3212,"name":""},"geometry":{"type":"Point","coordinates":[41.933506,43.334871]}},{"type":"Feature","properties":{"id":"rock-0518","type":"rock","longitude":41.813879,"latitude":43.172016,"elevation_m":3473,"name":""},"geometry":{"type":"Point","coordinates":[41.813879,43.172016]}},{"type":"Feature","properties":{"id":"rock-0519","type":"rock","longitude":41.829886,"latitude":43.490938,"elevation_m":3245,"name":""},"geometry":{"type":"Point","coordinates":[41.829886,43.490938]}},{"type":"Feature","properties":{"id":"rock-0520","type":"rock","longitude":41.88338,"latitude":43.419349,"elevation_m":3609,"name":""},"geometry":{"type":"Point","coordinates":[41.88338,43.419349]}},{"type":"Feature","properties":{"id":"rock-0521","type":"rock","longitude":41.894023,"latitude":43.411353,"elevation_m":3769,"name":""},"geometry":{"type":"Point","coordinates":[41.894023,43.411353]}},{"type":"Feature","properties":{"id":"rock-0522","type":"rock","longitude":41.804931,"latitude":43.400238,"elevation_m":3339,"name":""},"geometry":{"type":"Point","coordinates":[41.804931,43.400238]}},{"type":"Feature","properties":{"id":"rock-0523","type":"rock","longitude":41.838394,"latitude":43.355913,"elevation_m":3662,"name":""},"geometry":{"type":"Point","coordinates":[41.838394,43.355913]}},{"type":"Feature","properties":{"id":"rock-0524","type":"rock","longitude":41.754527,"latitude":43.328549,"elevation_m":3214,"name":""},"geometry":{"type":"Point","coordinates":[41.754527,43.328549]}},{"type":"Feature","properties":{"id":"rock-0525","type":"rock","longitude":41.832011,"latitude":43.230493,"elevation_m":3278,"name":""},"geometry":{"type":"Point","coordinates":[41.832011,43.230493]}},{"type":"Feature","properties":{"id":"rock-0526","type":"rock","longitude":42.209194,"latitude":43.21671,"elevation_m":3233,"name":""},"geometry":{"type":"Point","coordinates":[42.209194,43.21671]}},{"type":"Feature","properties":{"id":"rock-0527","type":"rock","longitude":42.105682,"latitude":43.233846,"elevation_m":3593,"name":""},"geometry":{"type":"Point","coordinates":[42.105682,43.233846]}},{"type":"Feature","properties":{"id":"rock-0528","type":"rock","longitude":41.93858,"latitude":43.37032,"elevation_m":3377,"name":""},"geometry":{"type":"Point","coordinates":[41.93858,43.37032]}},{"type":"Feature","properties":{"id":"rock-0529","type":"rock","longitude":41.923839,"latitude":43.352598,"elevation_m":3274,"name":""},"geometry":{"type":"Point","coordinates":[41.923839,43.352598]}},{"type":"Feature","properties":{"id":"rock-0530","type":"rock","longitude":41.931027,"latitude":43.331257,"elevation_m":3385,"name":""},"geometry":{"type":"Point","coordinates":[41.931027,43.331257]}},{"type":"Feature","properties":{"id":"rock-0531","type":"rock","longitude":41.894935,"latitude":43.332483,"elevation_m":3277,"name":""},"geometry":{"type":"Point","coordinates":[41.894935,43.332483]}},{"type":"Feature","properties":{"id":"rock-0532","type":"rock","longitude":41.89221,"latitude":43.442848,"elevation_m":3502,"name":""},"geometry":{"type":"Point","coordinates":[41.89221,43.442848]}},{"type":"Feature","properties":{"id":"rock-0533","type":"rock","longitude":41.821636,"latitude":43.379421,"elevation_m":3527,"name":""},"geometry":{"type":"Point","coordinates":[41.821636,43.379421]}},{"type":"Feature","properties":{"id":"rock-0534","type":"rock","longitude":41.871257,"latitude":43.365875,"elevation_m":3453,"name":""},"geometry":{"type":"Point","coordinates":[41.871257,43.365875]}},{"type":"Feature","properties":{"id":"rock-0535","type":"rock","longitude":41.866751,"latitude":43.355141,"elevation_m":3412,"name":""},"geometry":{"type":"Point","coordinates":[41.866751,43.355141]}},{"type":"Feature","properties":{"id":"rock-0536","type":"rock","longitude":41.873821,"latitude":43.377347,"elevation_m":3371,"name":""},"geometry":{"type":"Point","coordinates":[41.873821,43.377347]}},{"type":"Feature","properties":{"id":"rock-0537","type":"rock","longitude":43.375965,"latitude":42.924102,"elevation_m":3409,"name":""},"geometry":{"type":"Point","coordinates":[43.375965,42.924102]}},{"type":"Feature","properties":{"id":"rock-0538","type":"rock","longitude":43.362232,"latitude":42.930089,"elevation_m":3304,"name":""},"geometry":{"type":"Point","coordinates":[43.362232,42.930089]}},{"type":"Feature","properties":{"id":"rock-0539","type":"rock","longitude":43.269385,"latitude":42.955402,"elevation_m":3695,"name":""},"geometry":{"type":"Point","coordinates":[43.269385,42.955402]}},{"type":"Feature","properties":{"id":"rock-0540","type":"rock","longitude":41.881031,"latitude":43.377573,"elevation_m":3226,"name":""},"geometry":{"type":"Point","coordinates":[41.881031,43.377573]}},{"type":"Feature","properties":{"id":"rock-0541","type":"rock","longitude":41.553812,"latitude":43.363098,"elevation_m":3428,"name":""},"geometry":{"type":"Point","coordinates":[41.553812,43.363098]}},{"type":"Feature","properties":{"id":"rock-0542","type":"rock","longitude":42.061039,"latitude":43.220103,"elevation_m":3509,"name":""},"geometry":{"type":"Point","coordinates":[42.061039,43.220103]}},{"type":"Feature","properties":{"id":"rock-0543","type":"rock","longitude":42.094524,"latitude":43.332428,"elevation_m":3265,"name":""},"geometry":{"type":"Point","coordinates":[42.094524,43.332428]}},{"type":"Feature","properties":{"id":"rock-0544","type":"rock","longitude":42.050042,"latitude":43.370266,"elevation_m":3305,"name":""},"geometry":{"type":"Point","coordinates":[42.050042,43.370266]}},{"type":"Feature","properties":{"id":"rock-0545","type":"rock","longitude":42.085834,"latitude":43.377261,"elevation_m":3212,"name":""},"geometry":{"type":"Point","coordinates":[42.085834,43.377261]}},{"type":"Feature","properties":{"id":"rock-0546","type":"rock","longitude":41.96905,"latitude":43.258721,"elevation_m":3348,"name":""},"geometry":{"type":"Point","coordinates":[41.96905,43.258721]}},{"type":"Feature","properties":{"id":"rock-0547","type":"rock","longitude":41.952496,"latitude":43.235058,"elevation_m":3505,"name":""},"geometry":{"type":"Point","coordinates":[41.952496,43.235058]}},{"type":"Feature","properties":{"id":"rock-0548","type":"rock","longitude":42.903864,"latitude":43.085901,"elevation_m":3220,"name":""},"geometry":{"type":"Point","coordinates":[42.903864,43.085901]}},{"type":"Feature","properties":{"id":"rock-0549","type":"rock","longitude":42.918123,"latitude":43.087539,"elevation_m":3669,"name":""},"geometry":{"type":"Point","coordinates":[42.918123,43.087539]}},{"type":"Feature","properties":{"id":"rock-0550","type":"rock","longitude":42.183069,"latitude":43.216467,"elevation_m":3526,"name":""},"geometry":{"type":"Point","coordinates":[42.183069,43.216467]}},{"type":"Feature","properties":{"id":"rock-0551","type":"rock","longitude":42.16056,"latitude":43.250087,"elevation_m":3385,"name":""},"geometry":{"type":"Point","coordinates":[42.16056,43.250087]}},{"type":"Feature","properties":{"id":"rock-0552","type":"rock","longitude":43.052298,"latitude":42.987854,"elevation_m":3212,"name":""},"geometry":{"type":"Point","coordinates":[43.052298,42.987854]}},{"type":"Feature","properties":{"id":"rock-0553","type":"rock","longitude":42.956597,"latitude":43.047918,"elevation_m":3699,"name":""},"geometry":{"type":"Point","coordinates":[42.956597,43.047918]}},{"type":"Feature","properties":{"id":"rock-0554","type":"rock","longitude":43.065505,"latitude":42.97353,"elevation_m":3346,"name":""},"geometry":{"type":"Point","coordinates":[43.065505,42.97353]}},{"type":"Feature","properties":{"id":"rock-0555","type":"rock","longitude":43.064733,"latitude":42.982329,"elevation_m":3540,"name":""},"geometry":{"type":"Point","coordinates":[43.064733,42.982329]}},{"type":"Feature","properties":{"id":"rock-0556","type":"rock","longitude":43.207641,"latitude":42.923238,"elevation_m":3380,"name":""},"geometry":{"type":"Point","coordinates":[43.207641,42.923238]}},{"type":"Feature","properties":{"id":"rock-0557","type":"rock","longitude":43.177471,"latitude":42.928502,"elevation_m":3590,"name":""},"geometry":{"type":"Point","coordinates":[43.177471,42.928502]}},{"type":"Feature","properties":{"id":"rock-0558","type":"rock","longitude":43.251253,"latitude":42.934166,"elevation_m":3494,"name":""},"geometry":{"type":"Point","coordinates":[43.251253,42.934166]}},{"type":"Feature","properties":{"id":"rock-0559","type":"rock","longitude":43.192341,"latitude":42.948271,"elevation_m":3638,"name":""},"geometry":{"type":"Point","coordinates":[43.192341,42.948271]}},{"type":"Feature","properties":{"id":"rock-0560","type":"rock","longitude":43.360752,"latitude":42.883339,"elevation_m":3284,"name":""},"geometry":{"type":"Point","coordinates":[43.360752,42.883339]}},{"type":"Feature","properties":{"id":"rock-0561","type":"rock","longitude":43.329574,"latitude":42.884903,"elevation_m":3321,"name":""},"geometry":{"type":"Point","coordinates":[43.329574,42.884903]}},{"type":"Feature","properties":{"id":"rock-0562","type":"rock","longitude":41.106194,"latitude":43.403964,"elevation_m":3231,"name":""},"geometry":{"type":"Point","coordinates":[41.106194,43.403964]}},{"type":"Feature","properties":{"id":"rock-0563","type":"rock","longitude":41.203762,"latitude":43.381597,"elevation_m":3386,"name":""},"geometry":{"type":"Point","coordinates":[41.203762,43.381597]}},{"type":"Feature","properties":{"id":"rock-0564","type":"rock","longitude":41.226615,"latitude":43.374843,"elevation_m":3285,"name":""},"geometry":{"type":"Point","coordinates":[41.226615,43.374843]}},{"type":"Feature","properties":{"id":"rock-0565","type":"rock","longitude":41.23125,"latitude":43.369665,"elevation_m":3358,"name":""},"geometry":{"type":"Point","coordinates":[41.23125,43.369665]}},{"type":"Feature","properties":{"id":"rock-0566","type":"rock","longitude":41.266011,"latitude":43.361928,"elevation_m":3308,"name":""},"geometry":{"type":"Point","coordinates":[41.266011,43.361928]}},{"type":"Feature","properties":{"id":"rock-0567","type":"rock","longitude":41.416022,"latitude":43.329704,"elevation_m":3377,"name":""},"geometry":{"type":"Point","coordinates":[41.416022,43.329704]}},{"type":"Feature","properties":{"id":"rock-0568","type":"rock","longitude":41.422985,"latitude":43.315553,"elevation_m":3392,"name":""},"geometry":{"type":"Point","coordinates":[41.422985,43.315553]}},{"type":"Feature","properties":{"id":"rock-0569","type":"rock","longitude":41.455472,"latitude":43.308785,"elevation_m":3583,"name":""},"geometry":{"type":"Point","coordinates":[41.455472,43.308785]}},{"type":"Feature","properties":{"id":"rock-0570","type":"rock","longitude":41.467413,"latitude":43.305131,"elevation_m":3343,"name":""},"geometry":{"type":"Point","coordinates":[41.467413,43.305131]}},{"type":"Feature","properties":{"id":"rock-0571","type":"rock","longitude":41.472294,"latitude":43.298549,"elevation_m":3420,"name":""},"geometry":{"type":"Point","coordinates":[41.472294,43.298549]}},{"type":"Feature","properties":{"id":"rock-0572","type":"rock","longitude":41.495994,"latitude":43.282634,"elevation_m":3453,"name":""},"geometry":{"type":"Point","coordinates":[41.495994,43.282634]}},{"type":"Feature","properties":{"id":"rock-0573","type":"rock","longitude":41.505618,"latitude":43.281861,"elevation_m":3769,"name":""},"geometry":{"type":"Point","coordinates":[41.505618,43.281861]}},{"type":"Feature","properties":{"id":"rock-0574","type":"rock","longitude":41.511358,"latitude":43.276229,"elevation_m":3729,"name":""},"geometry":{"type":"Point","coordinates":[41.511358,43.276229]}},{"type":"Feature","properties":{"id":"rock-0575","type":"rock","longitude":41.5267,"latitude":43.271003,"elevation_m":3333,"name":""},"geometry":{"type":"Point","coordinates":[41.5267,43.271003]}},{"type":"Feature","properties":{"id":"rock-0576","type":"rock","longitude":41.545862,"latitude":43.268652,"elevation_m":3497,"name":""},"geometry":{"type":"Point","coordinates":[41.545862,43.268652]}},{"type":"Feature","properties":{"id":"rock-0577","type":"rock","longitude":41.550636,"latitude":43.261472,"elevation_m":3472,"name":""},"geometry":{"type":"Point","coordinates":[41.550636,43.261472]}},{"type":"Feature","properties":{"id":"rock-0578","type":"rock","longitude":41.642625,"latitude":43.230024,"elevation_m":3503,"name":""},"geometry":{"type":"Point","coordinates":[41.642625,43.230024]}},{"type":"Feature","properties":{"id":"rock-0579","type":"rock","longitude":41.64549,"latitude":43.231126,"elevation_m":3384,"name":""},"geometry":{"type":"Point","coordinates":[41.64549,43.231126]}},{"type":"Feature","properties":{"id":"rock-0580","type":"rock","longitude":41.658804,"latitude":43.238223,"elevation_m":3777,"name":""},"geometry":{"type":"Point","coordinates":[41.658804,43.238223]}},{"type":"Feature","properties":{"id":"rock-0581","type":"rock","longitude":41.670123,"latitude":43.230024,"elevation_m":3232,"name":""},"geometry":{"type":"Point","coordinates":[41.670123,43.230024]}},{"type":"Feature","properties":{"id":"rock-0582","type":"rock","longitude":41.716805,"latitude":43.235105,"elevation_m":3492,"name":""},"geometry":{"type":"Point","coordinates":[41.716805,43.235105]}},{"type":"Feature","properties":{"id":"rock-0583","type":"rock","longitude":41.773152,"latitude":43.218258,"elevation_m":3352,"name":""},"geometry":{"type":"Point","coordinates":[41.773152,43.218258]}},{"type":"Feature","properties":{"id":"rock-0584","type":"rock","longitude":41.783355,"latitude":43.221143,"elevation_m":3428,"name":""},"geometry":{"type":"Point","coordinates":[41.783355,43.221143]}},{"type":"Feature","properties":{"id":"rock-0585","type":"rock","longitude":41.803944,"latitude":43.20204,"elevation_m":3248,"name":""},"geometry":{"type":"Point","coordinates":[41.803944,43.20204]}},{"type":"Feature","properties":{"id":"rock-0586","type":"rock","longitude":41.985358,"latitude":43.215341,"elevation_m":3233,"name":""},"geometry":{"type":"Point","coordinates":[41.985358,43.215341]}},{"type":"Feature","properties":{"id":"rock-0587","type":"rock","longitude":42.013328,"latitude":43.216772,"elevation_m":3368,"name":""},"geometry":{"type":"Point","coordinates":[42.013328,43.216772]}},{"type":"Feature","properties":{"id":"rock-0588","type":"rock","longitude":42.019143,"latitude":43.217093,"elevation_m":3357,"name":""},"geometry":{"type":"Point","coordinates":[42.019143,43.217093]}},{"type":"Feature","properties":{"id":"rock-0589","type":"rock","longitude":42.02439,"latitude":43.210533,"elevation_m":3486,"name":""},"geometry":{"type":"Point","coordinates":[42.02439,43.210533]}},{"type":"Feature","properties":{"id":"rock-0590","type":"rock","longitude":42.028499,"latitude":43.204636,"elevation_m":3329,"name":""},"geometry":{"type":"Point","coordinates":[42.028499,43.204636]}},{"type":"Feature","properties":{"id":"rock-0591","type":"rock","longitude":42.033391,"latitude":43.202141,"elevation_m":3540,"name":""},"geometry":{"type":"Point","coordinates":[42.033391,43.202141]}},{"type":"Feature","properties":{"id":"rock-0592","type":"rock","longitude":42.040375,"latitude":43.186819,"elevation_m":3399,"name":""},"geometry":{"type":"Point","coordinates":[42.040375,43.186819]}},{"type":"Feature","properties":{"id":"rock-0593","type":"rock","longitude":42.070684,"latitude":43.197488,"elevation_m":3546,"name":""},"geometry":{"type":"Point","coordinates":[42.070684,43.197488]}},{"type":"Feature","properties":{"id":"rock-0594","type":"rock","longitude":42.080694,"latitude":43.204691,"elevation_m":3876,"name":""},"geometry":{"type":"Point","coordinates":[42.080694,43.204691]}},{"type":"Feature","properties":{"id":"rock-0595","type":"rock","longitude":42.095414,"latitude":43.213973,"elevation_m":3796,"name":""},"geometry":{"type":"Point","coordinates":[42.095414,43.213973]}},{"type":"Feature","properties":{"id":"rock-0596","type":"rock","longitude":42.116539,"latitude":43.21011,"elevation_m":3334,"name":""},"geometry":{"type":"Point","coordinates":[42.116539,43.21011]}},{"type":"Feature","properties":{"id":"rock-0597","type":"rock","longitude":42.131581,"latitude":43.21108,"elevation_m":3270,"name":""},"geometry":{"type":"Point","coordinates":[42.131581,43.21108]}},{"type":"Feature","properties":{"id":"rock-0598","type":"rock","longitude":42.135304,"latitude":43.216983,"elevation_m":3732,"name":""},"geometry":{"type":"Point","coordinates":[42.135304,43.216983]}},{"type":"Feature","properties":{"id":"rock-0599","type":"rock","longitude":42.171943,"latitude":43.221229,"elevation_m":3623,"name":""},"geometry":{"type":"Point","coordinates":[42.171943,43.221229]}},{"type":"Feature","properties":{"id":"rock-0600","type":"rock","longitude":42.187039,"latitude":43.217804,"elevation_m":3602,"name":""},"geometry":{"type":"Point","coordinates":[42.187039,43.217804]}},{"type":"Feature","properties":{"id":"rock-0601","type":"rock","longitude":42.193229,"latitude":43.219087,"elevation_m":3820,"name":""},"geometry":{"type":"Point","coordinates":[42.193229,43.219087]}},{"type":"Feature","properties":{"id":"rock-0602","type":"rock","longitude":42.216189,"latitude":43.230985,"elevation_m":3406,"name":""},"geometry":{"type":"Point","coordinates":[42.216189,43.230985]}},{"type":"Feature","properties":{"id":"rock-0603","type":"rock","longitude":42.231499,"latitude":43.227358,"elevation_m":3359,"name":""},"geometry":{"type":"Point","coordinates":[42.231499,43.227358]}},{"type":"Feature","properties":{"id":"rock-0604","type":"rock","longitude":42.246412,"latitude":43.228093,"elevation_m":3586,"name":""},"geometry":{"type":"Point","coordinates":[42.246412,43.228093]}},{"type":"Feature","properties":{"id":"rock-0605","type":"rock","longitude":42.341062,"latitude":43.220431,"elevation_m":3238,"name":""},"geometry":{"type":"Point","coordinates":[42.341062,43.220431]}},{"type":"Feature","properties":{"id":"rock-0606","type":"rock","longitude":42.342263,"latitude":43.224505,"elevation_m":3462,"name":""},"geometry":{"type":"Point","coordinates":[42.342263,43.224505]}},{"type":"Feature","properties":{"id":"rock-0607","type":"rock","longitude":42.350106,"latitude":43.234042,"elevation_m":3335,"name":""},"geometry":{"type":"Point","coordinates":[42.350106,43.234042]}},{"type":"Feature","properties":{"id":"rock-0608","type":"rock","longitude":42.358207,"latitude":43.246852,"elevation_m":3427,"name":""},"geometry":{"type":"Point","coordinates":[42.358207,43.246852]}},{"type":"Feature","properties":{"id":"rock-0609","type":"rock","longitude":42.376016,"latitude":43.247125,"elevation_m":3426,"name":""},"geometry":{"type":"Point","coordinates":[42.376016,43.247125]}},{"type":"Feature","properties":{"id":"rock-0610","type":"rock","longitude":42.380426,"latitude":43.244327,"elevation_m":3356,"name":""},"geometry":{"type":"Point","coordinates":[42.380426,43.244327]}},{"type":"Feature","properties":{"id":"rock-0611","type":"rock","longitude":42.394427,"latitude":43.246539,"elevation_m":3357,"name":""},"geometry":{"type":"Point","coordinates":[42.394427,43.246539]}},{"type":"Feature","properties":{"id":"rock-0612","type":"rock","longitude":42.407033,"latitude":43.248516,"elevation_m":3423,"name":""},"geometry":{"type":"Point","coordinates":[42.407033,43.248516]}},{"type":"Feature","properties":{"id":"rock-0613","type":"rock","longitude":42.429854,"latitude":43.253158,"elevation_m":3337,"name":""},"geometry":{"type":"Point","coordinates":[42.429854,43.253158]}},{"type":"Feature","properties":{"id":"rock-0614","type":"rock","longitude":42.444413,"latitude":43.228922,"elevation_m":3657,"name":""},"geometry":{"type":"Point","coordinates":[42.444413,43.228922]}},{"type":"Feature","properties":{"id":"rock-0615","type":"rock","longitude":42.571034,"latitude":43.174544,"elevation_m":3411,"name":""},"geometry":{"type":"Point","coordinates":[42.571034,43.174544]}},{"type":"Feature","properties":{"id":"rock-0616","type":"rock","longitude":42.603275,"latitude":43.162806,"elevation_m":3917,"name":""},"geometry":{"type":"Point","coordinates":[42.603275,43.162806]}},{"type":"Feature","properties":{"id":"rock-0617","type":"rock","longitude":42.634871,"latitude":43.154135,"elevation_m":3975,"name":""},"geometry":{"type":"Point","coordinates":[42.634871,43.154135]}},{"type":"Feature","properties":{"id":"rock-0618","type":"rock","longitude":42.65134,"latitude":43.145407,"elevation_m":3806,"name":""},"geometry":{"type":"Point","coordinates":[42.65134,43.145407]}},{"type":"Feature","properties":{"id":"rock-0619","type":"rock","longitude":42.874392,"latitude":43.162689,"elevation_m":3765,"name":""},"geometry":{"type":"Point","coordinates":[42.874392,43.162689]}},{"type":"Feature","properties":{"id":"rock-0620","type":"rock","longitude":42.963527,"latitude":43.125137,"elevation_m":3868,"name":""},"geometry":{"type":"Point","coordinates":[42.963527,43.125137]}},{"type":"Feature","properties":{"id":"rock-0621","type":"rock","longitude":43.014854,"latitude":43.104171,"elevation_m":3881,"name":""},"geometry":{"type":"Point","coordinates":[43.014854,43.104171]}},{"type":"Feature","properties":{"id":"rock-0622","type":"rock","longitude":43.161678,"latitude":42.967085,"elevation_m":3872,"name":""},"geometry":{"type":"Point","coordinates":[43.161678,42.967085]}},{"type":"Feature","properties":{"id":"rock-0623","type":"rock","longitude":43.204916,"latitude":42.930536,"elevation_m":3894,"name":""},"geometry":{"type":"Point","coordinates":[43.204916,42.930536]}},{"type":"Feature","properties":{"id":"rock-0624","type":"rock","longitude":43.238336,"latitude":42.924157,"elevation_m":3742,"name":""},"geometry":{"type":"Point","coordinates":[43.238336,42.924157]}},{"type":"Feature","properties":{"id":"rock-0625","type":"rock","longitude":43.251908,"latitude":42.92239,"elevation_m":3446,"name":""},"geometry":{"type":"Point","coordinates":[43.251908,42.92239]}},{"type":"Feature","properties":{"id":"rock-0626","type":"rock","longitude":43.27329,"latitude":42.922413,"elevation_m":3451,"name":""},"geometry":{"type":"Point","coordinates":[43.27329,42.922413]}},{"type":"Feature","properties":{"id":"rock-0627","type":"rock","longitude":43.300391,"latitude":42.907335,"elevation_m":3487,"name":""},"geometry":{"type":"Point","coordinates":[43.300391,42.907335]}},{"type":"Feature","properties":{"id":"rock-0628","type":"rock","longitude":43.317547,"latitude":42.914816,"elevation_m":3680,"name":""},"geometry":{"type":"Point","coordinates":[43.317547,42.914816]}},{"type":"Feature","properties":{"id":"rock-0629","type":"rock","longitude":42.531112,"latitude":43.157422,"elevation_m":3802,"name":""},"geometry":{"type":"Point","coordinates":[42.531112,43.157422]}},{"type":"Feature","properties":{"id":"rock-0630","type":"rock","longitude":42.209237,"latitude":43.243655,"elevation_m":3371,"name":""},"geometry":{"type":"Point","coordinates":[42.209237,43.243655]}},{"type":"Feature","properties":{"id":"rock-0631","type":"rock","longitude":43.287592,"latitude":42.959987,"elevation_m":3404,"name":""},"geometry":{"type":"Point","coordinates":[43.287592,42.959987]}},{"type":"Feature","properties":{"id":"rock-0632","type":"rock","longitude":43.297452,"latitude":42.963403,"elevation_m":3239,"name":""},"geometry":{"type":"Point","coordinates":[43.297452,42.963403]}},{"type":"Feature","properties":{"id":"rock-0633","type":"rock","longitude":43.261017,"latitude":43.045417,"elevation_m":3913,"name":""},"geometry":{"type":"Point","coordinates":[43.261017,43.045417]}},{"type":"Feature","properties":{"id":"rock-0634","type":"rock","longitude":43.306367,"latitude":43.051823,"elevation_m":3332,"name":""},"geometry":{"type":"Point","coordinates":[43.306367,43.051823]}},{"type":"Feature","properties":{"id":"rock-0635","type":"rock","longitude":43.295692,"latitude":43.076223,"elevation_m":3478,"name":""},"geometry":{"type":"Point","coordinates":[43.295692,43.076223]}},{"type":"Feature","properties":{"id":"rock-0636","type":"rock","longitude":43.295467,"latitude":43.080957,"elevation_m":3660,"name":""},"geometry":{"type":"Point","coordinates":[43.295467,43.080957]}},{"type":"Feature","properties":{"id":"rock-0637","type":"rock","longitude":43.294469,"latitude":43.083825,"elevation_m":3663,"name":""},"geometry":{"type":"Point","coordinates":[43.294469,43.083825]}},{"type":"Feature","properties":{"id":"rock-0638","type":"rock","longitude":43.316324,"latitude":43.086653,"elevation_m":3685,"name":""},"geometry":{"type":"Point","coordinates":[43.316324,43.086653]}},{"type":"Feature","properties":{"id":"rock-0639","type":"rock","longitude":43.347909,"latitude":43.090806,"elevation_m":3407,"name":""},"geometry":{"type":"Point","coordinates":[43.347909,43.090806]}},{"type":"Feature","properties":{"id":"rock-0640","type":"rock","longitude":43.29772,"latitude":43.106302,"elevation_m":3636,"name":""},"geometry":{"type":"Point","coordinates":[43.29772,43.106302]}},{"type":"Feature","properties":{"id":"rock-0641","type":"rock","longitude":43.364239,"latitude":43.113288,"elevation_m":3462,"name":""},"geometry":{"type":"Point","coordinates":[43.364239,43.113288]}},{"type":"Feature","properties":{"id":"rock-0642","type":"rock","longitude":41.920159,"latitude":43.329002,"elevation_m":3692,"name":""},"geometry":{"type":"Point","coordinates":[41.920159,43.329002]}},{"type":"Feature","properties":{"id":"rock-0643","type":"rock","longitude":42.488143,"latitude":43.185231,"elevation_m":3654,"name":""},"geometry":{"type":"Point","coordinates":[42.488143,43.185231]}},{"type":"Feature","properties":{"id":"rock-0644","type":"rock","longitude":42.485311,"latitude":43.1593,"elevation_m":3547,"name":""},"geometry":{"type":"Point","coordinates":[42.485311,43.1593]}},{"type":"Feature","properties":{"id":"rock-0645","type":"rock","longitude":43.38237,"latitude":42.920952,"elevation_m":3391,"name":""},"geometry":{"type":"Point","coordinates":[43.38237,42.920952]}},{"type":"Feature","properties":{"id":"rock-0646","type":"rock","longitude":43.252519,"latitude":42.941706,"elevation_m":3717,"name":""},"geometry":{"type":"Point","coordinates":[43.252519,42.941706]}},{"type":"Feature","properties":{"id":"rock-0647","type":"rock","longitude":43.427238,"latitude":42.944973,"elevation_m":3660,"name":""},"geometry":{"type":"Point","coordinates":[43.427238,42.944973]}},{"type":"Feature","properties":{"id":"rock-0648","type":"rock","longitude":43.253839,"latitude":42.952528,"elevation_m":3686,"name":""},"geometry":{"type":"Point","coordinates":[43.253839,42.952528]}},{"type":"Feature","properties":{"id":"rock-0649","type":"rock","longitude":43.430822,"latitude":42.954216,"elevation_m":3790,"name":""},"geometry":{"type":"Point","coordinates":[43.430822,42.954216]}},{"type":"Feature","properties":{"id":"rock-0650","type":"rock","longitude":43.432088,"latitude":42.957985,"elevation_m":3885,"name":""},"geometry":{"type":"Point","coordinates":[43.432088,42.957985]}},{"type":"Feature","properties":{"id":"rock-0651","type":"rock","longitude":43.253249,"latitude":42.960631,"elevation_m":3530,"name":""},"geometry":{"type":"Point","coordinates":[43.253249,42.960631]}},{"type":"Feature","properties":{"id":"rock-0652","type":"rock","longitude":43.428215,"latitude":42.962712,"elevation_m":3972,"name":""},"geometry":{"type":"Point","coordinates":[43.428215,42.962712]}},{"type":"Feature","properties":{"id":"rock-0653","type":"rock","longitude":43.293836,"latitude":42.962264,"elevation_m":3253,"name":""},"geometry":{"type":"Point","coordinates":[43.293836,42.962264]}},{"type":"Feature","properties":{"id":"rock-0654","type":"rock","longitude":43.421692,"latitude":42.964989,"elevation_m":3802,"name":""},"geometry":{"type":"Point","coordinates":[43.421692,42.964989]}},{"type":"Feature","properties":{"id":"rock-0655","type":"rock","longitude":43.357286,"latitude":42.970115,"elevation_m":3229,"name":""},"geometry":{"type":"Point","coordinates":[43.357286,42.970115]}},{"type":"Feature","properties":{"id":"rock-0656","type":"rock","longitude":43.388304,"latitude":42.975116,"elevation_m":3552,"name":""},"geometry":{"type":"Point","coordinates":[43.388304,42.975116]}},{"type":"Feature","properties":{"id":"rock-0657","type":"rock","longitude":43.390181,"latitude":42.981034,"elevation_m":3914,"name":""},"geometry":{"type":"Point","coordinates":[43.390181,42.981034]}},{"type":"Feature","properties":{"id":"rock-0658","type":"rock","longitude":43.396726,"latitude":42.980461,"elevation_m":3664,"name":""},"geometry":{"type":"Point","coordinates":[43.396726,42.980461]}},{"type":"Feature","properties":{"id":"rock-0659","type":"rock","longitude":43.382381,"latitude":42.984692,"elevation_m":3860,"name":""},"geometry":{"type":"Point","coordinates":[43.382381,42.984692]}},{"type":"Feature","properties":{"id":"rock-0660","type":"rock","longitude":43.458921,"latitude":42.985264,"elevation_m":3915,"name":""},"geometry":{"type":"Point","coordinates":[43.458921,42.985264]}},{"type":"Feature","properties":{"id":"rock-0661","type":"rock","longitude":43.385611,"latitude":42.986269,"elevation_m":3973,"name":""},"geometry":{"type":"Point","coordinates":[43.385611,42.986269]}},{"type":"Feature","properties":{"id":"rock-0662","type":"rock","longitude":43.446207,"latitude":42.987305,"elevation_m":3797,"name":""},"geometry":{"type":"Point","coordinates":[43.446207,42.987305]}},{"type":"Feature","properties":{"id":"rock-0663","type":"rock","longitude":43.379645,"latitude":42.989801,"elevation_m":3658,"name":""},"geometry":{"type":"Point","coordinates":[43.379645,42.989801]}},{"type":"Feature","properties":{"id":"rock-0664","type":"rock","longitude":43.250374,"latitude":43.000528,"elevation_m":3411,"name":""},"geometry":{"type":"Point","coordinates":[43.250374,43.000528]}},{"type":"Feature","properties":{"id":"rock-0665","type":"rock","longitude":42.351587,"latitude":43.252463,"elevation_m":3462,"name":""},"geometry":{"type":"Point","coordinates":[42.351587,43.252463]}},{"type":"Feature","properties":{"id":"rock-0666","type":"rock","longitude":41.48754,"latitude":43.286679,"elevation_m":3557,"name":""},"geometry":{"type":"Point","coordinates":[41.48754,43.286679]}},{"type":"Feature","properties":{"id":"rock-0667","type":"rock","longitude":42.978301,"latitude":43.236949,"elevation_m":3345,"name":""},"geometry":{"type":"Point","coordinates":[42.978301,43.236949]}},{"type":"Feature","properties":{"id":"rock-0668","type":"rock","longitude":43.272604,"latitude":43.061998,"elevation_m":3865,"name":""},"geometry":{"type":"Point","coordinates":[43.272604,43.061998]}},{"type":"Feature","properties":{"id":"rock-0669","type":"rock","longitude":43.262572,"latitude":43.059231,"elevation_m":3906,"name":""},"geometry":{"type":"Point","coordinates":[43.262572,43.059231]}},{"type":"Feature","properties":{"id":"rock-0670","type":"rock","longitude":43.161753,"latitude":42.98973,"elevation_m":3582,"name":""},"geometry":{"type":"Point","coordinates":[43.161753,42.98973]}},{"type":"Feature","properties":{"id":"rock-0671","type":"rock","longitude":42.418674,"latitude":43.448207,"elevation_m":3513,"name":""},"geometry":{"type":"Point","coordinates":[42.418674,43.448207]}},{"type":"Feature","properties":{"id":"rock-0672","type":"rock","longitude":42.970791,"latitude":43.31514,"elevation_m":3396,"name":""},"geometry":{"type":"Point","coordinates":[42.970791,43.31514]}},{"type":"Feature","properties":{"id":"rock-0673","type":"rock","longitude":43.127754,"latitude":43.136373,"elevation_m":3740,"name":""},"geometry":{"type":"Point","coordinates":[43.127754,43.136373]}},{"type":"Feature","properties":{"id":"rock-0674","type":"rock","longitude":43.217543,"latitude":42.962649,"elevation_m":3309,"name":""},"geometry":{"type":"Point","coordinates":[43.217543,42.962649]}},{"type":"Feature","properties":{"id":"rock-0675","type":"rock","longitude":43.232403,"latitude":42.949834,"elevation_m":3373,"name":""},"geometry":{"type":"Point","coordinates":[43.232403,42.949834]}},{"type":"Feature","properties":{"id":"rock-0676","type":"rock","longitude":43.357651,"latitude":43.17427,"elevation_m":3272,"name":""},"geometry":{"type":"Point","coordinates":[43.357651,43.17427]}},{"type":"Feature","properties":{"id":"rock-0677","type":"rock","longitude":43.349959,"latitude":43.170209,"elevation_m":3354,"name":""},"geometry":{"type":"Point","coordinates":[43.349959,43.170209]}},{"type":"Feature","properties":{"id":"rock-0678","type":"rock","longitude":43.345807,"latitude":43.1638,"elevation_m":3405,"name":""},"geometry":{"type":"Point","coordinates":[43.345807,43.1638]}},{"type":"Feature","properties":{"id":"rock-0679","type":"rock","longitude":43.335421,"latitude":43.150166,"elevation_m":3236,"name":""},"geometry":{"type":"Point","coordinates":[43.335421,43.150166]}},{"type":"Feature","properties":{"id":"rock-0680","type":"rock","longitude":43.249258,"latitude":43.115873,"elevation_m":3581,"name":""},"geometry":{"type":"Point","coordinates":[43.249258,43.115873]}},{"type":"Feature","properties":{"id":"rock-0681","type":"rock","longitude":42.217927,"latitude":43.267847,"elevation_m":3618,"name":""},"geometry":{"type":"Point","coordinates":[42.217927,43.267847]}},{"type":"Feature","properties":{"id":"rock-0682","type":"rock","longitude":42.209569,"latitude":43.259112,"elevation_m":3367,"name":""},"geometry":{"type":"Point","coordinates":[42.209569,43.259112]}},{"type":"Feature","properties":{"id":"rock-0683","type":"rock","longitude":42.258546,"latitude":43.244226,"elevation_m":3272,"name":""},"geometry":{"type":"Point","coordinates":[42.258546,43.244226]}},{"type":"Feature","properties":{"id":"rock-0684","type":"rock","longitude":42.302105,"latitude":43.248844,"elevation_m":3270,"name":""},"geometry":{"type":"Point","coordinates":[42.302105,43.248844]}},{"type":"Feature","properties":{"id":"rock-0685","type":"rock","longitude":42.086381,"latitude":43.209829,"elevation_m":3821,"name":""},"geometry":{"type":"Point","coordinates":[42.086381,43.209829]}},{"type":"Feature","properties":{"id":"rock-0686","type":"rock","longitude":41.968482,"latitude":43.26037,"elevation_m":3356,"name":""},"geometry":{"type":"Point","coordinates":[41.968482,43.26037]}},{"type":"Feature","properties":{"id":"rock-0687","type":"rock","longitude":41.880902,"latitude":43.281126,"elevation_m":3395,"name":""},"geometry":{"type":"Point","coordinates":[41.880902,43.281126]}},{"type":"Feature","properties":{"id":"rock-0688","type":"rock","longitude":41.886663,"latitude":43.29217,"elevation_m":3644,"name":""},"geometry":{"type":"Point","coordinates":[41.886663,43.29217]}},{"type":"Feature","properties":{"id":"rock-0689","type":"rock","longitude":41.80476,"latitude":43.185755,"elevation_m":3329,"name":""},"geometry":{"type":"Point","coordinates":[41.80476,43.185755]}},{"type":"Feature","properties":{"id":"rock-0690","type":"rock","longitude":41.952163,"latitude":43.489553,"elevation_m":3242,"name":""},"geometry":{"type":"Point","coordinates":[41.952163,43.489553]}},{"type":"Feature","properties":{"id":"rock-0691","type":"rock","longitude":41.802185,"latitude":43.196565,"elevation_m":3329,"name":""},"geometry":{"type":"Point","coordinates":[41.802185,43.196565]}},{"type":"Feature","properties":{"id":"rock-0692","type":"rock","longitude":41.803644,"latitude":43.189916,"elevation_m":3321,"name":""},"geometry":{"type":"Point","coordinates":[41.803644,43.189916]}},{"type":"Feature","properties":{"id":"rock-0693","type":"rock","longitude":41.78755,"latitude":43.224465,"elevation_m":3211,"name":""},"geometry":{"type":"Point","coordinates":[41.78755,43.224465]}},{"type":"Feature","properties":{"id":"rock-0694","type":"rock","longitude":41.641392,"latitude":43.225325,"elevation_m":3341,"name":""},"geometry":{"type":"Point","coordinates":[41.641392,43.225325]}},{"type":"Feature","properties":{"id":"rock-0695","type":"rock","longitude":41.657259,"latitude":43.243257,"elevation_m":3691,"name":""},"geometry":{"type":"Point","coordinates":[41.657259,43.243257]}},{"type":"Feature","properties":{"id":"rock-0696","type":"rock","longitude":41.652625,"latitude":43.235339,"elevation_m":3700,"name":""},"geometry":{"type":"Point","coordinates":[41.652625,43.235339]}},{"type":"Feature","properties":{"id":"rock-0697","type":"rock","longitude":41.505275,"latitude":43.297839,"elevation_m":3361,"name":""},"geometry":{"type":"Point","coordinates":[41.505275,43.297839]}},{"type":"Feature","properties":{"id":"rock-0698","type":"rock","longitude":41.608315,"latitude":43.212175,"elevation_m":3356,"name":""},"geometry":{"type":"Point","coordinates":[41.608315,43.212175]}},{"type":"Feature","properties":{"id":"rock-0699","type":"rock","longitude":41.612531,"latitude":43.21678,"elevation_m":3233,"name":""},"geometry":{"type":"Point","coordinates":[41.612531,43.21678]}},{"type":"Feature","properties":{"id":"rock-0700","type":"rock","longitude":41.556301,"latitude":43.385059,"elevation_m":3412,"name":""},"geometry":{"type":"Point","coordinates":[41.556301,43.385059]}},{"type":"Feature","properties":{"id":"rock-0701","type":"rock","longitude":41.467134,"latitude":43.32012,"elevation_m":3202,"name":""},"geometry":{"type":"Point","coordinates":[41.467134,43.32012]}},{"type":"Feature","properties":{"id":"rock-0702","type":"rock","longitude":41.461158,"latitude":43.314195,"elevation_m":3314,"name":""},"geometry":{"type":"Point","coordinates":[41.461158,43.314195]}},{"type":"Feature","properties":{"id":"rock-0703","type":"rock","longitude":41.427534,"latitude":43.320245,"elevation_m":3231,"name":""},"geometry":{"type":"Point","coordinates":[41.427534,43.320245]}},{"type":"Feature","properties":{"id":"rock-0704","type":"rock","longitude":41.433842,"latitude":43.324514,"elevation_m":3249,"name":""},"geometry":{"type":"Point","coordinates":[41.433842,43.324514]}},{"type":"Feature","properties":{"id":"rock-0705","type":"rock","longitude":41.421515,"latitude":43.349173,"elevation_m":3493,"name":""},"geometry":{"type":"Point","coordinates":[41.421515,43.349173]}},{"type":"Feature","properties":{"id":"rock-0706","type":"rock","longitude":41.412932,"latitude":43.355352,"elevation_m":3354,"name":""},"geometry":{"type":"Point","coordinates":[41.412932,43.355352]}},{"type":"Feature","properties":{"id":"rock-0707","type":"rock","longitude":41.429304,"latitude":43.350632,"elevation_m":3584,"name":""},"geometry":{"type":"Point","coordinates":[41.429304,43.350632]}},{"type":"Feature","properties":{"id":"rock-0708","type":"rock","longitude":41.425581,"latitude":43.348502,"elevation_m":3617,"name":""},"geometry":{"type":"Point","coordinates":[41.425581,43.348502]}},{"type":"Feature","properties":{"id":"rock-0709","type":"rock","longitude":41.159806,"latitude":43.408984,"elevation_m":3622,"name":""},"geometry":{"type":"Point","coordinates":[41.159806,43.408984]}},{"type":"Feature","properties":{"id":"rock-0710","type":"rock","longitude":42.562054,"latitude":43.340247,"elevation_m":3759,"name":""},"geometry":{"type":"Point","coordinates":[42.562054,43.340247]}},{"type":"Feature","properties":{"id":"rock-0711","type":"rock","longitude":41.278564,"latitude":43.372371,"elevation_m":3271,"name":""},"geometry":{"type":"Point","coordinates":[41.278564,43.372371]}},{"type":"Feature","properties":{"id":"rock-0712","type":"rock","longitude":42.576066,"latitude":43.337282,"elevation_m":3771,"name":""},"geometry":{"type":"Point","coordinates":[42.576066,43.337282]}},{"type":"Feature","properties":{"id":"rock-0713","type":"rock","longitude":41.940683,"latitude":43.22531,"elevation_m":3517,"name":""},"geometry":{"type":"Point","coordinates":[41.940683,43.22531]}},{"type":"Feature","properties":{"id":"rock-0714","type":"rock","longitude":42.251401,"latitude":43.381059,"elevation_m":3339,"name":""},"geometry":{"type":"Point","coordinates":[42.251401,43.381059]}},{"type":"Feature","properties":{"id":"rock-0715","type":"rock","longitude":41.578821,"latitude":43.255909,"elevation_m":3663,"name":""},"geometry":{"type":"Point","coordinates":[41.578821,43.255909]}},{"type":"Feature","properties":{"id":"rock-0716","type":"rock","longitude":42.245071,"latitude":43.3555,"elevation_m":3245,"name":""},"geometry":{"type":"Point","coordinates":[42.245071,43.3555]}},{"type":"Feature","properties":{"id":"rock-0717","type":"rock","longitude":42.296044,"latitude":43.26737,"elevation_m":3292,"name":""},"geometry":{"type":"Point","coordinates":[42.296044,43.26737]}},{"type":"Feature","properties":{"id":"rock-0718","type":"rock","longitude":42.328992,"latitude":43.319972,"elevation_m":3213,"name":""},"geometry":{"type":"Point","coordinates":[42.328992,43.319972]}},{"type":"Feature","properties":{"id":"rock-0719","type":"rock","longitude":42.372165,"latitude":43.294442,"elevation_m":3258,"name":""},"geometry":{"type":"Point","coordinates":[42.372165,43.294442]}},{"type":"Feature","properties":{"id":"rock-0720","type":"rock","longitude":42.338272,"latitude":43.390493,"elevation_m":3253,"name":""},"geometry":{"type":"Point","coordinates":[42.338272,43.390493]}},{"type":"Feature","properties":{"id":"rock-0721","type":"rock","longitude":42.359666,"latitude":43.315311,"elevation_m":3575,"name":""},"geometry":{"type":"Point","coordinates":[42.359666,43.315311]}},{"type":"Feature","properties":{"id":"rock-0722","type":"rock","longitude":42.52401,"latitude":43.333848,"elevation_m":3906,"name":""},"geometry":{"type":"Point","coordinates":[42.52401,43.333848]}},{"type":"Feature","properties":{"id":"rock-0723","type":"rock","longitude":42.267612,"latitude":43.354829,"elevation_m":3403,"name":""},"geometry":{"type":"Point","coordinates":[42.267612,43.354829]}},{"type":"Feature","properties":{"id":"rock-0724","type":"rock","longitude":42.297535,"latitude":43.369166,"elevation_m":3444,"name":""},"geometry":{"type":"Point","coordinates":[42.297535,43.369166]}},{"type":"Feature","properties":{"id":"rock-0725","type":"rock","longitude":42.35414,"latitude":43.424632,"elevation_m":3344,"name":""},"geometry":{"type":"Point","coordinates":[42.35414,43.424632]}},{"type":"Feature","properties":{"id":"rock-0726","type":"rock","longitude":42.378194,"latitude":43.415289,"elevation_m":3523,"name":""},"geometry":{"type":"Point","coordinates":[42.378194,43.415289]}},{"type":"Feature","properties":{"id":"rock-0727","type":"rock","longitude":42.347252,"latitude":43.320776,"elevation_m":3485,"name":""},"geometry":{"type":"Point","coordinates":[42.347252,43.320776]}},{"type":"Feature","properties":{"id":"rock-0728","type":"rock","longitude":42.288115,"latitude":43.286344,"elevation_m":3476,"name":""},"geometry":{"type":"Point","coordinates":[42.288115,43.286344]}},{"type":"Feature","properties":{"id":"rock-0729","type":"rock","longitude":42.338047,"latitude":43.279166,"elevation_m":3407,"name":""},"geometry":{"type":"Point","coordinates":[42.338047,43.279166]}},{"type":"Feature","properties":{"id":"rock-0730","type":"rock","longitude":41.8292,"latitude":43.214075,"elevation_m":3478,"name":""},"geometry":{"type":"Point","coordinates":[41.8292,43.214075]}},{"type":"Feature","properties":{"id":"rock-0731","type":"rock","longitude":43.190882,"latitude":42.998974,"elevation_m":3497,"name":""},"geometry":{"type":"Point","coordinates":[43.190882,42.998974]}},{"type":"Feature","properties":{"id":"rock-0732","type":"rock","longitude":42.579038,"latitude":43.384178,"elevation_m":3625,"name":""},"geometry":{"type":"Point","coordinates":[42.579038,43.384178]}},{"type":"Feature","properties":{"id":"rock-0733","type":"rock","longitude":42.555639,"latitude":43.274729,"elevation_m":3567,"name":""},"geometry":{"type":"Point","coordinates":[42.555639,43.274729]}},{"type":"Feature","properties":{"id":"rock-0734","type":"rock","longitude":42.214934,"latitude":43.301915,"elevation_m":3285,"name":""},"geometry":{"type":"Point","coordinates":[42.214934,43.301915]}},{"type":"Feature","properties":{"id":"rock-0735","type":"rock","longitude":42.214633,"latitude":43.254369,"elevation_m":3428,"name":""},"geometry":{"type":"Point","coordinates":[42.214633,43.254369]}},{"type":"Feature","properties":{"id":"rock-0736","type":"rock","longitude":42.301419,"latitude":43.35245,"elevation_m":3647,"name":""},"geometry":{"type":"Point","coordinates":[42.301419,43.35245]}},{"type":"Feature","properties":{"id":"rock-0737","type":"rock","longitude":41.59162,"latitude":43.243483,"elevation_m":3364,"name":""},"geometry":{"type":"Point","coordinates":[41.59162,43.243483]}},{"type":"Feature","properties":{"id":"rock-0738","type":"rock","longitude":41.682955,"latitude":43.207154,"elevation_m":3403,"name":""},"geometry":{"type":"Point","coordinates":[41.682955,43.207154]}},{"type":"Feature","properties":{"id":"rock-0739","type":"rock","longitude":41.828674,"latitude":43.221893,"elevation_m":3616,"name":""},"geometry":{"type":"Point","coordinates":[41.828674,43.221893]}},{"type":"Feature","properties":{"id":"rock-0740","type":"rock","longitude":41.778023,"latitude":43.236652,"elevation_m":3309,"name":""},"geometry":{"type":"Point","coordinates":[41.778023,43.236652]}},{"type":"Feature","properties":{"id":"rock-0741","type":"rock","longitude":41.713328,"latitude":43.281806,"elevation_m":3234,"name":""},"geometry":{"type":"Point","coordinates":[41.713328,43.281806]}},{"type":"Feature","properties":{"id":"rock-0742","type":"rock","longitude":41.912166,"latitude":43.48735,"elevation_m":3362,"name":""},"geometry":{"type":"Point","coordinates":[41.912166,43.48735]}},{"type":"Feature","properties":{"id":"rock-0743","type":"rock","longitude":41.777744,"latitude":43.370086,"elevation_m":3480,"name":""},"geometry":{"type":"Point","coordinates":[41.777744,43.370086]}},{"type":"Feature","properties":{"id":"rock-0744","type":"rock","longitude":41.842171,"latitude":43.316623,"elevation_m":3313,"name":""},"geometry":{"type":"Point","coordinates":[41.842171,43.316623]}},{"type":"Feature","properties":{"id":"rock-0745","type":"rock","longitude":42.304455,"latitude":43.342783,"elevation_m":3627,"name":""},"geometry":{"type":"Point","coordinates":[42.304455,43.342783]}},{"type":"Feature","properties":{"id":"rock-0746","type":"rock","longitude":41.117395,"latitude":43.649274,"elevation_m":3217,"name":""},"geometry":{"type":"Point","coordinates":[41.117395,43.649274]}},{"type":"Feature","properties":{"id":"rock-0747","type":"rock","longitude":41.480856,"latitude":43.293435,"elevation_m":3236,"name":""},"geometry":{"type":"Point","coordinates":[41.480856,43.293435]}},{"type":"Feature","properties":{"id":"rock-0748","type":"rock","longitude":41.416311,"latitude":43.350156,"elevation_m":3459,"name":""},"geometry":{"type":"Point","coordinates":[41.416311,43.350156]}},{"type":"Feature","properties":{"id":"rock-0749","type":"rock","longitude":41.705153,"latitude":43.223551,"elevation_m":3200,"name":""},"geometry":{"type":"Point","coordinates":[41.705153,43.223551]}},{"type":"Feature","properties":{"id":"rock-0750","type":"rock","longitude":41.588842,"latitude":43.234729,"elevation_m":3756,"name":""},"geometry":{"type":"Point","coordinates":[41.588842,43.234729]}},{"type":"Feature","properties":{"id":"rock-0751","type":"rock","longitude":41.561826,"latitude":43.249345,"elevation_m":3685,"name":""},"geometry":{"type":"Point","coordinates":[41.561826,43.249345]}},{"type":"Feature","properties":{"id":"rock-0752","type":"rock","longitude":42.038455,"latitude":43.191888,"elevation_m":3374,"name":""},"geometry":{"type":"Point","coordinates":[42.038455,43.191888]}},{"type":"Feature","properties":{"id":"rock-0753","type":"rock","longitude":42.288973,"latitude":43.378711,"elevation_m":3304,"name":""},"geometry":{"type":"Point","coordinates":[42.288973,43.378711]}},{"type":"Feature","properties":{"id":"rock-0754","type":"rock","longitude":42.048959,"latitude":43.276252,"elevation_m":3330,"name":""},"geometry":{"type":"Point","coordinates":[42.048959,43.276252]}},{"type":"Feature","properties":{"id":"rock-0755","type":"rock","longitude":42.540275,"latitude":43.271331,"elevation_m":3504,"name":""},"geometry":{"type":"Point","coordinates":[42.540275,43.271331]}},{"type":"Feature","properties":{"id":"rock-0756","type":"rock","longitude":43.30052,"latitude":43.145838,"elevation_m":3404,"name":""},"geometry":{"type":"Point","coordinates":[43.30052,43.145838]}},{"type":"Feature","properties":{"id":"rock-0757","type":"rock","longitude":43.369882,"latitude":42.978703,"elevation_m":3419,"name":""},"geometry":{"type":"Point","coordinates":[43.369882,42.978703]}},{"type":"Feature","properties":{"id":"rock-0758","type":"rock","longitude":42.048991,"latitude":43.18922,"elevation_m":3536,"name":""},"geometry":{"type":"Point","coordinates":[42.048991,43.18922]}},{"type":"Feature","properties":{"id":"rock-0759","type":"rock","longitude":42.041931,"latitude":43.375046,"elevation_m":3283,"name":""},"geometry":{"type":"Point","coordinates":[42.041931,43.375046]}},{"type":"Feature","properties":{"id":"rock-0760","type":"rock","longitude":42.113889,"latitude":43.346427,"elevation_m":3252,"name":""},"geometry":{"type":"Point","coordinates":[42.113889,43.346427]}},{"type":"Feature","properties":{"id":"rock-0761","type":"rock","longitude":41.411151,"latitude":43.345553,"elevation_m":3552,"name":""},"geometry":{"type":"Point","coordinates":[41.411151,43.345553]}},{"type":"Feature","properties":{"id":"rock-0762","type":"rock","longitude":42.754358,"latitude":43.38594,"elevation_m":3479,"name":""},"geometry":{"type":"Point","coordinates":[42.754358,43.38594]}},{"type":"Feature","properties":{"id":"rock-0763","type":"rock","longitude":41.322852,"latitude":43.348143,"elevation_m":3358,"name":""},"geometry":{"type":"Point","coordinates":[41.322852,43.348143]}},{"type":"Feature","properties":{"id":"rock-0764","type":"rock","longitude":41.785394,"latitude":43.228632,"elevation_m":3688,"name":""},"geometry":{"type":"Point","coordinates":[41.785394,43.228632]}},{"type":"Feature","properties":{"id":"rock-0765","type":"rock","longitude":41.630555,"latitude":43.49978,"elevation_m":3217,"name":""},"geometry":{"type":"Point","coordinates":[41.630555,43.49978]}},{"type":"Feature","properties":{"id":"rock-0766","type":"rock","longitude":41.604602,"latitude":43.430367,"elevation_m":3419,"name":""},"geometry":{"type":"Point","coordinates":[41.604602,43.430367]}},{"type":"Feature","properties":{"id":"rock-0767","type":"rock","longitude":41.936563,"latitude":43.503943,"elevation_m":3226,"name":""},"geometry":{"type":"Point","coordinates":[41.936563,43.503943]}},{"type":"Feature","properties":{"id":"rock-0768","type":"rock","longitude":41.890204,"latitude":43.508472,"elevation_m":3292,"name":""},"geometry":{"type":"Point","coordinates":[41.890204,43.508472]}},{"type":"Feature","properties":{"id":"rock-0769","type":"rock","longitude":41.629364,"latitude":43.506215,"elevation_m":3399,"name":""},"geometry":{"type":"Point","coordinates":[41.629364,43.506215]}},{"type":"Feature","properties":{"id":"rock-0770","type":"rock","longitude":41.862642,"latitude":43.491623,"elevation_m":3375,"name":""},"geometry":{"type":"Point","coordinates":[41.862642,43.491623]}},{"type":"Feature","properties":{"id":"rock-0771","type":"rock","longitude":42.554405,"latitude":43.345982,"elevation_m":3901,"name":""},"geometry":{"type":"Point","coordinates":[42.554405,43.345982]}},{"type":"Feature","properties":{"id":"rock-0772","type":"rock","longitude":42.348443,"latitude":43.25905,"elevation_m":3589,"name":""},"geometry":{"type":"Point","coordinates":[42.348443,43.25905]}},{"type":"Feature","properties":{"id":"rock-0773","type":"rock","longitude":42.455388,"latitude":43.457989,"elevation_m":3208,"name":""},"geometry":{"type":"Point","coordinates":[42.455388,43.457989]}},{"type":"Feature","properties":{"id":"rock-0774","type":"rock","longitude":42.69727,"latitude":43.385183,"elevation_m":3256,"name":""},"geometry":{"type":"Point","coordinates":[42.69727,43.385183]}},{"type":"Feature","properties":{"id":"rock-0775","type":"rock","longitude":42.644838,"latitude":43.379413,"elevation_m":3283,"name":""},"geometry":{"type":"Point","coordinates":[42.644838,43.379413]}},{"type":"Feature","properties":{"id":"rock-0776","type":"rock","longitude":43.332428,"latitude":42.893911,"elevation_m":3785,"name":""},"geometry":{"type":"Point","coordinates":[43.332428,42.893911]}},{"type":"Feature","properties":{"id":"rock-0777","type":"rock","longitude":42.34162,"latitude":43.370609,"elevation_m":3513,"name":""},"geometry":{"type":"Point","coordinates":[42.34162,43.370609]}},{"type":"Feature","properties":{"id":"rock-0778","type":"rock","longitude":42.57744,"latitude":43.307778,"elevation_m":3341,"name":""},"geometry":{"type":"Point","coordinates":[42.57744,43.307778]}},{"type":"Feature","properties":{"id":"rock-0779","type":"rock","longitude":42.279768,"latitude":43.288054,"elevation_m":3400,"name":""},"geometry":{"type":"Point","coordinates":[42.279768,43.288054]}},{"type":"Feature","properties":{"id":"rock-0780","type":"rock","longitude":42.268052,"latitude":43.239232,"elevation_m":3347,"name":""},"geometry":{"type":"Point","coordinates":[42.268052,43.239232]}},{"type":"Feature","properties":{"id":"rock-0781","type":"rock","longitude":41.855807,"latitude":43.220502,"elevation_m":3433,"name":""},"geometry":{"type":"Point","coordinates":[41.855807,43.220502]}},{"type":"Feature","properties":{"id":"rock-0782","type":"rock","longitude":42.569286,"latitude":43.377136,"elevation_m":3636,"name":""},"geometry":{"type":"Point","coordinates":[42.569286,43.377136]}},{"type":"Feature","properties":{"id":"rock-0783","type":"rock","longitude":42.088537,"latitude":43.327535,"elevation_m":3221,"name":""},"geometry":{"type":"Point","coordinates":[42.088537,43.327535]}},{"type":"Feature","properties":{"id":"rock-0784","type":"rock","longitude":42.569833,"latitude":43.417674,"elevation_m":3266,"name":""},"geometry":{"type":"Point","coordinates":[42.569833,43.417674]}},{"type":"Feature","properties":{"id":"rock-0785","type":"rock","longitude":42.203615,"latitude":43.257206,"elevation_m":3268,"name":""},"geometry":{"type":"Point","coordinates":[42.203615,43.257206]}},{"type":"Feature","properties":{"id":"rock-0786","type":"rock","longitude":43.398228,"latitude":43.176703,"elevation_m":3485,"name":""},"geometry":{"type":"Point","coordinates":[43.398228,43.176703]}},{"type":"Feature","properties":{"id":"rock-0787","type":"rock","longitude":42.153125,"latitude":43.237817,"elevation_m":3758,"name":""},"geometry":{"type":"Point","coordinates":[42.153125,43.237817]}},{"type":"Feature","properties":{"id":"rock-0788","type":"rock","longitude":41.594646,"latitude":43.417432,"elevation_m":3676,"name":""},"geometry":{"type":"Point","coordinates":[41.594646,43.417432]}},{"type":"Feature","properties":{"id":"rock-0789","type":"rock","longitude":41.106817,"latitude":43.406583,"elevation_m":3390,"name":""},"geometry":{"type":"Point","coordinates":[41.106817,43.406583]}},{"type":"Feature","properties":{"id":"rock-0790","type":"rock","longitude":43.290703,"latitude":43.267566,"elevation_m":3285,"name":""},"geometry":{"type":"Point","coordinates":[43.290703,43.267566]}},{"type":"Feature","properties":{"id":"rock-0791","type":"rock","longitude":42.46425,"latitude":43.245297,"elevation_m":3737,"name":""},"geometry":{"type":"Point","coordinates":[42.46425,43.245297]}},{"type":"Feature","properties":{"id":"rock-0792","type":"rock","longitude":42.446365,"latitude":43.243343,"elevation_m":3783,"name":""},"geometry":{"type":"Point","coordinates":[42.446365,43.243343]}},{"type":"Feature","properties":{"id":"rock-0793","type":"rock","longitude":42.413771,"latitude":43.256979,"elevation_m":3476,"name":""},"geometry":{"type":"Point","coordinates":[42.413771,43.256979]}},{"type":"Feature","properties":{"id":"rock-0794","type":"rock","longitude":43.540342,"latitude":43.060822,"elevation_m":3309,"name":""},"geometry":{"type":"Point","coordinates":[43.540342,43.060822]}},{"type":"Feature","properties":{"id":"rock-0795","type":"rock","longitude":43.537638,"latitude":43.049816,"elevation_m":3537,"name":""},"geometry":{"type":"Point","coordinates":[43.537638,43.049816]}},{"type":"Feature","properties":{"id":"rock-0796","type":"rock","longitude":43.532832,"latitude":43.043912,"elevation_m":3765,"name":""},"geometry":{"type":"Point","coordinates":[43.532832,43.043912]}},{"type":"Feature","properties":{"id":"rock-0797","type":"rock","longitude":43.527499,"latitude":43.032518,"elevation_m":3907,"name":""},"geometry":{"type":"Point","coordinates":[43.527499,43.032518]}},{"type":"Feature","properties":{"id":"rock-0798","type":"rock","longitude":43.525804,"latitude":43.02251,"elevation_m":3913,"name":""},"geometry":{"type":"Point","coordinates":[43.525804,43.02251]}},{"type":"Feature","properties":{"id":"rock-0799","type":"rock","longitude":43.52839,"latitude":43.012516,"elevation_m":3885,"name":""},"geometry":{"type":"Point","coordinates":[43.52839,43.012516]}},{"type":"Feature","properties":{"id":"rock-0800","type":"rock","longitude":43.619156,"latitude":43.005832,"elevation_m":3665,"name":""},"geometry":{"type":"Point","coordinates":[43.619156,43.005832]}},{"type":"Feature","properties":{"id":"rock-0801","type":"rock","longitude":43.380075,"latitude":43.038658,"elevation_m":3593,"name":""},"geometry":{"type":"Point","coordinates":[43.380075,43.038658]}},{"type":"Feature","properties":{"id":"rock-0802","type":"rock","longitude":43.398442,"latitude":43.018455,"elevation_m":3892,"name":""},"geometry":{"type":"Point","coordinates":[43.398442,43.018455]}},{"type":"Feature","properties":{"id":"rock-0803","type":"rock","longitude":43.612558,"latitude":42.995059,"elevation_m":3760,"name":""},"geometry":{"type":"Point","coordinates":[43.612558,42.995059]}},{"type":"Feature","properties":{"id":"rock-0804","type":"rock","longitude":41.289196,"latitude":43.419045,"elevation_m":3215,"name":""},"geometry":{"type":"Point","coordinates":[41.289196,43.419045]}},{"type":"Feature","properties":{"id":"rock-0805","type":"rock","longitude":41.269391,"latitude":43.421469,"elevation_m":3633,"name":""},"geometry":{"type":"Point","coordinates":[41.269391,43.421469]}},{"type":"Feature","properties":{"id":"rock-0806","type":"rock","longitude":41.250658,"latitude":43.391912,"elevation_m":3429,"name":""},"geometry":{"type":"Point","coordinates":[41.250658,43.391912]}},{"type":"Feature","properties":{"id":"rock-0807","type":"rock","longitude":41.36698,"latitude":43.371404,"elevation_m":3221,"name":""},"geometry":{"type":"Point","coordinates":[41.36698,43.371404]}},{"type":"Feature","properties":{"id":"rock-0808","type":"rock","longitude":41.911147,"latitude":43.43124,"elevation_m":3548,"name":""},"geometry":{"type":"Point","coordinates":[41.911147,43.43124]}},{"type":"Feature","properties":{"id":"rock-0809","type":"rock","longitude":43.016281,"latitude":43.249337,"elevation_m":3608,"name":""},"geometry":{"type":"Point","coordinates":[43.016281,43.249337]}},{"type":"Feature","properties":{"id":"rock-0810","type":"rock","longitude":43.019071,"latitude":43.255674,"elevation_m":3672,"name":""},"geometry":{"type":"Point","coordinates":[43.019071,43.255674]}},{"type":"Feature","properties":{"id":"rock-0811","type":"rock","longitude":43.08516,"latitude":43.130039,"elevation_m":3840,"name":""},"geometry":{"type":"Point","coordinates":[43.08516,43.130039]}},{"type":"Feature","properties":{"id":"rock-0812","type":"rock","longitude":42.402828,"latitude":43.392832,"elevation_m":3704,"name":""},"geometry":{"type":"Point","coordinates":[42.402828,43.392832]}},{"type":"Feature","properties":{"id":"rock-0813","type":"rock","longitude":43.556607,"latitude":42.944902,"elevation_m":3735,"name":""},"geometry":{"type":"Point","coordinates":[43.556607,42.944902]}},{"type":"Feature","properties":{"id":"rock-0814","type":"rock","longitude":43.610659,"latitude":42.989911,"elevation_m":3623,"name":""},"geometry":{"type":"Point","coordinates":[43.610659,42.989911]}},{"type":"Feature","properties":{"id":"rock-0815","type":"rock","longitude":43.618265,"latitude":43.01749,"elevation_m":3459,"name":""},"geometry":{"type":"Point","coordinates":[43.618265,43.01749]}},{"type":"Feature","properties":{"id":"rock-0816","type":"rock","longitude":43.567657,"latitude":42.942012,"elevation_m":3694,"name":""},"geometry":{"type":"Point","coordinates":[43.567657,42.942012]}},{"type":"Feature","properties":{"id":"rock-0817","type":"rock","longitude":42.418052,"latitude":43.416808,"elevation_m":3453,"name":""},"geometry":{"type":"Point","coordinates":[42.418052,43.416808]}},{"type":"Feature","properties":{"id":"rock-0818","type":"rock","longitude":41.217946,"latitude":43.45147,"elevation_m":3203,"name":""},"geometry":{"type":"Point","coordinates":[41.217946,43.45147]}},{"type":"Feature","properties":{"id":"rock-0819","type":"rock","longitude":41.891363,"latitude":43.487038,"elevation_m":3396,"name":""},"geometry":{"type":"Point","coordinates":[41.891363,43.487038]}},{"type":"Feature","properties":{"id":"rock-0820","type":"rock","longitude":41.879936,"latitude":43.248329,"elevation_m":3424,"name":""},"geometry":{"type":"Point","coordinates":[41.879936,43.248329]}},{"type":"Feature","properties":{"id":"rock-0821","type":"rock","longitude":41.240165,"latitude":43.428466,"elevation_m":3290,"name":""},"geometry":{"type":"Point","coordinates":[41.240165,43.428466]}},{"type":"Feature","properties":{"id":"rock-0822","type":"rock","longitude":42.529181,"latitude":43.294098,"elevation_m":3780,"name":""},"geometry":{"type":"Point","coordinates":[42.529181,43.294098]}},{"type":"Feature","properties":{"id":"rock-0823","type":"rock","longitude":42.546583,"latitude":43.278846,"elevation_m":3749,"name":""},"geometry":{"type":"Point","coordinates":[42.546583,43.278846]}},{"type":"Feature","properties":{"id":"rock-0824","type":"rock","longitude":42.58745,"latitude":43.274503,"elevation_m":3478,"name":""},"geometry":{"type":"Point","coordinates":[42.58745,43.274503]}},{"type":"Feature","properties":{"id":"rock-0825","type":"rock","longitude":42.39727,"latitude":43.290373,"elevation_m":3715,"name":""},"geometry":{"type":"Point","coordinates":[42.39727,43.290373]}},{"type":"Feature","properties":{"id":"rock-0826","type":"rock","longitude":42.53328,"latitude":43.36426,"elevation_m":3534,"name":""},"geometry":{"type":"Point","coordinates":[42.53328,43.36426]}},{"type":"Feature","properties":{"id":"rock-0827","type":"rock","longitude":42.642392,"latitude":43.149986,"elevation_m":3979,"name":""},"geometry":{"type":"Point","coordinates":[42.642392,43.149986]}},{"type":"Feature","properties":{"id":"rock-0828","type":"rock","longitude":42.60807,"latitude":43.148476,"elevation_m":3813,"name":""},"geometry":{"type":"Point","coordinates":[42.60807,43.148476]}},{"type":"Feature","properties":{"id":"rock-0829","type":"rock","longitude":42.790729,"latitude":43.182704,"elevation_m":3983,"name":""},"geometry":{"type":"Point","coordinates":[42.790729,43.182704]}},{"type":"Feature","properties":{"id":"rock-0830","type":"rock","longitude":42.775097,"latitude":43.188743,"elevation_m":3699,"name":""},"geometry":{"type":"Point","coordinates":[42.775097,43.188743]}},{"type":"Feature","properties":{"id":"rock-0831","type":"rock","longitude":42.780204,"latitude":43.2001,"elevation_m":3726,"name":""},"geometry":{"type":"Point","coordinates":[42.780204,43.2001]}},{"type":"Feature","properties":{"id":"rock-0832","type":"rock","longitude":42.796898,"latitude":43.17319,"elevation_m":3888,"name":""},"geometry":{"type":"Point","coordinates":[42.796898,43.17319]}},{"type":"Feature","properties":{"id":"rock-0833","type":"rock","longitude":42.587514,"latitude":43.336377,"elevation_m":3936,"name":""},"geometry":{"type":"Point","coordinates":[42.587514,43.336377]}},{"type":"Feature","properties":{"id":"rock-0834","type":"rock","longitude":42.632242,"latitude":43.335034,"elevation_m":3387,"name":""},"geometry":{"type":"Point","coordinates":[42.632242,43.335034]}},{"type":"Feature","properties":{"id":"rock-0835","type":"rock","longitude":42.603199,"latitude":43.346333,"elevation_m":3696,"name":""},"geometry":{"type":"Point","coordinates":[42.603199,43.346333]}},{"type":"Feature","properties":{"id":"rock-0836","type":"rock","longitude":42.620527,"latitude":43.321306,"elevation_m":3984,"name":""},"geometry":{"type":"Point","coordinates":[42.620527,43.321306]}},{"type":"Feature","properties":{"id":"rock-0837","type":"rock","longitude":42.641008,"latitude":43.340934,"elevation_m":3375,"name":""},"geometry":{"type":"Point","coordinates":[42.641008,43.340934]}},{"type":"Feature","properties":{"id":"rock-0838","type":"rock","longitude":42.634453,"latitude":43.293505,"elevation_m":3639,"name":""},"geometry":{"type":"Point","coordinates":[42.634453,43.293505]}},{"type":"Feature","properties":{"id":"rock-0839","type":"rock","longitude":42.643368,"latitude":43.320744,"elevation_m":3781,"name":""},"geometry":{"type":"Point","coordinates":[42.643368,43.320744]}},{"type":"Feature","properties":{"id":"rock-0840","type":"rock","longitude":42.6484,"latitude":43.322938,"elevation_m":3865,"name":""},"geometry":{"type":"Point","coordinates":[42.6484,43.322938]}},{"type":"Feature","properties":{"id":"rock-0841","type":"rock","longitude":42.628208,"latitude":43.314554,"elevation_m":3967,"name":""},"geometry":{"type":"Point","coordinates":[42.628208,43.314554]}},{"type":"Feature","properties":{"id":"rock-0842","type":"rock","longitude":42.63471,"latitude":43.302289,"elevation_m":3710,"name":""},"geometry":{"type":"Point","coordinates":[42.63471,43.302289]}},{"type":"Feature","properties":{"id":"rock-0843","type":"rock","longitude":42.676864,"latitude":43.318528,"elevation_m":3525,"name":""},"geometry":{"type":"Point","coordinates":[42.676864,43.318528]}},{"type":"Feature","properties":{"id":"rock-0844","type":"rock","longitude":42.659998,"latitude":43.317544,"elevation_m":3787,"name":""},"geometry":{"type":"Point","coordinates":[42.659998,43.317544]}},{"type":"Feature","properties":{"id":"rock-0845","type":"rock","longitude":42.516843,"latitude":43.311244,"elevation_m":3685,"name":""},"geometry":{"type":"Point","coordinates":[42.516843,43.311244]}},{"type":"Feature","properties":{"id":"rock-0846","type":"rock","longitude":42.415981,"latitude":43.274721,"elevation_m":3634,"name":""},"geometry":{"type":"Point","coordinates":[42.415981,43.274721]}},{"type":"Feature","properties":{"id":"rock-0847","type":"rock","longitude":42.412999,"latitude":43.267292,"elevation_m":3521,"name":""},"geometry":{"type":"Point","coordinates":[42.412999,43.267292]}},{"type":"Feature","properties":{"id":"rock-0848","type":"rock","longitude":42.464561,"latitude":43.2534,"elevation_m":3389,"name":""},"geometry":{"type":"Point","coordinates":[42.464561,43.2534]}},{"type":"Feature","properties":{"id":"rock-0849","type":"rock","longitude":42.483176,"latitude":43.241279,"elevation_m":3435,"name":""},"geometry":{"type":"Point","coordinates":[42.483176,43.241279]}},{"type":"Feature","properties":{"id":"rock-0850","type":"rock","longitude":42.524428,"latitude":43.21029,"elevation_m":3714,"name":""},"geometry":{"type":"Point","coordinates":[42.524428,43.21029]}},{"type":"Feature","properties":{"id":"rock-0851","type":"rock","longitude":42.537947,"latitude":43.211025,"elevation_m":3684,"name":""},"geometry":{"type":"Point","coordinates":[42.537947,43.211025]}},{"type":"Feature","properties":{"id":"rock-0852","type":"rock","longitude":42.561625,"latitude":43.211056,"elevation_m":3530,"name":""},"geometry":{"type":"Point","coordinates":[42.561625,43.211056]}},{"type":"Feature","properties":{"id":"rock-0853","type":"rock","longitude":42.547753,"latitude":43.224598,"elevation_m":3334,"name":""},"geometry":{"type":"Point","coordinates":[42.547753,43.224598]}},{"type":"Feature","properties":{"id":"rock-0854","type":"rock","longitude":42.543354,"latitude":43.211948,"elevation_m":3726,"name":""},"geometry":{"type":"Point","coordinates":[42.543354,43.211948]}},{"type":"Feature","properties":{"id":"rock-0855","type":"rock","longitude":42.556679,"latitude":43.211791,"elevation_m":3554,"name":""},"geometry":{"type":"Point","coordinates":[42.556679,43.211791]}},{"type":"Feature","properties":{"id":"rock-0856","type":"rock","longitude":42.538172,"latitude":43.219868,"elevation_m":3365,"name":""},"geometry":{"type":"Point","coordinates":[42.538172,43.219868]}},{"type":"Feature","properties":{"id":"rock-0857","type":"rock","longitude":42.543247,"latitude":43.176594,"elevation_m":3680,"name":""},"geometry":{"type":"Point","coordinates":[42.543247,43.176594]}},{"type":"Feature","properties":{"id":"rock-0858","type":"rock","longitude":42.558342,"latitude":43.186115,"elevation_m":3329,"name":""},"geometry":{"type":"Point","coordinates":[42.558342,43.186115]}},{"type":"Feature","properties":{"id":"rock-0859","type":"rock","longitude":42.540318,"latitude":43.180889,"elevation_m":3760,"name":""},"geometry":{"type":"Point","coordinates":[42.540318,43.180889]}},{"type":"Feature","properties":{"id":"rock-0860","type":"rock","longitude":42.597824,"latitude":43.169998,"elevation_m":3714,"name":""},"geometry":{"type":"Point","coordinates":[42.597824,43.169998]}},{"type":"Feature","properties":{"id":"rock-0861","type":"rock","longitude":42.598704,"latitude":43.163385,"elevation_m":3880,"name":""},"geometry":{"type":"Point","coordinates":[42.598704,43.163385]}},{"type":"Feature","properties":{"id":"rock-0862","type":"rock","longitude":42.590121,"latitude":43.169966,"elevation_m":3780,"name":""},"geometry":{"type":"Point","coordinates":[42.590121,43.169966]}},{"type":"Feature","properties":{"id":"rock-0863","type":"rock","longitude":42.593179,"latitude":43.171868,"elevation_m":3807,"name":""},"geometry":{"type":"Point","coordinates":[42.593179,43.171868]}},{"type":"Feature","properties":{"id":"rock-0864","type":"rock","longitude":42.612137,"latitude":43.164911,"elevation_m":3836,"name":""},"geometry":{"type":"Point","coordinates":[42.612137,43.164911]}},{"type":"Feature","properties":{"id":"rock-0865","type":"rock","longitude":42.622318,"latitude":43.201266,"elevation_m":3470,"name":""},"geometry":{"type":"Point","coordinates":[42.622318,43.201266]}},{"type":"Feature","properties":{"id":"rock-0866","type":"rock","longitude":42.621975,"latitude":43.216702,"elevation_m":3403,"name":""},"geometry":{"type":"Point","coordinates":[42.621975,43.216702]}},{"type":"Feature","properties":{"id":"rock-0867","type":"rock","longitude":42.621546,"latitude":43.20936,"elevation_m":3390,"name":""},"geometry":{"type":"Point","coordinates":[42.621546,43.20936]}},{"type":"Feature","properties":{"id":"rock-0868","type":"rock","longitude":42.672336,"latitude":43.175209,"elevation_m":3977,"name":""},"geometry":{"type":"Point","coordinates":[42.672336,43.175209]}},{"type":"Feature","properties":{"id":"rock-0869","type":"rock","longitude":42.654816,"latitude":43.173339,"elevation_m":3531,"name":""},"geometry":{"type":"Point","coordinates":[42.654816,43.173339]}},{"type":"Feature","properties":{"id":"rock-0870","type":"rock","longitude":42.62455,"latitude":43.194492,"elevation_m":3505,"name":""},"geometry":{"type":"Point","coordinates":[42.62455,43.194492]}},{"type":"Feature","properties":{"id":"rock-0871","type":"rock","longitude":42.619861,"latitude":43.198262,"elevation_m":3389,"name":""},"geometry":{"type":"Point","coordinates":[42.619861,43.198262]}},{"type":"Feature","properties":{"id":"rock-0872","type":"rock","longitude":42.664955,"latitude":43.177955,"elevation_m":3667,"name":""},"geometry":{"type":"Point","coordinates":[42.664955,43.177955]}},{"type":"Feature","properties":{"id":"rock-0873","type":"rock","longitude":42.704855,"latitude":43.190034,"elevation_m":3943,"name":""},"geometry":{"type":"Point","coordinates":[42.704855,43.190034]}},{"type":"Feature","properties":{"id":"rock-0874","type":"rock","longitude":42.74084,"latitude":43.176359,"elevation_m":3999,"name":""},"geometry":{"type":"Point","coordinates":[42.74084,43.176359]}},{"type":"Feature","properties":{"id":"rock-0875","type":"rock","longitude":42.755109,"latitude":43.17107,"elevation_m":3722,"name":""},"geometry":{"type":"Point","coordinates":[42.755109,43.17107]}},{"type":"Feature","properties":{"id":"rock-0876","type":"rock","longitude":42.708857,"latitude":43.195009,"elevation_m":3715,"name":""},"geometry":{"type":"Point","coordinates":[42.708857,43.195009]}},{"type":"Feature","properties":{"id":"rock-0877","type":"rock","longitude":42.742642,"latitude":43.174512,"elevation_m":3899,"name":""},"geometry":{"type":"Point","coordinates":[42.742642,43.174512]}},{"type":"Feature","properties":{"id":"rock-0878","type":"rock","longitude":42.747813,"latitude":43.185919,"elevation_m":3812,"name":""},"geometry":{"type":"Point","coordinates":[42.747813,43.185919]}},{"type":"Feature","properties":{"id":"rock-0879","type":"rock","longitude":42.772382,"latitude":43.219188,"elevation_m":3815,"name":""},"geometry":{"type":"Point","coordinates":[42.772382,43.219188]}},{"type":"Feature","properties":{"id":"rock-0880","type":"rock","longitude":42.768778,"latitude":43.210822,"elevation_m":3698,"name":""},"geometry":{"type":"Point","coordinates":[42.768778,43.210822]}},{"type":"Feature","properties":{"id":"rock-0881","type":"rock","longitude":42.772747,"latitude":43.195845,"elevation_m":3640,"name":""},"geometry":{"type":"Point","coordinates":[42.772747,43.195845]}},{"type":"Feature","properties":{"id":"rock-0882","type":"rock","longitude":42.754337,"latitude":43.225771,"elevation_m":3816,"name":""},"geometry":{"type":"Point","coordinates":[42.754337,43.225771]}},{"type":"Feature","properties":{"id":"rock-0883","type":"rock","longitude":42.721249,"latitude":43.253127,"elevation_m":3807,"name":""},"geometry":{"type":"Point","coordinates":[42.721249,43.253127]}},{"type":"Feature","properties":{"id":"rock-0884","type":"rock","longitude":42.712097,"latitude":43.241295,"elevation_m":3850,"name":""},"geometry":{"type":"Point","coordinates":[42.712097,43.241295]}},{"type":"Feature","properties":{"id":"rock-0885","type":"rock","longitude":42.730551,"latitude":43.239951,"elevation_m":3988,"name":""},"geometry":{"type":"Point","coordinates":[42.730551,43.239951]}},{"type":"Feature","properties":{"id":"rock-0886","type":"rock","longitude":42.729703,"latitude":43.244366,"elevation_m":3967,"name":""},"geometry":{"type":"Point","coordinates":[42.729703,43.244366]}},{"type":"Feature","properties":{"id":"rock-0887","type":"rock","longitude":42.738072,"latitude":43.236082,"elevation_m":3898,"name":""},"geometry":{"type":"Point","coordinates":[42.738072,43.236082]}},{"type":"Feature","properties":{"id":"rock-0888","type":"rock","longitude":42.716507,"latitude":43.249532,"elevation_m":3808,"name":""},"geometry":{"type":"Point","coordinates":[42.716507,43.249532]}},{"type":"Feature","properties":{"id":"rock-0889","type":"rock","longitude":42.719672,"latitude":43.250923,"elevation_m":3778,"name":""},"geometry":{"type":"Point","coordinates":[42.719672,43.250923]}},{"type":"Feature","properties":{"id":"rock-0890","type":"rock","longitude":42.744434,"latitude":43.229633,"elevation_m":3776,"name":""},"geometry":{"type":"Point","coordinates":[42.744434,43.229633]}},{"type":"Feature","properties":{"id":"rock-0891","type":"rock","longitude":42.712505,"latitude":43.246672,"elevation_m":3910,"name":""},"geometry":{"type":"Point","coordinates":[42.712505,43.246672]}},{"type":"Feature","properties":{"id":"rock-0892","type":"rock","longitude":42.731549,"latitude":43.245218,"elevation_m":3937,"name":""},"geometry":{"type":"Point","coordinates":[42.731549,43.245218]}},{"type":"Feature","properties":{"id":"rock-0893","type":"rock","longitude":42.75438,"latitude":43.24471,"elevation_m":3637,"name":""},"geometry":{"type":"Point","coordinates":[42.75438,43.24471]}},{"type":"Feature","properties":{"id":"rock-0894","type":"rock","longitude":42.877525,"latitude":43.169693,"elevation_m":3650,"name":""},"geometry":{"type":"Point","coordinates":[42.877525,43.169693]}},{"type":"Feature","properties":{"id":"rock-0895","type":"rock","longitude":42.848579,"latitude":43.16801,"elevation_m":3643,"name":""},"geometry":{"type":"Point","coordinates":[42.848579,43.16801]}},{"type":"Feature","properties":{"id":"rock-0896","type":"rock","longitude":42.256122,"latitude":43.35887,"elevation_m":3403,"name":""},"geometry":{"type":"Point","coordinates":[42.256122,43.35887]}},{"type":"Feature","properties":{"id":"rock-0897","type":"rock","longitude":42.340815,"latitude":43.336424,"elevation_m":3637,"name":""},"geometry":{"type":"Point","coordinates":[42.340815,43.336424]}},{"type":"Feature","properties":{"id":"rock-0898","type":"rock","longitude":42.248011,"latitude":43.375148,"elevation_m":3489,"name":""},"geometry":{"type":"Point","coordinates":[42.248011,43.375148]}},{"type":"Feature","properties":{"id":"rock-0899","type":"rock","longitude":42.330698,"latitude":43.33679,"elevation_m":3500,"name":""},"geometry":{"type":"Point","coordinates":[42.330698,43.33679]}},{"type":"Feature","properties":{"id":"rock-0900","type":"rock","longitude":42.299788,"latitude":43.357208,"elevation_m":3578,"name":""},"geometry":{"type":"Point","coordinates":[42.299788,43.357208]}},{"type":"Feature","properties":{"id":"rock-0901","type":"rock","longitude":42.25624,"latitude":43.227038,"elevation_m":3265,"name":""},"geometry":{"type":"Point","coordinates":[42.25624,43.227038]}},{"type":"Feature","properties":{"id":"rock-0902","type":"rock","longitude":42.410198,"latitude":43.413169,"elevation_m":3609,"name":""},"geometry":{"type":"Point","coordinates":[42.410198,43.413169]}},{"type":"Feature","properties":{"id":"rock-0903","type":"rock","longitude":42.407988,"latitude":43.398562,"elevation_m":3685,"name":""},"geometry":{"type":"Point","coordinates":[42.407988,43.398562]}},{"type":"Feature","properties":{"id":"rock-0904","type":"rock","longitude":42.482897,"latitude":43.400589,"elevation_m":3459,"name":""},"geometry":{"type":"Point","coordinates":[42.482897,43.400589]}},{"type":"Feature","properties":{"id":"rock-0905","type":"rock","longitude":42.4563,"latitude":43.443377,"elevation_m":3441,"name":""},"geometry":{"type":"Point","coordinates":[42.4563,43.443377]}},{"type":"Feature","properties":{"id":"rock-0906","type":"rock","longitude":42.416818,"latitude":43.439576,"elevation_m":3620,"name":""},"geometry":{"type":"Point","coordinates":[42.416818,43.439576]}},{"type":"Feature","properties":{"id":"rock-0907","type":"rock","longitude":42.419715,"latitude":43.449702,"elevation_m":3540,"name":""},"geometry":{"type":"Point","coordinates":[42.419715,43.449702]}},{"type":"Feature","properties":{"id":"rock-0908","type":"rock","longitude":42.583287,"latitude":43.375631,"elevation_m":3910,"name":""},"geometry":{"type":"Point","coordinates":[42.583287,43.375631]}},{"type":"Feature","properties":{"id":"rock-0909","type":"rock","longitude":42.613961,"latitude":43.379405,"elevation_m":3649,"name":""},"geometry":{"type":"Point","coordinates":[42.613961,43.379405]}},{"type":"Feature","properties":{"id":"rock-0910","type":"rock","longitude":42.653314,"latitude":43.399264,"elevation_m":3546,"name":""},"geometry":{"type":"Point","coordinates":[42.653314,43.399264]}},{"type":"Feature","properties":{"id":"rock-0911","type":"rock","longitude":42.67475,"latitude":43.401329,"elevation_m":3643,"name":""},"geometry":{"type":"Point","coordinates":[42.67475,43.401329]}},{"type":"Feature","properties":{"id":"rock-0912","type":"rock","longitude":42.668667,"latitude":43.406295,"elevation_m":3619,"name":""},"geometry":{"type":"Point","coordinates":[42.668667,43.406295]}},{"type":"Feature","properties":{"id":"rock-0913","type":"rock","longitude":42.574478,"latitude":43.416637,"elevation_m":3328,"name":""},"geometry":{"type":"Point","coordinates":[42.574478,43.416637]}},{"type":"Feature","properties":{"id":"hill-0001","type":"hill","longitude":41.646917,"latitude":43.17247,"elevation_m":1478,"name":""},"geometry":{"type":"Point","coordinates":[41.646917,43.17247]}},{"type":"Feature","properties":{"id":"hill-0002","type":"hill","longitude":42.093065,"latitude":43.665885,"elevation_m":1418,"name":""},"geometry":{"type":"Point","coordinates":[42.093065,43.665885]}},{"type":"Feature","properties":{"id":"hill-0003","type":"hill","longitude":42.81901,"latitude":43.854738,"elevation_m":1477,"name":""},"geometry":{"type":"Point","coordinates":[42.81901,43.854738]}},{"type":"Feature","properties":{"id":"hill-0004","type":"hill","longitude":42.714468,"latitude":43.900451,"elevation_m":831,"name":""},"geometry":{"type":"Point","coordinates":[42.714468,43.900451]}},{"type":"Feature","properties":{"id":"hill-0005","type":"hill","longitude":42.875454,"latitude":43.786711,"elevation_m":1319,"name":""},"geometry":{"type":"Point","coordinates":[42.875454,43.786711]}},{"type":"Feature","properties":{"id":"hill-0006","type":"hill","longitude":41.27983,"latitude":43.550166,"elevation_m":1618,"name":""},"geometry":{"type":"Point","coordinates":[41.27983,43.550166]}},{"type":"Feature","properties":{"id":"hill-0007","type":"hill","longitude":42.664461,"latitude":43.818032,"elevation_m":1606,"name":""},"geometry":{"type":"Point","coordinates":[42.664461,43.818032]}},{"type":"Feature","properties":{"id":"hill-0008","type":"hill","longitude":41.285602,"latitude":43.97116,"elevation_m":1695,"name":""},"geometry":{"type":"Point","coordinates":[41.285602,43.97116]}},{"type":"Feature","properties":{"id":"hill-0009","type":"hill","longitude":42.924711,"latitude":43.840037,"elevation_m":1374,"name":""},"geometry":{"type":"Point","coordinates":[42.924711,43.840037]}},{"type":"Feature","properties":{"id":"hill-0010","type":"hill","longitude":42.784613,"latitude":43.928159,"elevation_m":1279,"name":""},"geometry":{"type":"Point","coordinates":[42.784613,43.928159]}},{"type":"Feature","properties":{"id":"hill-0011","type":"hill","longitude":42.70757,"latitude":43.891305,"elevation_m":861,"name":""},"geometry":{"type":"Point","coordinates":[42.70757,43.891305]}},{"type":"Feature","properties":{"id":"hill-0012","type":"hill","longitude":43.70003,"latitude":43.171359,"elevation_m":1210,"name":""},"geometry":{"type":"Point","coordinates":[43.70003,43.171359]}},{"type":"Feature","properties":{"id":"hill-0013","type":"hill","longitude":43.666492,"latitude":43.200116,"elevation_m":1149,"name":""},"geometry":{"type":"Point","coordinates":[43.666492,43.200116]}},{"type":"Feature","properties":{"id":"hill-0014","type":"hill","longitude":41.769934,"latitude":43.474186,"elevation_m":1662,"name":""},"geometry":{"type":"Point","coordinates":[41.769934,43.474186]}},{"type":"Feature","properties":{"id":"hill-0015","type":"hill","longitude":40.921304,"latitude":43.811522,"elevation_m":1117,"name":""},"geometry":{"type":"Point","coordinates":[40.921304,43.811522]}},{"type":"Feature","properties":{"id":"hill-0016","type":"hill","longitude":41.978921,"latitude":43.672621,"elevation_m":1528,"name":""},"geometry":{"type":"Point","coordinates":[41.978921,43.672621]}},{"type":"Feature","properties":{"id":"hill-0017","type":"hill","longitude":42.767458,"latitude":43.885313,"elevation_m":1300,"name":""},"geometry":{"type":"Point","coordinates":[42.767458,43.885313]}},{"type":"Feature","properties":{"id":"hill-0018","type":"hill","longitude":40.819874,"latitude":43.697487,"elevation_m":1490,"name":""},"geometry":{"type":"Point","coordinates":[40.819874,43.697487]}},{"type":"Feature","properties":{"id":"hill-0019","type":"hill","longitude":40.818715,"latitude":43.708865,"elevation_m":1629,"name":""},"geometry":{"type":"Point","coordinates":[40.818715,43.708865]}},{"type":"Feature","properties":{"id":"hill-0020","type":"hill","longitude":40.839583,"latitude":43.700303,"elevation_m":1660,"name":""},"geometry":{"type":"Point","coordinates":[40.839583,43.700303]}},{"type":"Feature","properties":{"id":"hill-0021","type":"hill","longitude":40.856384,"latitude":43.728406,"elevation_m":1724,"name":""},"geometry":{"type":"Point","coordinates":[40.856384,43.728406]}},{"type":"Feature","properties":{"id":"hill-0022","type":"hill","longitude":40.822535,"latitude":43.731631,"elevation_m":1757,"name":""},"geometry":{"type":"Point","coordinates":[40.822535,43.731631]}},{"type":"Feature","properties":{"id":"hill-0023","type":"hill","longitude":40.822181,"latitude":43.723514,"elevation_m":1611,"name":""},"geometry":{"type":"Point","coordinates":[40.822181,43.723514]}},{"type":"Feature","properties":{"id":"hill-0024","type":"hill","longitude":40.907131,"latitude":43.886743,"elevation_m":1724,"name":""},"geometry":{"type":"Point","coordinates":[40.907131,43.886743]}},{"type":"Feature","properties":{"id":"hill-0025","type":"hill","longitude":40.941281,"latitude":43.955452,"elevation_m":1011,"name":""},"geometry":{"type":"Point","coordinates":[40.941281,43.955452]}},{"type":"Feature","properties":{"id":"hill-0026","type":"hill","longitude":40.839304,"latitude":43.886558,"elevation_m":1759,"name":""},"geometry":{"type":"Point","coordinates":[40.839304,43.886558]}},{"type":"Feature","properties":{"id":"hill-0027","type":"hill","longitude":40.813898,"latitude":43.911907,"elevation_m":1732,"name":""},"geometry":{"type":"Point","coordinates":[40.813898,43.911907]}},{"type":"Feature","properties":{"id":"hill-0028","type":"hill","longitude":43.022676,"latitude":43.969253,"elevation_m":964,"name":""},"geometry":{"type":"Point","coordinates":[43.022676,43.969253]}},{"type":"Feature","properties":{"id":"hill-0029","type":"hill","longitude":42.986273,"latitude":43.924558,"elevation_m":1167,"name":""},"geometry":{"type":"Point","coordinates":[42.986273,43.924558]}},{"type":"Feature","properties":{"id":"hill-0030","type":"hill","longitude":41.267309,"latitude":44.047144,"elevation_m":1141,"name":""},"geometry":{"type":"Point","coordinates":[41.267309,44.047144]}},{"type":"Feature","properties":{"id":"hill-0031","type":"hill","longitude":41.238159,"latitude":43.93767,"elevation_m":934,"name":""},"geometry":{"type":"Point","coordinates":[41.238159,43.93767]}},{"type":"Feature","properties":{"id":"hill-0032","type":"hill","longitude":41.253158,"latitude":43.949026,"elevation_m":1044,"name":""},"geometry":{"type":"Point","coordinates":[41.253158,43.949026]}},{"type":"Feature","properties":{"id":"hill-0033","type":"hill","longitude":41.240927,"latitude":43.951011,"elevation_m":1006,"name":""},"geometry":{"type":"Point","coordinates":[41.240927,43.951011]}},{"type":"Feature","properties":{"id":"hill-0034","type":"hill","longitude":41.232355,"latitude":43.956866,"elevation_m":982,"name":""},"geometry":{"type":"Point","coordinates":[41.232355,43.956866]}},{"type":"Feature","properties":{"id":"hill-0035","type":"hill","longitude":41.222109,"latitude":43.973878,"elevation_m":927,"name":""},"geometry":{"type":"Point","coordinates":[41.222109,43.973878]}},{"type":"Feature","properties":{"id":"hill-0036","type":"hill","longitude":41.259863,"latitude":44.001698,"elevation_m":1284,"name":""},"geometry":{"type":"Point","coordinates":[41.259863,44.001698]}},{"type":"Feature","properties":{"id":"hill-0037","type":"hill","longitude":41.235541,"latitude":44.002879,"elevation_m":876,"name":""},"geometry":{"type":"Point","coordinates":[41.235541,44.002879]}},{"type":"Feature","properties":{"id":"hill-0038","type":"hill","longitude":41.269734,"latitude":44.005148,"elevation_m":1448,"name":""},"geometry":{"type":"Point","coordinates":[41.269734,44.005148]}},{"type":"Feature","properties":{"id":"hill-0039","type":"hill","longitude":41.291846,"latitude":44.008875,"elevation_m":1406,"name":""},"geometry":{"type":"Point","coordinates":[41.291846,44.008875]}},{"type":"Feature","properties":{"id":"hill-0040","type":"hill","longitude":41.262417,"latitude":44.012185,"elevation_m":1151,"name":""},"geometry":{"type":"Point","coordinates":[41.262417,44.012185]}},{"type":"Feature","properties":{"id":"hill-0041","type":"hill","longitude":41.243041,"latitude":44.012787,"elevation_m":920,"name":""},"geometry":{"type":"Point","coordinates":[41.243041,44.012787]}},{"type":"Feature","properties":{"id":"hill-0042","type":"hill","longitude":41.243169,"latitude":43.98992,"elevation_m":1028,"name":""},"geometry":{"type":"Point","coordinates":[41.243169,43.98992]}},{"type":"Feature","properties":{"id":"hill-0043","type":"hill","longitude":41.2894,"latitude":44.008867,"elevation_m":1379,"name":""},"geometry":{"type":"Point","coordinates":[41.2894,44.008867]}},{"type":"Feature","properties":{"id":"hill-0044","type":"hill","longitude":41.297168,"latitude":43.998634,"elevation_m":1474,"name":""},"geometry":{"type":"Point","coordinates":[41.297168,43.998634]}},{"type":"Feature","properties":{"id":"hill-0045","type":"hill","longitude":41.276869,"latitude":43.990545,"elevation_m":1573,"name":""},"geometry":{"type":"Point","coordinates":[41.276869,43.990545]}},{"type":"Feature","properties":{"id":"hill-0046","type":"hill","longitude":41.301019,"latitude":43.98149,"elevation_m":1610,"name":""},"geometry":{"type":"Point","coordinates":[41.301019,43.98149]}},{"type":"Feature","properties":{"id":"hill-0047","type":"hill","longitude":41.322842,"latitude":43.907911,"elevation_m":1144,"name":""},"geometry":{"type":"Point","coordinates":[41.322842,43.907911]}},{"type":"Feature","properties":{"id":"hill-0048","type":"hill","longitude":41.269755,"latitude":43.878222,"elevation_m":1126,"name":""},"geometry":{"type":"Point","coordinates":[41.269755,43.878222]}},{"type":"Feature","properties":{"id":"hill-0049","type":"hill","longitude":41.301019,"latitude":43.885166,"elevation_m":1215,"name":""},"geometry":{"type":"Point","coordinates":[41.301019,43.885166]}},{"type":"Feature","properties":{"id":"hill-0050","type":"hill","longitude":41.256891,"latitude":43.892341,"elevation_m":1020,"name":""},"geometry":{"type":"Point","coordinates":[41.256891,43.892341]}},{"type":"Feature","properties":{"id":"hill-0051","type":"hill","longitude":41.323711,"latitude":43.894305,"elevation_m":1192,"name":""},"geometry":{"type":"Point","coordinates":[41.323711,43.894305]}},{"type":"Feature","properties":{"id":"hill-0052","type":"hill","longitude":41.308883,"latitude":43.902809,"elevation_m":1121,"name":""},"geometry":{"type":"Point","coordinates":[41.308883,43.902809]}},{"type":"Feature","properties":{"id":"hill-0053","type":"hill","longitude":41.264981,"latitude":43.918221,"elevation_m":1009,"name":""},"geometry":{"type":"Point","coordinates":[41.264981,43.918221]}},{"type":"Feature","properties":{"id":"hill-0054","type":"hill","longitude":41.239736,"latitude":43.923693,"elevation_m":947,"name":""},"geometry":{"type":"Point","coordinates":[41.239736,43.923693]}},{"type":"Feature","properties":{"id":"hill-0055","type":"hill","longitude":41.452789,"latitude":43.933645,"elevation_m":1065,"name":""},"geometry":{"type":"Point","coordinates":[41.452789,43.933645]}},{"type":"Feature","properties":{"id":"hill-0056","type":"hill","longitude":41.480556,"latitude":43.938551,"elevation_m":996,"name":""},"geometry":{"type":"Point","coordinates":[41.480556,43.938551]}},{"type":"Feature","properties":{"id":"hill-0057","type":"hill","longitude":41.259971,"latitude":43.939416,"elevation_m":1112,"name":""},"geometry":{"type":"Point","coordinates":[41.259971,43.939416]}},{"type":"Feature","properties":{"id":"hill-0058","type":"hill","longitude":41.359749,"latitude":43.939424,"elevation_m":1239,"name":""},"geometry":{"type":"Point","coordinates":[41.359749,43.939424]}},{"type":"Feature","properties":{"id":"hill-0059","type":"hill","longitude":41.292254,"latitude":43.942645,"elevation_m":1111,"name":""},"geometry":{"type":"Point","coordinates":[41.292254,43.942645]}},{"type":"Feature","properties":{"id":"hill-0060","type":"hill","longitude":41.418264,"latitude":43.951158,"elevation_m":1644,"name":""},"geometry":{"type":"Point","coordinates":[41.418264,43.951158]}},{"type":"Feature","properties":{"id":"hill-0061","type":"hill","longitude":41.436138,"latitude":43.95183,"elevation_m":1618,"name":""},"geometry":{"type":"Point","coordinates":[41.436138,43.95183]}},{"type":"Feature","properties":{"id":"hill-0062","type":"hill","longitude":41.487379,"latitude":43.963168,"elevation_m":1443,"name":""},"geometry":{"type":"Point","coordinates":[41.487379,43.963168]}},{"type":"Feature","properties":{"id":"hill-0063","type":"hill","longitude":41.404424,"latitude":43.967662,"elevation_m":1551,"name":""},"geometry":{"type":"Point","coordinates":[41.404424,43.967662]}},{"type":"Feature","properties":{"id":"hill-0064","type":"hill","longitude":41.425538,"latitude":43.991433,"elevation_m":1347,"name":""},"geometry":{"type":"Point","coordinates":[41.425538,43.991433]}},{"type":"Feature","properties":{"id":"hill-0065","type":"hill","longitude":41.492969,"latitude":43.999823,"elevation_m":1184,"name":""},"geometry":{"type":"Point","coordinates":[41.492969,43.999823]}},{"type":"Feature","properties":{"id":"hill-0066","type":"hill","longitude":41.486735,"latitude":44.005688,"elevation_m":1142,"name":""},"geometry":{"type":"Point","coordinates":[41.486735,44.005688]}},{"type":"Feature","properties":{"id":"hill-0067","type":"hill","longitude":41.276515,"latitude":44.07604,"elevation_m":811,"name":""},"geometry":{"type":"Point","coordinates":[41.276515,44.07604]}},{"type":"Feature","properties":{"id":"hill-0068","type":"hill","longitude":41.226969,"latitude":44.081111,"elevation_m":963,"name":""},"geometry":{"type":"Point","coordinates":[41.226969,44.081111]}},{"type":"Feature","properties":{"id":"hill-0069","type":"hill","longitude":41.185255,"latitude":44.071985,"elevation_m":1012,"name":""},"geometry":{"type":"Point","coordinates":[41.185255,44.071985]}},{"type":"Feature","properties":{"id":"hill-0070","type":"hill","longitude":41.11378,"latitude":44.080079,"elevation_m":1031,"name":""},"geometry":{"type":"Point","coordinates":[41.11378,44.080079]}},{"type":"Feature","properties":{"id":"hill-0071","type":"hill","longitude":41.214641,"latitude":44.068447,"elevation_m":1045,"name":""},"geometry":{"type":"Point","coordinates":[41.214641,44.068447]}},{"type":"Feature","properties":{"id":"hill-0072","type":"hill","longitude":41.205758,"latitude":44.045949,"elevation_m":1222,"name":""},"geometry":{"type":"Point","coordinates":[41.205758,44.045949]}},{"type":"Feature","properties":{"id":"hill-0073","type":"hill","longitude":41.181575,"latitude":44.023156,"elevation_m":1466,"name":""},"geometry":{"type":"Point","coordinates":[41.181575,44.023156]}},{"type":"Feature","properties":{"id":"hill-0074","type":"hill","longitude":41.137758,"latitude":44.01504,"elevation_m":1548,"name":""},"geometry":{"type":"Point","coordinates":[41.137758,44.01504]}},{"type":"Feature","properties":{"id":"hill-0075","type":"hill","longitude":41.195608,"latitude":44.081027,"elevation_m":905,"name":""},"geometry":{"type":"Point","coordinates":[41.195608,44.081027]}},{"type":"Feature","properties":{"id":"hill-0076","type":"hill","longitude":41.206616,"latitude":44.079177,"elevation_m":923,"name":""},"geometry":{"type":"Point","coordinates":[41.206616,44.079177]}},{"type":"Feature","properties":{"id":"hill-0077","type":"hill","longitude":41.144936,"latitude":44.080086,"elevation_m":968,"name":""},"geometry":{"type":"Point","coordinates":[41.144936,44.080086]}},{"type":"Feature","properties":{"id":"hill-0078","type":"hill","longitude":41.172498,"latitude":44.081504,"elevation_m":976,"name":""},"geometry":{"type":"Point","coordinates":[41.172498,44.081504]}},{"type":"Feature","properties":{"id":"hill-0079","type":"hill","longitude":41.336145,"latitude":43.970009,"elevation_m":1197,"name":""},"geometry":{"type":"Point","coordinates":[41.336145,43.970009]}},{"type":"Feature","properties":{"id":"hill-0080","type":"hill","longitude":41.438617,"latitude":44.001451,"elevation_m":1258,"name":""},"geometry":{"type":"Point","coordinates":[41.438617,44.001451]}},{"type":"Feature","properties":{"id":"hill-0081","type":"hill","longitude":41.322691,"latitude":43.965314,"elevation_m":1264,"name":""},"geometry":{"type":"Point","coordinates":[41.322691,43.965314]}},{"type":"Feature","properties":{"id":"hill-0082","type":"hill","longitude":41.390841,"latitude":43.975036,"elevation_m":1502,"name":""},"geometry":{"type":"Point","coordinates":[41.390841,43.975036]}},{"type":"Feature","properties":{"id":"hill-0083","type":"hill","longitude":41.364588,"latitude":43.980849,"elevation_m":1528,"name":""},"geometry":{"type":"Point","coordinates":[41.364588,43.980849]}},{"type":"Feature","properties":{"id":"hill-0084","type":"hill","longitude":41.38965,"latitude":43.964573,"elevation_m":1588,"name":""},"geometry":{"type":"Point","coordinates":[41.38965,43.964573]}},{"type":"Feature","properties":{"id":"hill-0085","type":"hill","longitude":41.127266,"latitude":44.069966,"elevation_m":1109,"name":""},"geometry":{"type":"Point","coordinates":[41.127266,44.069966]}},{"type":"Feature","properties":{"id":"hill-0086","type":"hill","longitude":41.10068,"latitude":44.07705,"elevation_m":1103,"name":""},"geometry":{"type":"Point","coordinates":[41.10068,44.07705]}},{"type":"Feature","properties":{"id":"hill-0087","type":"hill","longitude":41.101238,"latitude":44.054354,"elevation_m":1353,"name":""},"geometry":{"type":"Point","coordinates":[41.101238,44.054354]}},{"type":"Feature","properties":{"id":"hill-0088","type":"hill","longitude":41.670445,"latitude":44.096986,"elevation_m":874,"name":""},"geometry":{"type":"Point","coordinates":[41.670445,44.096986]}},{"type":"Feature","properties":{"id":"hill-0089","type":"hill","longitude":41.599227,"latitude":44.112094,"elevation_m":995,"name":""},"geometry":{"type":"Point","coordinates":[41.599227,44.112094]}},{"type":"Feature","properties":{"id":"hill-0090","type":"hill","longitude":41.090798,"latitude":43.970326,"elevation_m":1225,"name":""},"geometry":{"type":"Point","coordinates":[41.090798,43.970326]}},{"type":"Feature","properties":{"id":"hill-0091","type":"hill","longitude":41.239854,"latitude":43.974055,"elevation_m":1040,"name":""},"geometry":{"type":"Point","coordinates":[41.239854,43.974055]}},{"type":"Feature","properties":{"id":"hill-0092","type":"hill","longitude":41.129991,"latitude":43.971214,"elevation_m":1036,"name":""},"geometry":{"type":"Point","coordinates":[41.129991,43.971214]}},{"type":"Feature","properties":{"id":"hill-0093","type":"hill","longitude":41.24494,"latitude":43.9616,"elevation_m":1055,"name":""},"geometry":{"type":"Point","coordinates":[41.24494,43.9616]}},{"type":"Feature","properties":{"id":"hill-0094","type":"hill","longitude":41.182036,"latitude":44.01129,"elevation_m":1110,"name":""},"geometry":{"type":"Point","coordinates":[41.182036,44.01129]}},{"type":"Feature","properties":{"id":"hill-0095","type":"hill","longitude":41.273446,"latitude":43.933606,"elevation_m":1106,"name":""},"geometry":{"type":"Point","coordinates":[41.273446,43.933606]}},{"type":"Feature","properties":{"id":"hill-0096","type":"hill","longitude":41.110003,"latitude":43.993772,"elevation_m":1118,"name":""},"geometry":{"type":"Point","coordinates":[41.110003,43.993772]}},{"type":"Feature","properties":{"id":"hill-0097","type":"hill","longitude":41.102471,"latitude":43.977684,"elevation_m":1138,"name":""},"geometry":{"type":"Point","coordinates":[41.102471,43.977684]}},{"type":"Feature","properties":{"id":"hill-0098","type":"hill","longitude":41.271418,"latitude":43.949358,"elevation_m":1176,"name":""},"geometry":{"type":"Point","coordinates":[41.271418,43.949358]}},{"type":"Feature","properties":{"id":"hill-0099","type":"hill","longitude":41.107857,"latitude":43.967616,"elevation_m":1176,"name":""},"geometry":{"type":"Point","coordinates":[41.107857,43.967616]}},{"type":"Feature","properties":{"id":"hill-0100","type":"hill","longitude":41.108007,"latitude":44.00328,"elevation_m":1277,"name":""},"geometry":{"type":"Point","coordinates":[41.108007,44.00328]}},{"type":"Feature","properties":{"id":"hill-0101","type":"hill","longitude":41.362678,"latitude":43.952757,"elevation_m":1423,"name":""},"geometry":{"type":"Point","coordinates":[41.362678,43.952757]}},{"type":"Feature","properties":{"id":"hill-0102","type":"hill","longitude":41.361541,"latitude":43.983181,"elevation_m":1524,"name":""},"geometry":{"type":"Point","coordinates":[41.361541,43.983181]}},{"type":"Feature","properties":{"id":"hill-0103","type":"hill","longitude":41.376207,"latitude":43.956711,"elevation_m":1667,"name":""},"geometry":{"type":"Point","coordinates":[41.376207,43.956711]}},{"type":"Feature","properties":{"id":"hill-0104","type":"hill","longitude":41.202786,"latitude":44.012501,"elevation_m":869,"name":""},"geometry":{"type":"Point","coordinates":[41.202786,44.012501]}},{"type":"Feature","properties":{"id":"hill-0105","type":"hill","longitude":41.192518,"latitude":43.998318,"elevation_m":868,"name":""},"geometry":{"type":"Point","coordinates":[41.192518,43.998318]}},{"type":"Feature","properties":{"id":"hill-0106","type":"hill","longitude":41.218632,"latitude":43.963222,"elevation_m":877,"name":""},"geometry":{"type":"Point","coordinates":[41.218632,43.963222]}},{"type":"Feature","properties":{"id":"hill-0107","type":"hill","longitude":41.18827,"latitude":43.975237,"elevation_m":890,"name":""},"geometry":{"type":"Point","coordinates":[41.18827,43.975237]}},{"type":"Feature","properties":{"id":"hill-0108","type":"hill","longitude":41.212023,"latitude":44.019924,"elevation_m":953,"name":""},"geometry":{"type":"Point","coordinates":[41.212023,44.019924]}},{"type":"Feature","properties":{"id":"hill-0109","type":"hill","longitude":41.160654,"latitude":43.993386,"elevation_m":962,"name":""},"geometry":{"type":"Point","coordinates":[41.160654,43.993386]}},{"type":"Feature","properties":{"id":"hill-0110","type":"hill","longitude":40.941271,"latitude":43.965399,"elevation_m":1072,"name":""},"geometry":{"type":"Point","coordinates":[40.941271,43.965399]}},{"type":"Feature","properties":{"id":"hill-0111","type":"hill","longitude":40.929126,"latitude":43.976503,"elevation_m":1106,"name":""},"geometry":{"type":"Point","coordinates":[40.929126,43.976503]}},{"type":"Feature","properties":{"id":"hill-0112","type":"hill","longitude":40.926765,"latitude":43.971376,"elevation_m":1206,"name":""},"geometry":{"type":"Point","coordinates":[40.926765,43.971376]}},{"type":"Feature","properties":{"id":"hill-0113","type":"hill","longitude":40.907893,"latitude":43.927703,"elevation_m":1219,"name":""},"geometry":{"type":"Point","coordinates":[40.907893,43.927703]}},{"type":"Feature","properties":{"id":"hill-0114","type":"hill","longitude":40.856577,"latitude":43.901657,"elevation_m":1287,"name":""},"geometry":{"type":"Point","coordinates":[40.856577,43.901657]}},{"type":"Feature","properties":{"id":"hill-0115","type":"hill","longitude":40.826343,"latitude":43.899732,"elevation_m":1328,"name":""},"geometry":{"type":"Point","coordinates":[40.826343,43.899732]}},{"type":"Feature","properties":{"id":"hill-0116","type":"hill","longitude":40.876436,"latitude":43.902113,"elevation_m":1412,"name":""},"geometry":{"type":"Point","coordinates":[40.876436,43.902113]}},{"type":"Feature","properties":{"id":"hill-0117","type":"hill","longitude":40.889944,"latitude":43.937562,"elevation_m":1398,"name":""},"geometry":{"type":"Point","coordinates":[40.889944,43.937562]}},{"type":"Feature","properties":{"id":"hill-0118","type":"hill","longitude":40.868787,"latitude":43.934873,"elevation_m":1426,"name":""},"geometry":{"type":"Point","coordinates":[40.868787,43.934873]}},{"type":"Feature","properties":{"id":"hill-0119","type":"hill","longitude":40.885245,"latitude":43.912193,"elevation_m":1480,"name":""},"geometry":{"type":"Point","coordinates":[40.885245,43.912193]}},{"type":"Feature","properties":{"id":"hill-0120","type":"hill","longitude":40.854871,"latitude":43.924898,"elevation_m":1515,"name":""},"geometry":{"type":"Point","coordinates":[40.854871,43.924898]}},{"type":"Feature","properties":{"id":"hill-0121","type":"hill","longitude":40.897508,"latitude":43.958619,"elevation_m":1546,"name":""},"geometry":{"type":"Point","coordinates":[40.897508,43.958619]}},{"type":"Feature","properties":{"id":"hill-0122","type":"hill","longitude":40.849668,"latitude":43.912804,"elevation_m":1559,"name":""},"geometry":{"type":"Point","coordinates":[40.849668,43.912804]}},{"type":"Feature","properties":{"id":"hill-0123","type":"hill","longitude":40.800712,"latitude":43.899469,"elevation_m":1570,"name":""},"geometry":{"type":"Point","coordinates":[40.800712,43.899469]}},{"type":"Feature","properties":{"id":"hill-0124","type":"hill","longitude":40.843681,"latitude":43.938435,"elevation_m":1609,"name":""},"geometry":{"type":"Point","coordinates":[40.843681,43.938435]}},{"type":"Feature","properties":{"id":"hill-0125","type":"hill","longitude":40.871447,"latitude":43.904765,"elevation_m":1613,"name":""},"geometry":{"type":"Point","coordinates":[40.871447,43.904765]}},{"type":"Feature","properties":{"id":"hill-0126","type":"hill","longitude":40.836965,"latitude":43.920022,"elevation_m":1652,"name":""},"geometry":{"type":"Point","coordinates":[40.836965,43.920022]}},{"type":"Feature","properties":{"id":"hill-0127","type":"hill","longitude":40.820453,"latitude":43.918925,"elevation_m":1771,"name":""},"geometry":{"type":"Point","coordinates":[40.820453,43.918925]}},{"type":"Feature","properties":{"id":"hill-0128","type":"hill","longitude":41.016029,"latitude":44.102603,"elevation_m":934,"name":""},"geometry":{"type":"Point","coordinates":[41.016029,44.102603]}},{"type":"Feature","properties":{"id":"hill-0129","type":"hill","longitude":41.007028,"latitude":44.105107,"elevation_m":943,"name":""},"geometry":{"type":"Point","coordinates":[41.007028,44.105107]}},{"type":"Feature","properties":{"id":"hill-0130","type":"hill","longitude":41.006899,"latitude":44.097525,"elevation_m":1135,"name":""},"geometry":{"type":"Point","coordinates":[41.006899,44.097525]}},{"type":"Feature","properties":{"id":"hill-0131","type":"hill","longitude":40.924534,"latitude":43.987913,"elevation_m":1078,"name":""},"geometry":{"type":"Point","coordinates":[40.924534,43.987913]}},{"type":"Feature","properties":{"id":"hill-0132","type":"hill","longitude":41.713961,"latitude":44.179865,"elevation_m":621,"name":""},"geometry":{"type":"Point","coordinates":[41.713961,44.179865]}},{"type":"Feature","properties":{"id":"hill-0133","type":"hill","longitude":41.722416,"latitude":44.088741,"elevation_m":1058,"name":""},"geometry":{"type":"Point","coordinates":[41.722416,44.088741]}},{"type":"Feature","properties":{"id":"hill-0134","type":"hill","longitude":41.067506,"latitude":43.869706,"elevation_m":1466,"name":""},"geometry":{"type":"Point","coordinates":[41.067506,43.869706]}},{"type":"Feature","properties":{"id":"hill-0135","type":"hill","longitude":41.716611,"latitude":44.169523,"elevation_m":646,"name":""},"geometry":{"type":"Point","coordinates":[41.716611,44.169523]}},{"type":"Feature","properties":{"id":"hill-0136","type":"hill","longitude":40.991342,"latitude":44.066242,"elevation_m":1026,"name":""},"geometry":{"type":"Point","coordinates":[40.991342,44.066242]}},{"type":"Feature","properties":{"id":"hill-0137","type":"hill","longitude":41.012113,"latitude":44.071176,"elevation_m":975,"name":""},"geometry":{"type":"Point","coordinates":[41.012113,44.071176]}},{"type":"Feature","properties":{"id":"hill-0138","type":"hill","longitude":40.979358,"latitude":44.070143,"elevation_m":890,"name":""},"geometry":{"type":"Point","coordinates":[40.979358,44.070143]}},{"type":"Feature","properties":{"id":"hill-0139","type":"hill","longitude":41.047819,"latitude":43.95166,"elevation_m":1093,"name":""},"geometry":{"type":"Point","coordinates":[41.047819,43.95166]}},{"type":"Feature","properties":{"id":"hill-0140","type":"hill","longitude":41.071787,"latitude":43.949721,"elevation_m":1013,"name":""},"geometry":{"type":"Point","coordinates":[41.071787,43.949721]}},{"type":"Feature","properties":{"id":"hill-0141","type":"hill","longitude":41.043699,"latitude":43.981428,"elevation_m":1020,"name":""},"geometry":{"type":"Point","coordinates":[41.043699,43.981428]}},{"type":"Feature","properties":{"id":"hill-0142","type":"hill","longitude":41.076593,"latitude":43.957198,"elevation_m":1032,"name":""},"geometry":{"type":"Point","coordinates":[41.076593,43.957198]}},{"type":"Feature","properties":{"id":"hill-0143","type":"hill","longitude":41.053945,"latitude":44.091947,"elevation_m":1047,"name":""},"geometry":{"type":"Point","coordinates":[41.053945,44.091947]}},{"type":"Feature","properties":{"id":"hill-0144","type":"hill","longitude":40.993134,"latitude":43.954332,"elevation_m":1058,"name":""},"geometry":{"type":"Point","coordinates":[40.993134,43.954332]}},{"type":"Feature","properties":{"id":"hill-0145","type":"hill","longitude":40.976923,"latitude":43.927039,"elevation_m":1112,"name":""},"geometry":{"type":"Point","coordinates":[40.976923,43.927039]}},{"type":"Feature","properties":{"id":"hill-0146","type":"hill","longitude":41.072087,"latitude":44.090737,"elevation_m":1056,"name":""},"geometry":{"type":"Point","coordinates":[41.072087,44.090737]}},{"type":"Feature","properties":{"id":"hill-0147","type":"hill","longitude":41.027112,"latitude":43.996118,"elevation_m":1108,"name":""},"geometry":{"type":"Point","coordinates":[41.027112,43.996118]}},{"type":"Feature","properties":{"id":"hill-0148","type":"hill","longitude":41.062206,"latitude":43.983907,"elevation_m":1125,"name":""},"geometry":{"type":"Point","coordinates":[41.062206,43.983907]}},{"type":"Feature","properties":{"id":"hill-0149","type":"hill","longitude":40.975517,"latitude":43.941131,"elevation_m":1134,"name":""},"geometry":{"type":"Point","coordinates":[40.975517,43.941131]}},{"type":"Feature","properties":{"id":"hill-0150","type":"hill","longitude":41.105164,"latitude":43.91571,"elevation_m":1133,"name":""},"geometry":{"type":"Point","coordinates":[41.105164,43.91571]}},{"type":"Feature","properties":{"id":"hill-0151","type":"hill","longitude":40.987716,"latitude":44.012239,"elevation_m":1146,"name":""},"geometry":{"type":"Point","coordinates":[40.987716,44.012239]}},{"type":"Feature","properties":{"id":"hill-0152","type":"hill","longitude":41.070231,"latitude":44.080256,"elevation_m":1160,"name":""},"geometry":{"type":"Point","coordinates":[41.070231,44.080256]}},{"type":"Feature","properties":{"id":"hill-0153","type":"hill","longitude":41.072978,"latitude":43.997638,"elevation_m":1157,"name":""},"geometry":{"type":"Point","coordinates":[41.072978,43.997638]}},{"type":"Feature","properties":{"id":"hill-0154","type":"hill","longitude":40.973039,"latitude":43.920246,"elevation_m":1183,"name":""},"geometry":{"type":"Point","coordinates":[40.973039,43.920246]}},{"type":"Feature","properties":{"id":"hill-0155","type":"hill","longitude":40.925993,"latitude":43.947049,"elevation_m":1240,"name":""},"geometry":{"type":"Point","coordinates":[40.925993,43.947049]}},{"type":"Feature","properties":{"id":"hill-0156","type":"hill","longitude":41.038527,"latitude":43.935159,"elevation_m":1232,"name":""},"geometry":{"type":"Point","coordinates":[41.038527,43.935159]}},{"type":"Feature","properties":{"id":"hill-0157","type":"hill","longitude":41.078085,"latitude":43.925161,"elevation_m":1234,"name":""},"geometry":{"type":"Point","coordinates":[41.078085,43.925161]}},{"type":"Feature","properties":{"id":"hill-0158","type":"hill","longitude":40.98454,"latitude":43.913507,"elevation_m":1342,"name":""},"geometry":{"type":"Point","coordinates":[40.98454,43.913507]}},{"type":"Feature","properties":{"id":"hill-0159","type":"hill","longitude":41.030781,"latitude":43.898689,"elevation_m":1401,"name":""},"geometry":{"type":"Point","coordinates":[41.030781,43.898689]}},{"type":"Feature","properties":{"id":"hill-0160","type":"hill","longitude":41.091206,"latitude":43.909897,"elevation_m":1403,"name":""},"geometry":{"type":"Point","coordinates":[41.091206,43.909897]}},{"type":"Feature","properties":{"id":"hill-0161","type":"hill","longitude":41.05991,"latitude":44.056243,"elevation_m":1412,"name":""},"geometry":{"type":"Point","coordinates":[41.05991,44.056243]}},{"type":"Feature","properties":{"id":"hill-0162","type":"hill","longitude":41.081078,"latitude":43.901286,"elevation_m":1429,"name":""},"geometry":{"type":"Point","coordinates":[41.081078,43.901286]}},{"type":"Feature","properties":{"id":"hill-0163","type":"hill","longitude":41.045372,"latitude":43.913035,"elevation_m":1459,"name":""},"geometry":{"type":"Point","coordinates":[41.045372,43.913035]}},{"type":"Feature","properties":{"id":"hill-0164","type":"hill","longitude":41.020267,"latitude":43.910245,"elevation_m":1471,"name":""},"geometry":{"type":"Point","coordinates":[41.020267,43.910245]}},{"type":"Feature","properties":{"id":"hill-0165","type":"hill","longitude":41.00368,"latitude":43.902461,"elevation_m":1680,"name":""},"geometry":{"type":"Point","coordinates":[41.00368,43.902461]}},{"type":"Feature","properties":{"id":"hill-0166","type":"hill","longitude":41.040748,"latitude":44.094466,"elevation_m":710,"name":""},"geometry":{"type":"Point","coordinates":[41.040748,44.094466]}},{"type":"Feature","properties":{"id":"hill-0167","type":"hill","longitude":41.040426,"latitude":44.085974,"elevation_m":821,"name":""},"geometry":{"type":"Point","coordinates":[41.040426,44.085974]}},{"type":"Feature","properties":{"id":"hill-0168","type":"hill","longitude":40.989647,"latitude":43.983798,"elevation_m":926,"name":""},"geometry":{"type":"Point","coordinates":[40.989647,43.983798]}},{"type":"Feature","properties":{"id":"hill-0169","type":"hill","longitude":40.982984,"latitude":43.992853,"elevation_m":931,"name":""},"geometry":{"type":"Point","coordinates":[40.982984,43.992853]}},{"type":"Feature","properties":{"id":"hill-0170","type":"hill","longitude":40.974122,"latitude":44.006475,"elevation_m":958,"name":""},"geometry":{"type":"Point","coordinates":[40.974122,44.006475]}},{"type":"Feature","properties":{"id":"hill-0171","type":"hill","longitude":41.04092,"latitude":43.967616,"elevation_m":976,"name":""},"geometry":{"type":"Point","coordinates":[41.04092,43.967616]}},{"type":"Feature","properties":{"id":"hill-0172","type":"hill","longitude":41.030535,"latitude":43.962395,"elevation_m":987,"name":""},"geometry":{"type":"Point","coordinates":[41.030535,43.962395]}},{"type":"Feature","properties":{"id":"hill-0173","type":"hill","longitude":41.050501,"latitude":44.095776,"elevation_m":1014,"name":""},"geometry":{"type":"Point","coordinates":[41.050501,44.095776]}},{"type":"Feature","properties":{"id":"hill-0174","type":"hill","longitude":40.970378,"latitude":44.012077,"elevation_m":981,"name":""},"geometry":{"type":"Point","coordinates":[40.970378,44.012077]}},{"type":"Feature","properties":{"id":"hill-0175","type":"hill","longitude":41.129969,"latitude":43.949621,"elevation_m":1009,"name":""},"geometry":{"type":"Point","coordinates":[41.129969,43.949621]}},{"type":"Feature","properties":{"id":"hill-0176","type":"hill","longitude":41.1369,"latitude":43.932741,"elevation_m":1059,"name":""},"geometry":{"type":"Point","coordinates":[41.1369,43.932741]}},{"type":"Feature","properties":{"id":"hill-0177","type":"hill","longitude":41.120238,"latitude":43.866303,"elevation_m":1095,"name":""},"geometry":{"type":"Point","coordinates":[41.120238,43.866303]}},{"type":"Feature","properties":{"id":"hill-0178","type":"hill","longitude":41.116322,"latitude":43.887517,"elevation_m":1122,"name":""},"geometry":{"type":"Point","coordinates":[41.116322,43.887517]}},{"type":"Feature","properties":{"id":"hill-0179","type":"hill","longitude":41.146663,"latitude":43.922116,"elevation_m":1156,"name":""},"geometry":{"type":"Point","coordinates":[41.146663,43.922116]}},{"type":"Feature","properties":{"id":"hill-0180","type":"hill","longitude":41.07316,"latitude":43.894483,"elevation_m":1189,"name":""},"geometry":{"type":"Point","coordinates":[41.07316,43.894483]}},{"type":"Feature","properties":{"id":"hill-0181","type":"hill","longitude":41.090745,"latitude":43.865584,"elevation_m":1277,"name":""},"geometry":{"type":"Point","coordinates":[41.090745,43.865584]}},{"type":"Feature","properties":{"id":"hill-0182","type":"hill","longitude":41.089296,"latitude":43.889411,"elevation_m":1298,"name":""},"geometry":{"type":"Point","coordinates":[41.089296,43.889411]}},{"type":"Feature","properties":{"id":"hill-0183","type":"hill","longitude":40.999153,"latitude":43.892349,"elevation_m":1544,"name":""},"geometry":{"type":"Point","coordinates":[40.999153,43.892349]}},{"type":"Feature","properties":{"id":"hill-0184","type":"hill","longitude":40.983049,"latitude":43.883055,"elevation_m":1641,"name":""},"geometry":{"type":"Point","coordinates":[40.983049,43.883055]}},{"type":"Feature","properties":{"id":"hill-0185","type":"hill","longitude":42.758939,"latitude":43.898596,"elevation_m":1183,"name":""},"geometry":{"type":"Point","coordinates":[42.758939,43.898596]}},{"type":"Feature","properties":{"id":"hill-0186","type":"hill","longitude":40.978907,"latitude":43.890957,"elevation_m":1620,"name":""},"geometry":{"type":"Point","coordinates":[40.978907,43.890957]}},{"type":"Feature","properties":{"id":"hill-0187","type":"hill","longitude":40.931121,"latitude":43.934858,"elevation_m":1097,"name":""},"geometry":{"type":"Point","coordinates":[40.931121,43.934858]}},{"type":"Feature","properties":{"id":"hill-0188","type":"hill","longitude":40.949028,"latitude":43.925254,"elevation_m":1150,"name":""},"geometry":{"type":"Point","coordinates":[40.949028,43.925254]}},{"type":"Feature","properties":{"id":"hill-0189","type":"hill","longitude":40.960239,"latitude":43.88198,"elevation_m":1189,"name":""},"geometry":{"type":"Point","coordinates":[40.960239,43.88198]}},{"type":"Feature","properties":{"id":"hill-0190","type":"hill","longitude":40.923868,"latitude":43.919102,"elevation_m":1297,"name":""},"geometry":{"type":"Point","coordinates":[40.923868,43.919102]}},{"type":"Feature","properties":{"id":"hill-0191","type":"hill","longitude":40.918525,"latitude":43.955391,"elevation_m":1310,"name":""},"geometry":{"type":"Point","coordinates":[40.918525,43.955391]}},{"type":"Feature","properties":{"id":"hill-0192","type":"hill","longitude":40.917442,"latitude":43.901333,"elevation_m":1501,"name":""},"geometry":{"type":"Point","coordinates":[40.917442,43.901333]}},{"type":"Feature","properties":{"id":"hill-0193","type":"hill","longitude":41.423575,"latitude":43.884215,"elevation_m":977,"name":""},"geometry":{"type":"Point","coordinates":[41.423575,43.884215]}},{"type":"Feature","properties":{"id":"hill-0194","type":"hill","longitude":41.197518,"latitude":43.915246,"elevation_m":1020,"name":""},"geometry":{"type":"Point","coordinates":[41.197518,43.915246]}},{"type":"Feature","properties":{"id":"hill-0195","type":"hill","longitude":41.407095,"latitude":43.865816,"elevation_m":1010,"name":""},"geometry":{"type":"Point","coordinates":[41.407095,43.865816]}},{"type":"Feature","properties":{"id":"hill-0196","type":"hill","longitude":41.206595,"latitude":43.908583,"elevation_m":1031,"name":""},"geometry":{"type":"Point","coordinates":[41.206595,43.908583]}},{"type":"Feature","properties":{"id":"hill-0197","type":"hill","longitude":41.422169,"latitude":43.915941,"elevation_m":1014,"name":""},"geometry":{"type":"Point","coordinates":[41.422169,43.915941]}},{"type":"Feature","properties":{"id":"hill-0198","type":"hill","longitude":41.13174,"latitude":43.882382,"elevation_m":1037,"name":""},"geometry":{"type":"Point","coordinates":[41.13174,43.882382]}},{"type":"Feature","properties":{"id":"hill-0199","type":"hill","longitude":41.152607,"latitude":43.842157,"elevation_m":1049,"name":""},"geometry":{"type":"Point","coordinates":[41.152607,43.842157]}},{"type":"Feature","properties":{"id":"hill-0200","type":"hill","longitude":41.121343,"latitude":43.893694,"elevation_m":1049,"name":""},"geometry":{"type":"Point","coordinates":[41.121343,43.893694]}},{"type":"Feature","properties":{"id":"hill-0201","type":"hill","longitude":41.379629,"latitude":43.885166,"elevation_m":1046,"name":""},"geometry":{"type":"Point","coordinates":[41.379629,43.885166]}},{"type":"Feature","properties":{"id":"hill-0202","type":"hill","longitude":41.448272,"latitude":43.835432,"elevation_m":1057,"name":""},"geometry":{"type":"Point","coordinates":[41.448272,43.835432]}},{"type":"Feature","properties":{"id":"hill-0203","type":"hill","longitude":41.397697,"latitude":43.839317,"elevation_m":1063,"name":""},"geometry":{"type":"Point","coordinates":[41.397697,43.839317]}},{"type":"Feature","properties":{"id":"hill-0204","type":"hill","longitude":41.204782,"latitude":43.848131,"elevation_m":1087,"name":""},"geometry":{"type":"Point","coordinates":[41.204782,43.848131]}},{"type":"Feature","properties":{"id":"hill-0205","type":"hill","longitude":41.390283,"latitude":43.844703,"elevation_m":1093,"name":""},"geometry":{"type":"Point","coordinates":[41.390283,43.844703]}},{"type":"Feature","properties":{"id":"hill-0206","type":"hill","longitude":41.366937,"latitude":43.849717,"elevation_m":1101,"name":""},"geometry":{"type":"Point","coordinates":[41.366937,43.849717]}},{"type":"Feature","properties":{"id":"hill-0207","type":"hill","longitude":41.35991,"latitude":43.88587,"elevation_m":1098,"name":""},"geometry":{"type":"Point","coordinates":[41.35991,43.88587]}},{"type":"Feature","properties":{"id":"hill-0208","type":"hill","longitude":41.341499,"latitude":43.930786,"elevation_m":1100,"name":""},"geometry":{"type":"Point","coordinates":[41.341499,43.930786]}},{"type":"Feature","properties":{"id":"hill-0209","type":"hill","longitude":41.317016,"latitude":43.946068,"elevation_m":1110,"name":""},"geometry":{"type":"Point","coordinates":[41.317016,43.946068]}},{"type":"Feature","properties":{"id":"hill-0210","type":"hill","longitude":41.152232,"latitude":43.83609,"elevation_m":1124,"name":""},"geometry":{"type":"Point","coordinates":[41.152232,43.83609]}},{"type":"Feature","properties":{"id":"hill-0211","type":"hill","longitude":41.161319,"latitude":43.852123,"elevation_m":1139,"name":""},"geometry":{"type":"Point","coordinates":[41.161319,43.852123]}},{"type":"Feature","properties":{"id":"hill-0212","type":"hill","longitude":41.396624,"latitude":43.918229,"elevation_m":1112,"name":""},"geometry":{"type":"Point","coordinates":[41.396624,43.918229]}},{"type":"Feature","properties":{"id":"hill-0213","type":"hill","longitude":41.111752,"latitude":43.835014,"elevation_m":1129,"name":""},"geometry":{"type":"Point","coordinates":[41.111752,43.835014]}},{"type":"Feature","properties":{"id":"hill-0214","type":"hill","longitude":41.215811,"latitude":43.84355,"elevation_m":1131,"name":""},"geometry":{"type":"Point","coordinates":[41.215811,43.84355]}},{"type":"Feature","properties":{"id":"hill-0215","type":"hill","longitude":41.250347,"latitude":43.869111,"elevation_m":1158,"name":""},"geometry":{"type":"Point","coordinates":[41.250347,43.869111]}},{"type":"Feature","properties":{"id":"hill-0216","type":"hill","longitude":41.247793,"latitude":43.877294,"elevation_m":1131,"name":""},"geometry":{"type":"Point","coordinates":[41.247793,43.877294]}},{"type":"Feature","properties":{"id":"hill-0217","type":"hill","longitude":41.356047,"latitude":43.842776,"elevation_m":1143,"name":""},"geometry":{"type":"Point","coordinates":[41.356047,43.842776]}},{"type":"Feature","properties":{"id":"hill-0218","type":"hill","longitude":41.242461,"latitude":43.860881,"elevation_m":1128,"name":""},"geometry":{"type":"Point","coordinates":[41.242461,43.860881]}},{"type":"Feature","properties":{"id":"hill-0219","type":"hill","longitude":41.343527,"latitude":43.905035,"elevation_m":1152,"name":""},"geometry":{"type":"Point","coordinates":[41.343527,43.905035]}},{"type":"Feature","properties":{"id":"hill-0220","type":"hill","longitude":40.943556,"latitude":43.837723,"elevation_m":1160,"name":""},"geometry":{"type":"Point","coordinates":[40.943556,43.837723]}},{"type":"Feature","properties":{"id":"hill-0221","type":"hill","longitude":41.242837,"latitude":43.851945,"elevation_m":1190,"name":""},"geometry":{"type":"Point","coordinates":[41.242837,43.851945]}},{"type":"Feature","properties":{"id":"hill-0222","type":"hill","longitude":41.205157,"latitude":43.836539,"elevation_m":1203,"name":""},"geometry":{"type":"Point","coordinates":[41.205157,43.836539]}},{"type":"Feature","properties":{"id":"hill-0223","type":"hill","longitude":41.086518,"latitude":44.004137,"elevation_m":1199,"name":""},"geometry":{"type":"Point","coordinates":[41.086518,44.004137]}},{"type":"Feature","properties":{"id":"hill-0224","type":"hill","longitude":41.28646,"latitude":43.955962,"elevation_m":1213,"name":""},"geometry":{"type":"Point","coordinates":[41.28646,43.955962]}},{"type":"Feature","properties":{"id":"hill-0225","type":"hill","longitude":41.064652,"latitude":43.852904,"elevation_m":1226,"name":""},"geometry":{"type":"Point","coordinates":[41.064652,43.852904]}},{"type":"Feature","properties":{"id":"hill-0226","type":"hill","longitude":41.183925,"latitude":43.875832,"elevation_m":1225,"name":""},"geometry":{"type":"Point","coordinates":[41.183925,43.875832]}},{"type":"Feature","properties":{"id":"hill-0227","type":"hill","longitude":41.337862,"latitude":43.852301,"elevation_m":1248,"name":""},"geometry":{"type":"Point","coordinates":[41.337862,43.852301]}},{"type":"Feature","properties":{"id":"hill-0228","type":"hill","longitude":41.188163,"latitude":43.867703,"elevation_m":1270,"name":""},"geometry":{"type":"Point","coordinates":[41.188163,43.867703]}},{"type":"Feature","properties":{"id":"hill-0229","type":"hill","longitude":41.271354,"latitude":43.860115,"elevation_m":1268,"name":""},"geometry":{"type":"Point","coordinates":[41.271354,43.860115]}},{"type":"Feature","properties":{"id":"hill-0230","type":"hill","longitude":41.182991,"latitude":43.850197,"elevation_m":1270,"name":""},"geometry":{"type":"Point","coordinates":[41.182991,43.850197]}},{"type":"Feature","properties":{"id":"hill-0231","type":"hill","longitude":41.28617,"latitude":43.836229,"elevation_m":1275,"name":""},"geometry":{"type":"Point","coordinates":[41.28617,43.836229]}},{"type":"Feature","properties":{"id":"hill-0232","type":"hill","longitude":41.328903,"latitude":43.882452,"elevation_m":1263,"name":""},"geometry":{"type":"Point","coordinates":[41.328903,43.882452]}},{"type":"Feature","properties":{"id":"hill-0233","type":"hill","longitude":41.17178,"latitude":43.857871,"elevation_m":1285,"name":""},"geometry":{"type":"Point","coordinates":[41.17178,43.857871]}},{"type":"Feature","properties":{"id":"hill-0234","type":"hill","longitude":41.340437,"latitude":43.872514,"elevation_m":1284,"name":""},"geometry":{"type":"Point","coordinates":[41.340437,43.872514]}},{"type":"Feature","properties":{"id":"hill-0235","type":"hill","longitude":41.100605,"latitude":43.842691,"elevation_m":1308,"name":""},"geometry":{"type":"Point","coordinates":[41.100605,43.842691]}},{"type":"Feature","properties":{"id":"hill-0236","type":"hill","longitude":41.301802,"latitude":43.845477,"elevation_m":1306,"name":""},"geometry":{"type":"Point","coordinates":[41.301802,43.845477]}},{"type":"Feature","properties":{"id":"hill-0237","type":"hill","longitude":41.314151,"latitude":43.87471,"elevation_m":1315,"name":""},"geometry":{"type":"Point","coordinates":[41.314151,43.87471]}},{"type":"Feature","properties":{"id":"hill-0238","type":"hill","longitude":41.03842,"latitude":43.878662,"elevation_m":1361,"name":""},"geometry":{"type":"Point","coordinates":[41.03842,43.878662]}},{"type":"Feature","properties":{"id":"hill-0239","type":"hill","longitude":41.045287,"latitude":43.845221,"elevation_m":1415,"name":""},"geometry":{"type":"Point","coordinates":[41.045287,43.845221]}},{"type":"Feature","properties":{"id":"hill-0240","type":"hill","longitude":40.979197,"latitude":43.863317,"elevation_m":1441,"name":""},"geometry":{"type":"Point","coordinates":[40.979197,43.863317]}},{"type":"Feature","properties":{"id":"hill-0241","type":"hill","longitude":40.957267,"latitude":43.864276,"elevation_m":1462,"name":""},"geometry":{"type":"Point","coordinates":[40.957267,43.864276]}},{"type":"Feature","properties":{"id":"hill-0242","type":"hill","longitude":40.963254,"latitude":43.858428,"elevation_m":1471,"name":""},"geometry":{"type":"Point","coordinates":[40.963254,43.858428]}},{"type":"Feature","properties":{"id":"hill-0243","type":"hill","longitude":41.002715,"latitude":43.872019,"elevation_m":1516,"name":""},"geometry":{"type":"Point","coordinates":[41.002715,43.872019]}},{"type":"Feature","properties":{"id":"hill-0244","type":"hill","longitude":40.936968,"latitude":43.879861,"elevation_m":1539,"name":""},"geometry":{"type":"Point","coordinates":[40.936968,43.879861]}},{"type":"Feature","properties":{"id":"hill-0245","type":"hill","longitude":40.970249,"latitude":43.850104,"elevation_m":1539,"name":""},"geometry":{"type":"Point","coordinates":[40.970249,43.850104]}},{"type":"Feature","properties":{"id":"hill-0246","type":"hill","longitude":41.028732,"latitude":43.845221,"elevation_m":1662,"name":""},"geometry":{"type":"Point","coordinates":[41.028732,43.845221]}},{"type":"Feature","properties":{"id":"hill-0247","type":"hill","longitude":40.991085,"latitude":43.838868,"elevation_m":1727,"name":""},"geometry":{"type":"Point","coordinates":[40.991085,43.838868]}},{"type":"Feature","properties":{"id":"hill-0248","type":"hill","longitude":40.825635,"latitude":43.876482,"elevation_m":1709,"name":""},"geometry":{"type":"Point","coordinates":[40.825635,43.876482]}},{"type":"Feature","properties":{"id":"hill-0249","type":"hill","longitude":41.200297,"latitude":43.932718,"elevation_m":897,"name":""},"geometry":{"type":"Point","coordinates":[41.200297,43.932718]}},{"type":"Feature","properties":{"id":"hill-0250","type":"hill","longitude":41.479225,"latitude":43.886759,"elevation_m":948,"name":""},"geometry":{"type":"Point","coordinates":[41.479225,43.886759]}},{"type":"Feature","properties":{"id":"hill-0251","type":"hill","longitude":41.473142,"latitude":43.853152,"elevation_m":957,"name":""},"geometry":{"type":"Point","coordinates":[41.473142,43.853152]}},{"type":"Feature","properties":{"id":"hill-0252","type":"hill","longitude":41.223525,"latitude":43.877046,"elevation_m":996,"name":""},"geometry":{"type":"Point","coordinates":[41.223525,43.877046]}},{"type":"Feature","properties":{"id":"hill-0253","type":"hill","longitude":41.417137,"latitude":43.83883,"elevation_m":988,"name":""},"geometry":{"type":"Point","coordinates":[41.417137,43.83883]}},{"type":"Feature","properties":{"id":"hill-0254","type":"hill","longitude":41.082119,"latitude":44.010403,"elevation_m":1305,"name":""},"geometry":{"type":"Point","coordinates":[41.082119,44.010403]}},{"type":"Feature","properties":{"id":"hill-0255","type":"hill","longitude":40.931979,"latitude":43.829798,"elevation_m":1182,"name":""},"geometry":{"type":"Point","coordinates":[40.931979,43.829798]}},{"type":"Feature","properties":{"id":"hill-0256","type":"hill","longitude":40.926722,"latitude":43.814905,"elevation_m":1187,"name":""},"geometry":{"type":"Point","coordinates":[40.926722,43.814905]}},{"type":"Feature","properties":{"id":"hill-0257","type":"hill","longitude":40.94023,"latitude":43.808394,"elevation_m":1263,"name":""},"geometry":{"type":"Point","coordinates":[40.94023,43.808394]}},{"type":"Feature","properties":{"id":"hill-0258","type":"hill","longitude":40.95524,"latitude":43.814316,"elevation_m":1288,"name":""},"geometry":{"type":"Point","coordinates":[40.95524,43.814316]}},{"type":"Feature","properties":{"id":"hill-0259","type":"hill","longitude":40.949392,"latitude":43.826261,"elevation_m":1492,"name":""},"geometry":{"type":"Point","coordinates":[40.949392,43.826261]}},{"type":"Feature","properties":{"id":"hill-0260","type":"hill","longitude":40.973157,"latitude":43.829597,"elevation_m":1517,"name":""},"geometry":{"type":"Point","coordinates":[40.973157,43.829597]}},{"type":"Feature","properties":{"id":"hill-0261","type":"hill","longitude":40.956109,"latitude":43.798444,"elevation_m":1645,"name":""},"geometry":{"type":"Point","coordinates":[40.956109,43.798444]}},{"type":"Feature","properties":{"id":"hill-0262","type":"hill","longitude":40.985945,"latitude":43.817297,"elevation_m":1706,"name":""},"geometry":{"type":"Point","coordinates":[40.985945,43.817297]}},{"type":"Feature","properties":{"id":"hill-0263","type":"hill","longitude":40.983006,"latitude":43.82397,"elevation_m":1787,"name":""},"geometry":{"type":"Point","coordinates":[40.983006,43.82397]}},{"type":"Feature","properties":{"id":"hill-0264","type":"hill","longitude":41.127212,"latitude":43.834504,"elevation_m":1190,"name":""},"geometry":{"type":"Point","coordinates":[41.127212,43.834504]}},{"type":"Feature","properties":{"id":"hill-0265","type":"hill","longitude":41.092697,"latitude":43.832213,"elevation_m":1214,"name":""},"geometry":{"type":"Point","coordinates":[41.092697,43.832213]}},{"type":"Feature","properties":{"id":"hill-0266","type":"hill","longitude":41.057754,"latitude":43.796608,"elevation_m":1718,"name":""},"geometry":{"type":"Point","coordinates":[41.057754,43.796608]}},{"type":"Feature","properties":{"id":"hill-0267","type":"hill","longitude":40.903215,"latitude":43.830293,"elevation_m":1321,"name":""},"geometry":{"type":"Point","coordinates":[40.903215,43.830293]}},{"type":"Feature","properties":{"id":"hill-0268","type":"hill","longitude":41.099339,"latitude":43.814076,"elevation_m":1396,"name":""},"geometry":{"type":"Point","coordinates":[41.099339,43.814076]}},{"type":"Feature","properties":{"id":"hill-0269","type":"hill","longitude":41.078568,"latitude":43.811405,"elevation_m":1530,"name":""},"geometry":{"type":"Point","coordinates":[41.078568,43.811405]}},{"type":"Feature","properties":{"id":"hill-0270","type":"hill","longitude":40.973028,"latitude":43.839039,"elevation_m":1575,"name":""},"geometry":{"type":"Point","coordinates":[40.973028,43.839039]}},{"type":"Feature","properties":{"id":"hill-0271","type":"hill","longitude":40.848724,"latitude":43.830015,"elevation_m":1736,"name":""},"geometry":{"type":"Point","coordinates":[40.848724,43.830015]}},{"type":"Feature","properties":{"id":"hill-0272","type":"hill","longitude":40.811226,"latitude":43.884145,"elevation_m":1769,"name":""},"geometry":{"type":"Point","coordinates":[40.811226,43.884145]}},{"type":"Feature","properties":{"id":"hill-0273","type":"hill","longitude":40.8784,"latitude":43.827344,"elevation_m":1778,"name":""},"geometry":{"type":"Point","coordinates":[40.8784,43.827344]}},{"type":"Feature","properties":{"id":"hill-0274","type":"hill","longitude":40.914438,"latitude":43.85791,"elevation_m":1771,"name":""},"geometry":{"type":"Point","coordinates":[40.914438,43.85791]}},{"type":"Feature","properties":{"id":"hill-0275","type":"hill","longitude":40.83409,"latitude":43.823815,"elevation_m":1796,"name":""},"geometry":{"type":"Point","coordinates":[40.83409,43.823815]}},{"type":"Feature","properties":{"id":"hill-0276","type":"hill","longitude":40.793009,"latitude":43.889078,"elevation_m":1590,"name":""},"geometry":{"type":"Point","coordinates":[40.793009,43.889078]}},{"type":"Feature","properties":{"id":"hill-0277","type":"hill","longitude":40.80436,"latitude":43.768398,"elevation_m":1685,"name":""},"geometry":{"type":"Point","coordinates":[40.80436,43.768398]}},{"type":"Feature","properties":{"id":"hill-0278","type":"hill","longitude":40.814885,"latitude":43.774371,"elevation_m":1724,"name":""},"geometry":{"type":"Point","coordinates":[40.814885,43.774371]}},{"type":"Feature","properties":{"id":"hill-0279","type":"hill","longitude":41.173432,"latitude":43.831114,"elevation_m":1140,"name":""},"geometry":{"type":"Point","coordinates":[41.173432,43.831114]}},{"type":"Feature","properties":{"id":"hill-0280","type":"hill","longitude":41.168078,"latitude":43.79231,"elevation_m":1176,"name":""},"geometry":{"type":"Point","coordinates":[41.168078,43.79231]}},{"type":"Feature","properties":{"id":"hill-0281","type":"hill","longitude":41.163079,"latitude":43.781443,"elevation_m":1189,"name":""},"geometry":{"type":"Point","coordinates":[41.163079,43.781443]}},{"type":"Feature","properties":{"id":"hill-0282","type":"hill","longitude":41.20652,"latitude":43.784596,"elevation_m":1269,"name":""},"geometry":{"type":"Point","coordinates":[41.20652,43.784596]}},{"type":"Feature","properties":{"id":"hill-0283","type":"hill","longitude":41.188045,"latitude":43.790025,"elevation_m":1266,"name":""},"geometry":{"type":"Point","coordinates":[41.188045,43.790025]}},{"type":"Feature","properties":{"id":"hill-0284","type":"hill","longitude":41.177123,"latitude":43.825703,"elevation_m":1287,"name":""},"geometry":{"type":"Point","coordinates":[41.177123,43.825703]}},{"type":"Feature","properties":{"id":"hill-0285","type":"hill","longitude":41.216122,"latitude":43.815408,"elevation_m":1294,"name":""},"geometry":{"type":"Point","coordinates":[41.216122,43.815408]}},{"type":"Feature","properties":{"id":"hill-0286","type":"hill","longitude":41.24392,"latitude":43.797925,"elevation_m":1306,"name":""},"geometry":{"type":"Point","coordinates":[41.24392,43.797925]}},{"type":"Feature","properties":{"id":"hill-0287","type":"hill","longitude":41.260132,"latitude":43.798312,"elevation_m":1307,"name":""},"geometry":{"type":"Point","coordinates":[41.260132,43.798312]}},{"type":"Feature","properties":{"id":"hill-0288","type":"hill","longitude":41.267631,"latitude":43.78692,"elevation_m":1335,"name":""},"geometry":{"type":"Point","coordinates":[41.267631,43.78692]}},{"type":"Feature","properties":{"id":"hill-0289","type":"hill","longitude":41.220177,"latitude":43.802826,"elevation_m":1331,"name":""},"geometry":{"type":"Point","coordinates":[41.220177,43.802826]}},{"type":"Feature","properties":{"id":"hill-0290","type":"hill","longitude":41.205876,"latitude":43.802966,"elevation_m":1369,"name":""},"geometry":{"type":"Point","coordinates":[41.205876,43.802966]}},{"type":"Feature","properties":{"id":"hill-0291","type":"hill","longitude":41.190244,"latitude":43.819991,"elevation_m":1416,"name":""},"geometry":{"type":"Point","coordinates":[41.190244,43.819991]}},{"type":"Feature","properties":{"id":"hill-0292","type":"hill","longitude":41.192883,"latitude":43.774867,"elevation_m":1462,"name":""},"geometry":{"type":"Point","coordinates":[41.192883,43.774867]}},{"type":"Feature","properties":{"id":"hill-0293","type":"hill","longitude":41.178346,"latitude":43.763625,"elevation_m":1475,"name":""},"geometry":{"type":"Point","coordinates":[41.178346,43.763625]}},{"type":"Feature","properties":{"id":"hill-0294","type":"hill","longitude":41.141567,"latitude":43.786385,"elevation_m":1598,"name":""},"geometry":{"type":"Point","coordinates":[41.141567,43.786385]}},{"type":"Feature","properties":{"id":"hill-0295","type":"hill","longitude":40.864205,"latitude":43.803841,"elevation_m":1603,"name":""},"geometry":{"type":"Point","coordinates":[40.864205,43.803841]}},{"type":"Feature","properties":{"id":"hill-0296","type":"hill","longitude":40.891457,"latitude":43.804507,"elevation_m":1631,"name":""},"geometry":{"type":"Point","coordinates":[40.891457,43.804507]}},{"type":"Feature","properties":{"id":"hill-0297","type":"hill","longitude":40.878797,"latitude":43.763307,"elevation_m":1655,"name":""},"geometry":{"type":"Point","coordinates":[40.878797,43.763307]}},{"type":"Feature","properties":{"id":"hill-0298","type":"hill","longitude":41.10274,"latitude":43.7897,"elevation_m":1659,"name":""},"geometry":{"type":"Point","coordinates":[41.10274,43.7897]}},{"type":"Feature","properties":{"id":"hill-0299","type":"hill","longitude":40.872134,"latitude":43.79904,"elevation_m":1672,"name":""},"geometry":{"type":"Point","coordinates":[40.872134,43.79904]}},{"type":"Feature","properties":{"id":"hill-0300","type":"hill","longitude":41.085316,"latitude":43.747382,"elevation_m":1799,"name":""},"geometry":{"type":"Point","coordinates":[41.085316,43.747382]}},{"type":"Feature","properties":{"id":"hill-0301","type":"hill","longitude":41.134229,"latitude":43.756217,"elevation_m":1738,"name":""},"geometry":{"type":"Point","coordinates":[41.134229,43.756217]}},{"type":"Feature","properties":{"id":"hill-0302","type":"hill","longitude":41.158519,"latitude":43.744693,"elevation_m":1761,"name":""},"geometry":{"type":"Point","coordinates":[41.158519,43.744693]}},{"type":"Feature","properties":{"id":"hill-0303","type":"hill","longitude":40.922806,"latitude":43.773093,"elevation_m":1799,"name":""},"geometry":{"type":"Point","coordinates":[40.922806,43.773093]}},{"type":"Feature","properties":{"id":"hill-0304","type":"hill","longitude":41.29705,"latitude":43.803384,"elevation_m":1225,"name":""},"geometry":{"type":"Point","coordinates":[41.29705,43.803384]}},{"type":"Feature","properties":{"id":"hill-0305","type":"hill","longitude":41.259627,"latitude":43.822104,"elevation_m":1229,"name":""},"geometry":{"type":"Point","coordinates":[41.259627,43.822104]}},{"type":"Feature","properties":{"id":"hill-0306","type":"hill","longitude":41.252825,"latitude":43.828668,"elevation_m":1247,"name":""},"geometry":{"type":"Point","coordinates":[41.252825,43.828668]}},{"type":"Feature","properties":{"id":"hill-0307","type":"hill","longitude":41.295784,"latitude":43.823157,"elevation_m":1238,"name":""},"geometry":{"type":"Point","coordinates":[41.295784,43.823157]}},{"type":"Feature","properties":{"id":"hill-0308","type":"hill","longitude":41.291792,"latitude":43.815911,"elevation_m":1258,"name":""},"geometry":{"type":"Point","coordinates":[41.291792,43.815911]}},{"type":"Feature","properties":{"id":"hill-0309","type":"hill","longitude":41.24877,"latitude":43.812745,"elevation_m":1258,"name":""},"geometry":{"type":"Point","coordinates":[41.24877,43.812745]}},{"type":"Feature","properties":{"id":"hill-0310","type":"hill","longitude":41.247869,"latitude":43.829999,"elevation_m":1258,"name":""},"geometry":{"type":"Point","coordinates":[41.247869,43.829999]}},{"type":"Feature","properties":{"id":"hill-0311","type":"hill","longitude":41.272931,"latitude":43.828869,"elevation_m":1263,"name":""},"geometry":{"type":"Point","coordinates":[41.272931,43.828869]}},{"type":"Feature","properties":{"id":"hill-0312","type":"hill","longitude":41.302854,"latitude":43.831485,"elevation_m":1291,"name":""},"geometry":{"type":"Point","coordinates":[41.302854,43.831485]}},{"type":"Feature","properties":{"id":"hill-0313","type":"hill","longitude":41.426901,"latitude":43.793116,"elevation_m":1268,"name":""},"geometry":{"type":"Point","coordinates":[41.426901,43.793116]}},{"type":"Feature","properties":{"id":"hill-0314","type":"hill","longitude":41.365467,"latitude":43.813736,"elevation_m":1065,"name":""},"geometry":{"type":"Point","coordinates":[41.365467,43.813736]}},{"type":"Feature","properties":{"id":"hill-0315","type":"hill","longitude":41.395787,"latitude":43.799899,"elevation_m":1072,"name":""},"geometry":{"type":"Point","coordinates":[41.395787,43.799899]}},{"type":"Feature","properties":{"id":"hill-0316","type":"hill","longitude":41.414434,"latitude":43.798885,"elevation_m":1118,"name":""},"geometry":{"type":"Point","coordinates":[41.414434,43.798885]}},{"type":"Feature","properties":{"id":"hill-0317","type":"hill","longitude":41.377891,"latitude":43.79715,"elevation_m":1126,"name":""},"geometry":{"type":"Point","coordinates":[41.377891,43.79715]}},{"type":"Feature","properties":{"id":"hill-0318","type":"hill","longitude":41.387622,"latitude":43.785673,"elevation_m":1127,"name":""},"geometry":{"type":"Point","coordinates":[41.387622,43.785673]}},{"type":"Feature","properties":{"id":"hill-0319","type":"hill","longitude":41.353354,"latitude":43.793634,"elevation_m":1138,"name":""},"geometry":{"type":"Point","coordinates":[41.353354,43.793634]}},{"type":"Feature","properties":{"id":"hill-0320","type":"hill","longitude":41.443477,"latitude":43.817359,"elevation_m":1169,"name":""},"geometry":{"type":"Point","coordinates":[41.443477,43.817359]}},{"type":"Feature","properties":{"id":"hill-0321","type":"hill","longitude":41.331103,"latitude":43.800914,"elevation_m":1171,"name":""},"geometry":{"type":"Point","coordinates":[41.331103,43.800914]}},{"type":"Feature","properties":{"id":"hill-0322","type":"hill","longitude":41.426589,"latitude":43.811189,"elevation_m":1203,"name":""},"geometry":{"type":"Point","coordinates":[41.426589,43.811189]}},{"type":"Feature","properties":{"id":"hill-0323","type":"hill","longitude":41.442897,"latitude":43.766887,"elevation_m":1203,"name":""},"geometry":{"type":"Point","coordinates":[41.442897,43.766887]}},{"type":"Feature","properties":{"id":"hill-0324","type":"hill","longitude":41.459302,"latitude":43.776354,"elevation_m":1209,"name":""},"geometry":{"type":"Point","coordinates":[41.459302,43.776354]}},{"type":"Feature","properties":{"id":"hill-0325","type":"hill","longitude":41.41291,"latitude":43.766895,"elevation_m":1236,"name":""},"geometry":{"type":"Point","coordinates":[41.41291,43.766895]}},{"type":"Feature","properties":{"id":"hill-0326","type":"hill","longitude":41.392525,"latitude":43.769482,"elevation_m":1269,"name":""},"geometry":{"type":"Point","coordinates":[41.392525,43.769482]}},{"type":"Feature","properties":{"id":"hill-0327","type":"hill","longitude":41.301019,"latitude":43.786006,"elevation_m":1301,"name":""},"geometry":{"type":"Point","coordinates":[41.301019,43.786006]}},{"type":"Feature","properties":{"id":"hill-0328","type":"hill","longitude":41.48194,"latitude":43.799233,"elevation_m":1315,"name":""},"geometry":{"type":"Point","coordinates":[41.48194,43.799233]}},{"type":"Feature","properties":{"id":"hill-0329","type":"hill","longitude":41.437093,"latitude":43.751505,"elevation_m":1335,"name":""},"geometry":{"type":"Point","coordinates":[41.437093,43.751505]}},{"type":"Feature","properties":{"id":"hill-0330","type":"hill","longitude":41.323732,"latitude":43.775184,"elevation_m":1335,"name":""},"geometry":{"type":"Point","coordinates":[41.323732,43.775184]}},{"type":"Feature","properties":{"id":"hill-0331","type":"hill","longitude":41.480963,"latitude":43.787377,"elevation_m":1334,"name":""},"geometry":{"type":"Point","coordinates":[41.480963,43.787377]}},{"type":"Feature","properties":{"id":"hill-0332","type":"hill","longitude":41.340716,"latitude":43.76385,"elevation_m":1399,"name":""},"geometry":{"type":"Point","coordinates":[41.340716,43.76385]}},{"type":"Feature","properties":{"id":"hill-0333","type":"hill","longitude":41.473217,"latitude":43.766468,"elevation_m":1388,"name":""},"geometry":{"type":"Point","coordinates":[41.473217,43.766468]}},{"type":"Feature","properties":{"id":"hill-0334","type":"hill","longitude":41.393298,"latitude":43.755551,"elevation_m":1417,"name":""},"geometry":{"type":"Point","coordinates":[41.393298,43.755551]}},{"type":"Feature","properties":{"id":"hill-0335","type":"hill","longitude":41.322606,"latitude":43.76364,"elevation_m":1431,"name":""},"geometry":{"type":"Point","coordinates":[41.322606,43.76364]}},{"type":"Feature","properties":{"id":"hill-0336","type":"hill","longitude":41.40467,"latitude":43.750862,"elevation_m":1480,"name":""},"geometry":{"type":"Point","coordinates":[41.40467,43.750862]}},{"type":"Feature","properties":{"id":"hill-0337","type":"hill","longitude":41.342154,"latitude":43.748645,"elevation_m":1526,"name":""},"geometry":{"type":"Point","coordinates":[41.342154,43.748645]}},{"type":"Feature","properties":{"id":"hill-0338","type":"hill","longitude":40.843853,"latitude":43.769792,"elevation_m":1573,"name":""},"geometry":{"type":"Point","coordinates":[40.843853,43.769792]}},{"type":"Feature","properties":{"id":"hill-0339","type":"hill","longitude":40.831794,"latitude":43.779708,"elevation_m":1744,"name":""},"geometry":{"type":"Point","coordinates":[40.831794,43.779708]}},{"type":"Feature","properties":{"id":"hill-0340","type":"hill","longitude":41.449442,"latitude":43.852332,"elevation_m":959,"name":""},"geometry":{"type":"Point","coordinates":[41.449442,43.852332]}},{"type":"Feature","properties":{"id":"hill-0341","type":"hill","longitude":41.36463,"latitude":43.729104,"elevation_m":1631,"name":""},"geometry":{"type":"Point","coordinates":[41.36463,43.729104]}},{"type":"Feature","properties":{"id":"hill-0342","type":"hill","longitude":41.386678,"latitude":43.727956,"elevation_m":1654,"name":""},"geometry":{"type":"Point","coordinates":[41.386678,43.727956]}},{"type":"Feature","properties":{"id":"hill-0343","type":"hill","longitude":41.37228,"latitude":43.717551,"elevation_m":1702,"name":""},"geometry":{"type":"Point","coordinates":[41.37228,43.717551]}},{"type":"Feature","properties":{"id":"hill-0344","type":"hill","longitude":41.349127,"latitude":43.710835,"elevation_m":1774,"name":""},"geometry":{"type":"Point","coordinates":[41.349127,43.710835]}},{"type":"Feature","properties":{"id":"hill-0345","type":"hill","longitude":41.322681,"latitude":43.714604,"elevation_m":1794,"name":""},"geometry":{"type":"Point","coordinates":[41.322681,43.714604]}},{"type":"Feature","properties":{"id":"hill-0346","type":"hill","longitude":41.204181,"latitude":43.732003,"elevation_m":1579,"name":""},"geometry":{"type":"Point","coordinates":[41.204181,43.732003]}},{"type":"Feature","properties":{"id":"hill-0347","type":"hill","longitude":41.332991,"latitude":43.723351,"elevation_m":1759,"name":""},"geometry":{"type":"Point","coordinates":[41.332991,43.723351]}},{"type":"Feature","properties":{"id":"hill-0348","type":"hill","longitude":41.154635,"latitude":43.733965,"elevation_m":1757,"name":""},"geometry":{"type":"Point","coordinates":[41.154635,43.733965]}},{"type":"Feature","properties":{"id":"hill-0349","type":"hill","longitude":40.9258,"latitude":43.619099,"elevation_m":1673,"name":""},"geometry":{"type":"Point","coordinates":[40.9258,43.619099]}},{"type":"Feature","properties":{"id":"hill-0350","type":"hill","longitude":40.89106,"latitude":43.643086,"elevation_m":1378,"name":""},"geometry":{"type":"Point","coordinates":[40.89106,43.643086]}},{"type":"Feature","properties":{"id":"hill-0351","type":"hill","longitude":40.891821,"latitude":43.424539,"elevation_m":1549,"name":""},"geometry":{"type":"Point","coordinates":[40.891821,43.424539]}},{"type":"Feature","properties":{"id":"hill-0352","type":"hill","longitude":41.219823,"latitude":43.523869,"elevation_m":1759,"name":""},"geometry":{"type":"Point","coordinates":[41.219823,43.523869]}},{"type":"Feature","properties":{"id":"hill-0353","type":"hill","longitude":41.274916,"latitude":43.550788,"elevation_m":1599,"name":""},"geometry":{"type":"Point","coordinates":[41.274916,43.550788]}},{"type":"Feature","properties":{"id":"hill-0354","type":"hill","longitude":41.471972,"latitude":43.696626,"elevation_m":1604,"name":""},"geometry":{"type":"Point","coordinates":[41.471972,43.696626]}},{"type":"Feature","properties":{"id":"hill-0355","type":"hill","longitude":41.352078,"latitude":43.685866,"elevation_m":1733,"name":""},"geometry":{"type":"Point","coordinates":[41.352078,43.685866]}},{"type":"Feature","properties":{"id":"hill-0356","type":"hill","longitude":41.395669,"latitude":43.677874,"elevation_m":1578,"name":""},"geometry":{"type":"Point","coordinates":[41.395669,43.677874]}},{"type":"Feature","properties":{"id":"hill-0357","type":"hill","longitude":41.429347,"latitude":43.683957,"elevation_m":1754,"name":""},"geometry":{"type":"Point","coordinates":[41.429347,43.683957]}},{"type":"Feature","properties":{"id":"hill-0358","type":"hill","longitude":41.413811,"latitude":43.70581,"elevation_m":1794,"name":""},"geometry":{"type":"Point","coordinates":[41.413811,43.70581]}},{"type":"Feature","properties":{"id":"hill-0359","type":"hill","longitude":40.98852,"latitude":43.871748,"elevation_m":1657,"name":""},"geometry":{"type":"Point","coordinates":[40.98852,43.871748]}},{"type":"Feature","properties":{"id":"hill-0360","type":"hill","longitude":40.832212,"latitude":43.420448,"elevation_m":1285,"name":""},"geometry":{"type":"Point","coordinates":[40.832212,43.420448]}},{"type":"Feature","properties":{"id":"hill-0361","type":"hill","longitude":41.752253,"latitude":43.300048,"elevation_m":1757,"name":""},"geometry":{"type":"Point","coordinates":[41.752253,43.300048]}},{"type":"Feature","properties":{"id":"hill-0362","type":"hill","longitude":41.593133,"latitude":43.195439,"elevation_m":1743,"name":""},"geometry":{"type":"Point","coordinates":[41.593133,43.195439]}},{"type":"Feature","properties":{"id":"hill-0363","type":"hill","longitude":41.885741,"latitude":43.704964,"elevation_m":1613,"name":""},"geometry":{"type":"Point","coordinates":[41.885741,43.704964]}},{"type":"Feature","properties":{"id":"hill-0364","type":"hill","longitude":41.980423,"latitude":43.629319,"elevation_m":1402,"name":""},"geometry":{"type":"Point","coordinates":[41.980423,43.629319]}},{"type":"Feature","properties":{"id":"hill-0365","type":"hill","longitude":41.965295,"latitude":43.614811,"elevation_m":1412,"name":""},"geometry":{"type":"Point","coordinates":[41.965295,43.614811]}},{"type":"Feature","properties":{"id":"hill-0366","type":"hill","longitude":41.872727,"latitude":43.6972,"elevation_m":1587,"name":""},"geometry":{"type":"Point","coordinates":[41.872727,43.6972]}},{"type":"Feature","properties":{"id":"hill-0367","type":"hill","longitude":41.939117,"latitude":43.567993,"elevation_m":1636,"name":""},"geometry":{"type":"Point","coordinates":[41.939117,43.567993]}},{"type":"Feature","properties":{"id":"hill-0368","type":"hill","longitude":41.942056,"latitude":43.612318,"elevation_m":1734,"name":""},"geometry":{"type":"Point","coordinates":[41.942056,43.612318]}},{"type":"Feature","properties":{"id":"hill-0369","type":"hill","longitude":41.981206,"latitude":43.599157,"elevation_m":1799,"name":""},"geometry":{"type":"Point","coordinates":[41.981206,43.599157]}},{"type":"Feature","properties":{"id":"hill-0370","type":"hill","longitude":41.898025,"latitude":43.748777,"elevation_m":1170,"name":""},"geometry":{"type":"Point","coordinates":[41.898025,43.748777]}},{"type":"Feature","properties":{"id":"hill-0371","type":"hill","longitude":41.911951,"latitude":43.71455,"elevation_m":1231,"name":""},"geometry":{"type":"Point","coordinates":[41.911951,43.71455]}},{"type":"Feature","properties":{"id":"hill-0372","type":"hill","longitude":41.901512,"latitude":43.732119,"elevation_m":1243,"name":""},"geometry":{"type":"Point","coordinates":[41.901512,43.732119]}},{"type":"Feature","properties":{"id":"hill-0373","type":"hill","longitude":41.878306,"latitude":43.601411,"elevation_m":1257,"name":""},"geometry":{"type":"Point","coordinates":[41.878306,43.601411]}},{"type":"Feature","properties":{"id":"hill-0374","type":"hill","longitude":41.87807,"latitude":43.750668,"elevation_m":1202,"name":""},"geometry":{"type":"Point","coordinates":[41.87807,43.750668]}},{"type":"Feature","properties":{"id":"hill-0375","type":"hill","longitude":41.957635,"latitude":43.641332,"elevation_m":1376,"name":""},"geometry":{"type":"Point","coordinates":[41.957635,43.641332]}},{"type":"Feature","properties":{"id":"hill-0376","type":"hill","longitude":41.916575,"latitude":43.680978,"elevation_m":1433,"name":""},"geometry":{"type":"Point","coordinates":[41.916575,43.680978]}},{"type":"Feature","properties":{"id":"hill-0377","type":"hill","longitude":41.937658,"latitude":43.646114,"elevation_m":1529,"name":""},"geometry":{"type":"Point","coordinates":[41.937658,43.646114]}},{"type":"Feature","properties":{"id":"hill-0378","type":"hill","longitude":41.701387,"latitude":43.624932,"elevation_m":1523,"name":""},"geometry":{"type":"Point","coordinates":[41.701387,43.624932]}},{"type":"Feature","properties":{"id":"hill-0379","type":"hill","longitude":42.114769,"latitude":43.687674,"elevation_m":1529,"name":""},"geometry":{"type":"Point","coordinates":[42.114769,43.687674]}},{"type":"Feature","properties":{"id":"hill-0380","type":"hill","longitude":42.115724,"latitude":43.691615,"elevation_m":1554,"name":""},"geometry":{"type":"Point","coordinates":[42.115724,43.691615]}},{"type":"Feature","properties":{"id":"hill-0381","type":"hill","longitude":42.063721,"latitude":43.671294,"elevation_m":1540,"name":""},"geometry":{"type":"Point","coordinates":[42.063721,43.671294]}},{"type":"Feature","properties":{"id":"hill-0382","type":"hill","longitude":41.891824,"latitude":43.609335,"elevation_m":1624,"name":""},"geometry":{"type":"Point","coordinates":[41.891824,43.609335]}},{"type":"Feature","properties":{"id":"hill-0383","type":"hill","longitude":42.133512,"latitude":43.689575,"elevation_m":1655,"name":""},"geometry":{"type":"Point","coordinates":[42.133512,43.689575]}},{"type":"Feature","properties":{"id":"hill-0384","type":"hill","longitude":41.817098,"latitude":43.580764,"elevation_m":1632,"name":""},"geometry":{"type":"Point","coordinates":[41.817098,43.580764]}},{"type":"Feature","properties":{"id":"hill-0385","type":"hill","longitude":42.063367,"latitude":43.687495,"elevation_m":1676,"name":""},"geometry":{"type":"Point","coordinates":[42.063367,43.687495]}},{"type":"Feature","properties":{"id":"hill-0386","type":"hill","longitude":42.170291,"latitude":43.542708,"elevation_m":1744,"name":""},"geometry":{"type":"Point","coordinates":[42.170291,43.542708]}},{"type":"Feature","properties":{"id":"hill-0387","type":"hill","longitude":42.065374,"latitude":43.697805,"elevation_m":1716,"name":""},"geometry":{"type":"Point","coordinates":[42.065374,43.697805]}},{"type":"Feature","properties":{"id":"hill-0388","type":"hill","longitude":41.759473,"latitude":43.55466,"elevation_m":1713,"name":""},"geometry":{"type":"Point","coordinates":[41.759473,43.55466]}},{"type":"Feature","properties":{"id":"hill-0389","type":"hill","longitude":41.85349,"latitude":43.611929,"elevation_m":1712,"name":""},"geometry":{"type":"Point","coordinates":[41.85349,43.611929]}},{"type":"Feature","properties":{"id":"hill-0390","type":"hill","longitude":42.133191,"latitude":43.513607,"elevation_m":1736,"name":""},"geometry":{"type":"Point","coordinates":[42.133191,43.513607]}},{"type":"Feature","properties":{"id":"hill-0391","type":"hill","longitude":41.714047,"latitude":43.605318,"elevation_m":1764,"name":""},"geometry":{"type":"Point","coordinates":[41.714047,43.605318]}},{"type":"Feature","properties":{"id":"hill-0392","type":"hill","longitude":42.149037,"latitude":43.697417,"elevation_m":1765,"name":""},"geometry":{"type":"Point","coordinates":[42.149037,43.697417]}},{"type":"Feature","properties":{"id":"hill-0393","type":"hill","longitude":41.865495,"latitude":43.738259,"elevation_m":1301,"name":""},"geometry":{"type":"Point","coordinates":[41.865495,43.738259]}},{"type":"Feature","properties":{"id":"hill-0394","type":"hill","longitude":41.887468,"latitude":43.713922,"elevation_m":1314,"name":""},"geometry":{"type":"Point","coordinates":[41.887468,43.713922]}},{"type":"Feature","properties":{"id":"hill-0395","type":"hill","longitude":41.888702,"latitude":43.719955,"elevation_m":1307,"name":""},"geometry":{"type":"Point","coordinates":[41.888702,43.719955]}},{"type":"Feature","properties":{"id":"hill-0396","type":"hill","longitude":41.915148,"latitude":43.690024,"elevation_m":1334,"name":""},"geometry":{"type":"Point","coordinates":[41.915148,43.690024]}},{"type":"Feature","properties":{"id":"hill-0397","type":"hill","longitude":41.948032,"latitude":43.688775,"elevation_m":1381,"name":""},"geometry":{"type":"Point","coordinates":[41.948032,43.688775]}},{"type":"Feature","properties":{"id":"hill-0398","type":"hill","longitude":41.873671,"latitude":43.731833,"elevation_m":1408,"name":""},"geometry":{"type":"Point","coordinates":[41.873671,43.731833]}},{"type":"Feature","properties":{"id":"hill-0399","type":"hill","longitude":41.970831,"latitude":43.703622,"elevation_m":1436,"name":""},"geometry":{"type":"Point","coordinates":[41.970831,43.703622]}},{"type":"Feature","properties":{"id":"hill-0400","type":"hill","longitude":41.922712,"latitude":43.669897,"elevation_m":1448,"name":""},"geometry":{"type":"Point","coordinates":[41.922712,43.669897]}},{"type":"Feature","properties":{"id":"hill-0401","type":"hill","longitude":41.876128,"latitude":43.682848,"elevation_m":1470,"name":""},"geometry":{"type":"Point","coordinates":[41.876128,43.682848]}},{"type":"Feature","properties":{"id":"hill-0402","type":"hill","longitude":41.941252,"latitude":43.698806,"elevation_m":1493,"name":""},"geometry":{"type":"Point","coordinates":[41.941252,43.698806]}},{"type":"Feature","properties":{"id":"hill-0403","type":"hill","longitude":41.982268,"latitude":43.714403,"elevation_m":1499,"name":""},"geometry":{"type":"Point","coordinates":[41.982268,43.714403]}},{"type":"Feature","properties":{"id":"hill-0404","type":"hill","longitude":41.879808,"latitude":43.692352,"elevation_m":1551,"name":""},"geometry":{"type":"Point","coordinates":[41.879808,43.692352]}},{"type":"Feature","properties":{"id":"hill-0405","type":"hill","longitude":41.976689,"latitude":43.709928,"elevation_m":1570,"name":""},"geometry":{"type":"Point","coordinates":[41.976689,43.709928]}},{"type":"Feature","properties":{"id":"hill-0406","type":"hill","longitude":41.997396,"latitude":43.717419,"elevation_m":1622,"name":""},"geometry":{"type":"Point","coordinates":[41.997396,43.717419]}},{"type":"Feature","properties":{"id":"hill-0407","type":"hill","longitude":41.86468,"latitude":43.668019,"elevation_m":1748,"name":""},"geometry":{"type":"Point","coordinates":[41.86468,43.668019]}},{"type":"Feature","properties":{"id":"hill-0408","type":"hill","longitude":41.949846,"latitude":43.698992,"elevation_m":1600,"name":""},"geometry":{"type":"Point","coordinates":[41.949846,43.698992]}},{"type":"Feature","properties":{"id":"hill-0409","type":"hill","longitude":41.983759,"latitude":43.727274,"elevation_m":1793,"name":""},"geometry":{"type":"Point","coordinates":[41.983759,43.727274]}},{"type":"Feature","properties":{"id":"hill-0410","type":"hill","longitude":41.942775,"latitude":43.717481,"elevation_m":1266,"name":""},"geometry":{"type":"Point","coordinates":[41.942775,43.717481]}},{"type":"Feature","properties":{"id":"hill-0411","type":"hill","longitude":41.962527,"latitude":43.699659,"elevation_m":1429,"name":""},"geometry":{"type":"Point","coordinates":[41.962527,43.699659]}},{"type":"Feature","properties":{"id":"hill-0412","type":"hill","longitude":41.968954,"latitude":43.724452,"elevation_m":1507,"name":""},"geometry":{"type":"Point","coordinates":[41.968954,43.724452]}},{"type":"Feature","properties":{"id":"hill-0413","type":"hill","longitude":41.983255,"latitude":43.692771,"elevation_m":1576,"name":""},"geometry":{"type":"Point","coordinates":[41.983255,43.692771]}},{"type":"Feature","properties":{"id":"hill-0414","type":"hill","longitude":42.147868,"latitude":43.673234,"elevation_m":1754,"name":""},"geometry":{"type":"Point","coordinates":[42.147868,43.673234]}},{"type":"Feature","properties":{"id":"hill-0415","type":"hill","longitude":42.589016,"latitude":43.886504,"elevation_m":1127,"name":""},"geometry":{"type":"Point","coordinates":[42.589016,43.886504]}},{"type":"Feature","properties":{"id":"hill-0416","type":"hill","longitude":42.448447,"latitude":43.83835,"elevation_m":1719,"name":""},"geometry":{"type":"Point","coordinates":[42.448447,43.83835]}},{"type":"Feature","properties":{"id":"hill-0417","type":"hill","longitude":40.896209,"latitude":43.39068,"elevation_m":1790,"name":""},"geometry":{"type":"Point","coordinates":[40.896209,43.39068]}},{"type":"Feature","properties":{"id":"hill-0418","type":"hill","longitude":40.905629,"latitude":43.39995,"elevation_m":1526,"name":""},"geometry":{"type":"Point","coordinates":[40.905629,43.39995]}},{"type":"Feature","properties":{"id":"hill-0419","type":"hill","longitude":40.857693,"latitude":43.408064,"elevation_m":1262,"name":""},"geometry":{"type":"Point","coordinates":[40.857693,43.408064]}},{"type":"Feature","properties":{"id":"hill-0420","type":"hill","longitude":40.852586,"latitude":43.420346,"elevation_m":1183,"name":""},"geometry":{"type":"Point","coordinates":[40.852586,43.420346]}},{"type":"Feature","properties":{"id":"hill-0421","type":"hill","longitude":40.867392,"latitude":43.428778,"elevation_m":1689,"name":""},"geometry":{"type":"Point","coordinates":[40.867392,43.428778]}},{"type":"Feature","properties":{"id":"hill-0422","type":"hill","longitude":40.8257,"latitude":43.429027,"elevation_m":1063,"name":""},"geometry":{"type":"Point","coordinates":[40.8257,43.429027]}},{"type":"Feature","properties":{"id":"hill-0423","type":"hill","longitude":40.806463,"latitude":43.444678,"elevation_m":858,"name":""},"geometry":{"type":"Point","coordinates":[40.806463,43.444678]}},{"type":"Feature","properties":{"id":"hill-0424","type":"hill","longitude":42.854447,"latitude":43.840973,"elevation_m":1530,"name":""},"geometry":{"type":"Point","coordinates":[42.854447,43.840973]}},{"type":"Feature","properties":{"id":"hill-0425","type":"hill","longitude":41.984618,"latitude":43.667499,"elevation_m":1271,"name":""},"geometry":{"type":"Point","coordinates":[41.984618,43.667499]}},{"type":"Feature","properties":{"id":"hill-0426","type":"hill","longitude":42.019819,"latitude":43.665683,"elevation_m":1330,"name":""},"geometry":{"type":"Point","coordinates":[42.019819,43.665683]}},{"type":"Feature","properties":{"id":"hill-0427","type":"hill","longitude":41.867609,"latitude":43.584463,"elevation_m":1511,"name":""},"geometry":{"type":"Point","coordinates":[41.867609,43.584463]}},{"type":"Feature","properties":{"id":"hill-0428","type":"hill","longitude":41.978277,"latitude":43.674328,"elevation_m":1542,"name":""},"geometry":{"type":"Point","coordinates":[41.978277,43.674328]}},{"type":"Feature","properties":{"id":"hill-0429","type":"hill","longitude":41.993212,"latitude":43.620971,"elevation_m":1537,"name":""},"geometry":{"type":"Point","coordinates":[41.993212,43.620971]}},{"type":"Feature","properties":{"id":"hill-0430","type":"hill","longitude":41.884164,"latitude":43.586865,"elevation_m":1625,"name":""},"geometry":{"type":"Point","coordinates":[41.884164,43.586865]}},{"type":"Feature","properties":{"id":"hill-0431","type":"hill","longitude":41.903261,"latitude":43.587424,"elevation_m":1662,"name":""},"geometry":{"type":"Point","coordinates":[41.903261,43.587424]}},{"type":"Feature","properties":{"id":"hill-0432","type":"hill","longitude":41.85953,"latitude":43.577243,"elevation_m":1649,"name":""},"geometry":{"type":"Point","coordinates":[41.85953,43.577243]}},{"type":"Feature","properties":{"id":"hill-0433","type":"hill","longitude":41.947689,"latitude":43.583538,"elevation_m":1731,"name":""},"geometry":{"type":"Point","coordinates":[41.947689,43.583538]}},{"type":"Feature","properties":{"id":"hill-0434","type":"hill","longitude":42.080534,"latitude":43.588193,"elevation_m":1767,"name":""},"geometry":{"type":"Point","coordinates":[42.080534,43.588193]}},{"type":"Feature","properties":{"id":"hill-0435","type":"hill","longitude":42.136838,"latitude":43.53143,"elevation_m":1544,"name":""},"geometry":{"type":"Point","coordinates":[42.136838,43.53143]}},{"type":"Feature","properties":{"id":"hill-0436","type":"hill","longitude":42.078753,"latitude":43.547382,"elevation_m":1598,"name":""},"geometry":{"type":"Point","coordinates":[42.078753,43.547382]}},{"type":"Feature","properties":{"id":"hill-0437","type":"hill","longitude":42.788562,"latitude":43.886813,"elevation_m":1390,"name":""},"geometry":{"type":"Point","coordinates":[42.788562,43.886813]}},{"type":"Feature","properties":{"id":"hill-0438","type":"hill","longitude":42.508367,"latitude":43.848502,"elevation_m":1626,"name":""},"geometry":{"type":"Point","coordinates":[42.508367,43.848502]}},{"type":"Feature","properties":{"id":"hill-0439","type":"hill","longitude":41.932325,"latitude":43.954209,"elevation_m":1029,"name":""},"geometry":{"type":"Point","coordinates":[41.932325,43.954209]}},{"type":"Feature","properties":{"id":"hill-0440","type":"hill","longitude":41.792475,"latitude":43.907416,"elevation_m":1556,"name":""},"geometry":{"type":"Point","coordinates":[41.792475,43.907416]}},{"type":"Feature","properties":{"id":"hill-0441","type":"hill","longitude":41.877995,"latitude":43.973955,"elevation_m":943,"name":""},"geometry":{"type":"Point","coordinates":[41.877995,43.973955]}},{"type":"Feature","properties":{"id":"hill-0442","type":"hill","longitude":43.164006,"latitude":43.510332,"elevation_m":993,"name":""},"geometry":{"type":"Point","coordinates":[43.164006,43.510332]}},{"type":"Feature","properties":{"id":"hill-0443","type":"hill","longitude":43.004984,"latitude":43.46731,"elevation_m":1402,"name":""},"geometry":{"type":"Point","coordinates":[43.004984,43.46731]}},{"type":"Feature","properties":{"id":"hill-0444","type":"hill","longitude":43.599608,"latitude":43.460247,"elevation_m":621,"name":""},"geometry":{"type":"Point","coordinates":[43.599608,43.460247]}},{"type":"Feature","properties":{"id":"hill-0445","type":"hill","longitude":43.609951,"latitude":43.417159,"elevation_m":997,"name":""},"geometry":{"type":"Point","coordinates":[43.609951,43.417159]}},{"type":"Feature","properties":{"id":"hill-0446","type":"hill","longitude":43.599511,"latitude":43.287984,"elevation_m":1008,"name":""},"geometry":{"type":"Point","coordinates":[43.599511,43.287984]}},{"type":"Feature","properties":{"id":"hill-0447","type":"hill","longitude":43.530546,"latitude":43.267448,"elevation_m":1067,"name":""},"geometry":{"type":"Point","coordinates":[43.530546,43.267448]}},{"type":"Feature","properties":{"id":"hill-0448","type":"hill","longitude":43.514249,"latitude":43.223434,"elevation_m":1413,"name":""},"geometry":{"type":"Point","coordinates":[43.514249,43.223434]}},{"type":"Feature","properties":{"id":"hill-0449","type":"hill","longitude":43.500023,"latitude":43.20832,"elevation_m":1725,"name":""},"geometry":{"type":"Point","coordinates":[43.500023,43.20832]}},{"type":"Feature","properties":{"id":"hill-0450","type":"hill","longitude":43.44316,"latitude":43.317107,"elevation_m":1574,"name":""},"geometry":{"type":"Point","coordinates":[43.44316,43.317107]}},{"type":"Feature","properties":{"id":"hill-0451","type":"hill","longitude":42.720047,"latitude":43.899183,"elevation_m":887,"name":""},"geometry":{"type":"Point","coordinates":[42.720047,43.899183]}},{"type":"Feature","properties":{"id":"hill-0452","type":"hill","longitude":42.713342,"latitude":43.890455,"elevation_m":912,"name":""},"geometry":{"type":"Point","coordinates":[42.713342,43.890455]}},{"type":"Feature","properties":{"id":"hill-0453","type":"hill","longitude":42.723792,"latitude":43.892395,"elevation_m":900,"name":""},"geometry":{"type":"Point","coordinates":[42.723792,43.892395]}},{"type":"Feature","properties":{"id":"hill-0454","type":"hill","longitude":42.693686,"latitude":43.94151,"elevation_m":851,"name":""},"geometry":{"type":"Point","coordinates":[42.693686,43.94151]}},{"type":"Feature","properties":{"id":"hill-0455","type":"hill","longitude":43.419803,"latitude":43.104892,"elevation_m":1787,"name":""},"geometry":{"type":"Point","coordinates":[43.419803,43.104892]}},{"type":"Feature","properties":{"id":"hill-0456","type":"hill","longitude":42.537668,"latitude":43.943217,"elevation_m":1075,"name":""},"geometry":{"type":"Point","coordinates":[42.537668,43.943217]}},{"type":"Feature","properties":{"id":"hill-0457","type":"hill","longitude":42.559887,"latitude":43.858181,"elevation_m":1472,"name":""},"geometry":{"type":"Point","coordinates":[42.559887,43.858181]}},{"type":"Feature","properties":{"id":"hill-0458","type":"hill","longitude":40.943878,"latitude":43.916088,"elevation_m":1228,"name":""},"geometry":{"type":"Point","coordinates":[40.943878,43.916088]}},{"type":"Feature","properties":{"id":"hill-0459","type":"hill","longitude":40.985259,"latitude":43.917595,"elevation_m":1283,"name":""},"geometry":{"type":"Point","coordinates":[40.985259,43.917595]}},{"type":"Feature","properties":{"id":"hill-0460","type":"hill","longitude":40.951967,"latitude":43.91901,"elevation_m":1140,"name":""},"geometry":{"type":"Point","coordinates":[40.951967,43.91901]}},{"type":"Feature","properties":{"id":"hill-0461","type":"hill","longitude":40.998605,"latitude":43.92081,"elevation_m":1203,"name":""},"geometry":{"type":"Point","coordinates":[40.998605,43.92081]}},{"type":"Feature","properties":{"id":"hill-0462","type":"hill","longitude":40.947826,"latitude":43.922101,"elevation_m":1199,"name":""},"geometry":{"type":"Point","coordinates":[40.947826,43.922101]}},{"type":"Feature","properties":{"id":"hill-0463","type":"hill","longitude":40.986804,"latitude":43.925447,"elevation_m":1147,"name":""},"geometry":{"type":"Point","coordinates":[40.986804,43.925447]}},{"type":"Feature","properties":{"id":"hill-0464","type":"hill","longitude":40.96732,"latitude":43.928661,"elevation_m":1092,"name":""},"geometry":{"type":"Point","coordinates":[40.96732,43.928661]}},{"type":"Feature","properties":{"id":"hill-0465","type":"hill","longitude":40.999035,"latitude":43.92965,"elevation_m":1239,"name":""},"geometry":{"type":"Point","coordinates":[40.999035,43.92965]}},{"type":"Feature","properties":{"id":"hill-0466","type":"hill","longitude":40.96217,"latitude":43.930701,"elevation_m":917,"name":""},"geometry":{"type":"Point","coordinates":[40.96217,43.930701]}},{"type":"Feature","properties":{"id":"hill-0467","type":"hill","longitude":40.940616,"latitude":43.932316,"elevation_m":1078,"name":""},"geometry":{"type":"Point","coordinates":[40.940616,43.932316]}},{"type":"Feature","properties":{"id":"hill-0468","type":"hill","longitude":40.970432,"latitude":43.936133,"elevation_m":1121,"name":""},"geometry":{"type":"Point","coordinates":[40.970432,43.936133]}},{"type":"Feature","properties":{"id":"hill-0469","type":"hill","longitude":40.962653,"latitude":43.93682,"elevation_m":1028,"name":""},"geometry":{"type":"Point","coordinates":[40.962653,43.93682]}},{"type":"Feature","properties":{"id":"hill-0470","type":"hill","longitude":40.980924,"latitude":43.937523,"elevation_m":1204,"name":""},"geometry":{"type":"Point","coordinates":[40.980924,43.937523]}},{"type":"Feature","properties":{"id":"hill-0471","type":"hill","longitude":40.991117,"latitude":43.93886,"elevation_m":1121,"name":""},"geometry":{"type":"Point","coordinates":[40.991117,43.93886]}},{"type":"Feature","properties":{"id":"hill-0472","type":"hill","longitude":40.959992,"latitude":43.941858,"elevation_m":986,"name":""},"geometry":{"type":"Point","coordinates":[40.959992,43.941858]}},{"type":"Feature","properties":{"id":"hill-0473","type":"hill","longitude":40.998412,"latitude":43.943897,"elevation_m":1041,"name":""},"geometry":{"type":"Point","coordinates":[40.998412,43.943897]}},{"type":"Feature","properties":{"id":"hill-0474","type":"hill","longitude":40.982866,"latitude":43.944129,"elevation_m":1071,"name":""},"geometry":{"type":"Point","coordinates":[40.982866,43.944129]}},{"type":"Feature","properties":{"id":"hill-0475","type":"hill","longitude":40.990344,"latitude":43.945589,"elevation_m":1091,"name":""},"geometry":{"type":"Point","coordinates":[40.990344,43.945589]}},{"type":"Feature","properties":{"id":"hill-0476","type":"hill","longitude":40.991932,"latitude":43.950262,"elevation_m":1048,"name":""},"geometry":{"type":"Point","coordinates":[40.991932,43.950262]}},{"type":"Feature","properties":{"id":"hill-0477","type":"hill","longitude":40.9679,"latitude":43.953012,"elevation_m":941,"name":""},"geometry":{"type":"Point","coordinates":[40.9679,43.953012]}},{"type":"Feature","properties":{"id":"hill-0478","type":"hill","longitude":40.97777,"latitude":43.953243,"elevation_m":1000,"name":""},"geometry":{"type":"Point","coordinates":[40.97777,43.953243]}},{"type":"Feature","properties":{"id":"hill-0479","type":"hill","longitude":40.983757,"latitude":43.955452,"elevation_m":1072,"name":""},"geometry":{"type":"Point","coordinates":[40.983757,43.955452]}},{"type":"Feature","properties":{"id":"hill-0480","type":"hill","longitude":42.14275,"latitude":43.697797,"elevation_m":1646,"name":""},"geometry":{"type":"Point","coordinates":[42.14275,43.697797]}},{"type":"Feature","properties":{"id":"hill-0481","type":"hill","longitude":43.419846,"latitude":43.271066,"elevation_m":1688,"name":""},"geometry":{"type":"Point","coordinates":[43.419846,43.271066]}},{"type":"Feature","properties":{"id":"hill-0482","type":"hill","longitude":42.152921,"latitude":43.645656,"elevation_m":1656,"name":""},"geometry":{"type":"Point","coordinates":[42.152921,43.645656]}},{"type":"Feature","properties":{"id":"hill-0483","type":"hill","longitude":42.912061,"latitude":44.056166,"elevation_m":586,"name":""},"geometry":{"type":"Point","coordinates":[42.912061,44.056166]}},{"type":"Feature","properties":{"id":"hill-0484","type":"hill","longitude":43.042374,"latitude":43.754497,"elevation_m":966,"name":""},"geometry":{"type":"Point","coordinates":[43.042374,43.754497]}},{"type":"Feature","properties":{"id":"hill-0485","type":"hill","longitude":43.019639,"latitude":43.768212,"elevation_m":993,"name":""},"geometry":{"type":"Point","coordinates":[43.019639,43.768212]}},{"type":"Feature","properties":{"id":"hill-0486","type":"hill","longitude":42.88481,"latitude":43.793503,"elevation_m":1276,"name":""},"geometry":{"type":"Point","coordinates":[42.88481,43.793503]}},{"type":"Feature","properties":{"id":"hill-0487","type":"hill","longitude":42.879521,"latitude":43.773464,"elevation_m":1475,"name":""},"geometry":{"type":"Point","coordinates":[42.879521,43.773464]}},{"type":"Feature","properties":{"id":"hill-0488","type":"hill","longitude":41.099274,"latitude":44.088857,"elevation_m":981,"name":""},"geometry":{"type":"Point","coordinates":[41.099274,44.088857]}},{"type":"Feature","properties":{"id":"hill-0489","type":"hill","longitude":42.149831,"latitude":43.71158,"elevation_m":1743,"name":""},"geometry":{"type":"Point","coordinates":[42.149831,43.71158]}},{"type":"Feature","properties":{"id":"hill-0490","type":"hill","longitude":41.219094,"latitude":44.089404,"elevation_m":919,"name":""},"geometry":{"type":"Point","coordinates":[41.219094,44.089404]}},{"type":"Feature","properties":{"id":"hill-0491","type":"hill","longitude":41.153927,"latitude":44.085057,"elevation_m":927,"name":""},"geometry":{"type":"Point","coordinates":[41.153927,44.085057]}},{"type":"Feature","properties":{"id":"hill-0492","type":"hill","longitude":41.121397,"latitude":44.018203,"elevation_m":1633,"name":""},"geometry":{"type":"Point","coordinates":[41.121397,44.018203]}},{"type":"Feature","properties":{"id":"hill-0493","type":"hill","longitude":41.156888,"latitude":44.048725,"elevation_m":1271,"name":""},"geometry":{"type":"Point","coordinates":[41.156888,44.048725]}},{"type":"Feature","properties":{"id":"hill-0494","type":"hill","longitude":41.127663,"latitude":44.054539,"elevation_m":1271,"name":""},"geometry":{"type":"Point","coordinates":[41.127663,44.054539]}},{"type":"Feature","properties":{"id":"hill-0495","type":"hill","longitude":41.038699,"latitude":44.062827,"elevation_m":1033,"name":""},"geometry":{"type":"Point","coordinates":[41.038699,44.062827]}},{"type":"Feature","properties":{"id":"hill-0496","type":"hill","longitude":41.192518,"latitude":44.041175,"elevation_m":1256,"name":""},"geometry":{"type":"Point","coordinates":[41.192518,44.041175]}},{"type":"Feature","properties":{"id":"hill-0497","type":"hill","longitude":41.190587,"latitude":44.034095,"elevation_m":1353,"name":""},"geometry":{"type":"Point","coordinates":[41.190587,44.034095]}},{"type":"Feature","properties":{"id":"hill-0498","type":"hill","longitude":41.120024,"latitude":44.049766,"elevation_m":1346,"name":""},"geometry":{"type":"Point","coordinates":[41.120024,44.049766]}},{"type":"Feature","properties":{"id":"hill-0499","type":"hill","longitude":41.176962,"latitude":44.042216,"elevation_m":1286,"name":""},"geometry":{"type":"Point","coordinates":[41.176962,44.042216]}},{"type":"Feature","properties":{"id":"hill-0500","type":"hill","longitude":41.159828,"latitude":44.029721,"elevation_m":1437,"name":""},"geometry":{"type":"Point","coordinates":[41.159828,44.029721]}},{"type":"Feature","properties":{"id":"hill-0501","type":"hill","longitude":41.137812,"latitude":44.043782,"elevation_m":1378,"name":""},"geometry":{"type":"Point","coordinates":[41.137812,44.043782]}},{"type":"Feature","properties":{"id":"hill-0502","type":"hill","longitude":41.162263,"latitude":44.040774,"elevation_m":1352,"name":""},"geometry":{"type":"Point","coordinates":[41.162263,44.040774]}},{"type":"Feature","properties":{"id":"hill-0503","type":"hill","longitude":41.159559,"latitude":44.01727,"elevation_m":1542,"name":""},"geometry":{"type":"Point","coordinates":[41.159559,44.01727]}},{"type":"Feature","properties":{"id":"hill-0504","type":"hill","longitude":41.131901,"latitude":44.027415,"elevation_m":1528,"name":""},"geometry":{"type":"Point","coordinates":[41.131901,44.027415]}},{"type":"Feature","properties":{"id":"hill-0505","type":"hill","longitude":40.968286,"latitude":43.962967,"elevation_m":992,"name":""},"geometry":{"type":"Point","coordinates":[40.968286,43.962967]}},{"type":"Feature","properties":{"id":"hill-0506","type":"hill","longitude":41.167628,"latitude":44.018543,"elevation_m":1528,"name":""},"geometry":{"type":"Point","coordinates":[41.167628,44.018543]}},{"type":"Feature","properties":{"id":"hill-0507","type":"hill","longitude":41.025041,"latitude":44.009469,"elevation_m":1131,"name":""},"geometry":{"type":"Point","coordinates":[41.025041,44.009469]}},{"type":"Feature","properties":{"id":"hill-0508","type":"hill","longitude":41.075478,"latitude":44.05945,"elevation_m":1149,"name":""},"geometry":{"type":"Point","coordinates":[41.075478,44.05945]}},{"type":"Feature","properties":{"id":"hill-0509","type":"hill","longitude":41.038764,"latitude":44.011444,"elevation_m":1147,"name":""},"geometry":{"type":"Point","coordinates":[41.038764,44.011444]}},{"type":"Feature","properties":{"id":"hill-0510","type":"hill","longitude":40.939189,"latitude":43.796709,"elevation_m":1539,"name":""},"geometry":{"type":"Point","coordinates":[40.939189,43.796709]}},{"type":"Feature","properties":{"id":"hill-0511","type":"hill","longitude":41.172541,"latitude":44.06201,"elevation_m":1093,"name":""},"geometry":{"type":"Point","coordinates":[41.172541,44.06201]}},{"type":"Feature","properties":{"id":"hill-0512","type":"hill","longitude":41.048151,"latitude":43.993015,"elevation_m":1062,"name":""},"geometry":{"type":"Point","coordinates":[41.048151,43.993015]}},{"type":"Feature","properties":{"id":"hill-0513","type":"hill","longitude":41.18871,"latitude":44.050684,"elevation_m":1191,"name":""},"geometry":{"type":"Point","coordinates":[41.18871,44.050684]}},{"type":"Feature","properties":{"id":"hill-0514","type":"hill","longitude":41.211519,"latitude":44.054462,"elevation_m":1139,"name":""},"geometry":{"type":"Point","coordinates":[41.211519,44.054462]}},{"type":"Feature","properties":{"id":"hill-0515","type":"hill","longitude":41.204878,"latitude":44.060144,"elevation_m":1100,"name":""},"geometry":{"type":"Point","coordinates":[41.204878,44.060144]}},{"type":"Feature","properties":{"id":"hill-0516","type":"hill","longitude":41.112438,"latitude":43.907548,"elevation_m":1106,"name":""},"geometry":{"type":"Point","coordinates":[41.112438,43.907548]}},{"type":"Feature","properties":{"id":"hill-0517","type":"hill","longitude":41.191049,"latitude":44.059759,"elevation_m":1107,"name":""},"geometry":{"type":"Point","coordinates":[41.191049,44.059759]}},{"type":"Feature","properties":{"id":"hill-0518","type":"hill","longitude":41.062614,"latitude":44.02051,"elevation_m":1267,"name":""},"geometry":{"type":"Point","coordinates":[41.062614,44.02051]}},{"type":"Feature","properties":{"id":"hill-0519","type":"hill","longitude":41.004431,"latitude":43.923878,"elevation_m":1311,"name":""},"geometry":{"type":"Point","coordinates":[41.004431,43.923878]}},{"type":"Feature","properties":{"id":"hill-0520","type":"hill","longitude":41.070457,"latitude":44.043774,"elevation_m":1286,"name":""},"geometry":{"type":"Point","coordinates":[41.070457,44.043774]}},{"type":"Feature","properties":{"id":"hill-0521","type":"hill","longitude":41.057035,"latitude":43.922649,"elevation_m":1338,"name":""},"geometry":{"type":"Point","coordinates":[41.057035,43.922649]}},{"type":"Feature","properties":{"id":"hill-0522","type":"hill","longitude":41.081389,"latitude":44.027199,"elevation_m":1310,"name":""},"geometry":{"type":"Point","coordinates":[41.081389,44.027199]}},{"type":"Feature","properties":{"id":"hill-0523","type":"hill","longitude":40.999335,"latitude":43.93859,"elevation_m":1166,"name":""},"geometry":{"type":"Point","coordinates":[40.999335,43.93859]}},{"type":"Feature","properties":{"id":"hill-0524","type":"hill","longitude":41.009345,"latitude":44.019499,"elevation_m":1220,"name":""},"geometry":{"type":"Point","coordinates":[41.009345,44.019499]}},{"type":"Feature","properties":{"id":"hill-0525","type":"hill","longitude":40.988456,"latitude":44.0251,"elevation_m":1229,"name":""},"geometry":{"type":"Point","coordinates":[40.988456,44.0251]}},{"type":"Feature","properties":{"id":"hill-0526","type":"hill","longitude":41.001191,"latitude":44.009361,"elevation_m":1218,"name":""},"geometry":{"type":"Point","coordinates":[41.001191,44.009361]}},{"type":"Feature","properties":{"id":"hill-0527","type":"hill","longitude":41.050951,"latitude":44.001845,"elevation_m":1248,"name":""},"geometry":{"type":"Point","coordinates":[41.050951,44.001845]}},{"type":"Feature","properties":{"id":"hill-0528","type":"hill","longitude":41.044439,"latitude":43.925717,"elevation_m":1401,"name":""},"geometry":{"type":"Point","coordinates":[41.044439,43.925717]}},{"type":"Feature","properties":{"id":"hill-0529","type":"hill","longitude":41.050318,"latitude":44.050807,"elevation_m":1416,"name":""},"geometry":{"type":"Point","coordinates":[41.050318,44.050807]}},{"type":"Feature","properties":{"id":"hill-0530","type":"hill","longitude":41.042422,"latitude":44.031966,"elevation_m":1428,"name":""},"geometry":{"type":"Point","coordinates":[41.042422,44.031966]}},{"type":"Feature","properties":{"id":"hill-0531","type":"hill","longitude":41.083782,"latitude":44.093041,"elevation_m":980,"name":""},"geometry":{"type":"Point","coordinates":[41.083782,44.093041]}},{"type":"Feature","properties":{"id":"hill-0532","type":"hill","longitude":41.400905,"latitude":43.624776,"elevation_m":1691,"name":""},"geometry":{"type":"Point","coordinates":[41.400905,43.624776]}},{"type":"Feature","properties":{"id":"hill-0533","type":"hill","longitude":41.186435,"latitude":43.822824,"elevation_m":1391,"name":""},"geometry":{"type":"Point","coordinates":[41.186435,43.822824]}},{"type":"Feature","properties":{"id":"hill-0534","type":"hill","longitude":41.22596,"latitude":43.772426,"elevation_m":1498,"name":""},"geometry":{"type":"Point","coordinates":[41.22596,43.772426]}},{"type":"Feature","properties":{"id":"hill-0535","type":"hill","longitude":41.283242,"latitude":43.792031,"elevation_m":1323,"name":""},"geometry":{"type":"Point","coordinates":[41.283242,43.792031]}},{"type":"Feature","properties":{"id":"hill-0536","type":"hill","longitude":41.286138,"latitude":43.807612,"elevation_m":1186,"name":""},"geometry":{"type":"Point","coordinates":[41.286138,43.807612]}},{"type":"Feature","properties":{"id":"hill-0537","type":"hill","longitude":41.150236,"latitude":43.772194,"elevation_m":1573,"name":""},"geometry":{"type":"Point","coordinates":[41.150236,43.772194]}},{"type":"Feature","properties":{"id":"hill-0538","type":"hill","longitude":41.265453,"latitude":43.760804,"elevation_m":1583,"name":""},"geometry":{"type":"Point","coordinates":[41.265453,43.760804]}},{"type":"Feature","properties":{"id":"hill-0539","type":"hill","longitude":40.865428,"latitude":43.786997,"elevation_m":1572,"name":""},"geometry":{"type":"Point","coordinates":[40.865428,43.786997]}},{"type":"Feature","properties":{"id":"hill-0540","type":"hill","longitude":42.153962,"latitude":43.565055,"elevation_m":1798,"name":""},"geometry":{"type":"Point","coordinates":[42.153962,43.565055]}},{"type":"Feature","properties":{"id":"hill-0541","type":"hill","longitude":42.222508,"latitude":43.533834,"elevation_m":1755,"name":""},"geometry":{"type":"Point","coordinates":[42.222508,43.533834]}},{"type":"Feature","properties":{"id":"hill-0542","type":"hill","longitude":41.231979,"latitude":44.073381,"elevation_m":969,"name":""},"geometry":{"type":"Point","coordinates":[41.231979,44.073381]}},{"type":"Feature","properties":{"id":"hill-0543","type":"hill","longitude":42.141162,"latitude":43.656742,"elevation_m":1486,"name":""},"geometry":{"type":"Point","coordinates":[42.141162,43.656742]}},{"type":"Feature","properties":{"id":"hill-0544","type":"hill","longitude":42.145818,"latitude":43.574251,"elevation_m":1733,"name":""},"geometry":{"type":"Point","coordinates":[42.145818,43.574251]}},{"type":"Feature","properties":{"id":"hill-0545","type":"hill","longitude":42.206994,"latitude":43.542288,"elevation_m":1669,"name":""},"geometry":{"type":"Point","coordinates":[42.206994,43.542288]}},{"type":"Feature","properties":{"id":"hill-0546","type":"hill","longitude":42.17411,"latitude":43.54812,"elevation_m":1627,"name":""},"geometry":{"type":"Point","coordinates":[42.17411,43.54812]}},{"type":"Feature","properties":{"id":"hill-0547","type":"hill","longitude":42.167233,"latitude":43.556363,"elevation_m":1577,"name":""},"geometry":{"type":"Point","coordinates":[42.167233,43.556363]}},{"type":"Feature","properties":{"id":"hill-0548","type":"hill","longitude":42.173231,"latitude":43.577997,"elevation_m":1582,"name":""},"geometry":{"type":"Point","coordinates":[42.173231,43.577997]}},{"type":"Feature","properties":{"id":"hill-0549","type":"hill","longitude":42.14201,"latitude":43.586157,"elevation_m":1514,"name":""},"geometry":{"type":"Point","coordinates":[42.14201,43.586157]}},{"type":"Feature","properties":{"id":"hill-0550","type":"hill","longitude":42.198894,"latitude":43.534791,"elevation_m":1535,"name":""},"geometry":{"type":"Point","coordinates":[42.198894,43.534791]}},{"type":"Feature","properties":{"id":"hill-0551","type":"hill","longitude":41.251259,"latitude":44.067484,"elevation_m":988,"name":""},"geometry":{"type":"Point","coordinates":[41.251259,44.067484]}},{"type":"Feature","properties":{"id":"hill-0552","type":"hill","longitude":41.244382,"latitude":44.065317,"elevation_m":983,"name":""},"geometry":{"type":"Point","coordinates":[41.244382,44.065317]}},{"type":"Feature","properties":{"id":"hill-0553","type":"hill","longitude":41.317799,"latitude":43.735561,"elevation_m":1783,"name":""},"geometry":{"type":"Point","coordinates":[41.317799,43.735561]}},{"type":"Feature","properties":{"id":"hill-0554","type":"hill","longitude":42.15777,"latitude":43.667484,"elevation_m":1433,"name":""},"geometry":{"type":"Point","coordinates":[42.15777,43.667484]}},{"type":"Feature","properties":{"id":"hill-0555","type":"hill","longitude":42.130476,"latitude":43.674189,"elevation_m":1657,"name":""},"geometry":{"type":"Point","coordinates":[42.130476,43.674189]}},{"type":"Feature","properties":{"id":"hill-0556","type":"hill","longitude":40.858347,"latitude":43.946523,"elevation_m":1663,"name":""},"geometry":{"type":"Point","coordinates":[40.858347,43.946523]}},{"type":"Feature","properties":{"id":"hill-0557","type":"hill","longitude":40.994142,"latitude":43.899462,"elevation_m":1759,"name":""},"geometry":{"type":"Point","coordinates":[40.994142,43.899462]}},{"type":"Feature","properties":{"id":"hill-0558","type":"hill","longitude":41.120646,"latitude":43.958488,"elevation_m":1132,"name":""},"geometry":{"type":"Point","coordinates":[41.120646,43.958488]}},{"type":"Feature","properties":{"id":"hill-0559","type":"hill","longitude":41.131235,"latitude":43.923005,"elevation_m":1212,"name":""},"geometry":{"type":"Point","coordinates":[41.131235,43.923005]}},{"type":"Feature","properties":{"id":"hill-0560","type":"hill","longitude":42.126228,"latitude":43.662858,"elevation_m":1668,"name":""},"geometry":{"type":"Point","coordinates":[42.126228,43.662858]}},{"type":"Feature","properties":{"id":"hill-0561","type":"hill","longitude":40.969927,"latitude":43.898952,"elevation_m":1430,"name":""},"geometry":{"type":"Point","coordinates":[40.969927,43.898952]}},{"type":"Feature","properties":{"id":"hill-0562","type":"hill","longitude":41.011448,"latitude":43.898665,"elevation_m":1468,"name":""},"geometry":{"type":"Point","coordinates":[41.011448,43.898665]}},{"type":"Feature","properties":{"id":"hill-0563","type":"hill","longitude":40.765618,"latitude":43.453277,"elevation_m":1542,"name":""},"geometry":{"type":"Point","coordinates":[40.765618,43.453277]}},{"type":"Feature","properties":{"id":"hill-0564","type":"hill","longitude":41.362495,"latitude":43.733732,"elevation_m":1608,"name":""},"geometry":{"type":"Point","coordinates":[41.362495,43.733732]}},{"type":"Feature","properties":{"id":"hill-0565","type":"hill","longitude":41.166909,"latitude":43.871307,"elevation_m":1348,"name":""},"geometry":{"type":"Point","coordinates":[41.166909,43.871307]}},{"type":"Feature","properties":{"id":"hill-0566","type":"hill","longitude":41.243116,"latitude":44.087053,"elevation_m":909,"name":""},"geometry":{"type":"Point","coordinates":[41.243116,44.087053]}},{"type":"Feature","properties":{"id":"hill-0567","type":"hill","longitude":41.255111,"latitude":44.086075,"elevation_m":887,"name":""},"geometry":{"type":"Point","coordinates":[41.255111,44.086075]}},{"type":"Feature","properties":{"id":"hill-0568","type":"hill","longitude":41.269187,"latitude":44.084942,"elevation_m":885,"name":""},"geometry":{"type":"Point","coordinates":[41.269187,44.084942]}},{"type":"Feature","properties":{"id":"hill-0569","type":"hill","longitude":41.68317,"latitude":44.102002,"elevation_m":865,"name":""},"geometry":{"type":"Point","coordinates":[41.68317,44.102002]}},{"type":"Feature","properties":{"id":"hill-0570","type":"hill","longitude":41.615052,"latitude":44.110669,"elevation_m":745,"name":""},"geometry":{"type":"Point","coordinates":[41.615052,44.110669]}},{"type":"Feature","properties":{"id":"hill-0571","type":"hill","longitude":41.094317,"latitude":44.02007,"elevation_m":1681,"name":""},"geometry":{"type":"Point","coordinates":[41.094317,44.02007]}},{"type":"Feature","properties":{"id":"hill-0572","type":"hill","longitude":41.675402,"latitude":44.119511,"elevation_m":788,"name":""},"geometry":{"type":"Point","coordinates":[41.675402,44.119511]}},{"type":"Feature","properties":{"id":"hill-0573","type":"hill","longitude":41.704144,"latitude":44.131317,"elevation_m":800,"name":""},"geometry":{"type":"Point","coordinates":[41.704144,44.131317]}},{"type":"Feature","properties":{"id":"hill-0574","type":"hill","longitude":41.116076,"latitude":44.039825,"elevation_m":1453,"name":""},"geometry":{"type":"Point","coordinates":[41.116076,44.039825]}},{"type":"Feature","properties":{"id":"hill-0575","type":"hill","longitude":41.138467,"latitude":44.062326,"elevation_m":1183,"name":""},"geometry":{"type":"Point","coordinates":[41.138467,44.062326]}},{"type":"Feature","properties":{"id":"hill-0576","type":"hill","longitude":41.108479,"latitude":44.06245,"elevation_m":1238,"name":""},"geometry":{"type":"Point","coordinates":[41.108479,44.06245]}},{"type":"Feature","properties":{"id":"hill-0577","type":"hill","longitude":41.104896,"latitude":44.02716,"elevation_m":1594,"name":""},"geometry":{"type":"Point","coordinates":[41.104896,44.02716]}},{"type":"Feature","properties":{"id":"hill-0578","type":"hill","longitude":41.110969,"latitude":44.015511,"elevation_m":1668,"name":""},"geometry":{"type":"Point","coordinates":[41.110969,44.015511]}},{"type":"Feature","properties":{"id":"hill-0579","type":"hill","longitude":41.097268,"latitude":44.037612,"elevation_m":1501,"name":""},"geometry":{"type":"Point","coordinates":[41.097268,44.037612]}},{"type":"Feature","properties":{"id":"hill-0580","type":"hill","longitude":41.698244,"latitude":44.106077,"elevation_m":1021,"name":""},"geometry":{"type":"Point","coordinates":[41.698244,44.106077]}},{"type":"Feature","properties":{"id":"hill-0581","type":"hill","longitude":41.568339,"latitude":44.104783,"elevation_m":1121,"name":""},"geometry":{"type":"Point","coordinates":[41.568339,44.104783]}},{"type":"Feature","properties":{"id":"hill-0582","type":"hill","longitude":41.699241,"latitude":44.091708,"elevation_m":1073,"name":""},"geometry":{"type":"Point","coordinates":[41.699241,44.091708]}},{"type":"Feature","properties":{"id":"hill-0583","type":"hill","longitude":41.699574,"latitude":44.115267,"elevation_m":934,"name":""},"geometry":{"type":"Point","coordinates":[41.699574,44.115267]}},{"type":"Feature","properties":{"id":"hill-0584","type":"hill","longitude":41.539446,"latitude":44.005472,"elevation_m":1094,"name":""},"geometry":{"type":"Point","coordinates":[41.539446,44.005472]}},{"type":"Feature","properties":{"id":"hill-0585","type":"hill","longitude":41.508096,"latitude":44.007586,"elevation_m":1125,"name":""},"geometry":{"type":"Point","coordinates":[41.508096,44.007586]}},{"type":"Feature","properties":{"id":"hill-0586","type":"hill","longitude":41.226432,"latitude":43.926969,"elevation_m":849,"name":""},"geometry":{"type":"Point","coordinates":[41.226432,43.926969]}},{"type":"Feature","properties":{"id":"hill-0587","type":"hill","longitude":41.694489,"latitude":44.05585,"elevation_m":1228,"name":""},"geometry":{"type":"Point","coordinates":[41.694489,44.05585]}},{"type":"Feature","properties":{"id":"hill-0588","type":"hill","longitude":41.382354,"latitude":43.73667,"elevation_m":1615,"name":""},"geometry":{"type":"Point","coordinates":[41.382354,43.73667]}},{"type":"Feature","properties":{"id":"hill-0589","type":"hill","longitude":41.396356,"latitude":43.727212,"elevation_m":1371,"name":""},"geometry":{"type":"Point","coordinates":[41.396356,43.727212]}},{"type":"Feature","properties":{"id":"hill-0590","type":"hill","longitude":41.409563,"latitude":43.975337,"elevation_m":1496,"name":""},"geometry":{"type":"Point","coordinates":[41.409563,43.975337]}},{"type":"Feature","properties":{"id":"hill-0591","type":"hill","longitude":41.471179,"latitude":43.981946,"elevation_m":1333,"name":""},"geometry":{"type":"Point","coordinates":[41.471179,43.981946]}},{"type":"Feature","properties":{"id":"hill-0592","type":"hill","longitude":41.430387,"latitude":43.994459,"elevation_m":1334,"name":""},"geometry":{"type":"Point","coordinates":[41.430387,43.994459]}},{"type":"Feature","properties":{"id":"hill-0593","type":"hill","longitude":41.045984,"latitude":44.072618,"elevation_m":1164,"name":""},"geometry":{"type":"Point","coordinates":[41.045984,44.072618]}},{"type":"Feature","properties":{"id":"hill-0594","type":"hill","longitude":42.006741,"latitude":43.637411,"elevation_m":1713,"name":""},"geometry":{"type":"Point","coordinates":[42.006741,43.637411]}},{"type":"Feature","properties":{"id":"hill-0595","type":"hill","longitude":40.906831,"latitude":43.89323,"elevation_m":1660,"name":""},"geometry":{"type":"Point","coordinates":[40.906831,43.89323]}},{"type":"Feature","properties":{"id":"hill-0596","type":"hill","longitude":40.950658,"latitude":43.937446,"elevation_m":1036,"name":""},"geometry":{"type":"Point","coordinates":[40.950658,43.937446]}},{"type":"Feature","properties":{"id":"hill-0597","type":"hill","longitude":41.750085,"latitude":43.423027,"elevation_m":1667,"name":""},"geometry":{"type":"Point","coordinates":[41.750085,43.423027]}},{"type":"Feature","properties":{"id":"hill-0598","type":"hill","longitude":41.1054,"latitude":43.828606,"elevation_m":1258,"name":""},"geometry":{"type":"Point","coordinates":[41.1054,43.828606]}},{"type":"Feature","properties":{"id":"hill-0599","type":"hill","longitude":41.127437,"latitude":43.824558,"elevation_m":1399,"name":""},"geometry":{"type":"Point","coordinates":[41.127437,43.824558]}},{"type":"Feature","properties":{"id":"hill-0600","type":"hill","longitude":41.140956,"latitude":43.831625,"elevation_m":1359,"name":""},"geometry":{"type":"Point","coordinates":[41.140956,43.831625]}},{"type":"Feature","properties":{"id":"hill-0601","type":"hill","longitude":41.067506,"latitude":43.840068,"elevation_m":1477,"name":""},"geometry":{"type":"Point","coordinates":[41.067506,43.840068]}},{"type":"Feature","properties":{"id":"hill-0602","type":"hill","longitude":41.151341,"latitude":43.81235,"elevation_m":1488,"name":""},"geometry":{"type":"Point","coordinates":[41.151341,43.81235]}},{"type":"Feature","properties":{"id":"hill-0603","type":"hill","longitude":41.11791,"latitude":43.81482,"elevation_m":1577,"name":""},"geometry":{"type":"Point","coordinates":[41.11791,43.81482]}},{"type":"Feature","properties":{"id":"hill-0604","type":"hill","longitude":40.906616,"latitude":43.839681,"elevation_m":1734,"name":""},"geometry":{"type":"Point","coordinates":[40.906616,43.839681]}},{"type":"Feature","properties":{"id":"hill-0605","type":"hill","longitude":41.040523,"latitude":43.825734,"elevation_m":1698,"name":""},"geometry":{"type":"Point","coordinates":[41.040523,43.825734]}},{"type":"Feature","properties":{"id":"hill-0606","type":"hill","longitude":41.285774,"latitude":44.064654,"elevation_m":931,"name":""},"geometry":{"type":"Point","coordinates":[41.285774,44.064654]}},{"type":"Feature","properties":{"id":"hill-0607","type":"hill","longitude":41.266783,"latitude":44.075354,"elevation_m":885,"name":""},"geometry":{"type":"Point","coordinates":[41.266783,44.075354]}},{"type":"Feature","properties":{"id":"hill-0608","type":"hill","longitude":41.285591,"latitude":43.97116,"elevation_m":1695,"name":""},"geometry":{"type":"Point","coordinates":[41.285591,43.97116]}},{"type":"Feature","properties":{"id":"hill-0609","type":"hill","longitude":41.283853,"latitude":44.081713,"elevation_m":904,"name":""},"geometry":{"type":"Point","coordinates":[41.283853,44.081713]}},{"type":"Feature","properties":{"id":"hill-0610","type":"hill","longitude":41.258243,"latitude":44.031102,"elevation_m":777,"name":""},"geometry":{"type":"Point","coordinates":[41.258243,44.031102]}},{"type":"Feature","properties":{"id":"hill-0611","type":"hill","longitude":41.09863,"latitude":43.779491,"elevation_m":1766,"name":""},"geometry":{"type":"Point","coordinates":[41.09863,43.779491]}},{"type":"Feature","properties":{"id":"hill-0612","type":"hill","longitude":41.699445,"latitude":44.04601,"elevation_m":1044,"name":""},"geometry":{"type":"Point","coordinates":[41.699445,44.04601]}},{"type":"Feature","properties":{"id":"hill-0613","type":"hill","longitude":41.145912,"latitude":44.094443,"elevation_m":927,"name":""},"geometry":{"type":"Point","coordinates":[41.145912,44.094443]}},{"type":"Feature","properties":{"id":"hill-0614","type":"hill","longitude":41.168014,"latitude":44.087215,"elevation_m":945,"name":""},"geometry":{"type":"Point","coordinates":[41.168014,44.087215]}},{"type":"Feature","properties":{"id":"hill-0615","type":"hill","longitude":41.29603,"latitude":43.912471,"elevation_m":956,"name":""},"geometry":{"type":"Point","coordinates":[41.29603,43.912471]}},{"type":"Feature","properties":{"id":"hill-0616","type":"hill","longitude":41.217763,"latitude":44.075069,"elevation_m":1036,"name":""},"geometry":{"type":"Point","coordinates":[41.217763,44.075069]}},{"type":"Feature","properties":{"id":"hill-0617","type":"hill","longitude":41.911157,"latitude":43.658496,"elevation_m":1737,"name":""},"geometry":{"type":"Point","coordinates":[41.911157,43.658496]}},{"type":"Feature","properties":{"id":"hill-0618","type":"hill","longitude":41.942303,"latitude":43.594488,"elevation_m":1782,"name":""},"geometry":{"type":"Point","coordinates":[41.942303,43.594488]}},{"type":"Feature","properties":{"id":"hill-0619","type":"hill","longitude":41.329494,"latitude":43.92003,"elevation_m":1001,"name":""},"geometry":{"type":"Point","coordinates":[41.329494,43.92003]}},{"type":"Feature","properties":{"id":"hill-0620","type":"hill","longitude":42.121711,"latitude":43.601325,"elevation_m":1424,"name":""},"geometry":{"type":"Point","coordinates":[42.121711,43.601325]}},{"type":"Feature","properties":{"id":"hill-0621","type":"hill","longitude":42.000754,"latitude":43.65019,"elevation_m":1403,"name":""},"geometry":{"type":"Point","coordinates":[42.000754,43.65019]}},{"type":"Feature","properties":{"id":"hill-0622","type":"hill","longitude":42.126689,"latitude":43.59584,"elevation_m":1447,"name":""},"geometry":{"type":"Point","coordinates":[42.126689,43.59584]}},{"type":"Feature","properties":{"id":"hill-0623","type":"hill","longitude":41.703951,"latitude":44.16833,"elevation_m":631,"name":""},"geometry":{"type":"Point","coordinates":[41.703951,44.16833]}},{"type":"Feature","properties":{"id":"hill-0624","type":"hill","longitude":42.061919,"latitude":43.647224,"elevation_m":1347,"name":""},"geometry":{"type":"Point","coordinates":[42.061919,43.647224]}},{"type":"Feature","properties":{"id":"hill-0625","type":"hill","longitude":42.117258,"latitude":43.607307,"elevation_m":1236,"name":""},"geometry":{"type":"Point","coordinates":[42.117258,43.607307]}},{"type":"Feature","properties":{"id":"hill-0626","type":"hill","longitude":42.003672,"latitude":43.663083,"elevation_m":1132,"name":""},"geometry":{"type":"Point","coordinates":[42.003672,43.663083]}},{"type":"Feature","properties":{"id":"hill-0627","type":"hill","longitude":42.045783,"latitude":43.657052,"elevation_m":1155,"name":""},"geometry":{"type":"Point","coordinates":[42.045783,43.657052]}},{"type":"Feature","properties":{"id":"hill-0628","type":"hill","longitude":41.694939,"latitude":44.15082,"elevation_m":654,"name":""},"geometry":{"type":"Point","coordinates":[41.694939,44.15082]}},{"type":"Feature","properties":{"id":"hill-0629","type":"hill","longitude":41.365306,"latitude":43.922711,"elevation_m":1144,"name":""},"geometry":{"type":"Point","coordinates":[41.365306,43.922711]}},{"type":"Feature","properties":{"id":"hill-0630","type":"hill","longitude":41.706001,"latitude":44.18235,"elevation_m":608,"name":""},"geometry":{"type":"Point","coordinates":[41.706001,44.18235]}},{"type":"Feature","properties":{"id":"hill-0631","type":"hill","longitude":41.724068,"latitude":44.191036,"elevation_m":612,"name":""},"geometry":{"type":"Point","coordinates":[41.724068,44.191036]}},{"type":"Feature","properties":{"id":"hill-0632","type":"hill","longitude":42.169873,"latitude":43.619813,"elevation_m":1655,"name":""},"geometry":{"type":"Point","coordinates":[42.169873,43.619813]}},{"type":"Feature","properties":{"id":"hill-0633","type":"hill","longitude":42.023832,"latitude":43.626594,"elevation_m":1770,"name":""},"geometry":{"type":"Point","coordinates":[42.023832,43.626594]}},{"type":"Feature","properties":{"id":"hill-0634","type":"hill","longitude":42.110231,"latitude":43.646502,"elevation_m":1668,"name":""},"geometry":{"type":"Point","coordinates":[42.110231,43.646502]}},{"type":"Feature","properties":{"id":"hill-0635","type":"hill","longitude":42.060277,"latitude":43.634437,"elevation_m":1709,"name":""},"geometry":{"type":"Point","coordinates":[42.060277,43.634437]}},{"type":"Feature","properties":{"id":"hill-0636","type":"hill","longitude":42.052617,"latitude":43.62744,"elevation_m":1703,"name":""},"geometry":{"type":"Point","coordinates":[42.052617,43.62744]}},{"type":"Feature","properties":{"id":"hill-0637","type":"hill","longitude":42.049838,"latitude":43.637908,"elevation_m":1700,"name":""},"geometry":{"type":"Point","coordinates":[42.049838,43.637908]}},{"type":"Feature","properties":{"id":"hill-0638","type":"hill","longitude":42.10109,"latitude":43.613646,"elevation_m":1666,"name":""},"geometry":{"type":"Point","coordinates":[42.10109,43.613646]}},{"type":"Feature","properties":{"id":"hill-0639","type":"hill","longitude":42.12744,"latitude":43.635112,"elevation_m":1674,"name":""},"geometry":{"type":"Point","coordinates":[42.12744,43.635112]}},{"type":"Feature","properties":{"id":"hill-0640","type":"hill","longitude":42.121099,"latitude":43.625483,"elevation_m":1643,"name":""},"geometry":{"type":"Point","coordinates":[42.121099,43.625483]}},{"type":"Feature","properties":{"id":"hill-0641","type":"hill","longitude":42.077605,"latitude":43.608605,"elevation_m":1620,"name":""},"geometry":{"type":"Point","coordinates":[42.077605,43.608605]}},{"type":"Feature","properties":{"id":"hill-0642","type":"hill","longitude":42.127934,"latitude":43.627572,"elevation_m":1774,"name":""},"geometry":{"type":"Point","coordinates":[42.127934,43.627572]}},{"type":"Feature","properties":{"id":"hill-0643","type":"hill","longitude":42.081091,"latitude":43.599499,"elevation_m":1597,"name":""},"geometry":{"type":"Point","coordinates":[42.081091,43.599499]}},{"type":"Feature","properties":{"id":"hill-0644","type":"hill","longitude":42.134274,"latitude":43.619712,"elevation_m":1582,"name":""},"geometry":{"type":"Point","coordinates":[42.134274,43.619712]}},{"type":"Feature","properties":{"id":"hill-0645","type":"hill","longitude":42.083452,"latitude":43.631797,"elevation_m":1578,"name":""},"geometry":{"type":"Point","coordinates":[42.083452,43.631797]}},{"type":"Feature","properties":{"id":"hill-0646","type":"hill","longitude":41.917552,"latitude":43.667018,"elevation_m":1583,"name":""},"geometry":{"type":"Point","coordinates":[41.917552,43.667018]}},{"type":"Feature","properties":{"id":"hill-0647","type":"hill","longitude":42.116872,"latitude":43.625631,"elevation_m":1559,"name":""},"geometry":{"type":"Point","coordinates":[42.116872,43.625631]}},{"type":"Feature","properties":{"id":"hill-0648","type":"hill","longitude":42.045676,"latitude":43.671053,"elevation_m":1582,"name":""},"geometry":{"type":"Point","coordinates":[42.045676,43.671053]}},{"type":"Feature","properties":{"id":"hill-0649","type":"hill","longitude":42.017577,"latitude":43.676493,"elevation_m":1568,"name":""},"geometry":{"type":"Point","coordinates":[42.017577,43.676493]}},{"type":"Feature","properties":{"id":"hill-0650","type":"hill","longitude":42.062273,"latitude":43.659955,"elevation_m":1490,"name":""},"geometry":{"type":"Point","coordinates":[42.062273,43.659955]}},{"type":"Feature","properties":{"id":"hill-0651","type":"hill","longitude":41.052507,"latitude":44.105107,"elevation_m":978,"name":""},"geometry":{"type":"Point","coordinates":[41.052507,44.105107]}},{"type":"Feature","properties":{"id":"hill-0652","type":"hill","longitude":41.071175,"latitude":43.909774,"elevation_m":1495,"name":""},"geometry":{"type":"Point","coordinates":[41.071175,43.909774]}},{"type":"Feature","properties":{"id":"hill-0653","type":"hill","longitude":41.98347,"latitude":43.649685,"elevation_m":1446,"name":""},"geometry":{"type":"Point","coordinates":[41.98347,43.649685]}},{"type":"Feature","properties":{"id":"hill-0654","type":"hill","longitude":42.083699,"latitude":43.613553,"elevation_m":1503,"name":""},"geometry":{"type":"Point","coordinates":[42.083699,43.613553]}},{"type":"Feature","properties":{"id":"hill-0655","type":"hill","longitude":41.05358,"latitude":44.032753,"elevation_m":1649,"name":""},"geometry":{"type":"Point","coordinates":[41.05358,44.032753]}},{"type":"Feature","properties":{"id":"hill-0656","type":"hill","longitude":42.035408,"latitude":43.66597,"elevation_m":1427,"name":""},"geometry":{"type":"Point","coordinates":[42.035408,43.66597]}},{"type":"Feature","properties":{"id":"hill-0657","type":"hill","longitude":42.037146,"latitude":43.645004,"elevation_m":1489,"name":""},"geometry":{"type":"Point","coordinates":[42.037146,43.645004]}},{"type":"Feature","properties":{"id":"hill-0658","type":"hill","longitude":42.003425,"latitude":43.671263,"elevation_m":1417,"name":""},"geometry":{"type":"Point","coordinates":[42.003425,43.671263]}},{"type":"Feature","properties":{"id":"hill-0659","type":"hill","longitude":41.452886,"latitude":43.908127,"elevation_m":913,"name":""},"geometry":{"type":"Point","coordinates":[41.452886,43.908127]}},{"type":"Feature","properties":{"id":"hill-0660","type":"hill","longitude":40.974154,"latitude":43.955985,"elevation_m":1099,"name":""},"geometry":{"type":"Point","coordinates":[40.974154,43.955985]}},{"type":"Feature","properties":{"id":"hill-0661","type":"hill","longitude":41.26673,"latitude":43.942514,"elevation_m":1124,"name":""},"geometry":{"type":"Point","coordinates":[41.26673,43.942514]}},{"type":"Feature","properties":{"id":"hill-0662","type":"hill","longitude":41.402911,"latitude":43.946925,"elevation_m":1687,"name":""},"geometry":{"type":"Point","coordinates":[41.402911,43.946925]}},{"type":"Feature","properties":{"id":"hill-0663","type":"hill","longitude":41.299013,"latitude":43.812814,"elevation_m":1243,"name":""},"geometry":{"type":"Point","coordinates":[41.299013,43.812814]}},{"type":"Feature","properties":{"id":"hill-0664","type":"hill","longitude":41.358461,"latitude":43.778438,"elevation_m":1227,"name":""},"geometry":{"type":"Point","coordinates":[41.358461,43.778438]}},{"type":"Feature","properties":{"id":"hill-0665","type":"hill","longitude":41.306705,"latitude":43.762044,"elevation_m":1491,"name":""},"geometry":{"type":"Point","coordinates":[41.306705,43.762044]}},{"type":"Feature","properties":{"id":"hill-0666","type":"hill","longitude":41.274894,"latitude":43.769405,"elevation_m":1468,"name":""},"geometry":{"type":"Point","coordinates":[41.274894,43.769405]}},{"type":"Feature","properties":{"id":"hill-0667","type":"hill","longitude":41.250336,"latitude":44.006652,"elevation_m":1052,"name":""},"geometry":{"type":"Point","coordinates":[41.250336,44.006652]}},{"type":"Feature","properties":{"id":"hill-0668","type":"hill","longitude":41.398512,"latitude":43.957932,"elevation_m":1615,"name":""},"geometry":{"type":"Point","coordinates":[41.398512,43.957932]}},{"type":"Feature","properties":{"id":"hill-0669","type":"hill","longitude":42.268717,"latitude":43.514642,"elevation_m":1728,"name":""},"geometry":{"type":"Point","coordinates":[42.268717,43.514642]}},{"type":"Feature","properties":{"id":"hill-0670","type":"hill","longitude":41.46457,"latitude":43.955576,"elevation_m":1548,"name":""},"geometry":{"type":"Point","coordinates":[41.46457,43.955576]}},{"type":"Feature","properties":{"id":"hill-0671","type":"hill","longitude":41.159184,"latitude":43.982054,"elevation_m":959,"name":""},"geometry":{"type":"Point","coordinates":[41.159184,43.982054]}},{"type":"Feature","properties":{"id":"hill-0672","type":"hill","longitude":41.23052,"latitude":43.930856,"elevation_m":900,"name":""},"geometry":{"type":"Point","coordinates":[41.23052,43.930856]}},{"type":"Feature","properties":{"id":"hill-0673","type":"hill","longitude":41.294421,"latitude":43.931134,"elevation_m":1153,"name":""},"geometry":{"type":"Point","coordinates":[41.294421,43.931134]}},{"type":"Feature","properties":{"id":"hill-0674","type":"hill","longitude":41.96272,"latitude":43.625895,"elevation_m":1781,"name":""},"geometry":{"type":"Point","coordinates":[41.96272,43.625895]}},{"type":"Feature","properties":{"id":"hill-0675","type":"hill","longitude":40.884172,"latitude":43.94504,"elevation_m":1700,"name":""},"geometry":{"type":"Point","coordinates":[40.884172,43.94504]}},{"type":"Feature","properties":{"id":"hill-0676","type":"hill","longitude":40.83719,"latitude":43.909418,"elevation_m":1501,"name":""},"geometry":{"type":"Point","coordinates":[40.83719,43.909418]}},{"type":"Feature","properties":{"id":"hill-0677","type":"hill","longitude":40.900555,"latitude":43.961669,"elevation_m":1536,"name":""},"geometry":{"type":"Point","coordinates":[40.900555,43.961669]}},{"type":"Feature","properties":{"id":"hill-0678","type":"hill","longitude":40.90681,"latitude":43.944407,"elevation_m":1511,"name":""},"geometry":{"type":"Point","coordinates":[40.90681,43.944407]}},{"type":"Feature","properties":{"id":"hill-0679","type":"hill","longitude":40.8653,"latitude":43.924465,"elevation_m":1469,"name":""},"geometry":{"type":"Point","coordinates":[40.8653,43.924465]}},{"type":"Feature","properties":{"id":"hill-0680","type":"hill","longitude":41.092558,"latitude":43.986809,"elevation_m":1108,"name":""},"geometry":{"type":"Point","coordinates":[41.092558,43.986809]}},{"type":"Feature","properties":{"id":"hill-0681","type":"hill","longitude":41.169795,"latitude":44.003666,"elevation_m":1095,"name":""},"geometry":{"type":"Point","coordinates":[41.169795,44.003666]}},{"type":"Feature","properties":{"id":"hill-0682","type":"hill","longitude":41.1213,"latitude":44.00372,"elevation_m":1245,"name":""},"geometry":{"type":"Point","coordinates":[41.1213,44.00372]}},{"type":"Feature","properties":{"id":"hill-0683","type":"hill","longitude":41.93151,"latitude":43.658682,"elevation_m":1546,"name":""},"geometry":{"type":"Point","coordinates":[41.93151,43.658682]}},{"type":"Feature","properties":{"id":"hill-0684","type":"hill","longitude":43.044466,"latitude":43.449087,"elevation_m":1560,"name":""},"geometry":{"type":"Point","coordinates":[43.044466,43.449087]}},{"type":"Feature","properties":{"id":"hill-0685","type":"hill","longitude":41.168808,"latitude":43.914612,"elevation_m":1001,"name":""},"geometry":{"type":"Point","coordinates":[41.168808,43.914612]}},{"type":"Feature","properties":{"id":"hill-0686","type":"hill","longitude":41.003852,"latitude":43.851032,"elevation_m":1761,"name":""},"geometry":{"type":"Point","coordinates":[41.003852,43.851032]}},{"type":"Feature","properties":{"id":"hill-0687","type":"hill","longitude":40.997157,"latitude":43.859132,"elevation_m":1772,"name":""},"geometry":{"type":"Point","coordinates":[40.997157,43.859132]}},{"type":"Feature","properties":{"id":"hill-0688","type":"hill","longitude":40.861233,"latitude":43.886712,"elevation_m":1720,"name":""},"geometry":{"type":"Point","coordinates":[40.861233,43.886712]}},{"type":"Feature","properties":{"id":"hill-0689","type":"hill","longitude":41.409273,"latitude":43.688194,"elevation_m":1715,"name":""},"geometry":{"type":"Point","coordinates":[41.409273,43.688194]}},{"type":"Feature","properties":{"id":"hill-0690","type":"hill","longitude":41.021726,"latitude":43.859287,"elevation_m":1584,"name":""},"geometry":{"type":"Point","coordinates":[41.021726,43.859287]}},{"type":"Feature","properties":{"id":"hill-0691","type":"hill","longitude":40.934544,"latitude":43.912494,"elevation_m":1451,"name":""},"geometry":{"type":"Point","coordinates":[40.934544,43.912494]}},{"type":"Feature","properties":{"id":"hill-0692","type":"hill","longitude":41.012542,"latitude":44.030894,"elevation_m":1418,"name":""},"geometry":{"type":"Point","coordinates":[41.012542,44.030894]}},{"type":"Feature","properties":{"id":"hill-0693","type":"hill","longitude":41.08567,"latitude":43.840176,"elevation_m":1396,"name":""},"geometry":{"type":"Point","coordinates":[41.08567,43.840176]}},{"type":"Feature","properties":{"id":"hill-0694","type":"hill","longitude":41.150172,"latitude":43.876505,"elevation_m":1351,"name":""},"geometry":{"type":"Point","coordinates":[41.150172,43.876505]}},{"type":"Feature","properties":{"id":"hill-0695","type":"hill","longitude":41.109263,"latitude":43.84584,"elevation_m":1330,"name":""},"geometry":{"type":"Point","coordinates":[41.109263,43.84584]}},{"type":"Feature","properties":{"id":"hill-0696","type":"hill","longitude":41.193677,"latitude":43.921011,"elevation_m":992,"name":""},"geometry":{"type":"Point","coordinates":[41.193677,43.921011]}},{"type":"Feature","properties":{"id":"hill-0697","type":"hill","longitude":41.164098,"latitude":43.93424,"elevation_m":968,"name":""},"geometry":{"type":"Point","coordinates":[41.164098,43.93424]}},{"type":"Feature","properties":{"id":"hill-0698","type":"hill","longitude":41.426922,"latitude":43.901286,"elevation_m":968,"name":""},"geometry":{"type":"Point","coordinates":[41.426922,43.901286]}},{"type":"Feature","properties":{"id":"hill-0699","type":"hill","longitude":40.95908,"latitude":44.035784,"elevation_m":896,"name":""},"geometry":{"type":"Point","coordinates":[40.95908,44.035784]}},{"type":"Feature","properties":{"id":"hill-0700","type":"hill","longitude":42.206522,"latitude":43.550033,"elevation_m":1507,"name":""},"geometry":{"type":"Point","coordinates":[42.206522,43.550033]}},{"type":"Feature","properties":{"id":"hill-0701","type":"hill","longitude":42.180473,"latitude":43.563368,"elevation_m":1573,"name":""},"geometry":{"type":"Point","coordinates":[42.180473,43.563368]}},{"type":"Feature","properties":{"id":"hill-0702","type":"hill","longitude":41.206402,"latitude":43.87089,"elevation_m":1134,"name":""},"geometry":{"type":"Point","coordinates":[41.206402,43.87089]}},{"type":"Feature","properties":{"id":"hill-0703","type":"hill","longitude":40.999571,"latitude":44.044993,"elevation_m":1391,"name":""},"geometry":{"type":"Point","coordinates":[40.999571,44.044993]}},{"type":"Feature","properties":{"id":"hill-0704","type":"hill","longitude":42.17985,"latitude":43.568638,"elevation_m":1611,"name":""},"geometry":{"type":"Point","coordinates":[42.17985,43.568638]}},{"type":"Feature","properties":{"id":"hill-0705","type":"hill","longitude":41.006448,"latitude":44.038537,"elevation_m":1342,"name":""},"geometry":{"type":"Point","coordinates":[41.006448,44.038537]}},{"type":"Feature","properties":{"id":"hill-0706","type":"hill","longitude":41.227355,"latitude":43.864632,"elevation_m":1105,"name":""},"geometry":{"type":"Point","coordinates":[41.227355,43.864632]}},{"type":"Feature","properties":{"id":"hill-0707","type":"hill","longitude":41.3661,"latitude":43.873597,"elevation_m":1058,"name":""},"geometry":{"type":"Point","coordinates":[41.3661,43.873597]}},{"type":"Feature","properties":{"id":"hill-0708","type":"hill","longitude":41.394199,"latitude":43.877054,"elevation_m":1049,"name":""},"geometry":{"type":"Point","coordinates":[41.394199,43.877054]}},{"type":"Feature","properties":{"id":"hill-0709","type":"hill","longitude":41.435848,"latitude":43.863565,"elevation_m":1031,"name":""},"geometry":{"type":"Point","coordinates":[41.435848,43.863565]}},{"type":"Feature","properties":{"id":"hill-0710","type":"hill","longitude":41.217173,"latitude":43.898897,"elevation_m":1039,"name":""},"geometry":{"type":"Point","coordinates":[41.217173,43.898897]}},{"type":"Feature","properties":{"id":"hill-0711","type":"hill","longitude":41.43425,"latitude":43.902585,"elevation_m":969,"name":""},"geometry":{"type":"Point","coordinates":[41.43425,43.902585]}},{"type":"Feature","properties":{"id":"hill-0712","type":"hill","longitude":41.433263,"latitude":43.893169,"elevation_m":1020,"name":""},"geometry":{"type":"Point","coordinates":[41.433263,43.893169]}},{"type":"Feature","properties":{"id":"hill-0713","type":"hill","longitude":41.141471,"latitude":43.863836,"elevation_m":1026,"name":""},"geometry":{"type":"Point","coordinates":[41.141471,43.863836]}},{"type":"Feature","properties":{"id":"hill-0714","type":"hill","longitude":41.155161,"latitude":43.861058,"elevation_m":1304,"name":""},"geometry":{"type":"Point","coordinates":[41.155161,43.861058]}},{"type":"Feature","properties":{"id":"hill-0715","type":"hill","longitude":41.022638,"latitude":44.027176,"elevation_m":1275,"name":""},"geometry":{"type":"Point","coordinates":[41.022638,44.027176]}},{"type":"Feature","properties":{"id":"hill-0716","type":"hill","longitude":41.260647,"latitude":43.843596,"elevation_m":1286,"name":""},"geometry":{"type":"Point","coordinates":[41.260647,43.843596]}},{"type":"Feature","properties":{"id":"hill-0717","type":"hill","longitude":41.175084,"latitude":43.844223,"elevation_m":1261,"name":""},"geometry":{"type":"Point","coordinates":[41.175084,43.844223]}},{"type":"Feature","properties":{"id":"hill-0718","type":"hill","longitude":41.246377,"latitude":43.838698,"elevation_m":1256,"name":""},"geometry":{"type":"Point","coordinates":[41.246377,43.838698]}},{"type":"Feature","properties":{"id":"hill-0719","type":"hill","longitude":41.149678,"latitude":43.895217,"elevation_m":1235,"name":""},"geometry":{"type":"Point","coordinates":[41.149678,43.895217]}},{"type":"Feature","properties":{"id":"hill-0720","type":"hill","longitude":41.225456,"latitude":43.836229,"elevation_m":1236,"name":""},"geometry":{"type":"Point","coordinates":[41.225456,43.836229]}},{"type":"Feature","properties":{"id":"hill-0721","type":"hill","longitude":41.180438,"latitude":43.885839,"elevation_m":1237,"name":""},"geometry":{"type":"Point","coordinates":[41.180438,43.885839]}},{"type":"Feature","properties":{"id":"hill-0722","type":"hill","longitude":41.322649,"latitude":43.857631,"elevation_m":1220,"name":""},"geometry":{"type":"Point","coordinates":[41.322649,43.857631]}},{"type":"Feature","properties":{"id":"hill-0723","type":"hill","longitude":41.338334,"latitude":43.947844,"elevation_m":1179,"name":""},"geometry":{"type":"Point","coordinates":[41.338334,43.947844]}},{"type":"Feature","properties":{"id":"hill-0724","type":"hill","longitude":41.126515,"latitude":43.849748,"elevation_m":1211,"name":""},"geometry":{"type":"Point","coordinates":[41.126515,43.849748]}},{"type":"Feature","properties":{"id":"hill-0725","type":"hill","longitude":41.116741,"latitude":43.835734,"elevation_m":1156,"name":""},"geometry":{"type":"Point","coordinates":[41.116741,43.835734]}},{"type":"Feature","properties":{"id":"hill-0726","type":"hill","longitude":43.003128,"latitude":43.567371,"elevation_m":1736,"name":""},"geometry":{"type":"Point","coordinates":[43.003128,43.567371]}},{"type":"Feature","properties":{"id":"hill-0727","type":"hill","longitude":40.87384,"latitude":43.948308,"elevation_m":1649,"name":""},"geometry":{"type":"Point","coordinates":[40.87384,43.948308]}},{"type":"Feature","properties":{"id":"hill-0728","type":"hill","longitude":41.421676,"latitude":43.780801,"elevation_m":1277,"name":""},"geometry":{"type":"Point","coordinates":[41.421676,43.780801]}},{"type":"Feature","properties":{"id":"hill-0729","type":"hill","longitude":41.311094,"latitude":43.920988,"elevation_m":1117,"name":""},"geometry":{"type":"Point","coordinates":[41.311094,43.920988]}},{"type":"Feature","properties":{"id":"hill-0730","type":"hill","longitude":41.399199,"latitude":43.940753,"elevation_m":1723,"name":""},"geometry":{"type":"Point","coordinates":[41.399199,43.940753]}},{"type":"Feature","properties":{"id":"hill-0731","type":"hill","longitude":41.295333,"latitude":43.869606,"elevation_m":1375,"name":""},"geometry":{"type":"Point","coordinates":[41.295333,43.869606]}},{"type":"Feature","properties":{"id":"hill-0732","type":"hill","longitude":41.382569,"latitude":43.988615,"elevation_m":1444,"name":""},"geometry":{"type":"Point","coordinates":[41.382569,43.988615]}},{"type":"Feature","properties":{"id":"hill-0733","type":"hill","longitude":41.377054,"latitude":44.001536,"elevation_m":1359,"name":""},"geometry":{"type":"Point","coordinates":[41.377054,44.001536]}},{"type":"Feature","properties":{"id":"hill-0734","type":"hill","longitude":41.364577,"latitude":44.006521,"elevation_m":1338,"name":""},"geometry":{"type":"Point","coordinates":[41.364577,44.006521]}},{"type":"Feature","properties":{"id":"hill-0735","type":"hill","longitude":41.233588,"latitude":44.025409,"elevation_m":830,"name":""},"geometry":{"type":"Point","coordinates":[41.233588,44.025409]}},{"type":"Feature","properties":{"id":"hill-0736","type":"hill","longitude":41.248126,"latitude":44.031488,"elevation_m":792,"name":""},"geometry":{"type":"Point","coordinates":[41.248126,44.031488]}},{"type":"Feature","properties":{"id":"hill-0737","type":"hill","longitude":41.308122,"latitude":43.997993,"elevation_m":1476,"name":""},"geometry":{"type":"Point","coordinates":[41.308122,43.997993]}},{"type":"Feature","properties":{"id":"hill-0738","type":"hill","longitude":41.209888,"latitude":44.029081,"elevation_m":1341,"name":""},"geometry":{"type":"Point","coordinates":[41.209888,44.029081]}},{"type":"Feature","properties":{"id":"hill-0739","type":"hill","longitude":41.223729,"latitude":44.041113,"elevation_m":1258,"name":""},"geometry":{"type":"Point","coordinates":[41.223729,44.041113]}},{"type":"Feature","properties":{"id":"hill-0740","type":"hill","longitude":41.242397,"latitude":44.045039,"elevation_m":1192,"name":""},"geometry":{"type":"Point","coordinates":[41.242397,44.045039]}},{"type":"Feature","properties":{"id":"hill-0741","type":"hill","longitude":41.243899,"latitude":44.054747,"elevation_m":1096,"name":""},"geometry":{"type":"Point","coordinates":[41.243899,44.054747]}},{"type":"Feature","properties":{"id":"hill-0742","type":"hill","longitude":41.230026,"latitude":44.062627,"elevation_m":1034,"name":""},"geometry":{"type":"Point","coordinates":[41.230026,44.062627]}},{"type":"Feature","properties":{"id":"hill-0743","type":"hill","longitude":41.242955,"latitude":43.815772,"elevation_m":1296,"name":""},"geometry":{"type":"Point","coordinates":[41.242955,43.815772]}},{"type":"Feature","properties":{"id":"hill-0744","type":"hill","longitude":42.055181,"latitude":43.544333,"elevation_m":1658,"name":""},"geometry":{"type":"Point","coordinates":[42.055181,43.544333]}},{"type":"Feature","properties":{"id":"hill-0745","type":"hill","longitude":42.068324,"latitude":43.539278,"elevation_m":1747,"name":""},"geometry":{"type":"Point","coordinates":[42.068324,43.539278]}},{"type":"Feature","properties":{"id":"hill-0746","type":"hill","longitude":42.126024,"latitude":43.501453,"elevation_m":1629,"name":""},"geometry":{"type":"Point","coordinates":[42.126024,43.501453]}},{"type":"Feature","properties":{"id":"hill-0747","type":"hill","longitude":42.065953,"latitude":43.552856,"elevation_m":1610,"name":""},"geometry":{"type":"Point","coordinates":[42.065953,43.552856]}},{"type":"Feature","properties":{"id":"hill-0748","type":"hill","longitude":41.002446,"latitude":44.056783,"elevation_m":1167,"name":""},"geometry":{"type":"Point","coordinates":[41.002446,44.056783]}},{"type":"Feature","properties":{"id":"hill-0749","type":"hill","longitude":41.026243,"latitude":44.079562,"elevation_m":781,"name":""},"geometry":{"type":"Point","coordinates":[41.026243,44.079562]}},{"type":"Feature","properties":{"id":"hill-0750","type":"hill","longitude":40.944993,"latitude":43.991541,"elevation_m":916,"name":""},"geometry":{"type":"Point","coordinates":[40.944993,43.991541]}},{"type":"Feature","properties":{"id":"hill-0751","type":"hill","longitude":41.809384,"latitude":43.57174,"elevation_m":1341,"name":""},"geometry":{"type":"Point","coordinates":[41.809384,43.57174]}},{"type":"Feature","properties":{"id":"hill-0752","type":"hill","longitude":41.024526,"latitude":44.061879,"elevation_m":990,"name":""},"geometry":{"type":"Point","coordinates":[41.024526,44.061879]}},{"type":"Feature","properties":{"id":"hill-0753","type":"hill","longitude":42.38681,"latitude":44.086653,"elevation_m":759,"name":""},"geometry":{"type":"Point","coordinates":[42.38681,44.086653]}},{"type":"Feature","properties":{"id":"hill-0754","type":"hill","longitude":43.420318,"latitude":43.355172,"elevation_m":1289,"name":""},"geometry":{"type":"Point","coordinates":[43.420318,43.355172]}},{"type":"Feature","properties":{"id":"hill-0755","type":"hill","longitude":43.418645,"latitude":43.352411,"elevation_m":1331,"name":""},"geometry":{"type":"Point","coordinates":[43.418645,43.352411]}},{"type":"Feature","properties":{"id":"hill-0756","type":"hill","longitude":43.434609,"latitude":43.347761,"elevation_m":1282,"name":""},"geometry":{"type":"Point","coordinates":[43.434609,43.347761]}},{"type":"Feature","properties":{"id":"hill-0757","type":"hill","longitude":43.426648,"latitude":43.350226,"elevation_m":1306,"name":""},"geometry":{"type":"Point","coordinates":[43.426648,43.350226]}},{"type":"Feature","properties":{"id":"hill-0758","type":"hill","longitude":43.433043,"latitude":43.352411,"elevation_m":1233,"name":""},"geometry":{"type":"Point","coordinates":[43.433043,43.352411]}},{"type":"Feature","properties":{"id":"hill-0759","type":"hill","longitude":43.418945,"latitude":43.359619,"elevation_m":1248,"name":""},"geometry":{"type":"Point","coordinates":[43.418945,43.359619]}},{"type":"Feature","properties":{"id":"hill-0760","type":"hill","longitude":43.424202,"latitude":43.360118,"elevation_m":1206,"name":""},"geometry":{"type":"Point","coordinates":[43.424202,43.360118]}},{"type":"Feature","properties":{"id":"hill-0761","type":"hill","longitude":41.258168,"latitude":43.95926,"elevation_m":1089,"name":""},"geometry":{"type":"Point","coordinates":[41.258168,43.95926]}},{"type":"Feature","properties":{"id":"hill-0762","type":"hill","longitude":40.78935,"latitude":43.881013,"elevation_m":1740,"name":""},"geometry":{"type":"Point","coordinates":[40.78935,43.881013]}},{"type":"Feature","properties":{"id":"hill-0763","type":"hill","longitude":42.097088,"latitude":43.743639,"elevation_m":1508,"name":""},"geometry":{"type":"Point","coordinates":[42.097088,43.743639]}},{"type":"Feature","properties":{"id":"hill-0764","type":"hill","longitude":42.583598,"latitude":43.885645,"elevation_m":1168,"name":""},"geometry":{"type":"Point","coordinates":[42.583598,43.885645]}},{"type":"Feature","properties":{"id":"hill-0765","type":"hill","longitude":42.657605,"latitude":43.928669,"elevation_m":872,"name":""},"geometry":{"type":"Point","coordinates":[42.657605,43.928669]}},{"type":"Feature","properties":{"id":"hill-0766","type":"hill","longitude":42.709318,"latitude":43.918979,"elevation_m":857,"name":""},"geometry":{"type":"Point","coordinates":[42.709318,43.918979]}},{"type":"Feature","properties":{"id":"hill-0767","type":"hill","longitude":41.132276,"latitude":43.77441,"elevation_m":1542,"name":""},"geometry":{"type":"Point","coordinates":[41.132276,43.77441]}},{"type":"Feature","properties":{"id":"hill-0768","type":"hill","longitude":43.594469,"latitude":43.437387,"elevation_m":840,"name":""},"geometry":{"type":"Point","coordinates":[43.594469,43.437387]}},{"type":"Feature","properties":{"id":"hill-0769","type":"hill","longitude":40.875846,"latitude":43.810972,"elevation_m":1454,"name":""},"geometry":{"type":"Point","coordinates":[40.875846,43.810972]}},{"type":"Feature","properties":{"id":"hill-0770","type":"hill","longitude":41.291857,"latitude":43.573675,"elevation_m":1656,"name":""},"geometry":{"type":"Point","coordinates":[41.291857,43.573675]}},{"type":"Feature","properties":{"id":"hill-0771","type":"hill","longitude":42.09947,"latitude":43.778275,"elevation_m":1739,"name":""},"geometry":{"type":"Point","coordinates":[42.09947,43.778275]}},{"type":"Feature","properties":{"id":"hill-0772","type":"hill","longitude":42.078109,"latitude":43.771512,"elevation_m":1749,"name":""},"geometry":{"type":"Point","coordinates":[42.078109,43.771512]}},{"type":"Feature","properties":{"id":"hill-0773","type":"hill","longitude":41.35329,"latitude":43.82335,"elevation_m":1096,"name":""},"geometry":{"type":"Point","coordinates":[41.35329,43.82335]}},{"type":"Feature","properties":{"id":"hill-0774","type":"hill","longitude":42.76749,"latitude":43.884377,"elevation_m":1291,"name":""},"geometry":{"type":"Point","coordinates":[42.76749,43.884377]}},{"type":"Feature","properties":{"id":"hill-0775","type":"hill","longitude":43.311367,"latitude":43.238817,"elevation_m":1706,"name":""},"geometry":{"type":"Point","coordinates":[43.311367,43.238817]}},{"type":"Feature","properties":{"id":"hill-0776","type":"hill","longitude":41.429636,"latitude":43.827917,"elevation_m":1153,"name":""},"geometry":{"type":"Point","coordinates":[41.429636,43.827917]}},{"type":"Feature","properties":{"id":"hill-0777","type":"hill","longitude":41.360682,"latitude":43.927155,"elevation_m":1148,"name":""},"geometry":{"type":"Point","coordinates":[41.360682,43.927155]}},{"type":"Feature","properties":{"id":"hill-0778","type":"hill","longitude":41.154313,"latitude":44.067044,"elevation_m":1128,"name":""},"geometry":{"type":"Point","coordinates":[41.154313,44.067044]}},{"type":"Feature","properties":{"id":"hill-0779","type":"hill","longitude":43.402777,"latitude":43.357708,"elevation_m":1421,"name":""},"geometry":{"type":"Point","coordinates":[43.402777,43.357708]}},{"type":"Feature","properties":{"id":"hill-0780","type":"hill","longitude":41.601148,"latitude":43.928685,"elevation_m":1595,"name":""},"geometry":{"type":"Point","coordinates":[41.601148,43.928685]}},{"type":"Feature","properties":{"id":"hill-0781","type":"hill","longitude":41.966336,"latitude":43.715411,"elevation_m":1646,"name":""},"geometry":{"type":"Point","coordinates":[41.966336,43.715411]}}]}