{"type":"FeatureCollection","features":[{"type":"Feature","properties":{"id":"mount-5000-0001","category":"rocky_peak","name":"Коштантау","elevation_m":5105,"main":true,"five_thousander":true},"geometry":{"type":"Point","coordinates":[43.213466,43.050027]}},{"type":"Feature","properties":{"id":"mount-5000-0002","category":"rocky_ridge","name":"Джанги-Тау Восточная","elevation_m":5034,"main":true,"five_thousander":true},"geometry":{"type":"Point","coordinates":[43.05748,43.018313]}},{"type":"Feature","properties":{"id":"mount-5000-0003","category":"rocky_ridge","name":"Дыхтау","elevation_m":5001,"main":true,"five_thousander":true},"geometry":{"type":"Point","coordinates":[43.133183,43.052215]}},{"type":"Feature","properties":{"id":"mount-5000-0004","category":"rocky_peak","name":"Шхара","elevation_m":5022,"main":true,"five_thousander":true},"geometry":{"type":"Point","coordinates":[43.11313,42.999312]}},{"type":"Feature","properties":{"id":"mount-main-0001","category":"rocky_peak","name":"Восточный Мижирги","elevation_m":4757,"main":true,"five_thousander":false},"geometry":{"type":"Point","coordinates":[43.15419,43.0445]}},{"type":"Feature","properties":{"id":"mount-main-0002","category":"ridge","name":"Башхаузбаши","elevation_m":4409,"main":true,"five_thousander":false},"geometry":{"type":"Point","coordinates":[43.145092,43.033216]}},{"type":"Feature","properties":{"id":"mount-main-0003","category":"rocky_ridge","name":"Восточная Дыхтау","elevation_m":4963,"main":true,"five_thousander":false},"geometry":{"type":"Point","coordinates":[43.135478,43.049384]}},{"type":"Feature","properties":{"id":"mount-main-0004","category":"rocky_peak","name":"Мижирги","elevation_m":4853,"main":true,"five_thousander":false},"geometry":{"type":"Point","coordinates":[43.150295,43.044923]}},{"type":"Feature","properties":{"id":"mount-main-0005","category":"rocky_peak","name":"Тихонова","elevation_m":4663,"main":true,"five_thousander":false},"geometry":{"type":"Point","coordinates":[43.201042,43.048875]}},{"type":"Feature","properties":{"id":"mount-main-0006","category":"rocky_peak","name":"Птица","elevation_m":4371,"main":true,"five_thousander":false},"geometry":{"type":"Point","coordinates":[43.217597,43.061528]}},{"type":"Feature","properties":{"id":"mount-main-0007","category":"rocky_ridge","name":"Пушкина","elevation_m":4864,"main":true,"five_thousander":false},"geometry":{"type":"Point","coordinates":[43.139695,43.048679]}},{"type":"Feature","properties":{"id":"mount-main-0008","category":"rocky_peak","name":"Боровикова","elevation_m":4894,"main":true,"five_thousander":false},"geometry":{"type":"Point","coordinates":[43.148031,43.045448]}},{"type":"Feature","properties":{"id":"mount-main-0009","category":"rocky_ridge","name":"Западная Джанги","elevation_m":4970,"main":true,"five_thousander":false},"geometry":{"type":"Point","coordinates":[43.051482,43.019035]}},{"type":"Feature","properties":{"id":"mount-main-0010","category":"rocky_peak","name":"Ледовый Купол","elevation_m":4641,"main":true,"five_thousander":false},"geometry":{"type":"Point","coordinates":[43.217887,43.055891]}},{"type":"Feature","properties":{"id":"mount-main-0011","category":"rocky_ridge","name":"Ушгули","elevation_m":4523,"main":true,"five_thousander":false},"geometry":{"type":"Point","coordinates":[43.120458,42.989126]}},{"type":"Feature","properties":{"id":"mount-main-0012","category":"rocky_peak","name":"Гестола","elevation_m":4799,"main":true,"five_thousander":false},"geometry":{"type":"Point","coordinates":[43.025765,43.048012]}},{"type":"Feature","properties":{"id":"mount-main-0013","category":"rocky_ridge","name":"Пик 4859","elevation_m":4766,"main":true,"five_thousander":false},"geometry":{"type":"Point","coordinates":[43.044444,43.024808]}},{"type":"Feature","properties":{"id":"mount-main-0014","category":"rocky_ridge","name":"Восточная Джанги","elevation_m":4943,"main":true,"five_thousander":false},"geometry":{"type":"Point","coordinates":[43.070773,43.012799]}},{"type":"Feature","properties":{"id":"mount-main-0015","category":"rocky_ridge","name":"Шхара Западная","elevation_m":4978,"main":true,"five_thousander":false},"geometry":{"type":"Point","coordinates":[43.089699,42.998872]}},{"type":"Feature","properties":{"id":"mount-main-0016","category":"rocky_peak","name":"Шхара Восточная","elevation_m":4726,"main":true,"five_thousander":false},"geometry":{"type":"Point","coordinates":[43.126767,43.003141]}},{"type":"Feature","properties":{"id":"mount-main-0017","category":"rocky_peak","name":"Коштан Малый","elevation_m":4410,"main":true,"five_thousander":false},"geometry":{"type":"Point","coordinates":[43.22544,43.055405]}},{"type":"Feature","properties":{"id":"mount-main-0018","category":"rocky_ridge","name":"Малый Домбай-Ульген","elevation_m":3558,"main":true,"five_thousander":false},"geometry":{"type":"Point","coordinates":[41.720935,43.251361]}},{"type":"Feature","properties":{"id":"mount-main-0019","category":"rocky_peak","name":"Западная Домбай-Ульген","elevation_m":3636,"main":true,"five_thousander":false},"geometry":{"type":"Point","coordinates":[41.721815,43.239841]}},{"type":"Feature","properties":{"id":"mount-main-0020","category":"steep_mountain","name":"Южный Домбай-Ульген","elevation_m":3384,"main":true,"five_thousander":false},"geometry":{"type":"Point","coordinates":[41.713607,43.225341]}},{"type":"Feature","properties":{"id":"mount-main-0021","category":"rocky_peak","name":"Домбай-Ульген главная","elevation_m":3806,"main":true,"five_thousander":false},"geometry":{"type":"Point","coordinates":[41.725774,43.243898]}},{"type":"Feature","properties":{"id":"mount-0001","category":"rocky_peak","name":"","elevation_m":2671,"main":false,"five_thousander":false},"geometry":{"type":"Point","coordinates":[41.888208,43.210931]}},{"type":"Feature","properties":{"id":"mount-0002","category":"rocky_peak","name":"","elevation_m":2551,"main":false,"five_thousander":false},"geometry":{"type":"Point","coordinates":[41.881986,43.209618]}},{"type":"Feature","properties":{"id":"mount-0003","category":"steep_mountain","name":"","elevation_m":2977,"main":false,"five_thousander":false},"geometry":{"type":"Point","coordinates":[41.934804,43.215975]}},{"type":"Feature","properties":{"id":"mount-0004","category":"steep_mountain","name":"","elevation_m":3184,"main":false,"five_thousander":false},"geometry":{"type":"Point","coordinates":[41.951187,43.209289]}},{"type":"Feature","properties":{"id":"mount-0005","category":"rocky_peak","name":"","elevation_m":2407,"main":false,"five_thousander":false},"geometry":{"type":"Point","coordinates":[41.969694,43.187335]}},{"type":"Feature","properties":{"id":"mount-0006","category":"steep_mountain","name":"","elevation_m":2525,"main":false,"five_thousander":false},"geometry":{"type":"Point","coordinates":[41.956143,43.18286]}},{"type":"Feature","properties":{"id":"mount-0007","category":"rocky_peak","name":"","elevation_m":3060,"main":false,"five_thousander":false},"geometry":{"type":"Point","coordinates":[41.932358,43.188446]}},{"type":"Feature","properties":{"id":"mount-0008","category":"steep_mountain","name":"","elevation_m":2809,"main":false,"five_thousander":false},"geometry":{"type":"Point","coordinates":[41.918582,43.192216]}},{"type":"Feature","properties":{"id":"mount-0009","category":"ridge","name":"","elevation_m":2773,"main":false,"five_thousander":false},"geometry":{"type":"Point","coordinates":[41.670134,43.184237]}},{"type":"Feature","properties":{"id":"mount-0010","category":"rocky_peak","name":"","elevation_m":2209,"main":false,"five_thousander":false},"geometry":{"type":"Point","coordinates":[41.651638,43.184769]}},{"type":"Feature","properties":{"id":"mount-0011","category":"steep_mountain","name":"","elevation_m":2000,"main":false,"five_thousander":false},"geometry":{"type":"Point","coordinates":[41.790222,43.473446]}},{"type":"Feature","properties":{"id":"mount-0012","category":"rounded_hill","name":"","elevation_m":2156,"main":false,"five_thousander":false},"geometry":{"type":"Point","coordinates":[41.926221,43.547926]}},{"type":"Feature","properties":{"id":"mount-0013","category":"ridge","name":"","elevation_m":2723,"main":false,"five_thousander":false},"geometry":{"type":"Point","coordinates":[40.732101,43.802432]}},{"type":"Feature","properties":{"id":"mount-0014","category":"plateau","name":"","elevation_m":2114,"main":false,"five_thousander":false},"geometry":{"type":"Point","coordinates":[40.735492,43.713526]}},{"type":"Feature","properties":{"id":"mount-0015","category":"rounded_mountain","name":"","elevation_m":2897,"main":false,"five_thousander":false},"geometry":{"type":"Point","coordinates":[40.744804,43.771202]}},{"type":"Feature","properties":{"id":"mount-0016","category":"rounded_mountain","name":"","elevation_m":2556,"main":false,"five_thousander":false},"geometry":{"type":"Point","coordinates":[40.738002,43.699861]}},{"type":"Feature","properties":{"id":"mount-0017","category":"ridge","name":"","elevation_m":2863,"main":false,"five_thousander":false},"geometry":{"type":"Point","coordinates":[40.737444,43.785107]}},{"type":"Feature","properties":{"id":"mount-0018","category":"ridge","name":"","elevation_m":2988,"main":false,"five_thousander":false},"geometry":{"type":"Point","coordinates":[40.743613,43.779639]}},{"type":"Feature","properties":{"id":"mount-0019","category":"rounded_mountain","name":"","elevation_m":2803,"main":false,"five_thousander":false},"geometry":{"type":"Point","coordinates":[40.745609,43.74808]}},{"type":"Feature","properties":{"id":"mount-0020","category":"rounded_mountain","name":"","elevation_m":2601,"main":false,"five_thousander":false},"geometry":{"type":"Point","coordinates":[40.73223,43.73991]}},{"type":"Feature","properties":{"id":"mount-0021","category":"isolated_peak","name":"","elevation_m":2689,"main":false,"five_thousander":false},"geometry":{"type":"Point","coordinates":[40.72516,43.675003]}},{"type":"Feature","properties":{"id":"mount-0022","category":"ridge","name":"","elevation_m":2881,"main":false,"five_thousander":false},"geometry":{"type":"Point","coordinates":[40.730138,43.792899]}},{"type":"Feature","properties":{"id":"mount-0023","category":"rounded_hill","name":"","elevation_m":3173,"main":false,"five_thousander":false},"geometry":{"type":"Point","coordinates":[41.895171,43.466454]}},{"type":"Feature","properties":{"id":"mount-0024","category":"rocky_ridge","name":"","elevation_m":3193,"main":false,"five_thousander":false},"geometry":{"type":"Point","coordinates":[41.946927,43.487326]}},{"type":"Feature","properties":{"id":"mount-0025","category":"rounded_mountain","name":"","elevation_m":2784,"main":false,"five_thousander":false},"geometry":{"type":"Point","coordinates":[40.729086,43.5664]}},{"type":"Feature","properties":{"id":"mount-0026","category":"rocky_ridge","name":"","elevation_m":2737,"main":false,"five_thousander":false},"geometry":{"type":"Point","coordinates":[40.71575,43.537342]}},{"type":"Feature","properties":{"id":"mount-0027","category":"rocky_ridge","name":"","elevation_m":2701,"main":false,"five_thousander":false},"geometry":{"type":"Point","coordinates":[40.725825,43.547864]}},{"type":"Feature","properties":{"id":"mount-0028","category":"rounded_mountain","name":"","elevation_m":2708,"main":false,"five_thousander":false},"geometry":{"type":"Point","coordinates":[40.74253,43.615736]}},{"type":"Feature","properties":{"id":"mount-0029","category":"rocky_peak","name":"","elevation_m":2886,"main":false,"five_thousander":false},"geometry":{"type":"Point","coordinates":[40.725846,43.583655]}},{"type":"Feature","properties":{"id":"mount-0030","category":"rounded_mountain","name":"","elevation_m":2241,"main":false,"five_thousander":false},"geometry":{"type":"Point","coordinates":[40.746092,43.579108]}},{"type":"Feature","properties":{"id":"mount-0031","category":"rocky_peak","name":"","elevation_m":2714,"main":false,"five_thousander":false},"geometry":{"type":"Point","coordinates":[40.743581,43.568747]}},{"type":"Feature","properties":{"id":"mount-0032","category":"ridge","name":"","elevation_m":2622,"main":false,"five_thousander":false},"geometry":{"type":"Point","coordinates":[40.720847,43.529735]}},{"type":"Feature","properties":{"id":"mount-0033","category":"steep_mountain","name":"","elevation_m":2670,"main":false,"five_thousander":false},"geometry":{"type":"Point","coordinates":[40.724505,43.658364]}},{"type":"Feature","properties":{"id":"mount-0034","category":"rounded_mountain","name":"","elevation_m":2645,"main":false,"five_thousander":false},"geometry":{"type":"Point","coordinates":[40.732466,43.52828]}},{"type":"Feature","properties":{"id":"mount-0035","category":"rounded_mountain","name":"","elevation_m":2851,"main":false,"five_thousander":false},"geometry":{"type":"Point","coordinates":[40.741832,43.601978]}},{"type":"Feature","properties":{"id":"mount-0036","category":"rocky_peak","name":"","elevation_m":3183,"main":false,"five_thousander":false},"geometry":{"type":"Point","coordinates":[40.746017,43.606507]}},{"type":"Feature","properties":{"id":"mount-0037","category":"rounded_mountain","name":"","elevation_m":2604,"main":false,"five_thousander":false},"geometry":{"type":"Point","coordinates":[40.744783,43.585015]}},{"type":"Feature","properties":{"id":"mount-0038","category":"rounded_mountain","name":"","elevation_m":2220,"main":false,"five_thousander":false},"geometry":{"type":"Point","coordinates":[40.724366,43.504083]}},{"type":"Feature","properties":{"id":"mount-0039","category":"rocky_ridge","name":"","elevation_m":3137,"main":false,"five_thousander":false},"geometry":{"type":"Point","coordinates":[40.727381,43.615728]}},{"type":"Feature","properties":{"id":"mount-0040","category":"rocky_peak","name":"","elevation_m":2620,"main":false,"five_thousander":false},"geometry":{"type":"Point","coordinates":[40.726951,43.645928]}},{"type":"Feature","properties":{"id":"mount-0041","category":"rounded_mountain","name":"","elevation_m":2920,"main":false,"five_thousander":false},"geometry":{"type":"Point","coordinates":[41.275463,43.60138]}},{"type":"Feature","properties":{"id":"mount-0042","category":"rounded_mountain","name":"","elevation_m":2111,"main":false,"five_thousander":false},"geometry":{"type":"Point","coordinates":[40.79141,43.717892]}},{"type":"Feature","properties":{"id":"mount-0043","category":"ridge","name":"","elevation_m":3104,"main":false,"five_thousander":false},"geometry":{"type":"Point","coordinates":[42.902631,43.332725]}},{"type":"Feature","properties":{"id":"mount-0044","category":"rocky_peak","name":"","elevation_m":2045,"main":false,"five_thousander":false},"geometry":{"type":"Point","coordinates":[42.898479,43.377534]}},{"type":"Feature","properties":{"id":"mount-0045","category":"rounded_mountain","name":"","elevation_m":3172,"main":false,"five_thousander":false},"geometry":{"type":"Point","coordinates":[41.950575,43.24246]}},{"type":"Feature","properties":{"id":"mount-0046","category":"steep_mountain","name":"","elevation_m":3037,"main":false,"five_thousander":false},"geometry":{"type":"Point","coordinates":[41.968106,43.242905]}},{"type":"Feature","properties":{"id":"mount-0047","category":"rocky_peak","name":"","elevation_m":3146,"main":false,"five_thousander":false},"geometry":{"type":"Point","coordinates":[41.96448,43.233096]}},{"type":"Feature","properties":{"id":"mount-0048","category":"rounded_mountain","name":"","elevation_m":2843,"main":false,"five_thousander":false},"geometry":{"type":"Point","coordinates":[41.125721,43.517365]}},{"type":"Feature","properties":{"id":"mount-0049","category":"steep_mountain","name":"","elevation_m":3151,"main":false,"five_thousander":false},"geometry":{"type":"Point","coordinates":[41.683846,43.288155]}},{"type":"Feature","properties":{"id":"mount-0050","category":"ridge","name":"","elevation_m":2627,"main":false,"five_thousander":false},"geometry":{"type":"Point","coordinates":[41.067495,43.529159]}},{"type":"Feature","properties":{"id":"mount-0051","category":"plateau","name":"","elevation_m":3084,"main":false,"five_thousander":false},"geometry":{"type":"Point","coordinates":[43.316613,43.140272]}},{"type":"Feature","properties":{"id":"mount-0052","category":"rounded_mountain","name":"","elevation_m":2945,"main":false,"five_thousander":false},"geometry":{"type":"Point","coordinates":[43.330078,43.099784]}},{"type":"Feature","properties":{"id":"mount-0053","category":"rounded_mountain","name":"","elevation_m":2459,"main":false,"five_thousander":false},"geometry":{"type":"Point","coordinates":[40.758247,43.491662]}},{"type":"Feature","properties":{"id":"mount-0054","category":"ridge","name":"","elevation_m":2369,"main":false,"five_thousander":false},"geometry":{"type":"Point","coordinates":[40.741006,43.494106]}},{"type":"Feature","properties":{"id":"mount-0055","category":"ridge","name":"","elevation_m":2405,"main":false,"five_thousander":false},"geometry":{"type":"Point","coordinates":[40.732648,43.49711]}},{"type":"Feature","properties":{"id":"mount-0056","category":"rounded_hill","name":"","elevation_m":2349,"main":false,"five_thousander":false},"geometry":{"type":"Point","coordinates":[41.617541,43.632814]}},{"type":"Feature","properties":{"id":"mount-0057","category":"rounded_hill","name":"","elevation_m":1807,"main":false,"five_thousander":false},"geometry":{"type":"Point","coordinates":[41.565195,43.687744]}},{"type":"Feature","properties":{"id":"mount-0058","category":"rounded_mountain","name":"","elevation_m":3036,"main":false,"five_thousander":false},"geometry":{"type":"Point","coordinates":[41.860528,43.257932]}},{"type":"Feature","properties":{"id":"mount-0059","category":"rounded_mountain","name":"","elevation_m":3130,"main":false,"five_thousander":false},"geometry":{"type":"Point","coordinates":[41.224437,43.447638]}},{"type":"Feature","properties":{"id":"mount-0060","category":"rocky_peak","name":"","elevation_m":3165,"main":false,"five_thousander":false},"geometry":{"type":"Point","coordinates":[41.208011,43.467661]}},{"type":"Feature","properties":{"id":"mount-0061","category":"steep_mountain","name":"","elevation_m":2595,"main":false,"five_thousander":false},"geometry":{"type":"Point","coordinates":[41.217967,43.486081]}},{"type":"Feature","properties":{"id":"mount-0062","category":"rocky_peak","name":"","elevation_m":2937,"main":false,"five_thousander":false},"geometry":{"type":"Point","coordinates":[41.296213,43.428513]}},{"type":"Feature","properties":{"id":"mount-0063","category":"rounded_mountain","name":"","elevation_m":2201,"main":false,"five_thousander":false},"geometry":{"type":"Point","coordinates":[41.089522,43.555033]}},{"type":"Feature","properties":{"id":"mount-0064","category":"ridge","name":"","elevation_m":2761,"main":false,"five_thousander":false},"geometry":{"type":"Point","coordinates":[41.07198,43.388287]}},{"type":"Feature","properties":{"id":"mount-0065","category":"rounded_mountain","name":"","elevation_m":2146,"main":false,"five_thousander":false},"geometry":{"type":"Point","coordinates":[40.770521,43.869227]}},{"type":"Feature","properties":{"id":"mount-0066","category":"rounded_hill","name":"","elevation_m":2272,"main":false,"five_thousander":false},"geometry":{"type":"Point","coordinates":[42.595561,43.597502]}},{"type":"Feature","properties":{"id":"mount-0067","category":"rocky_ridge","name":"","elevation_m":3145,"main":false,"five_thousander":false},"geometry":{"type":"Point","coordinates":[41.194257,43.586507]}},{"type":"Feature","properties":{"id":"mount-0068","category":"rocky_ridge","name":"","elevation_m":3146,"main":false,"five_thousander":false},"geometry":{"type":"Point","coordinates":[41.199245,43.583943]}},{"type":"Feature","properties":{"id":"mount-0069","category":"rocky_ridge","name":"","elevation_m":3035,"main":false,"five_thousander":false},"geometry":{"type":"Point","coordinates":[41.15736,43.594216]}},{"type":"Feature","properties":{"id":"mount-0070","category":"rounded_mountain","name":"","elevation_m":3040,"main":false,"five_thousander":false},"geometry":{"type":"Point","coordinates":[41.244961,43.59103]}},{"type":"Feature","properties":{"id":"mount-0071","category":"rounded_mountain","name":"","elevation_m":2231,"main":false,"five_thousander":false},"geometry":{"type":"Point","coordinates":[41.244586,43.547312]}},{"type":"Feature","properties":{"id":"mount-0072","category":"steep_mountain","name":"","elevation_m":2486,"main":false,"five_thousander":false},"geometry":{"type":"Point","coordinates":[41.299474,43.632635]}},{"type":"Feature","properties":{"id":"mount-0073","category":"ridge","name":"","elevation_m":3162,"main":false,"five_thousander":false},"geometry":{"type":"Point","coordinates":[41.24436,43.602141]}},{"type":"Feature","properties":{"id":"mount-0074","category":"rounded_mountain","name":"","elevation_m":3021,"main":false,"five_thousander":false},"geometry":{"type":"Point","coordinates":[41.130077,43.511016]}},{"type":"Feature","properties":{"id":"mount-0075","category":"rounded_mountain","name":"","elevation_m":2977,"main":false,"five_thousander":false},"geometry":{"type":"Point","coordinates":[41.123199,43.513919]}},{"type":"Feature","properties":{"id":"mount-0076","category":"steep_mountain","name":"","elevation_m":3158,"main":false,"five_thousander":false},"geometry":{"type":"Point","coordinates":[41.098276,43.490658]}},{"type":"Feature","properties":{"id":"mount-0077","category":"steep_mountain","name":"","elevation_m":3190,"main":false,"five_thousander":false},"geometry":{"type":"Point","coordinates":[41.090477,43.469374]}},{"type":"Feature","properties":{"id":"mount-0078","category":"rocky_peak","name":"","elevation_m":3083,"main":false,"five_thousander":false},"geometry":{"type":"Point","coordinates":[41.121655,43.444398]}},{"type":"Feature","properties":{"id":"mount-0079","category":"rounded_mountain","name":"","elevation_m":2758,"main":false,"five_thousander":false},"geometry":{"type":"Point","coordinates":[41.114756,43.462576]}},{"type":"Feature","properties":{"id":"mount-0080","category":"ridge","name":"","elevation_m":3000,"main":false,"five_thousander":false},"geometry":{"type":"Point","coordinates":[41.096077,43.506643]}},{"type":"Feature","properties":{"id":"mount-0081","category":"rocky_ridge","name":"","elevation_m":2904,"main":false,"five_thousander":false},"geometry":{"type":"Point","coordinates":[41.041864,43.52257]}},{"type":"Feature","properties":{"id":"mount-0082","category":"ridge","name":"","elevation_m":2729,"main":false,"five_thousander":false},"geometry":{"type":"Point","coordinates":[41.137748,43.480601]}},{"type":"Feature","properties":{"id":"mount-0083","category":"ridge","name":"","elevation_m":2401,"main":false,"five_thousander":false},"geometry":{"type":"Point","coordinates":[40.733174,43.496698]}},{"type":"Feature","properties":{"id":"mount-0084","category":"ridge","name":"","elevation_m":2259,"main":false,"five_thousander":false},"geometry":{"type":"Point","coordinates":[43.302462,43.405328]}},{"type":"Feature","properties":{"id":"mount-0085","category":"ridge","name":"","elevation_m":2491,"main":false,"five_thousander":false},"geometry":{"type":"Point","coordinates":[40.9021,43.669106]}},{"type":"Feature","properties":{"id":"mount-0086","category":"rounded_mountain","name":"","elevation_m":2899,"main":false,"five_thousander":false},"geometry":{"type":"Point","coordinates":[40.91638,43.680784]}},{"type":"Feature","properties":{"id":"mount-0087","category":"rounded_mountain","name":"","elevation_m":2903,"main":false,"five_thousander":false},"geometry":{"type":"Point","coordinates":[41.10628,43.614174]}},{"type":"Feature","properties":{"id":"mount-0088","category":"rounded_mountain","name":"","elevation_m":3002,"main":false,"five_thousander":false},"geometry":{"type":"Point","coordinates":[41.208075,43.579637]}},{"type":"Feature","properties":{"id":"mount-0089","category":"rounded_mountain","name":"","elevation_m":2964,"main":false,"five_thousander":false},"geometry":{"type":"Point","coordinates":[41.104875,43.631719]}},{"type":"Feature","properties":{"id":"mount-0090","category":"isolated_peak","name":"","elevation_m":2684,"main":false,"five_thousander":false},"geometry":{"type":"Point","coordinates":[41.198913,43.482407]}},{"type":"Feature","properties":{"id":"mount-0091","category":"ridge","name":"","elevation_m":2996,"main":false,"five_thousander":false},"geometry":{"type":"Point","coordinates":[41.1946,43.468525]}},{"type":"Feature","properties":{"id":"mount-0092","category":"rounded_mountain","name":"","elevation_m":2995,"main":false,"five_thousander":false},"geometry":{"type":"Point","coordinates":[43.648467,43.069852]}},{"type":"Feature","properties":{"id":"mount-0093","category":"rocky_ridge","name":"","elevation_m":3128,"main":false,"five_thousander":false},"geometry":{"type":"Point","coordinates":[43.63497,43.051689]}},{"type":"Feature","properties":{"id":"mount-0094","category":"ridge","name":"","elevation_m":2674,"main":false,"five_thousander":false},"geometry":{"type":"Point","coordinates":[40.993874,43.624955]}},{"type":"Feature","properties":{"id":"mount-0095","category":"ridge","name":"","elevation_m":2647,"main":false,"five_thousander":false},"geometry":{"type":"Point","coordinates":[40.999603,43.623627]}},{"type":"Feature","properties":{"id":"mount-0096","category":"rounded_mountain","name":"","elevation_m":2918,"main":false,"five_thousander":false},"geometry":{"type":"Point","coordinates":[41.276107,43.601613]}},{"type":"Feature","properties":{"id":"mount-0097","category":"rounded_mountain","name":"","elevation_m":2305,"main":false,"five_thousander":false},"geometry":{"type":"Point","coordinates":[40.982373,43.775223]}},{"type":"Feature","properties":{"id":"mount-0098","category":"rounded_mountain","name":"","elevation_m":2833,"main":false,"five_thousander":false},"geometry":{"type":"Point","coordinates":[41.047293,43.517428]}},{"type":"Feature","properties":{"id":"mount-0099","category":"ridge","name":"","elevation_m":2685,"main":false,"five_thousander":false},"geometry":{"type":"Point","coordinates":[41.049718,43.510285]}},{"type":"Feature","properties":{"id":"mount-0100","category":"rocky_peak","name":"","elevation_m":2843,"main":false,"five_thousander":false},"geometry":{"type":"Point","coordinates":[41.055007,43.504745]}},{"type":"Feature","properties":{"id":"mount-0101","category":"rounded_mountain","name":"","elevation_m":3154,"main":false,"five_thousander":false},"geometry":{"type":"Point","coordinates":[41.222945,43.445948]}},{"type":"Feature","properties":{"id":"mount-0102","category":"rocky_peak","name":"","elevation_m":2876,"main":false,"five_thousander":false},"geometry":{"type":"Point","coordinates":[41.239189,43.450201]}},{"type":"Feature","properties":{"id":"mount-0103","category":"ridge","name":"","elevation_m":3097,"main":false,"five_thousander":false},"geometry":{"type":"Point","coordinates":[41.215264,43.460146]}},{"type":"Feature","properties":{"id":"mount-0104","category":"rocky_peak","name":"","elevation_m":2837,"main":false,"five_thousander":false},"geometry":{"type":"Point","coordinates":[41.227773,43.462046]}},{"type":"Feature","properties":{"id":"mount-0105","category":"massif","name":"","elevation_m":2961,"main":false,"five_thousander":false},"geometry":{"type":"Point","coordinates":[41.196402,43.463689]}},{"type":"Feature","properties":{"id":"mount-0106","category":"rocky_peak","name":"","elevation_m":2793,"main":false,"five_thousander":false},"geometry":{"type":"Point","coordinates":[41.222302,43.475891]}},{"type":"Feature","properties":{"id":"mount-0107","category":"ridge","name":"","elevation_m":2638,"main":false,"five_thousander":false},"geometry":{"type":"Point","coordinates":[43.229849,43.244781]}},{"type":"Feature","properties":{"id":"mount-0108","category":"rocky_peak","name":"","elevation_m":2691,"main":false,"five_thousander":false},"geometry":{"type":"Point","coordinates":[43.109375,43.407464]}},{"type":"Feature","properties":{"id":"mount-0109","category":"rounded_mountain","name":"","elevation_m":2852,"main":false,"five_thousander":false},"geometry":{"type":"Point","coordinates":[40.92286,43.678728]}},{"type":"Feature","properties":{"id":"mount-0110","category":"rounded_mountain","name":"","elevation_m":3004,"main":false,"five_thousander":false},"geometry":{"type":"Point","coordinates":[43.095106,42.937747]}},{"type":"Feature","properties":{"id":"mount-0111","category":"rounded_mountain","name":"","elevation_m":2429,"main":false,"five_thousander":false},"geometry":{"type":"Point","coordinates":[40.757378,43.491179]}},{"type":"Feature","properties":{"id":"mount-0112","category":"plateau","name":"","elevation_m":1912,"main":false,"five_thousander":false},"geometry":{"type":"Point","coordinates":[41.012843,43.840315]}},{"type":"Feature","properties":{"id":"mount-0113","category":"rocky_ridge","name":"","elevation_m":3172,"main":false,"five_thousander":false},"geometry":{"type":"Point","coordinates":[40.760254,43.617724]}},{"type":"Feature","properties":{"id":"mount-0114","category":"rocky_peak","name":"","elevation_m":3163,"main":false,"five_thousander":false},"geometry":{"type":"Point","coordinates":[40.761015,43.625832]}},{"type":"Feature","properties":{"id":"mount-0115","category":"rocky_ridge","name":"","elevation_m":3190,"main":false,"five_thousander":false},"geometry":{"type":"Point","coordinates":[40.764921,43.625242]}},{"type":"Feature","properties":{"id":"mount-0116","category":"rocky_ridge","name":"","elevation_m":3103,"main":false,"five_thousander":false},"geometry":{"type":"Point","coordinates":[40.774212,43.62699]}},{"type":"Feature","properties":{"id":"mount-0117","category":"ridge","name":"","elevation_m":3149,"main":false,"five_thousander":false},"geometry":{"type":"Point","coordinates":[40.771873,43.63467]}},{"type":"Feature","properties":{"id":"mount-0118","category":"ridge","name":"","elevation_m":3072,"main":false,"five_thousander":false},"geometry":{"type":"Point","coordinates":[40.772206,43.658791]}},{"type":"Feature","properties":{"id":"mount-0119","category":"rounded_mountain","name":"","elevation_m":2917,"main":false,"five_thousander":false},"geometry":{"type":"Point","coordinates":[40.75829,43.649328]}},{"type":"Feature","properties":{"id":"mount-0120","category":"rocky_peak","name":"","elevation_m":3074,"main":false,"five_thousander":false},"geometry":{"type":"Point","coordinates":[40.778825,43.649732]}},{"type":"Feature","properties":{"id":"mount-0121","category":"rounded_mountain","name":"","elevation_m":3101,"main":false,"five_thousander":false},"geometry":{"type":"Point","coordinates":[40.754932,43.611844]}},{"type":"Feature","properties":{"id":"mount-0122","category":"rocky_ridge","name":"","elevation_m":2878,"main":false,"five_thousander":false},"geometry":{"type":"Point","coordinates":[40.765532,43.595428]}},{"type":"Feature","properties":{"id":"mount-0123","category":"steep_mountain","name":"","elevation_m":2605,"main":false,"five_thousander":false},"geometry":{"type":"Point","coordinates":[40.773954,43.667996]}},{"type":"Feature","properties":{"id":"mount-0124","category":"rounded_mountain","name":"","elevation_m":2470,"main":false,"five_thousander":false},"geometry":{"type":"Point","coordinates":[40.778471,43.674189]}},{"type":"Feature","properties":{"id":"mount-0125","category":"steep_mountain","name":"","elevation_m":3027,"main":false,"five_thousander":false},"geometry":{"type":"Point","coordinates":[41.668997,43.432868]}},{"type":"Feature","properties":{"id":"mount-0126","category":"ridge","name":"","elevation_m":3124,"main":false,"five_thousander":false},"geometry":{"type":"Point","coordinates":[41.675938,43.440059]}},{"type":"Feature","properties":{"id":"mount-0127","category":"rounded_mountain","name":"","elevation_m":3034,"main":false,"five_thousander":false},"geometry":{"type":"Point","coordinates":[41.623238,43.460263]}},{"type":"Feature","properties":{"id":"mount-0128","category":"rocky_peak","name":"","elevation_m":2819,"main":false,"five_thousander":false},"geometry":{"type":"Point","coordinates":[41.599045,43.523255]}},{"type":"Feature","properties":{"id":"mount-0129","category":"steep_mountain","name":"","elevation_m":2845,"main":false,"five_thousander":false},"geometry":{"type":"Point","coordinates":[41.55805,43.431801]}},{"type":"Feature","properties":{"id":"mount-0130","category":"rounded_mountain","name":"","elevation_m":2977,"main":false,"five_thousander":false},"geometry":{"type":"Point","coordinates":[41.615235,43.488299]}},{"type":"Feature","properties":{"id":"mount-0131","category":"ridge","name":"","elevation_m":2988,"main":false,"five_thousander":false},"geometry":{"type":"Point","coordinates":[41.619698,43.48914]}},{"type":"Feature","properties":{"id":"mount-0132","category":"ridge","name":"","elevation_m":2590,"main":false,"five_thousander":false},"geometry":{"type":"Point","coordinates":[41.707213,43.49051]}},{"type":"Feature","properties":{"id":"mount-0133","category":"rounded_mountain","name":"","elevation_m":3019,"main":false,"five_thousander":false},"geometry":{"type":"Point","coordinates":[41.678749,43.547701]}},{"type":"Feature","properties":{"id":"mount-0134","category":"rocky_peak","name":"","elevation_m":2147,"main":false,"five_thousander":false},"geometry":{"type":"Point","coordinates":[40.774995,43.574997]}},{"type":"Feature","properties":{"id":"mount-0135","category":"rocky_peak","name":"","elevation_m":2708,"main":false,"five_thousander":false},"geometry":{"type":"Point","coordinates":[40.76108,43.568934]}},{"type":"Feature","properties":{"id":"mount-0136","category":"rounded_mountain","name":"","elevation_m":2381,"main":false,"five_thousander":false},"geometry":{"type":"Point","coordinates":[40.897411,43.524912]}},{"type":"Feature","properties":{"id":"mount-0137","category":"rounded_mountain","name":"","elevation_m":2660,"main":false,"five_thousander":false},"geometry":{"type":"Point","coordinates":[40.926014,43.524795]}},{"type":"Feature","properties":{"id":"mount-0138","category":"rocky_peak","name":"","elevation_m":2734,"main":false,"five_thousander":false},"geometry":{"type":"Point","coordinates":[40.934308,43.528817]}},{"type":"Feature","properties":{"id":"mount-0139","category":"rounded_mountain","name":"","elevation_m":2715,"main":false,"five_thousander":false},"geometry":{"type":"Point","coordinates":[40.910028,43.529081]}},{"type":"Feature","properties":{"id":"mount-0140","category":"steep_mountain","name":"","elevation_m":2330,"main":false,"five_thousander":false},"geometry":{"type":"Point","coordinates":[40.862135,43.504807]}},{"type":"Feature","properties":{"id":"mount-0141","category":"ridge","name":"","elevation_m":2395,"main":false,"five_thousander":false},"geometry":{"type":"Point","coordinates":[40.877734,43.501079]}},{"type":"Feature","properties":{"id":"mount-0142","category":"rounded_mountain","name":"","elevation_m":2374,"main":false,"five_thousander":false},"geometry":{"type":"Point","coordinates":[40.928932,43.562287]}},{"type":"Feature","properties":{"id":"mount-0143","category":"rounded_mountain","name":"","elevation_m":2513,"main":false,"five_thousander":false},"geometry":{"type":"Point","coordinates":[40.935069,43.556674]}},{"type":"Feature","properties":{"id":"mount-0144","category":"rounded_mountain","name":"","elevation_m":2578,"main":false,"five_thousander":false},"geometry":{"type":"Point","coordinates":[40.935692,43.552172]}},{"type":"Feature","properties":{"id":"mount-0145","category":"ridge","name":"","elevation_m":2817,"main":false,"five_thousander":false},"geometry":{"type":"Point","coordinates":[40.942655,43.540507]}},{"type":"Feature","properties":{"id":"mount-0146","category":"rounded_mountain","name":"","elevation_m":2681,"main":false,"five_thousander":false},"geometry":{"type":"Point","coordinates":[40.938417,43.536649]}},{"type":"Feature","properties":{"id":"mount-0147","category":"rocky_ridge","name":"","elevation_m":2796,"main":false,"five_thousander":false},"geometry":{"type":"Point","coordinates":[40.849228,43.560825]}},{"type":"Feature","properties":{"id":"mount-0148","category":"rounded_mountain","name":"","elevation_m":2680,"main":false,"five_thousander":false},"geometry":{"type":"Point","coordinates":[40.841535,43.553253]}},{"type":"Feature","properties":{"id":"mount-0149","category":"rocky_ridge","name":"","elevation_m":2659,"main":false,"five_thousander":false},"geometry":{"type":"Point","coordinates":[40.820711,43.521458]}},{"type":"Feature","properties":{"id":"mount-0150","category":"steep_mountain","name":"","elevation_m":2403,"main":false,"five_thousander":false},"geometry":{"type":"Point","coordinates":[40.846696,43.525596]}},{"type":"Feature","properties":{"id":"mount-0151","category":"rounded_mountain","name":"","elevation_m":2734,"main":false,"five_thousander":false},"geometry":{"type":"Point","coordinates":[40.809789,43.527907]}},{"type":"Feature","properties":{"id":"mount-0152","category":"ridge","name":"","elevation_m":2663,"main":false,"five_thousander":false},"geometry":{"type":"Point","coordinates":[40.809628,43.567255]}},{"type":"Feature","properties":{"id":"mount-0153","category":"ridge","name":"","elevation_m":2499,"main":false,"five_thousander":false},"geometry":{"type":"Point","coordinates":[40.9311,43.499616]}},{"type":"Feature","properties":{"id":"mount-0154","category":"ridge","name":"","elevation_m":2461,"main":false,"five_thousander":false},"geometry":{"type":"Point","coordinates":[40.919588,43.499344]}},{"type":"Feature","properties":{"id":"mount-0155","category":"ridge","name":"","elevation_m":2534,"main":false,"five_thousander":false},"geometry":{"type":"Point","coordinates":[40.900426,43.500838]}},{"type":"Feature","properties":{"id":"mount-0156","category":"rounded_hill","name":"","elevation_m":2458,"main":false,"five_thousander":false},"geometry":{"type":"Point","coordinates":[40.898677,43.512868]}},{"type":"Feature","properties":{"id":"mount-0157","category":"rounded_hill","name":"","elevation_m":2552,"main":false,"five_thousander":false},"geometry":{"type":"Point","coordinates":[40.906938,43.509258]}},{"type":"Feature","properties":{"id":"mount-0158","category":"ridge","name":"","elevation_m":2449,"main":false,"five_thousander":false},"geometry":{"type":"Point","coordinates":[40.883893,43.516984]}},{"type":"Feature","properties":{"id":"mount-0159","category":"rounded_mountain","name":"","elevation_m":2576,"main":false,"five_thousander":false},"geometry":{"type":"Point","coordinates":[40.903709,43.491919]}},{"type":"Feature","properties":{"id":"mount-0160","category":"rounded_mountain","name":"","elevation_m":2530,"main":false,"five_thousander":false},"geometry":{"type":"Point","coordinates":[40.892036,43.458371]}},{"type":"Feature","properties":{"id":"mount-0161","category":"ridge","name":"","elevation_m":2551,"main":false,"five_thousander":false},"geometry":{"type":"Point","coordinates":[40.903355,43.45436]}},{"type":"Feature","properties":{"id":"mount-0162","category":"rounded_mountain","name":"","elevation_m":2752,"main":false,"five_thousander":false},"geometry":{"type":"Point","coordinates":[40.941142,43.465426]}},{"type":"Feature","properties":{"id":"mount-0163","category":"rounded_mountain","name":"","elevation_m":2717,"main":false,"five_thousander":false},"geometry":{"type":"Point","coordinates":[40.941947,43.470448]}},{"type":"Feature","properties":{"id":"mount-0164","category":"steep_mountain","name":"","elevation_m":2422,"main":false,"five_thousander":false},"geometry":{"type":"Point","coordinates":[40.926046,43.475478]}},{"type":"Feature","properties":{"id":"mount-0165","category":"ridge","name":"","elevation_m":2698,"main":false,"five_thousander":false},"geometry":{"type":"Point","coordinates":[40.984164,43.49139]}},{"type":"Feature","properties":{"id":"mount-0166","category":"rounded_mountain","name":"","elevation_m":2725,"main":false,"five_thousander":false},"geometry":{"type":"Point","coordinates":[40.9916,43.485256]}},{"type":"Feature","properties":{"id":"mount-0167","category":"rounded_mountain","name":"","elevation_m":2431,"main":false,"five_thousander":false},"geometry":{"type":"Point","coordinates":[41.008605,43.484742]}},{"type":"Feature","properties":{"id":"mount-0168","category":"rocky_ridge","name":"","elevation_m":2954,"main":false,"five_thousander":false},"geometry":{"type":"Point","coordinates":[40.983371,43.474801]}},{"type":"Feature","properties":{"id":"mount-0169","category":"rocky_peak","name":"","elevation_m":2615,"main":false,"five_thousander":false},"geometry":{"type":"Point","coordinates":[40.975989,43.482181]}},{"type":"Feature","properties":{"id":"mount-0170","category":"isolated_peak","name":"","elevation_m":2723,"main":false,"five_thousander":false},"geometry":{"type":"Point","coordinates":[41.139936,43.479698]}},{"type":"Feature","properties":{"id":"mount-0171","category":"rounded_mountain","name":"","elevation_m":2508,"main":false,"five_thousander":false},"geometry":{"type":"Point","coordinates":[41.14029,43.528272]}},{"type":"Feature","properties":{"id":"mount-0172","category":"ridge","name":"","elevation_m":3113,"main":false,"five_thousander":false},"geometry":{"type":"Point","coordinates":[41.130044,43.497865]}},{"type":"Feature","properties":{"id":"mount-0173","category":"rounded_mountain","name":"","elevation_m":2651,"main":false,"five_thousander":false},"geometry":{"type":"Point","coordinates":[41.14764,43.501461]}},{"type":"Feature","properties":{"id":"mount-0174","category":"rounded_mountain","name":"","elevation_m":3051,"main":false,"five_thousander":false},"geometry":{"type":"Point","coordinates":[41.105025,43.476428]}},{"type":"Feature","properties":{"id":"mount-0175","category":"steep_mountain","name":"","elevation_m":2604,"main":false,"five_thousander":false},"geometry":{"type":"Point","coordinates":[41.067603,43.475026]}},{"type":"Feature","properties":{"id":"mount-0176","category":"rocky_ridge","name":"","elevation_m":2955,"main":false,"five_thousander":false},"geometry":{"type":"Point","coordinates":[41.075156,43.478647]}},{"type":"Feature","properties":{"id":"mount-0177","category":"rocky_ridge","name":"","elevation_m":3009,"main":false,"five_thousander":false},"geometry":{"type":"Point","coordinates":[41.099381,43.464834]}},{"type":"Feature","properties":{"id":"mount-0178","category":"rounded_mountain","name":"","elevation_m":2969,"main":false,"five_thousander":false},"geometry":{"type":"Point","coordinates":[41.095862,43.459103]}},{"type":"Feature","properties":{"id":"mount-0179","category":"rocky_peak","name":"","elevation_m":3018,"main":false,"five_thousander":false},"geometry":{"type":"Point","coordinates":[41.031489,43.537241]}},{"type":"Feature","properties":{"id":"mount-0180","category":"rocky_peak","name":"","elevation_m":2839,"main":false,"five_thousander":false},"geometry":{"type":"Point","coordinates":[41.037873,43.53815]}},{"type":"Feature","properties":{"id":"mount-0181","category":"rounded_mountain","name":"","elevation_m":2573,"main":false,"five_thousander":false},"geometry":{"type":"Point","coordinates":[41.006802,43.562637]}},{"type":"Feature","properties":{"id":"mount-0182","category":"rounded_mountain","name":"","elevation_m":2776,"main":false,"five_thousander":false},"geometry":{"type":"Point","coordinates":[41.014903,43.555671]}},{"type":"Feature","properties":{"id":"mount-0183","category":"steep_mountain","name":"","elevation_m":3015,"main":false,"five_thousander":false},"geometry":{"type":"Point","coordinates":[41.023486,43.550547]}},{"type":"Feature","properties":{"id":"mount-0184","category":"ridge","name":"","elevation_m":2979,"main":false,"five_thousander":false},"geometry":{"type":"Point","coordinates":[41.026468,43.542801]}},{"type":"Feature","properties":{"id":"mount-0185","category":"ridge","name":"","elevation_m":2828,"main":false,"five_thousander":false},"geometry":{"type":"Point","coordinates":[40.855708,43.572665]}},{"type":"Feature","properties":{"id":"mount-0186","category":"rocky_peak","name":"","elevation_m":2988,"main":false,"five_thousander":false},"geometry":{"type":"Point","coordinates":[41.000665,43.465247]}},{"type":"Feature","properties":{"id":"mount-0187","category":"rounded_mountain","name":"","elevation_m":2941,"main":false,"five_thousander":false},"geometry":{"type":"Point","coordinates":[41.251506,43.61471]}},{"type":"Feature","properties":{"id":"mount-0188","category":"rounded_mountain","name":"","elevation_m":2668,"main":false,"five_thousander":false},"geometry":{"type":"Point","coordinates":[41.252568,43.627984]}},{"type":"Feature","properties":{"id":"mount-0189","category":"steep_mountain","name":"","elevation_m":2812,"main":false,"five_thousander":false},"geometry":{"type":"Point","coordinates":[41.774397,43.434379]}},{"type":"Feature","properties":{"id":"mount-0190","category":"rocky_peak","name":"","elevation_m":3193,"main":false,"five_thousander":false},"geometry":{"type":"Point","coordinates":[41.950017,43.38286]}},{"type":"Feature","properties":{"id":"mount-0191","category":"rocky_peak","name":"","elevation_m":2945,"main":false,"five_thousander":false},"geometry":{"type":"Point","coordinates":[41.959941,43.400519]}},{"type":"Feature","properties":{"id":"mount-0192","category":"rocky_peak","name":"","elevation_m":3050,"main":false,"five_thousander":false},"geometry":{"type":"Point","coordinates":[41.815714,43.488891]}},{"type":"Feature","properties":{"id":"mount-0193","category":"isolated_peak","name":"","elevation_m":2779,"main":false,"five_thousander":false},"geometry":{"type":"Point","coordinates":[41.708575,43.517381]}},{"type":"Feature","properties":{"id":"mount-0194","category":"ridge","name":"","elevation_m":1869,"main":false,"five_thousander":false},"geometry":{"type":"Point","coordinates":[41.967269,43.573551]}},{"type":"Feature","properties":{"id":"mount-0195","category":"rounded_hill","name":"","elevation_m":2452,"main":false,"five_thousander":false},"geometry":{"type":"Point","coordinates":[41.727179,43.570302]}},{"type":"Feature","properties":{"id":"mount-0196","category":"rounded_mountain","name":"","elevation_m":2547,"main":false,"five_thousander":false},"geometry":{"type":"Point","coordinates":[40.737627,43.753241]}},{"type":"Feature","properties":{"id":"mount-0197","category":"rocky_peak","name":"","elevation_m":2763,"main":false,"five_thousander":false},"geometry":{"type":"Point","coordinates":[41.311018,43.535265]}},{"type":"Feature","properties":{"id":"mount-0198","category":"rounded_mountain","name":"","elevation_m":1848,"main":false,"five_thousander":false},"geometry":{"type":"Point","coordinates":[41.902092,43.582085]}},{"type":"Feature","properties":{"id":"mount-0199","category":"steep_mountain","name":"","elevation_m":2153,"main":false,"five_thousander":false},"geometry":{"type":"Point","coordinates":[41.808289,43.522788]}},{"type":"Feature","properties":{"id":"mount-0200","category":"isolated_peak","name":"","elevation_m":2729,"main":false,"five_thousander":false},"geometry":{"type":"Point","coordinates":[41.813257,43.509095]}},{"type":"Feature","properties":{"id":"mount-0201","category":"steep_mountain","name":"","elevation_m":3178,"main":false,"five_thousander":false},"geometry":{"type":"Point","coordinates":[41.922809,43.412561]}},{"type":"Feature","properties":{"id":"mount-0202","category":"ridge","name":"","elevation_m":3046,"main":false,"five_thousander":false},"geometry":{"type":"Point","coordinates":[41.642497,43.454227]}},{"type":"Feature","properties":{"id":"mount-0203","category":"ridge","name":"","elevation_m":3094,"main":false,"five_thousander":false},"geometry":{"type":"Point","coordinates":[41.616018,43.354416]}},{"type":"Feature","properties":{"id":"mount-0204","category":"ridge","name":"","elevation_m":2614,"main":false,"five_thousander":false},"geometry":{"type":"Point","coordinates":[40.869827,43.58151]}},{"type":"Feature","properties":{"id":"mount-0205","category":"steep_mountain","name":"","elevation_m":3133,"main":false,"five_thousander":false},"geometry":{"type":"Point","coordinates":[41.461726,43.482632]}},{"type":"Feature","properties":{"id":"mount-0206","category":"ridge","name":"","elevation_m":3100,"main":false,"five_thousander":false},"geometry":{"type":"Point","coordinates":[41.460021,43.489436]}},{"type":"Feature","properties":{"id":"mount-0207","category":"steep_mountain","name":"","elevation_m":3066,"main":false,"five_thousander":false},"geometry":{"type":"Point","coordinates":[41.467777,43.504231]}},{"type":"Feature","properties":{"id":"mount-0208","category":"ridge","name":"","elevation_m":3022,"main":false,"five_thousander":false},"geometry":{"type":"Point","coordinates":[41.478764,43.504916]}},{"type":"Feature","properties":{"id":"mount-0209","category":"ridge","name":"","elevation_m":2795,"main":false,"five_thousander":false},"geometry":{"type":"Point","coordinates":[41.556655,43.475501]}},{"type":"Feature","properties":{"id":"mount-0210","category":"rocky_peak","name":"","elevation_m":2730,"main":false,"five_thousander":false},"geometry":{"type":"Point","coordinates":[41.567223,43.501593]}},{"type":"Feature","properties":{"id":"mount-0211","category":"rocky_peak","name":"","elevation_m":2622,"main":false,"five_thousander":false},"geometry":{"type":"Point","coordinates":[41.568639,43.507779]}},{"type":"Feature","properties":{"id":"mount-0212","category":"isolated_peak","name":"","elevation_m":2865,"main":false,"five_thousander":false},"geometry":{"type":"Point","coordinates":[41.508032,43.445036]}},{"type":"Feature","properties":{"id":"mount-0213","category":"ridge","name":"","elevation_m":2995,"main":false,"five_thousander":false},"geometry":{"type":"Point","coordinates":[41.531818,43.451517]}},{"type":"Feature","properties":{"id":"mount-0214","category":"steep_mountain","name":"","elevation_m":3170,"main":false,"five_thousander":false},"geometry":{"type":"Point","coordinates":[41.530874,43.425598]}},{"type":"Feature","properties":{"id":"mount-0215","category":"rounded_mountain","name":"","elevation_m":3072,"main":false,"five_thousander":false},"geometry":{"type":"Point","coordinates":[41.52552,43.421967]}},{"type":"Feature","properties":{"id":"mount-0216","category":"rounded_hill","name":"","elevation_m":2957,"main":false,"five_thousander":false},"geometry":{"type":"Point","coordinates":[41.493334,43.519995]}},{"type":"Feature","properties":{"id":"mount-0217","category":"rounded_mountain","name":"","elevation_m":3089,"main":false,"five_thousander":false},"geometry":{"type":"Point","coordinates":[41.507549,43.541363]}},{"type":"Feature","properties":{"id":"mount-0218","category":"ridge","name":"","elevation_m":2905,"main":false,"five_thousander":false},"geometry":{"type":"Point","coordinates":[41.533813,43.565451]}},{"type":"Feature","properties":{"id":"mount-0219","category":"rounded_mountain","name":"","elevation_m":2807,"main":false,"five_thousander":false},"geometry":{"type":"Point","coordinates":[41.415356,43.528459]}},{"type":"Feature","properties":{"id":"mount-0220","category":"rounded_mountain","name":"","elevation_m":2965,"main":false,"five_thousander":false},"geometry":{"type":"Point","coordinates":[41.428982,43.552164]}},{"type":"Feature","properties":{"id":"mount-0221","category":"rounded_mountain","name":"","elevation_m":2790,"main":false,"five_thousander":false},"geometry":{"type":"Point","coordinates":[41.423993,43.559294]}},{"type":"Feature","properties":{"id":"mount-0222","category":"rocky_ridge","name":"","elevation_m":2906,"main":false,"five_thousander":false},"geometry":{"type":"Point","coordinates":[41.327176,43.531874]}},{"type":"Feature","properties":{"id":"mount-0223","category":"ridge","name":"","elevation_m":2990,"main":false,"five_thousander":false},"geometry":{"type":"Point","coordinates":[41.343151,43.521115]}},{"type":"Feature","properties":{"id":"mount-0224","category":"rounded_mountain","name":"","elevation_m":3084,"main":false,"five_thousander":false},"geometry":{"type":"Point","coordinates":[41.36889,43.513709]}},{"type":"Feature","properties":{"id":"mount-0225","category":"steep_mountain","name":"","elevation_m":2998,"main":false,"five_thousander":false},"geometry":{"type":"Point","coordinates":[41.369458,43.517614]}},{"type":"Feature","properties":{"id":"mount-0226","category":"rounded_mountain","name":"","elevation_m":2797,"main":false,"five_thousander":false},"geometry":{"type":"Point","coordinates":[40.944489,43.671178]}},{"type":"Feature","properties":{"id":"mount-0227","category":"ridge","name":"","elevation_m":2704,"main":false,"five_thousander":false},"geometry":{"type":"Point","coordinates":[40.974391,43.632612]}},{"type":"Feature","properties":{"id":"mount-0228","category":"rounded_mountain","name":"","elevation_m":2681,"main":false,"five_thousander":false},"geometry":{"type":"Point","coordinates":[40.974112,43.627261]}},{"type":"Feature","properties":{"id":"mount-0229","category":"ridge","name":"","elevation_m":2609,"main":false,"five_thousander":false},"geometry":{"type":"Point","coordinates":[40.944393,43.64613]}},{"type":"Feature","properties":{"id":"mount-0230","category":"rounded_mountain","name":"","elevation_m":2795,"main":false,"five_thousander":false},"geometry":{"type":"Point","coordinates":[41.047926,43.609389]}},{"type":"Feature","properties":{"id":"mount-0231","category":"rocky_ridge","name":"","elevation_m":2743,"main":false,"five_thousander":false},"geometry":{"type":"Point","coordinates":[41.062131,43.607097]}},{"type":"Feature","properties":{"id":"mount-0232","category":"rounded_mountain","name":"","elevation_m":2775,"main":false,"five_thousander":false},"geometry":{"type":"Point","coordinates":[41.028571,43.619386]}},{"type":"Feature","properties":{"id":"mount-0233","category":"rounded_mountain","name":"","elevation_m":3085,"main":false,"five_thousander":false},"geometry":{"type":"Point","coordinates":[41.205329,43.591745]}},{"type":"Feature","properties":{"id":"mount-0234","category":"rounded_mountain","name":"","elevation_m":2626,"main":false,"five_thousander":false},"geometry":{"type":"Point","coordinates":[41.210285,43.610088]}},{"type":"Feature","properties":{"id":"mount-0235","category":"steep_mountain","name":"","elevation_m":2759,"main":false,"five_thousander":false},"geometry":{"type":"Point","coordinates":[41.195287,43.617235]}},{"type":"Feature","properties":{"id":"mount-0236","category":"ridge","name":"","elevation_m":2941,"main":false,"five_thousander":false},"geometry":{"type":"Point","coordinates":[41.189235,43.61057]}},{"type":"Feature","properties":{"id":"mount-0237","category":"steep_mountain","name":"","elevation_m":2643,"main":false,"five_thousander":false},"geometry":{"type":"Point","coordinates":[41.130323,43.627432]}},{"type":"Feature","properties":{"id":"mount-0238","category":"rounded_mountain","name":"","elevation_m":2965,"main":false,"five_thousander":false},"geometry":{"type":"Point","coordinates":[41.115818,43.61071]}},{"type":"Feature","properties":{"id":"mount-0239","category":"steep_mountain","name":"","elevation_m":3071,"main":false,"five_thousander":false},"geometry":{"type":"Point","coordinates":[41.126761,43.605404]}},{"type":"Feature","properties":{"id":"mount-0240","category":"steep_mountain","name":"","elevation_m":3064,"main":false,"five_thousander":false},"geometry":{"type":"Point","coordinates":[41.121805,43.607843]}},{"type":"Feature","properties":{"id":"mount-0241","category":"rocky_peak","name":"","elevation_m":2580,"main":false,"five_thousander":false},"geometry":{"type":"Point","coordinates":[41.006491,43.66181]}},{"type":"Feature","properties":{"id":"mount-0242","category":"rounded_mountain","name":"","elevation_m":2853,"main":false,"five_thousander":false},"geometry":{"type":"Point","coordinates":[40.976826,43.655407]}},{"type":"Feature","properties":{"id":"mount-0243","category":"rocky_peak","name":"","elevation_m":3032,"main":false,"five_thousander":false},"geometry":{"type":"Point","coordinates":[40.986149,43.671356]}},{"type":"Feature","properties":{"id":"mount-0244","category":"rocky_peak","name":"","elevation_m":2628,"main":false,"five_thousander":false},"geometry":{"type":"Point","coordinates":[41.004131,43.677091]}},{"type":"Feature","properties":{"id":"mount-0245","category":"rocky_peak","name":"","elevation_m":3093,"main":false,"five_thousander":false},"geometry":{"type":"Point","coordinates":[40.976515,43.685641]}},{"type":"Feature","properties":{"id":"mount-0246","category":"steep_mountain","name":"","elevation_m":3061,"main":false,"five_thousander":false},"geometry":{"type":"Point","coordinates":[40.917152,43.686758]}},{"type":"Feature","properties":{"id":"mount-0247","category":"rounded_hill","name":"","elevation_m":2827,"main":false,"five_thousander":false},"geometry":{"type":"Point","coordinates":[40.912946,43.699946]}},{"type":"Feature","properties":{"id":"mount-0248","category":"rounded_mountain","name":"","elevation_m":2894,"main":false,"five_thousander":false},"geometry":{"type":"Point","coordinates":[40.917882,43.707276]}},{"type":"Feature","properties":{"id":"mount-0249","category":"rounded_mountain","name":"","elevation_m":2825,"main":false,"five_thousander":false},"geometry":{"type":"Point","coordinates":[40.929909,43.710347]}},{"type":"Feature","properties":{"id":"mount-0250","category":"rounded_mountain","name":"","elevation_m":2794,"main":false,"five_thousander":false},"geometry":{"type":"Point","coordinates":[40.905318,43.701839]}},{"type":"Feature","properties":{"id":"mount-0251","category":"ridge","name":"","elevation_m":2803,"main":false,"five_thousander":false},"geometry":{"type":"Point","coordinates":[40.916766,43.695393]}},{"type":"Feature","properties":{"id":"mount-0252","category":"ridge","name":"","elevation_m":2698,"main":false,"five_thousander":false},"geometry":{"type":"Point","coordinates":[40.896789,43.689435]}},{"type":"Feature","properties":{"id":"mount-0253","category":"rounded_mountain","name":"","elevation_m":2772,"main":false,"five_thousander":false},"geometry":{"type":"Point","coordinates":[40.963018,43.660646]}},{"type":"Feature","properties":{"id":"mount-0254","category":"rocky_ridge","name":"","elevation_m":3005,"main":false,"five_thousander":false},"geometry":{"type":"Point","coordinates":[41.631092,43.351131]}},{"type":"Feature","properties":{"id":"mount-0255","category":"ridge","name":"","elevation_m":3184,"main":false,"five_thousander":false},"geometry":{"type":"Point","coordinates":[41.624794,43.453947]}},{"type":"Feature","properties":{"id":"mount-0256","category":"ridge","name":"","elevation_m":2379,"main":false,"five_thousander":false},"geometry":{"type":"Point","coordinates":[40.844496,43.628853]}},{"type":"Feature","properties":{"id":"mount-0257","category":"ridge","name":"","elevation_m":2639,"main":false,"five_thousander":false},"geometry":{"type":"Point","coordinates":[40.845194,43.487474]}},{"type":"Feature","properties":{"id":"mount-0258","category":"plateau","name":"","elevation_m":2306,"main":false,"five_thousander":false},"geometry":{"type":"Point","coordinates":[42.233999,43.775812]}},{"type":"Feature","properties":{"id":"mount-0259","category":"rounded_mountain","name":"","elevation_m":3005,"main":false,"five_thousander":false},"geometry":{"type":"Point","coordinates":[41.16855,43.626143]}},{"type":"Feature","properties":{"id":"mount-0260","category":"rounded_mountain","name":"","elevation_m":2975,"main":false,"five_thousander":false},"geometry":{"type":"Point","coordinates":[41.175964,43.629016]}},{"type":"Feature","properties":{"id":"mount-0261","category":"ridge","name":"","elevation_m":3067,"main":false,"five_thousander":false},"geometry":{"type":"Point","coordinates":[41.190909,43.63762]}},{"type":"Feature","properties":{"id":"mount-0262","category":"ridge","name":"","elevation_m":2756,"main":false,"five_thousander":false},"geometry":{"type":"Point","coordinates":[42.227046,43.43607]}},{"type":"Feature","properties":{"id":"mount-0263","category":"isolated_peak","name":"","elevation_m":2100,"main":false,"five_thousander":false},"geometry":{"type":"Point","coordinates":[42.178853,43.420136]}},{"type":"Feature","properties":{"id":"mount-0264","category":"plateau","name":"","elevation_m":2959,"main":false,"five_thousander":false},"geometry":{"type":"Point","coordinates":[42.587503,43.431115]}},{"type":"Feature","properties":{"id":"mount-0265","category":"rounded_hill","name":"","elevation_m":3177,"main":false,"five_thousander":false},"geometry":{"type":"Point","coordinates":[42.503786,43.406279]}},{"type":"Feature","properties":{"id":"mount-0266","category":"steep_mountain","name":"","elevation_m":3140,"main":false,"five_thousander":false},"geometry":{"type":"Point","coordinates":[42.273631,43.297526]}},{"type":"Feature","properties":{"id":"mount-0267","category":"rocky_peak","name":"","elevation_m":3138,"main":false,"five_thousander":false},"geometry":{"type":"Point","coordinates":[42.274661,43.300408]}},{"type":"Feature","properties":{"id":"mount-0268","category":"rounded_mountain","name":"","elevation_m":3038,"main":false,"five_thousander":false},"geometry":{"type":"Point","coordinates":[42.16733,43.464133]}},{"type":"Feature","properties":{"id":"mount-0269","category":"ridge","name":"","elevation_m":3191,"main":false,"five_thousander":false},"geometry":{"type":"Point","coordinates":[42.266014,43.453519]}},{"type":"Feature","properties":{"id":"mount-0270","category":"isolated_peak","name":"","elevation_m":3149,"main":false,"five_thousander":false},"geometry":{"type":"Point","coordinates":[42.191995,43.46534]}},{"type":"Feature","properties":{"id":"mount-0271","category":"rounded_mountain","name":"","elevation_m":2531,"main":false,"five_thousander":false},"geometry":{"type":"Point","coordinates":[42.325591,43.490043]}},{"type":"Feature","properties":{"id":"mount-0272","category":"plateau","name":"","elevation_m":2480,"main":false,"five_thousander":false},"geometry":{"type":"Point","coordinates":[42.403772,43.494884]}},{"type":"Feature","properties":{"id":"mount-0273","category":"rocky_ridge","name":"","elevation_m":2179,"main":false,"five_thousander":false},"geometry":{"type":"Point","coordinates":[40.801066,43.714682]}},{"type":"Feature","properties":{"id":"mount-0274","category":"steep_mountain","name":"","elevation_m":2173,"main":false,"five_thousander":false},"geometry":{"type":"Point","coordinates":[40.77183,43.729018]}},{"type":"Feature","properties":{"id":"mount-0275","category":"plateau","name":"","elevation_m":1961,"main":false,"five_thousander":false},"geometry":{"type":"Point","coordinates":[40.863047,43.711882]}},{"type":"Feature","properties":{"id":"mount-0276","category":"steep_mountain","name":"","elevation_m":1990,"main":false,"five_thousander":false},"geometry":{"type":"Point","coordinates":[40.877177,43.67557]}},{"type":"Feature","properties":{"id":"mount-0277","category":"rounded_mountain","name":"","elevation_m":2085,"main":false,"five_thousander":false},"geometry":{"type":"Point","coordinates":[40.853208,43.692251]}},{"type":"Feature","properties":{"id":"mount-0278","category":"rounded_mountain","name":"","elevation_m":2241,"main":false,"five_thousander":false},"geometry":{"type":"Point","coordinates":[40.789844,43.721203]}},{"type":"Feature","properties":{"id":"mount-0279","category":"rounded_mountain","name":"","elevation_m":2311,"main":false,"five_thousander":false},"geometry":{"type":"Point","coordinates":[40.876082,43.70076]}},{"type":"Feature","properties":{"id":"mount-0280","category":"rounded_mountain","name":"","elevation_m":2427,"main":false,"five_thousander":false},"geometry":{"type":"Point","coordinates":[40.793524,43.736499]}},{"type":"Feature","properties":{"id":"mount-0281","category":"ridge","name":"","elevation_m":2653,"main":false,"five_thousander":false},"geometry":{"type":"Point","coordinates":[40.79317,43.731887]}},{"type":"Feature","properties":{"id":"mount-0282","category":"rounded_mountain","name":"","elevation_m":2848,"main":false,"five_thousander":false},"geometry":{"type":"Point","coordinates":[40.778568,43.744755]}},{"type":"Feature","properties":{"id":"mount-0283","category":"plateau","name":"","elevation_m":2477,"main":false,"five_thousander":false},"geometry":{"type":"Point","coordinates":[40.911498,43.671868]}},{"type":"Feature","properties":{"id":"mount-0284","category":"rocky_ridge","name":"","elevation_m":3114,"main":false,"five_thousander":false},"geometry":{"type":"Point","coordinates":[40.721844,43.623262]}},{"type":"Feature","properties":{"id":"mount-0285","category":"rocky_ridge","name":"","elevation_m":3136,"main":false,"five_thousander":false},"geometry":{"type":"Point","coordinates":[40.737187,43.610034]}},{"type":"Feature","properties":{"id":"mount-0286","category":"rounded_mountain","name":"","elevation_m":2758,"main":false,"five_thousander":false},"geometry":{"type":"Point","coordinates":[40.753881,43.597293]}},{"type":"Feature","properties":{"id":"mount-0287","category":"rocky_ridge","name":"","elevation_m":2943,"main":false,"five_thousander":false},"geometry":{"type":"Point","coordinates":[40.938578,43.687526]}},{"type":"Feature","properties":{"id":"mount-0288","category":"rounded_mountain","name":"","elevation_m":2863,"main":false,"five_thousander":false},"geometry":{"type":"Point","coordinates":[41.057335,43.520267]}},{"type":"Feature","properties":{"id":"mount-0289","category":"ridge","name":"","elevation_m":2839,"main":false,"five_thousander":false},"geometry":{"type":"Point","coordinates":[41.073675,43.59915]}},{"type":"Feature","properties":{"id":"mount-0290","category":"rounded_hill","name":"","elevation_m":2886,"main":false,"five_thousander":false},"geometry":{"type":"Point","coordinates":[41.051263,43.616435]}},{"type":"Feature","properties":{"id":"mount-0291","category":"rocky_peak","name":"","elevation_m":2923,"main":false,"five_thousander":false},"geometry":{"type":"Point","coordinates":[41.066658,43.638071]}},{"type":"Feature","properties":{"id":"mount-0292","category":"rounded_mountain","name":"","elevation_m":3134,"main":false,"five_thousander":false},"geometry":{"type":"Point","coordinates":[41.363311,43.512456]}},{"type":"Feature","properties":{"id":"mount-0293","category":"rounded_mountain","name":"","elevation_m":3136,"main":false,"five_thousander":false},"geometry":{"type":"Point","coordinates":[41.558436,43.394999]}},{"type":"Feature","properties":{"id":"mount-0294","category":"ridge","name":"","elevation_m":3193,"main":false,"five_thousander":false},"geometry":{"type":"Point","coordinates":[41.534264,43.410231]}},{"type":"Feature","properties":{"id":"mount-0295","category":"rounded_hill","name":"","elevation_m":1971,"main":false,"five_thousander":false},"geometry":{"type":"Point","coordinates":[40.893785,43.862521]}},{"type":"Feature","properties":{"id":"mount-0296","category":"rounded_mountain","name":"","elevation_m":1908,"main":false,"five_thousander":false},"geometry":{"type":"Point","coordinates":[40.915339,43.863859]}},{"type":"Feature","properties":{"id":"mount-0297","category":"steep_mountain","name":"","elevation_m":1846,"main":false,"five_thousander":false},"geometry":{"type":"Point","coordinates":[40.852436,43.781544]}},{"type":"Feature","properties":{"id":"mount-0298","category":"rocky_peak","name":"","elevation_m":3077,"main":false,"five_thousander":false},"geometry":{"type":"Point","coordinates":[41.048344,43.651572]}},{"type":"Feature","properties":{"id":"mount-0299","category":"rocky_peak","name":"","elevation_m":3069,"main":false,"five_thousander":false},"geometry":{"type":"Point","coordinates":[41.044986,43.64908]}},{"type":"Feature","properties":{"id":"mount-0300","category":"rocky_peak","name":"","elevation_m":3097,"main":false,"five_thousander":false},"geometry":{"type":"Point","coordinates":[41.047314,43.645586]}},{"type":"Feature","properties":{"id":"mount-0301","category":"rocky_ridge","name":"","elevation_m":3039,"main":false,"five_thousander":false},"geometry":{"type":"Point","coordinates":[41.737297,43.328292]}},{"type":"Feature","properties":{"id":"mount-0302","category":"ridge","name":"","elevation_m":2915,"main":false,"five_thousander":false},"geometry":{"type":"Point","coordinates":[41.716418,43.329579]}},{"type":"Feature","properties":{"id":"mount-0303","category":"massif","name":"","elevation_m":3141,"main":false,"five_thousander":false},"geometry":{"type":"Point","coordinates":[41.746438,43.338132]}},{"type":"Feature","properties":{"id":"mount-0304","category":"rounded_hill","name":"","elevation_m":2278,"main":false,"five_thousander":false},"geometry":{"type":"Point","coordinates":[40.759964,43.807976]}},{"type":"Feature","properties":{"id":"mount-0305","category":"ridge","name":"","elevation_m":2279,"main":false,"five_thousander":false},"geometry":{"type":"Point","coordinates":[40.818651,43.840609]}},{"type":"Feature","properties":{"id":"mount-0306","category":"rounded_mountain","name":"","elevation_m":2643,"main":false,"five_thousander":false},"geometry":{"type":"Point","coordinates":[40.94759,43.719078]}},{"type":"Feature","properties":{"id":"mount-0307","category":"rounded_mountain","name":"","elevation_m":2668,"main":false,"five_thousander":false},"geometry":{"type":"Point","coordinates":[40.950701,43.733654]}},{"type":"Feature","properties":{"id":"mount-0308","category":"rounded_hill","name":"","elevation_m":2626,"main":false,"five_thousander":false},"geometry":{"type":"Point","coordinates":[40.961859,43.74177]}},{"type":"Feature","properties":{"id":"mount-0309","category":"rounded_mountain","name":"","elevation_m":2603,"main":false,"five_thousander":false},"geometry":{"type":"Point","coordinates":[40.966591,43.745615]}},{"type":"Feature","properties":{"id":"mount-0310","category":"rounded_mountain","name":"","elevation_m":2666,"main":false,"five_thousander":false},"geometry":{"type":"Point","coordinates":[40.914942,43.73312]}},{"type":"Feature","properties":{"id":"mount-0311","category":"rounded_mountain","name":"","elevation_m":2173,"main":false,"five_thousander":false},"geometry":{"type":"Point","coordinates":[40.870342,43.735592]}},{"type":"Feature","properties":{"id":"mount-0312","category":"rounded_mountain","name":"","elevation_m":2776,"main":false,"five_thousander":false},"geometry":{"type":"Point","coordinates":[40.918279,43.730352]}},{"type":"Feature","properties":{"id":"mount-0313","category":"steep_mountain","name":"","elevation_m":2435,"main":false,"five_thousander":false},"geometry":{"type":"Point","coordinates":[40.910972,43.546371]}},{"type":"Feature","properties":{"id":"mount-0314","category":"ridge","name":"","elevation_m":2399,"main":false,"five_thousander":false},"geometry":{"type":"Point","coordinates":[40.897486,43.476451]}},{"type":"Feature","properties":{"id":"mount-0315","category":"ridge","name":"","elevation_m":2905,"main":false,"five_thousander":false},"geometry":{"type":"Point","coordinates":[41.03165,43.528762]}},{"type":"Feature","properties":{"id":"mount-0316","category":"rocky_ridge","name":"","elevation_m":2745,"main":false,"five_thousander":false},"geometry":{"type":"Point","coordinates":[41.064749,43.488883]}},{"type":"Feature","properties":{"id":"mount-0317","category":"rounded_mountain","name":"","elevation_m":2485,"main":false,"five_thousander":false},"geometry":{"type":"Point","coordinates":[41.029966,43.417549]}},{"type":"Feature","properties":{"id":"mount-0318","category":"massif","name":"","elevation_m":2341,"main":false,"five_thousander":false},"geometry":{"type":"Point","coordinates":[41.002393,43.493351]}},{"type":"Feature","properties":{"id":"mount-0319","category":"ridge","name":"","elevation_m":2677,"main":false,"five_thousander":false},"geometry":{"type":"Point","coordinates":[40.996224,43.478756]}},{"type":"Feature","properties":{"id":"mount-0320","category":"rounded_hill","name":"","elevation_m":2554,"main":false,"five_thousander":false},"geometry":{"type":"Point","coordinates":[42.441162,43.704794]}},{"type":"Feature","properties":{"id":"mount-0321","category":"rounded_mountain","name":"","elevation_m":2691,"main":false,"five_thousander":false},"geometry":{"type":"Point","coordinates":[40.77065,43.759069]}},{"type":"Feature","properties":{"id":"mount-0322","category":"rounded_mountain","name":"","elevation_m":3123,"main":false,"five_thousander":false},"geometry":{"type":"Point","coordinates":[41.418704,43.379187]}},{"type":"Feature","properties":{"id":"mount-0323","category":"ridge","name":"","elevation_m":3112,"main":false,"five_thousander":false},"geometry":{"type":"Point","coordinates":[41.430227,43.370281]}},{"type":"Feature","properties":{"id":"mount-0324","category":"ridge","name":"","elevation_m":3137,"main":false,"five_thousander":false},"geometry":{"type":"Point","coordinates":[41.433907,43.363004]}},{"type":"Feature","properties":{"id":"mount-0325","category":"steep_mountain","name":"","elevation_m":2763,"main":false,"five_thousander":false},"geometry":{"type":"Point","coordinates":[41.457853,43.369782]}},{"type":"Feature","properties":{"id":"mount-0326","category":"ridge","name":"","elevation_m":2104,"main":false,"five_thousander":false},"geometry":{"type":"Point","coordinates":[41.268961,43.531469]}},{"type":"Feature","properties":{"id":"mount-0327","category":"rounded_mountain","name":"","elevation_m":2658,"main":false,"five_thousander":false},"geometry":{"type":"Point","coordinates":[40.729172,43.559177]}},{"type":"Feature","properties":{"id":"mount-0328","category":"ridge","name":"","elevation_m":2671,"main":false,"five_thousander":false},"geometry":{"type":"Point","coordinates":[40.979455,43.626329]}},{"type":"Feature","properties":{"id":"mount-0329","category":"plateau","name":"","elevation_m":1910,"main":false,"five_thousander":false},"geometry":{"type":"Point","coordinates":[40.902539,43.871532]}},{"type":"Feature","properties":{"id":"mount-0330","category":"rounded_mountain","name":"","elevation_m":1982,"main":false,"five_thousander":false},"geometry":{"type":"Point","coordinates":[40.859506,43.875445]}},{"type":"Feature","properties":{"id":"mount-0331","category":"rounded_mountain","name":"","elevation_m":2180,"main":false,"five_thousander":false},"geometry":{"type":"Point","coordinates":[40.848809,43.857771]}},{"type":"Feature","properties":{"id":"mount-0332","category":"ridge","name":"","elevation_m":1949,"main":false,"five_thousander":false},"geometry":{"type":"Point","coordinates":[40.841213,43.871671]}},{"type":"Feature","properties":{"id":"mount-0333","category":"rounded_hill","name":"","elevation_m":2120,"main":false,"five_thousander":false},"geometry":{"type":"Point","coordinates":[40.858852,43.868399]}},{"type":"Feature","properties":{"id":"mount-0334","category":"rounded_hill","name":"","elevation_m":2185,"main":false,"five_thousander":false},"geometry":{"type":"Point","coordinates":[40.863025,43.861484]}},{"type":"Feature","properties":{"id":"mount-0335","category":"rounded_hill","name":"","elevation_m":2257,"main":false,"five_thousander":false},"geometry":{"type":"Point","coordinates":[40.999485,43.77802]}},{"type":"Feature","properties":{"id":"mount-0336","category":"rounded_hill","name":"","elevation_m":1898,"main":false,"five_thousander":false},"geometry":{"type":"Point","coordinates":[41.021619,43.800163]}},{"type":"Feature","properties":{"id":"mount-0337","category":"rounded_mountain","name":"","elevation_m":1965,"main":false,"five_thousander":false},"geometry":{"type":"Point","coordinates":[40.999389,43.835239]}},{"type":"Feature","properties":{"id":"mount-0338","category":"rounded_hill","name":"","elevation_m":2112,"main":false,"five_thousander":false},"geometry":{"type":"Point","coordinates":[41.004592,43.821028]}},{"type":"Feature","properties":{"id":"mount-0339","category":"plateau","name":"","elevation_m":2245,"main":false,"five_thousander":false},"geometry":{"type":"Point","coordinates":[40.87973,43.849036]}},{"type":"Feature","properties":{"id":"mount-0340","category":"rounded_hill","name":"","elevation_m":1821,"main":false,"five_thousander":false},"geometry":{"type":"Point","coordinates":[41.073182,43.775579]}},{"type":"Feature","properties":{"id":"mount-0341","category":"rocky_peak","name":"","elevation_m":1810,"main":false,"five_thousander":false},"geometry":{"type":"Point","coordinates":[40.901284,43.846343]}},{"type":"Feature","properties":{"id":"mount-0342","category":"plateau","name":"","elevation_m":1818,"main":false,"five_thousander":false},"geometry":{"type":"Point","coordinates":[41.07213,43.787369]}},{"type":"Feature","properties":{"id":"mount-0343","category":"plateau","name":"","elevation_m":1868,"main":false,"five_thousander":false},"geometry":{"type":"Point","coordinates":[41.037165,43.790916]}},{"type":"Feature","properties":{"id":"mount-0344","category":"rounded_mountain","name":"","elevation_m":1899,"main":false,"five_thousander":false},"geometry":{"type":"Point","coordinates":[40.791271,43.856022]}},{"type":"Feature","properties":{"id":"mount-0345","category":"steep_mountain","name":"","elevation_m":1878,"main":false,"five_thousander":false},"geometry":{"type":"Point","coordinates":[40.802246,43.863155]}},{"type":"Feature","properties":{"id":"mount-0346","category":"rounded_mountain","name":"","elevation_m":2014,"main":false,"five_thousander":false},"geometry":{"type":"Point","coordinates":[40.819627,43.865607]}},{"type":"Feature","properties":{"id":"mount-0347","category":"ridge","name":"","elevation_m":2145,"main":false,"five_thousander":false},"geometry":{"type":"Point","coordinates":[40.821816,43.858761]}},{"type":"Feature","properties":{"id":"mount-0348","category":"ridge","name":"","elevation_m":2304,"main":false,"five_thousander":false},"geometry":{"type":"Point","coordinates":[40.807514,43.838543]}},{"type":"Feature","properties":{"id":"mount-0349","category":"ridge","name":"","elevation_m":1957,"main":false,"five_thousander":false},"geometry":{"type":"Point","coordinates":[40.76064,43.855434]}},{"type":"Feature","properties":{"id":"mount-0350","category":"rounded_hill","name":"","elevation_m":2003,"main":false,"five_thousander":false},"geometry":{"type":"Point","coordinates":[40.762635,43.822197]}},{"type":"Feature","properties":{"id":"mount-0351","category":"rounded_mountain","name":"","elevation_m":2096,"main":false,"five_thousander":false},"geometry":{"type":"Point","coordinates":[40.805604,43.849113]}},{"type":"Feature","properties":{"id":"mount-0352","category":"rounded_hill","name":"","elevation_m":2179,"main":false,"five_thousander":false},"geometry":{"type":"Point","coordinates":[40.755587,43.831408]}},{"type":"Feature","properties":{"id":"mount-0353","category":"steep_mountain","name":"","elevation_m":2206,"main":false,"five_thousander":false},"geometry":{"type":"Point","coordinates":[40.805036,43.785518]}},{"type":"Feature","properties":{"id":"mount-0354","category":"rounded_hill","name":"","elevation_m":2238,"main":false,"five_thousander":false},"geometry":{"type":"Point","coordinates":[40.815142,43.807085]}},{"type":"Feature","properties":{"id":"mount-0355","category":"rocky_peak","name":"","elevation_m":2372,"main":false,"five_thousander":false},"geometry":{"type":"Point","coordinates":[40.78037,43.767848]}},{"type":"Feature","properties":{"id":"mount-0356","category":"plateau","name":"","elevation_m":2377,"main":false,"five_thousander":false},"geometry":{"type":"Point","coordinates":[40.816634,43.798722]}},{"type":"Feature","properties":{"id":"mount-0357","category":"rounded_mountain","name":"","elevation_m":2389,"main":false,"five_thousander":false},"geometry":{"type":"Point","coordinates":[40.805444,43.821562]}},{"type":"Feature","properties":{"id":"mount-0358","category":"ridge","name":"","elevation_m":2395,"main":false,"five_thousander":false},"geometry":{"type":"Point","coordinates":[40.781186,43.836833]}},{"type":"Feature","properties":{"id":"mount-0359","category":"rounded_mountain","name":"","elevation_m":2446,"main":false,"five_thousander":false},"geometry":{"type":"Point","coordinates":[40.751671,43.805157]}},{"type":"Feature","properties":{"id":"mount-0360","category":"rocky_peak","name":"","elevation_m":2437,"main":false,"five_thousander":false},"geometry":{"type":"Point","coordinates":[40.783557,43.827515]}},{"type":"Feature","properties":{"id":"mount-0361","category":"ridge","name":"","elevation_m":2555,"main":false,"five_thousander":false},"geometry":{"type":"Point","coordinates":[40.793964,43.826539]}},{"type":"Feature","properties":{"id":"mount-0362","category":"rounded_hill","name":"","elevation_m":2590,"main":false,"five_thousander":false},"geometry":{"type":"Point","coordinates":[40.798309,43.815857]}},{"type":"Feature","properties":{"id":"mount-0363","category":"rounded_mountain","name":"","elevation_m":2519,"main":false,"five_thousander":false},"geometry":{"type":"Point","coordinates":[40.769631,43.772031]}},{"type":"Feature","properties":{"id":"mount-0364","category":"rocky_peak","name":"","elevation_m":2616,"main":false,"five_thousander":false},"geometry":{"type":"Point","coordinates":[40.783997,43.819975]}},{"type":"Feature","properties":{"id":"mount-0365","category":"steep_mountain","name":"","elevation_m":2532,"main":false,"five_thousander":false},"geometry":{"type":"Point","coordinates":[40.79435,43.753443]}},{"type":"Feature","properties":{"id":"mount-0366","category":"steep_mountain","name":"","elevation_m":2894,"main":false,"five_thousander":false},"geometry":{"type":"Point","coordinates":[40.783911,43.752629]}},{"type":"Feature","properties":{"id":"mount-0367","category":"plateau","name":"","elevation_m":1809,"main":false,"five_thousander":false},"geometry":{"type":"Point","coordinates":[41.207678,43.760014]}},{"type":"Feature","properties":{"id":"mount-0368","category":"steep_mountain","name":"","elevation_m":1862,"main":false,"five_thousander":false},"geometry":{"type":"Point","coordinates":[41.039343,43.760835]}},{"type":"Feature","properties":{"id":"mount-0369","category":"rocky_peak","name":"","elevation_m":1926,"main":false,"five_thousander":false},"geometry":{"type":"Point","coordinates":[40.930842,43.761014]}},{"type":"Feature","properties":{"id":"mount-0370","category":"rounded_hill","name":"","elevation_m":1913,"main":false,"five_thousander":false},"geometry":{"type":"Point","coordinates":[41.055071,43.773937]}},{"type":"Feature","properties":{"id":"mount-0371","category":"steep_mountain","name":"","elevation_m":1940,"main":false,"five_thousander":false},"geometry":{"type":"Point","coordinates":[40.93847,43.768785]}},{"type":"Feature","properties":{"id":"mount-0372","category":"steep_mountain","name":"","elevation_m":2065,"main":false,"five_thousander":false},"geometry":{"type":"Point","coordinates":[41.081979,43.741174]}},{"type":"Feature","properties":{"id":"mount-0373","category":"plateau","name":"","elevation_m":2021,"main":false,"five_thousander":false},"geometry":{"type":"Point","coordinates":[41.034751,43.771931]}},{"type":"Feature","properties":{"id":"mount-0374","category":"rocky_peak","name":"","elevation_m":2067,"main":false,"five_thousander":false},"geometry":{"type":"Point","coordinates":[40.98851,43.742065]}},{"type":"Feature","properties":{"id":"mount-0375","category":"rounded_mountain","name":"","elevation_m":2091,"main":false,"five_thousander":false},"geometry":{"type":"Point","coordinates":[41.110443,43.727863]}},{"type":"Feature","properties":{"id":"mount-0376","category":"rounded_hill","name":"","elevation_m":2148,"main":false,"five_thousander":false},"geometry":{"type":"Point","coordinates":[41.01457,43.769939]}},{"type":"Feature","properties":{"id":"mount-0377","category":"ridge","name":"","elevation_m":2217,"main":false,"five_thousander":false},"geometry":{"type":"Point","coordinates":[40.900115,43.756356]}},{"type":"Feature","properties":{"id":"mount-0378","category":"ridge","name":"","elevation_m":2286,"main":false,"five_thousander":false},"geometry":{"type":"Point","coordinates":[41.013283,43.737112]}},{"type":"Feature","properties":{"id":"mount-0379","category":"steep_mountain","name":"","elevation_m":2347,"main":false,"five_thousander":false},"geometry":{"type":"Point","coordinates":[40.957707,43.762556]}},{"type":"Feature","properties":{"id":"mount-0380","category":"rounded_mountain","name":"","elevation_m":2383,"main":false,"five_thousander":false},"geometry":{"type":"Point","coordinates":[40.892841,43.702731]}},{"type":"Feature","properties":{"id":"mount-0381","category":"ridge","name":"","elevation_m":2387,"main":false,"five_thousander":false},"geometry":{"type":"Point","coordinates":[41.115443,43.710796]}},{"type":"Feature","properties":{"id":"mount-0382","category":"rounded_mountain","name":"","elevation_m":1838,"main":false,"five_thousander":false},"geometry":{"type":"Point","coordinates":[41.164538,43.731057]}},{"type":"Feature","properties":{"id":"mount-0383","category":"plateau","name":"","elevation_m":1863,"main":false,"five_thousander":false},"geometry":{"type":"Point","coordinates":[41.310289,43.726553]}},{"type":"Feature","properties":{"id":"mount-0384","category":"plateau","name":"","elevation_m":1881,"main":false,"five_thousander":false},"geometry":{"type":"Point","coordinates":[41.277555,43.743212]}},{"type":"Feature","properties":{"id":"mount-0385","category":"rounded_mountain","name":"","elevation_m":1916,"main":false,"five_thousander":false},"geometry":{"type":"Point","coordinates":[41.083513,43.713208]}},{"type":"Feature","properties":{"id":"mount-0386","category":"plateau","name":"","elevation_m":1900,"main":false,"five_thousander":false},"geometry":{"type":"Point","coordinates":[41.177487,43.742654]}},{"type":"Feature","properties":{"id":"mount-0387","category":"plateau","name":"","elevation_m":1983,"main":false,"five_thousander":false},"geometry":{"type":"Point","coordinates":[41.188259,43.73836]}},{"type":"Feature","properties":{"id":"mount-0388","category":"rounded_mountain","name":"","elevation_m":1992,"main":false,"five_thousander":false},"geometry":{"type":"Point","coordinates":[41.138563,43.720715]}},{"type":"Feature","properties":{"id":"mount-0389","category":"ridge","name":"","elevation_m":2015,"main":false,"five_thousander":false},"geometry":{"type":"Point","coordinates":[41.18018,43.731391]}},{"type":"Feature","properties":{"id":"mount-0390","category":"rounded_hill","name":"","elevation_m":2090,"main":false,"five_thousander":false},"geometry":{"type":"Point","coordinates":[41.1528,43.717124]}},{"type":"Feature","properties":{"id":"mount-0391","category":"ridge","name":"","elevation_m":2145,"main":false,"five_thousander":false},"geometry":{"type":"Point","coordinates":[41.162231,43.720939]}},{"type":"Feature","properties":{"id":"mount-0392","category":"rocky_peak","name":"","elevation_m":2131,"main":false,"five_thousander":false},"geometry":{"type":"Point","coordinates":[41.072978,43.737554]}},{"type":"Feature","properties":{"id":"mount-0393","category":"rounded_mountain","name":"","elevation_m":2286,"main":false,"five_thousander":false},"geometry":{"type":"Point","coordinates":[41.108565,43.713674]}},{"type":"Feature","properties":{"id":"mount-0394","category":"rounded_mountain","name":"","elevation_m":2277,"main":false,"five_thousander":false},"geometry":{"type":"Point","coordinates":[41.134572,43.712138]}},{"type":"Feature","properties":{"id":"mount-0395","category":"ridge","name":"","elevation_m":2308,"main":false,"five_thousander":false},"geometry":{"type":"Point","coordinates":[41.102428,43.701862]}},{"type":"Feature","properties":{"id":"mount-0396","category":"rocky_peak","name":"","elevation_m":2299,"main":false,"five_thousander":false},"geometry":{"type":"Point","coordinates":[41.026028,43.678053]}},{"type":"Feature","properties":{"id":"mount-0397","category":"rounded_hill","name":"","elevation_m":2445,"main":false,"five_thousander":false},"geometry":{"type":"Point","coordinates":[41.041456,43.69917]}},{"type":"Feature","properties":{"id":"mount-0398","category":"rounded_hill","name":"","elevation_m":2565,"main":false,"five_thousander":false},"geometry":{"type":"Point","coordinates":[41.04018,43.690211]}},{"type":"Feature","properties":{"id":"mount-0399","category":"rounded_hill","name":"","elevation_m":2613,"main":false,"five_thousander":false},"geometry":{"type":"Point","coordinates":[41.042583,43.680264]}},{"type":"Feature","properties":{"id":"mount-0400","category":"ridge","name":"","elevation_m":2670,"main":false,"five_thousander":false},"geometry":{"type":"Point","coordinates":[41.004828,43.656315]}},{"type":"Feature","properties":{"id":"mount-0401","category":"massif","name":"","elevation_m":2693,"main":false,"five_thousander":false},"geometry":{"type":"Point","coordinates":[41.039203,43.660491]}},{"type":"Feature","properties":{"id":"mount-0402","category":"massif","name":"","elevation_m":2777,"main":false,"five_thousander":false},"geometry":{"type":"Point","coordinates":[41.040362,43.669858]}},{"type":"Feature","properties":{"id":"mount-0403","category":"rocky_peak","name":"","elevation_m":2827,"main":false,"five_thousander":false},"geometry":{"type":"Point","coordinates":[41.05049,43.666917]}},{"type":"Feature","properties":{"id":"mount-0404","category":"rocky_peak","name":"","elevation_m":3006,"main":false,"five_thousander":false},"geometry":{"type":"Point","coordinates":[41.047314,43.665877]}},{"type":"Feature","properties":{"id":"mount-0405","category":"ridge","name":"","elevation_m":3026,"main":false,"five_thousander":false},"geometry":{"type":"Point","coordinates":[41.075971,43.621297]}},{"type":"Feature","properties":{"id":"mount-0406","category":"rounded_mountain","name":"","elevation_m":2999,"main":false,"five_thousander":false},"geometry":{"type":"Point","coordinates":[41.055114,43.633598]}},{"type":"Feature","properties":{"id":"mount-0407","category":"plateau","name":"","elevation_m":2065,"main":false,"five_thousander":false},"geometry":{"type":"Point","coordinates":[41.095111,43.57132]}},{"type":"Feature","properties":{"id":"mount-0408","category":"rounded_hill","name":"","elevation_m":2092,"main":false,"five_thousander":false},"geometry":{"type":"Point","coordinates":[41.085112,43.574585]}},{"type":"Feature","properties":{"id":"mount-0409","category":"rounded_mountain","name":"","elevation_m":2211,"main":false,"five_thousander":false},"geometry":{"type":"Point","coordinates":[41.106527,43.595746]}},{"type":"Feature","properties":{"id":"mount-0410","category":"rounded_hill","name":"","elevation_m":2298,"main":false,"five_thousander":false},"geometry":{"type":"Point","coordinates":[41.06271,43.566563]}},{"type":"Feature","properties":{"id":"mount-0411","category":"steep_mountain","name":"","elevation_m":2663,"main":false,"five_thousander":false},"geometry":{"type":"Point","coordinates":[40.739826,43.696246]}},{"type":"Feature","properties":{"id":"mount-0412","category":"ridge","name":"","elevation_m":2707,"main":false,"five_thousander":false},"geometry":{"type":"Point","coordinates":[41.018411,43.623409]}},{"type":"Feature","properties":{"id":"mount-0413","category":"ridge","name":"","elevation_m":2937,"main":false,"five_thousander":false},"geometry":{"type":"Point","coordinates":[41.366647,43.3927]}},{"type":"Feature","properties":{"id":"mount-0414","category":"massif","name":"","elevation_m":2226,"main":false,"five_thousander":false},"geometry":{"type":"Point","coordinates":[40.893806,43.678945]}},{"type":"Feature","properties":{"id":"mount-0415","category":"rounded_hill","name":"","elevation_m":2612,"main":false,"five_thousander":false},"geometry":{"type":"Point","coordinates":[40.890502,43.689838]}},{"type":"Feature","properties":{"id":"mount-0416","category":"ridge","name":"","elevation_m":2422,"main":false,"five_thousander":false},"geometry":{"type":"Point","coordinates":[40.821279,43.582046]}},{"type":"Feature","properties":{"id":"mount-0417","category":"steep_mountain","name":"","elevation_m":2460,"main":false,"five_thousander":false},"geometry":{"type":"Point","coordinates":[40.752861,43.661802]}},{"type":"Feature","properties":{"id":"mount-0418","category":"steep_mountain","name":"","elevation_m":2409,"main":false,"five_thousander":false},"geometry":{"type":"Point","coordinates":[40.800776,43.659878]}},{"type":"Feature","properties":{"id":"mount-0419","category":"steep_mountain","name":"","elevation_m":2441,"main":false,"five_thousander":false},"geometry":{"type":"Point","coordinates":[40.797418,43.557785]}},{"type":"Feature","properties":{"id":"mount-0420","category":"rounded_hill","name":"","elevation_m":2475,"main":false,"five_thousander":false},"geometry":{"type":"Point","coordinates":[40.809016,43.508799]}},{"type":"Feature","properties":{"id":"mount-0421","category":"rounded_mountain","name":"","elevation_m":2575,"main":false,"five_thousander":false},"geometry":{"type":"Point","coordinates":[40.818146,43.509429]}},{"type":"Feature","properties":{"id":"mount-0422","category":"steep_mountain","name":"","elevation_m":2572,"main":false,"five_thousander":false},"geometry":{"type":"Point","coordinates":[40.829251,43.593011]}},{"type":"Feature","properties":{"id":"mount-0423","category":"ridge","name":"","elevation_m":2650,"main":false,"five_thousander":false},"geometry":{"type":"Point","coordinates":[40.795723,43.5089]}},{"type":"Feature","properties":{"id":"mount-0424","category":"rounded_mountain","name":"","elevation_m":2246,"main":false,"five_thousander":false},"geometry":{"type":"Point","coordinates":[40.841771,43.640602]}},{"type":"Feature","properties":{"id":"mount-0425","category":"rounded_hill","name":"","elevation_m":2541,"main":false,"five_thousander":false},"geometry":{"type":"Point","coordinates":[41.145376,43.680295]}},{"type":"Feature","properties":{"id":"mount-0426","category":"rounded_hill","name":"","elevation_m":2903,"main":false,"five_thousander":false},"geometry":{"type":"Point","coordinates":[41.11452,43.662641]}},{"type":"Feature","properties":{"id":"mount-0427","category":"rounded_mountain","name":"","elevation_m":3033,"main":false,"five_thousander":false},"geometry":{"type":"Point","coordinates":[41.107782,43.652239]}},{"type":"Feature","properties":{"id":"mount-0428","category":"ridge","name":"","elevation_m":3018,"main":false,"five_thousander":false},"geometry":{"type":"Point","coordinates":[41.100186,43.64578]}},{"type":"Feature","properties":{"id":"mount-0429","category":"ridge","name":"","elevation_m":3122,"main":false,"five_thousander":false},"geometry":{"type":"Point","coordinates":[41.110346,43.635889]}},{"type":"Feature","properties":{"id":"mount-0430","category":"ridge","name":"","elevation_m":2606,"main":false,"five_thousander":false},"geometry":{"type":"Point","coordinates":[40.982695,43.696541]}},{"type":"Feature","properties":{"id":"mount-0431","category":"rounded_mountain","name":"","elevation_m":1958,"main":false,"five_thousander":false},"geometry":{"type":"Point","coordinates":[40.918547,43.63717]}},{"type":"Feature","properties":{"id":"mount-0432","category":"rounded_hill","name":"","elevation_m":1988,"main":false,"five_thousander":false},"geometry":{"type":"Point","coordinates":[41.16545,43.564067]}},{"type":"Feature","properties":{"id":"mount-0433","category":"rounded_hill","name":"","elevation_m":1994,"main":false,"five_thousander":false},"geometry":{"type":"Point","coordinates":[41.153122,43.562209]}},{"type":"Feature","properties":{"id":"mount-0434","category":"plateau","name":"","elevation_m":2321,"main":false,"five_thousander":false},"geometry":{"type":"Point","coordinates":[41.192207,43.662858]}},{"type":"Feature","properties":{"id":"mount-0435","category":"rounded_hill","name":"","elevation_m":2139,"main":false,"five_thousander":false},"geometry":{"type":"Point","coordinates":[41.145365,43.575028]}},{"type":"Feature","properties":{"id":"mount-0436","category":"rounded_mountain","name":"","elevation_m":2505,"main":false,"five_thousander":false},"geometry":{"type":"Point","coordinates":[41.212249,43.6184]}},{"type":"Feature","properties":{"id":"mount-0437","category":"rounded_mountain","name":"","elevation_m":2575,"main":false,"five_thousander":false},"geometry":{"type":"Point","coordinates":[41.197872,43.652558]}},{"type":"Feature","properties":{"id":"mount-0438","category":"rounded_mountain","name":"","elevation_m":2634,"main":false,"five_thousander":false},"geometry":{"type":"Point","coordinates":[41.052647,43.554388]}},{"type":"Feature","properties":{"id":"mount-0439","category":"steep_mountain","name":"","elevation_m":2673,"main":false,"five_thousander":false},"geometry":{"type":"Point","coordinates":[41.131686,43.587743]}},{"type":"Feature","properties":{"id":"mount-0440","category":"rounded_hill","name":"","elevation_m":2768,"main":false,"five_thousander":false},"geometry":{"type":"Point","coordinates":[41.172842,43.651859]}},{"type":"Feature","properties":{"id":"mount-0441","category":"rounded_mountain","name":"","elevation_m":2900,"main":false,"five_thousander":false},"geometry":{"type":"Point","coordinates":[41.206487,43.603671]}},{"type":"Feature","properties":{"id":"mount-0442","category":"rounded_mountain","name":"","elevation_m":2864,"main":false,"five_thousander":false},"geometry":{"type":"Point","coordinates":[41.202958,43.63887]}},{"type":"Feature","properties":{"id":"mount-0443","category":"rounded_hill","name":"","elevation_m":2906,"main":false,"five_thousander":false},"geometry":{"type":"Point","coordinates":[41.18018,43.640905]}},{"type":"Feature","properties":{"id":"mount-0444","category":"ridge","name":"","elevation_m":2929,"main":false,"five_thousander":false},"geometry":{"type":"Point","coordinates":[41.166329,43.615518]}},{"type":"Feature","properties":{"id":"mount-0445","category":"rounded_mountain","name":"","elevation_m":3099,"main":false,"five_thousander":false},"geometry":{"type":"Point","coordinates":[41.207646,43.593672]}},{"type":"Feature","properties":{"id":"mount-0446","category":"ridge","name":"","elevation_m":2581,"main":false,"five_thousander":false},"geometry":{"type":"Point","coordinates":[43.069657,43.353105]}},{"type":"Feature","properties":{"id":"mount-0447","category":"ridge","name":"","elevation_m":2420,"main":false,"five_thousander":false},"geometry":{"type":"Point","coordinates":[40.984862,43.717752]}},{"type":"Feature","properties":{"id":"mount-0448","category":"ridge","name":"","elevation_m":2664,"main":false,"five_thousander":false},"geometry":{"type":"Point","coordinates":[40.94995,43.724793]}},{"type":"Feature","properties":{"id":"mount-0449","category":"ridge","name":"","elevation_m":2861,"main":false,"five_thousander":false},"geometry":{"type":"Point","coordinates":[40.922935,43.721684]}},{"type":"Feature","properties":{"id":"mount-0450","category":"rocky_ridge","name":"","elevation_m":2069,"main":false,"five_thousander":false},"geometry":{"type":"Point","coordinates":[40.779147,43.482002]}},{"type":"Feature","properties":{"id":"mount-0451","category":"rocky_ridge","name":"","elevation_m":2125,"main":false,"five_thousander":false},"geometry":{"type":"Point","coordinates":[40.788728,43.481706]}},{"type":"Feature","properties":{"id":"mount-0452","category":"rounded_mountain","name":"","elevation_m":2185,"main":false,"five_thousander":false},"geometry":{"type":"Point","coordinates":[40.827266,43.471756]}},{"type":"Feature","properties":{"id":"mount-0453","category":"steep_mountain","name":"","elevation_m":2201,"main":false,"five_thousander":false},"geometry":{"type":"Point","coordinates":[40.804714,43.486423]}},{"type":"Feature","properties":{"id":"mount-0454","category":"rounded_mountain","name":"","elevation_m":2241,"main":false,"five_thousander":false},"geometry":{"type":"Point","coordinates":[40.833145,43.475875]}},{"type":"Feature","properties":{"id":"mount-0455","category":"steep_mountain","name":"","elevation_m":2291,"main":false,"five_thousander":false},"geometry":{"type":"Point","coordinates":[40.825367,43.489304]}},{"type":"Feature","properties":{"id":"mount-0456","category":"rounded_hill","name":"","elevation_m":2318,"main":false,"five_thousander":false},"geometry":{"type":"Point","coordinates":[40.742433,43.495849]}},{"type":"Feature","properties":{"id":"mount-0457","category":"rocky_ridge","name":"","elevation_m":2944,"main":false,"five_thousander":false},"geometry":{"type":"Point","coordinates":[40.935992,43.454204]}},{"type":"Feature","properties":{"id":"mount-0458","category":"rounded_mountain","name":"","elevation_m":2003,"main":false,"five_thousander":false},"geometry":{"type":"Point","coordinates":[40.876994,43.44534]}},{"type":"Feature","properties":{"id":"mount-0459","category":"rounded_mountain","name":"","elevation_m":2243,"main":false,"five_thousander":false},"geometry":{"type":"Point","coordinates":[40.889096,43.503896]}},{"type":"Feature","properties":{"id":"mount-0460","category":"ridge","name":"","elevation_m":2269,"main":false,"five_thousander":false},"geometry":{"type":"Point","coordinates":[40.872799,43.46119]}},{"type":"Feature","properties":{"id":"mount-0461","category":"steep_mountain","name":"","elevation_m":2492,"main":false,"five_thousander":false},"geometry":{"type":"Point","coordinates":[40.927602,43.497429]}},{"type":"Feature","properties":{"id":"mount-0462","category":"rounded_mountain","name":"","elevation_m":2655,"main":false,"five_thousander":false},"geometry":{"type":"Point","coordinates":[40.894214,43.49395]}},{"type":"Feature","properties":{"id":"mount-0463","category":"rounded_mountain","name":"","elevation_m":2630,"main":false,"five_thousander":false},"geometry":{"type":"Point","coordinates":[40.902497,43.488362]}},{"type":"Feature","properties":{"id":"mount-0464","category":"rounded_mountain","name":"","elevation_m":2671,"main":false,"five_thousander":false},"geometry":{"type":"Point","coordinates":[40.902915,43.537645]}},{"type":"Feature","properties":{"id":"mount-0465","category":"rounded_mountain","name":"","elevation_m":2577,"main":false,"five_thousander":false},"geometry":{"type":"Point","coordinates":[40.988671,43.44513]}},{"type":"Feature","properties":{"id":"mount-0466","category":"ridge","name":"","elevation_m":2782,"main":false,"five_thousander":false},"geometry":{"type":"Point","coordinates":[41.008111,43.43903]}},{"type":"Feature","properties":{"id":"mount-0467","category":"rocky_peak","name":"","elevation_m":2716,"main":false,"five_thousander":false},"geometry":{"type":"Point","coordinates":[41.021061,43.45348]}},{"type":"Feature","properties":{"id":"mount-0468","category":"rocky_ridge","name":"","elevation_m":3080,"main":false,"five_thousander":false},"geometry":{"type":"Point","coordinates":[41.129175,43.503048]}},{"type":"Feature","properties":{"id":"mount-0469","category":"ridge","name":"","elevation_m":2942,"main":false,"five_thousander":false},"geometry":{"type":"Point","coordinates":[40.983306,43.430336]}},{"type":"Feature","properties":{"id":"mount-0470","category":"rocky_ridge","name":"","elevation_m":3111,"main":false,"five_thousander":false},"geometry":{"type":"Point","coordinates":[41.117556,43.440098]}},{"type":"Feature","properties":{"id":"mount-0471","category":"rocky_peak","name":"","elevation_m":2132,"main":false,"five_thousander":false},"geometry":{"type":"Point","coordinates":[40.96982,43.465216]}},{"type":"Feature","properties":{"id":"mount-0472","category":"rounded_mountain","name":"","elevation_m":2164,"main":false,"five_thousander":false},"geometry":{"type":"Point","coordinates":[41.123521,43.543206]}},{"type":"Feature","properties":{"id":"mount-0473","category":"steep_mountain","name":"","elevation_m":2230,"main":false,"five_thousander":false},"geometry":{"type":"Point","coordinates":[41.02075,43.402966]}},{"type":"Feature","properties":{"id":"mount-0474","category":"steep_mountain","name":"","elevation_m":2308,"main":false,"five_thousander":false},"geometry":{"type":"Point","coordinates":[41.057292,43.437823]}},{"type":"Feature","properties":{"id":"mount-0475","category":"ridge","name":"","elevation_m":2278,"main":false,"five_thousander":false},"geometry":{"type":"Point","coordinates":[40.903848,43.43099]}},{"type":"Feature","properties":{"id":"mount-0476","category":"rocky_peak","name":"","elevation_m":2320,"main":false,"five_thousander":false},"geometry":{"type":"Point","coordinates":[40.968018,43.475276]}},{"type":"Feature","properties":{"id":"mount-0477","category":"rounded_mountain","name":"","elevation_m":2326,"main":false,"five_thousander":false},"geometry":{"type":"Point","coordinates":[40.857199,43.489327]}},{"type":"Feature","properties":{"id":"mount-0478","category":"rocky_peak","name":"","elevation_m":2354,"main":false,"five_thousander":false},"geometry":{"type":"Point","coordinates":[40.96806,43.452763]}},{"type":"Feature","properties":{"id":"mount-0479","category":"plateau","name":"","elevation_m":2350,"main":false,"five_thousander":false},"geometry":{"type":"Point","coordinates":[41.161405,43.525456]}},{"type":"Feature","properties":{"id":"mount-0480","category":"rounded_mountain","name":"","elevation_m":2375,"main":false,"five_thousander":false},"geometry":{"type":"Point","coordinates":[40.957321,43.406357]}},{"type":"Feature","properties":{"id":"mount-0481","category":"steep_mountain","name":"","elevation_m":2352,"main":false,"five_thousander":false},"geometry":{"type":"Point","coordinates":[40.9155,43.426082]}},{"type":"Feature","properties":{"id":"mount-0482","category":"rounded_mountain","name":"","elevation_m":2410,"main":false,"five_thousander":false},"geometry":{"type":"Point","coordinates":[40.991567,43.499009]}},{"type":"Feature","properties":{"id":"mount-0483","category":"rounded_mountain","name":"","elevation_m":2403,"main":false,"five_thousander":false},"geometry":{"type":"Point","coordinates":[41.042207,43.424921]}},{"type":"Feature","properties":{"id":"mount-0484","category":"rounded_mountain","name":"","elevation_m":2385,"main":false,"five_thousander":false},"geometry":{"type":"Point","coordinates":[41.166823,43.356343]}},{"type":"Feature","properties":{"id":"mount-0485","category":"massif","name":"","elevation_m":2419,"main":false,"five_thousander":false},"geometry":{"type":"Point","coordinates":[41.190287,43.357099]}},{"type":"Feature","properties":{"id":"mount-0486","category":"rounded_mountain","name":"","elevation_m":2497,"main":false,"five_thousander":false},"geometry":{"type":"Point","coordinates":[41.156899,43.515654]}},{"type":"Feature","properties":{"id":"mount-0487","category":"massif","name":"","elevation_m":2496,"main":false,"five_thousander":false},"geometry":{"type":"Point","coordinates":[41.172262,43.359393]}},{"type":"Feature","properties":{"id":"mount-0488","category":"rounded_mountain","name":"","elevation_m":2626,"main":false,"five_thousander":false},"geometry":{"type":"Point","coordinates":[41.12483,43.526055]}},{"type":"Feature","properties":{"id":"mount-0489","category":"steep_mountain","name":"","elevation_m":2562,"main":false,"five_thousander":false},"geometry":{"type":"Point","coordinates":[41.062657,43.481122]}},{"type":"Feature","properties":{"id":"mount-0490","category":"rounded_mountain","name":"","elevation_m":2544,"main":false,"five_thousander":false},"geometry":{"type":"Point","coordinates":[41.041714,43.41857]}},{"type":"Feature","properties":{"id":"mount-0491","category":"rounded_mountain","name":"","elevation_m":2580,"main":false,"five_thousander":false},"geometry":{"type":"Point","coordinates":[41.029612,43.413044]}},{"type":"Feature","properties":{"id":"mount-0492","category":"steep_mountain","name":"","elevation_m":2576,"main":false,"five_thousander":false},"geometry":{"type":"Point","coordinates":[41.066101,43.40076]}},{"type":"Feature","properties":{"id":"mount-0493","category":"steep_mountain","name":"","elevation_m":2552,"main":false,"five_thousander":false},"geometry":{"type":"Point","coordinates":[41.120646,43.38686]}},{"type":"Feature","properties":{"id":"mount-0494","category":"rounded_mountain","name":"","elevation_m":2595,"main":false,"five_thousander":false},"geometry":{"type":"Point","coordinates":[41.03003,43.394882]}},{"type":"Feature","properties":{"id":"mount-0495","category":"ridge","name":"","elevation_m":2651,"main":false,"five_thousander":false},"geometry":{"type":"Point","coordinates":[41.051037,43.403855]}},{"type":"Feature","properties":{"id":"mount-0496","category":"steep_mountain","name":"","elevation_m":2642,"main":false,"five_thousander":false},"geometry":{"type":"Point","coordinates":[41.068118,43.423728]}},{"type":"Feature","properties":{"id":"mount-0497","category":"rocky_peak","name":"","elevation_m":2683,"main":false,"five_thousander":false},"geometry":{"type":"Point","coordinates":[40.966644,43.435875]}},{"type":"Feature","properties":{"id":"mount-0498","category":"rounded_mountain","name":"","elevation_m":2678,"main":false,"five_thousander":false},"geometry":{"type":"Point","coordinates":[41.038474,43.40168]}},{"type":"Feature","properties":{"id":"mount-0499","category":"rounded_mountain","name":"","elevation_m":2682,"main":false,"five_thousander":false},"geometry":{"type":"Point","coordinates":[41.094468,43.518143]}},{"type":"Feature","properties":{"id":"mount-0500","category":"rounded_mountain","name":"","elevation_m":2687,"main":false,"five_thousander":false},"geometry":{"type":"Point","coordinates":[41.06241,43.392684]}},{"type":"Feature","properties":{"id":"mount-0501","category":"ridge","name":"","elevation_m":2710,"main":false,"five_thousander":false},"geometry":{"type":"Point","coordinates":[40.9576,43.419848]}},{"type":"Feature","properties":{"id":"mount-0502","category":"rounded_mountain","name":"","elevation_m":2743,"main":false,"five_thousander":false},"geometry":{"type":"Point","coordinates":[41.125538,43.392341]}},{"type":"Feature","properties":{"id":"mount-0503","category":"rounded_mountain","name":"","elevation_m":2743,"main":false,"five_thousander":false},"geometry":{"type":"Point","coordinates":[41.114434,43.500721]}},{"type":"Feature","properties":{"id":"mount-0504","category":"ridge","name":"","elevation_m":2688,"main":false,"five_thousander":false},"geometry":{"type":"Point","coordinates":[41.074179,43.386891]}},{"type":"Feature","properties":{"id":"mount-0505","category":"ridge","name":"","elevation_m":2763,"main":false,"five_thousander":false},"geometry":{"type":"Point","coordinates":[40.967953,43.423962]}},{"type":"Feature","properties":{"id":"mount-0506","category":"rounded_mountain","name":"","elevation_m":2760,"main":false,"five_thousander":false},"geometry":{"type":"Point","coordinates":[41.042883,43.397564]}},{"type":"Feature","properties":{"id":"mount-0507","category":"rounded_mountain","name":"","elevation_m":2797,"main":false,"five_thousander":false},"geometry":{"type":"Point","coordinates":[40.944167,43.425747]}},{"type":"Feature","properties":{"id":"mount-0508","category":"rocky_peak","name":"","elevation_m":2805,"main":false,"five_thousander":false},"geometry":{"type":"Point","coordinates":[41.079844,43.428248]}},{"type":"Feature","properties":{"id":"mount-0509","category":"massif","name":"","elevation_m":2804,"main":false,"five_thousander":false},"geometry":{"type":"Point","coordinates":[40.984089,43.46439]}},{"type":"Feature","properties":{"id":"mount-0510","category":"rocky_peak","name":"","elevation_m":2756,"main":false,"five_thousander":false},"geometry":{"type":"Point","coordinates":[41.168636,43.428326]}},{"type":"Feature","properties":{"id":"mount-0511","category":"rounded_mountain","name":"","elevation_m":2844,"main":false,"five_thousander":false},"geometry":{"type":"Point","coordinates":[40.927774,43.439295]}},{"type":"Feature","properties":{"id":"mount-0512","category":"steep_mountain","name":"","elevation_m":2864,"main":false,"five_thousander":false},"geometry":{"type":"Point","coordinates":[41.172842,43.365407]}},{"type":"Feature","properties":{"id":"mount-0513","category":"rocky_peak","name":"","elevation_m":3052,"main":false,"five_thousander":false},"geometry":{"type":"Point","coordinates":[41.093642,43.495554]}},{"type":"Feature","properties":{"id":"mount-0514","category":"ridge","name":"","elevation_m":2926,"main":false,"five_thousander":false},"geometry":{"type":"Point","coordinates":[41.168615,43.382688]}},{"type":"Feature","properties":{"id":"mount-0515","category":"rocky_peak","name":"","elevation_m":2989,"main":false,"five_thousander":false},"geometry":{"type":"Point","coordinates":[41.208794,43.400425]}},{"type":"Feature","properties":{"id":"mount-0516","category":"rocky_peak","name":"","elevation_m":3018,"main":false,"five_thousander":false},"geometry":{"type":"Point","coordinates":[41.204803,43.374329]}},{"type":"Feature","properties":{"id":"mount-0517","category":"rounded_mountain","name":"","elevation_m":3114,"main":false,"five_thousander":false},"geometry":{"type":"Point","coordinates":[41.094393,43.426791]}},{"type":"Feature","properties":{"id":"mount-0518","category":"massif","name":"","elevation_m":3095,"main":false,"five_thousander":false},"geometry":{"type":"Point","coordinates":[41.190287,43.376824]}},{"type":"Feature","properties":{"id":"mount-0519","category":"rocky_peak","name":"","elevation_m":3183,"main":false,"five_thousander":false},"geometry":{"type":"Point","coordinates":[41.099221,43.398367]}},{"type":"Feature","properties":{"id":"mount-0520","category":"rounded_mountain","name":"","elevation_m":2240,"main":false,"five_thousander":false},"geometry":{"type":"Point","coordinates":[41.005611,43.409825]}},{"type":"Feature","properties":{"id":"mount-0521","category":"rounded_mountain","name":"","elevation_m":2626,"main":false,"five_thousander":false},"geometry":{"type":"Point","coordinates":[40.985945,43.415187]}},{"type":"Feature","properties":{"id":"mount-0522","category":"rounded_mountain","name":"","elevation_m":2713,"main":false,"five_thousander":false},"geometry":{"type":"Point","coordinates":[40.986847,43.42256]}},{"type":"Feature","properties":{"id":"mount-0523","category":"rocky_peak","name":"","elevation_m":2745,"main":false,"five_thousander":false},"geometry":{"type":"Point","coordinates":[41.000462,43.451447]}},{"type":"Feature","properties":{"id":"mount-0524","category":"ridge","name":"","elevation_m":2845,"main":false,"five_thousander":false},"geometry":{"type":"Point","coordinates":[40.997747,43.432198]}},{"type":"Feature","properties":{"id":"mount-0525","category":"isolated_peak","name":"","elevation_m":2424,"main":false,"five_thousander":false},"geometry":{"type":"Point","coordinates":[41.030706,43.462537]}},{"type":"Feature","properties":{"id":"mount-0526","category":"rounded_mountain","name":"","elevation_m":2789,"main":false,"five_thousander":false},"geometry":{"type":"Point","coordinates":[41.052164,43.547693]}},{"type":"Feature","properties":{"id":"mount-0527","category":"rounded_mountain","name":"","elevation_m":2915,"main":false,"five_thousander":false},"geometry":{"type":"Point","coordinates":[41.11114,43.452545]}},{"type":"Feature","properties":{"id":"mount-0528","category":"steep_mountain","name":"","elevation_m":2889,"main":false,"five_thousander":false},"geometry":{"type":"Point","coordinates":[41.080445,43.411945]}},{"type":"Feature","properties":{"id":"mount-0529","category":"rounded_mountain","name":"","elevation_m":2925,"main":false,"five_thousander":false},"geometry":{"type":"Point","coordinates":[41.092021,43.435603]}},{"type":"Feature","properties":{"id":"mount-0530","category":"massif","name":"","elevation_m":2956,"main":false,"five_thousander":false},"geometry":{"type":"Point","coordinates":[41.079093,43.421297]}},{"type":"Feature","properties":{"id":"mount-0531","category":"rocky_peak","name":"","elevation_m":3188,"main":false,"five_thousander":false},"geometry":{"type":"Point","coordinates":[41.108834,43.42979]}},{"type":"Feature","properties":{"id":"mount-0532","category":"ridge","name":"","elevation_m":3198,"main":false,"five_thousander":false},"geometry":{"type":"Point","coordinates":[41.083428,43.417681]}},{"type":"Feature","properties":{"id":"mount-0533","category":"massif","name":"","elevation_m":2184,"main":false,"five_thousander":false},"geometry":{"type":"Point","coordinates":[41.176136,43.350975]}},{"type":"Feature","properties":{"id":"mount-0534","category":"rounded_mountain","name":"","elevation_m":2185,"main":false,"five_thousander":false},"geometry":{"type":"Point","coordinates":[41.18503,43.348962]}},{"type":"Feature","properties":{"id":"mount-0535","category":"rounded_mountain","name":"","elevation_m":2427,"main":false,"five_thousander":false},"geometry":{"type":"Point","coordinates":[41.337433,43.372418]}},{"type":"Feature","properties":{"id":"mount-0536","category":"rounded_mountain","name":"","elevation_m":2445,"main":false,"five_thousander":false},"geometry":{"type":"Point","coordinates":[41.244768,43.345701]}},{"type":"Feature","properties":{"id":"mount-0537","category":"rounded_mountain","name":"","elevation_m":2547,"main":false,"five_thousander":false},"geometry":{"type":"Point","coordinates":[41.200887,43.488183]}},{"type":"Feature","properties":{"id":"mount-0538","category":"rounded_mountain","name":"","elevation_m":2548,"main":false,"five_thousander":false},"geometry":{"type":"Point","coordinates":[41.207614,43.352629]}},{"type":"Feature","properties":{"id":"mount-0539","category":"steep_mountain","name":"","elevation_m":2577,"main":false,"five_thousander":false},"geometry":{"type":"Point","coordinates":[41.284153,43.398352]}},{"type":"Feature","properties":{"id":"mount-0540","category":"rounded_mountain","name":"","elevation_m":2645,"main":false,"five_thousander":false},"geometry":{"type":"Point","coordinates":[41.231378,43.345576]}},{"type":"Feature","properties":{"id":"mount-0541","category":"rocky_peak","name":"","elevation_m":2713,"main":false,"five_thousander":false},"geometry":{"type":"Point","coordinates":[41.306512,43.355913]}},{"type":"Feature","properties":{"id":"mount-0542","category":"rocky_ridge","name":"","elevation_m":2674,"main":false,"five_thousander":false},"geometry":{"type":"Point","coordinates":[41.346821,43.369267]}},{"type":"Feature","properties":{"id":"mount-0543","category":"steep_mountain","name":"","elevation_m":2740,"main":false,"five_thousander":false},"geometry":{"type":"Point","coordinates":[41.288756,43.378392]}},{"type":"Feature","properties":{"id":"mount-0544","category":"rounded_mountain","name":"","elevation_m":2765,"main":false,"five_thousander":false},"geometry":{"type":"Point","coordinates":[41.218568,43.3555]}},{"type":"Feature","properties":{"id":"mount-0545","category":"rocky_peak","name":"","elevation_m":2794,"main":false,"five_thousander":false},"geometry":{"type":"Point","coordinates":[41.318679,43.383]}},{"type":"Feature","properties":{"id":"mount-0546","category":"rocky_peak","name":"","elevation_m":2885,"main":false,"five_thousander":false},"geometry":{"type":"Point","coordinates":[41.26202,43.392185]}},{"type":"Feature","properties":{"id":"mount-0547","category":"rocky_peak","name":"","elevation_m":2903,"main":false,"five_thousander":false},"geometry":{"type":"Point","coordinates":[41.32399,43.375405]}},{"type":"Feature","properties":{"id":"mount-0548","category":"massif","name":"","elevation_m":2884,"main":false,"five_thousander":false},"geometry":{"type":"Point","coordinates":[41.217592,43.431021]}},{"type":"Feature","properties":{"id":"mount-0549","category":"isolated_peak","name":"","elevation_m":2950,"main":false,"five_thousander":false},"geometry":{"type":"Point","coordinates":[41.401098,43.455754]}},{"type":"Feature","properties":{"id":"mount-0550","category":"ridge","name":"","elevation_m":2938,"main":false,"five_thousander":false},"geometry":{"type":"Point","coordinates":[41.35094,43.347425]}},{"type":"Feature","properties":{"id":"mount-0551","category":"massif","name":"","elevation_m":2772,"main":false,"five_thousander":false},"geometry":{"type":"Point","coordinates":[41.288348,43.369509]}},{"type":"Feature","properties":{"id":"mount-0552","category":"rocky_peak","name":"","elevation_m":2960,"main":false,"five_thousander":false},"geometry":{"type":"Point","coordinates":[41.339922,43.347246]}},{"type":"Feature","properties":{"id":"mount-0553","category":"rocky_peak","name":"","elevation_m":2938,"main":false,"five_thousander":false},"geometry":{"type":"Point","coordinates":[41.223868,43.361873]}},{"type":"Feature","properties":{"id":"mount-0554","category":"steep_mountain","name":"","elevation_m":2959,"main":false,"five_thousander":false},"geometry":{"type":"Point","coordinates":[41.23523,43.39705]}},{"type":"Feature","properties":{"id":"mount-0555","category":"steep_mountain","name":"","elevation_m":3000,"main":false,"five_thousander":false},"geometry":{"type":"Point","coordinates":[41.241217,43.355937]}},{"type":"Feature","properties":{"id":"mount-0556","category":"rocky_ridge","name":"","elevation_m":2958,"main":false,"five_thousander":false},"geometry":{"type":"Point","coordinates":[41.323099,43.335604]}},{"type":"Feature","properties":{"id":"mount-0557","category":"rounded_mountain","name":"","elevation_m":3070,"main":false,"five_thousander":false},"geometry":{"type":"Point","coordinates":[41.417674,43.452047]}},{"type":"Feature","properties":{"id":"mount-0558","category":"massif","name":"","elevation_m":3050,"main":false,"five_thousander":false},"geometry":{"type":"Point","coordinates":[41.286074,43.409514]}},{"type":"Feature","properties":{"id":"mount-0559","category":"rounded_mountain","name":"","elevation_m":3110,"main":false,"five_thousander":false},"geometry":{"type":"Point","coordinates":[41.240723,43.435626]}},{"type":"Feature","properties":{"id":"mount-0560","category":"rocky_ridge","name":"","elevation_m":3108,"main":false,"five_thousander":false},"geometry":{"type":"Point","coordinates":[41.260926,43.352629]}},{"type":"Feature","properties":{"id":"mount-0561","category":"rounded_mountain","name":"","elevation_m":3149,"main":false,"five_thousander":false},"geometry":{"type":"Point","coordinates":[41.420828,43.478016]}},{"type":"Feature","properties":{"id":"mount-0562","category":"rounded_mountain","name":"","elevation_m":1814,"main":false,"five_thousander":false},"geometry":{"type":"Point","coordinates":[41.26688,43.574344]}},{"type":"Feature","properties":{"id":"mount-0563","category":"rounded_hill","name":"","elevation_m":1936,"main":false,"five_thousander":false},"geometry":{"type":"Point","coordinates":[41.194289,43.54798]}},{"type":"Feature","properties":{"id":"mount-0564","category":"rounded_mountain","name":"","elevation_m":2035,"main":false,"five_thousander":false},"geometry":{"type":"Point","coordinates":[41.22095,43.548766]}},{"type":"Feature","properties":{"id":"mount-0565","category":"rounded_mountain","name":"","elevation_m":2155,"main":false,"five_thousander":false},"geometry":{"type":"Point","coordinates":[41.365371,43.59514]}},{"type":"Feature","properties":{"id":"mount-0566","category":"ridge","name":"","elevation_m":2249,"main":false,"five_thousander":false},"geometry":{"type":"Point","coordinates":[41.350404,43.642023]}},{"type":"Feature","properties":{"id":"mount-0567","category":"rocky_peak","name":"","elevation_m":2218,"main":false,"five_thousander":false},"geometry":{"type":"Point","coordinates":[41.307853,43.514401]}},{"type":"Feature","properties":{"id":"mount-0568","category":"rounded_mountain","name":"","elevation_m":2325,"main":false,"five_thousander":false},"geometry":{"type":"Point","coordinates":[41.349921,43.621817]}},{"type":"Feature","properties":{"id":"mount-0569","category":"ridge","name":"","elevation_m":2290,"main":false,"five_thousander":false},"geometry":{"type":"Point","coordinates":[41.378814,43.56102]}},{"type":"Feature","properties":{"id":"mount-0570","category":"rounded_mountain","name":"","elevation_m":2293,"main":false,"five_thousander":false},"geometry":{"type":"Point","coordinates":[41.260679,43.649158]}},{"type":"Feature","properties":{"id":"mount-0571","category":"steep_mountain","name":"","elevation_m":2307,"main":false,"five_thousander":false},"geometry":{"type":"Point","coordinates":[41.282308,43.632309]}},{"type":"Feature","properties":{"id":"mount-0572","category":"rounded_hill","name":"","elevation_m":2298,"main":false,"five_thousander":false},"geometry":{"type":"Point","coordinates":[41.341542,43.548245]}},{"type":"Feature","properties":{"id":"mount-0573","category":"rounded_hill","name":"","elevation_m":2328,"main":false,"five_thousander":false},"geometry":{"type":"Point","coordinates":[41.327144,43.635291]}},{"type":"Feature","properties":{"id":"mount-0574","category":"rounded_mountain","name":"","elevation_m":2370,"main":false,"five_thousander":false},"geometry":{"type":"Point","coordinates":[41.337894,43.483123]}},{"type":"Feature","properties":{"id":"mount-0575","category":"rounded_hill","name":"","elevation_m":2350,"main":false,"five_thousander":false},"geometry":{"type":"Point","coordinates":[41.337529,43.633847]}},{"type":"Feature","properties":{"id":"mount-0576","category":"plateau","name":"","elevation_m":2391,"main":false,"five_thousander":false},"geometry":{"type":"Point","coordinates":[41.458561,43.621235]}},{"type":"Feature","properties":{"id":"mount-0577","category":"rounded_hill","name":"","elevation_m":2395,"main":false,"five_thousander":false},"geometry":{"type":"Point","coordinates":[41.305,43.623728]}},{"type":"Feature","properties":{"id":"mount-0578","category":"steep_mountain","name":"","elevation_m":2435,"main":false,"five_thousander":false},"geometry":{"type":"Point","coordinates":[41.227012,43.610609]}},{"type":"Feature","properties":{"id":"mount-0579","category":"rounded_hill","name":"","elevation_m":2438,"main":false,"five_thousander":false},"geometry":{"type":"Point","coordinates":[41.314913,43.622563]}},{"type":"Feature","properties":{"id":"mount-0580","category":"rounded_mountain","name":"","elevation_m":2487,"main":false,"five_thousander":false},"geometry":{"type":"Point","coordinates":[41.225445,43.564635]}},{"type":"Feature","properties":{"id":"mount-0581","category":"rounded_hill","name":"","elevation_m":2494,"main":false,"five_thousander":false},"geometry":{"type":"Point","coordinates":[41.321758,43.61116]}},{"type":"Feature","properties":{"id":"mount-0582","category":"rounded_mountain","name":"","elevation_m":2479,"main":false,"five_thousander":false},"geometry":{"type":"Point","coordinates":[41.261526,43.637822]}},{"type":"Feature","properties":{"id":"mount-0583","category":"rounded_mountain","name":"","elevation_m":2507,"main":false,"five_thousander":false},"geometry":{"type":"Point","coordinates":[41.38038,43.551977]}},{"type":"Feature","properties":{"id":"mount-0584","category":"rounded_mountain","name":"","elevation_m":2568,"main":false,"five_thousander":false},"geometry":{"type":"Point","coordinates":[41.239103,43.625265]}},{"type":"Feature","properties":{"id":"mount-0585","category":"rounded_mountain","name":"","elevation_m":2646,"main":false,"five_thousander":false},"geometry":{"type":"Point","coordinates":[41.281536,43.626314]}},{"type":"Feature","properties":{"id":"mount-0586","category":"rocky_peak","name":"","elevation_m":2672,"main":false,"five_thousander":false},"geometry":{"type":"Point","coordinates":[41.221958,43.414424]}},{"type":"Feature","properties":{"id":"mount-0587","category":"rounded_mountain","name":"","elevation_m":2781,"main":false,"five_thousander":false},"geometry":{"type":"Point","coordinates":[41.35609,43.51833]}},{"type":"Feature","properties":{"id":"mount-0588","category":"steep_mountain","name":"","elevation_m":2797,"main":false,"five_thousander":false},"geometry":{"type":"Point","coordinates":[41.238298,43.594387]}},{"type":"Feature","properties":{"id":"mount-0589","category":"rounded_mountain","name":"","elevation_m":2815,"main":false,"five_thousander":false},"geometry":{"type":"Point","coordinates":[41.298476,43.598994]}},{"type":"Feature","properties":{"id":"mount-0590","category":"massif","name":"","elevation_m":2860,"main":false,"five_thousander":false},"geometry":{"type":"Point","coordinates":[41.238395,43.617747]}},{"type":"Feature","properties":{"id":"mount-0591","category":"rocky_ridge","name":"","elevation_m":2910,"main":false,"five_thousander":false},"geometry":{"type":"Point","coordinates":[41.276128,43.485412]}},{"type":"Feature","properties":{"id":"mount-0592","category":"rocky_peak","name":"","elevation_m":3025,"main":false,"five_thousander":false},"geometry":{"type":"Point","coordinates":[41.274412,43.406482]}},{"type":"Feature","properties":{"id":"mount-0593","category":"rocky_ridge","name":"","elevation_m":3032,"main":false,"five_thousander":false},"geometry":{"type":"Point","coordinates":[41.224576,43.580842]}},{"type":"Feature","properties":{"id":"mount-0594","category":"rounded_mountain","name":"","elevation_m":3052,"main":false,"five_thousander":false},"geometry":{"type":"Point","coordinates":[41.241968,43.611393]}},{"type":"Feature","properties":{"id":"mount-0595","category":"massif","name":"","elevation_m":3104,"main":false,"five_thousander":false},"geometry":{"type":"Point","coordinates":[41.265131,43.428559]}},{"type":"Feature","properties":{"id":"mount-0596","category":"rounded_hill","name":"","elevation_m":2917,"main":false,"five_thousander":false},"geometry":{"type":"Point","coordinates":[41.546838,43.57551]}},{"type":"Feature","properties":{"id":"mount-0597","category":"rounded_mountain","name":"","elevation_m":1957,"main":false,"five_thousander":false},"geometry":{"type":"Point","coordinates":[41.545604,43.607012]}},{"type":"Feature","properties":{"id":"mount-0598","category":"rounded_hill","name":"","elevation_m":2009,"main":false,"five_thousander":false},"geometry":{"type":"Point","coordinates":[41.472208,43.64519]}},{"type":"Feature","properties":{"id":"mount-0599","category":"plateau","name":"","elevation_m":2096,"main":false,"five_thousander":false},"geometry":{"type":"Point","coordinates":[41.50167,43.618136]}},{"type":"Feature","properties":{"id":"mount-0600","category":"rounded_mountain","name":"","elevation_m":2157,"main":false,"five_thousander":false},"geometry":{"type":"Point","coordinates":[41.533288,43.592739]}},{"type":"Feature","properties":{"id":"mount-0601","category":"plateau","name":"","elevation_m":2253,"main":false,"five_thousander":false},"geometry":{"type":"Point","coordinates":[41.503376,43.62772]}},{"type":"Feature","properties":{"id":"mount-0602","category":"rounded_hill","name":"","elevation_m":2552,"main":false,"five_thousander":false},"geometry":{"type":"Point","coordinates":[41.568822,43.591504]}},{"type":"Feature","properties":{"id":"mount-0603","category":"ridge","name":"","elevation_m":1833,"main":false,"five_thousander":false},"geometry":{"type":"Point","coordinates":[41.462435,43.702537]}},{"type":"Feature","properties":{"id":"mount-0604","category":"plateau","name":"","elevation_m":1805,"main":false,"five_thousander":false},"geometry":{"type":"Point","coordinates":[41.449839,43.528124]}},{"type":"Feature","properties":{"id":"mount-0605","category":"steep_mountain","name":"","elevation_m":2128,"main":false,"five_thousander":false},"geometry":{"type":"Point","coordinates":[41.464055,43.594729]}},{"type":"Feature","properties":{"id":"mount-0606","category":"rounded_mountain","name":"","elevation_m":2146,"main":false,"five_thousander":false},"geometry":{"type":"Point","coordinates":[41.269058,43.682631]}},{"type":"Feature","properties":{"id":"mount-0607","category":"steep_mountain","name":"","elevation_m":2130,"main":false,"five_thousander":false},"geometry":{"type":"Point","coordinates":[41.459162,43.578549]}},{"type":"Feature","properties":{"id":"mount-0608","category":"rounded_mountain","name":"","elevation_m":2260,"main":false,"five_thousander":false},"geometry":{"type":"Point","coordinates":[41.289732,43.670169]}},{"type":"Feature","properties":{"id":"mount-0609","category":"rounded_mountain","name":"","elevation_m":2284,"main":false,"five_thousander":false},"geometry":{"type":"Point","coordinates":[41.273028,43.646324]}},{"type":"Feature","properties":{"id":"mount-0610","category":"rounded_mountain","name":"","elevation_m":2341,"main":false,"five_thousander":false},"geometry":{"type":"Point","coordinates":[41.474376,43.525231]}},{"type":"Feature","properties":{"id":"mount-0611","category":"plateau","name":"","elevation_m":2369,"main":false,"five_thousander":false},"geometry":{"type":"Point","coordinates":[41.469848,43.581106]}},{"type":"Feature","properties":{"id":"mount-0612","category":"rounded_mountain","name":"","elevation_m":2398,"main":false,"five_thousander":false},"geometry":{"type":"Point","coordinates":[41.287576,43.664139]}},{"type":"Feature","properties":{"id":"mount-0613","category":"steep_mountain","name":"","elevation_m":2486,"main":false,"five_thousander":false},"geometry":{"type":"Point","coordinates":[41.459956,43.51742]}},{"type":"Feature","properties":{"id":"mount-0614","category":"steep_mountain","name":"","elevation_m":2547,"main":false,"five_thousander":false},"geometry":{"type":"Point","coordinates":[41.473689,43.54466]}},{"type":"Feature","properties":{"id":"mount-0615","category":"rounded_hill","name":"","elevation_m":2610,"main":false,"five_thousander":false},"geometry":{"type":"Point","coordinates":[41.228364,43.661593]}},{"type":"Feature","properties":{"id":"mount-0616","category":"rounded_mountain","name":"","elevation_m":2649,"main":false,"five_thousander":false},"geometry":{"type":"Point","coordinates":[41.229275,43.65328]}},{"type":"Feature","properties":{"id":"mount-0617","category":"rounded_mountain","name":"","elevation_m":2723,"main":false,"five_thousander":false},"geometry":{"type":"Point","coordinates":[41.480083,43.554489]}},{"type":"Feature","properties":{"id":"mount-0618","category":"rounded_mountain","name":"","elevation_m":2771,"main":false,"five_thousander":false},"geometry":{"type":"Point","coordinates":[41.217828,43.644569]}},{"type":"Feature","properties":{"id":"mount-0619","category":"rounded_mountain","name":"","elevation_m":2785,"main":false,"five_thousander":false},"geometry":{"type":"Point","coordinates":[41.407127,43.524585]}},{"type":"Feature","properties":{"id":"mount-0620","category":"rounded_hill","name":"","elevation_m":1853,"main":false,"five_thousander":false},"geometry":{"type":"Point","coordinates":[41.420227,43.700442]}},{"type":"Feature","properties":{"id":"mount-0621","category":"rounded_mountain","name":"","elevation_m":2355,"main":false,"five_thousander":false},"geometry":{"type":"Point","coordinates":[41.409209,43.54966]}},{"type":"Feature","properties":{"id":"mount-0622","category":"ridge","name":"","elevation_m":2868,"main":false,"five_thousander":false},"geometry":{"type":"Point","coordinates":[41.815134,43.433974]}},{"type":"Feature","properties":{"id":"mount-0623","category":"ridge","name":"","elevation_m":3038,"main":false,"five_thousander":false},"geometry":{"type":"Point","coordinates":[41.821915,43.419809]}},{"type":"Feature","properties":{"id":"mount-0624","category":"rounded_mountain","name":"","elevation_m":3074,"main":false,"five_thousander":false},"geometry":{"type":"Point","coordinates":[41.828138,43.409288]}},{"type":"Feature","properties":{"id":"mount-0625","category":"rocky_ridge","name":"","elevation_m":2708,"main":false,"five_thousander":false},"geometry":{"type":"Point","coordinates":[40.804886,43.557195]}},{"type":"Feature","properties":{"id":"mount-0626","category":"rocky_peak","name":"","elevation_m":2865,"main":false,"five_thousander":false},"geometry":{"type":"Point","coordinates":[41.451652,43.374742]}},{"type":"Feature","properties":{"id":"mount-0627","category":"plateau","name":"","elevation_m":1838,"main":false,"five_thousander":false},"geometry":{"type":"Point","coordinates":[41.021136,43.840849]}},{"type":"Feature","properties":{"id":"mount-0628","category":"isolated_peak","name":"","elevation_m":2905,"main":false,"five_thousander":false},"geometry":{"type":"Point","coordinates":[42.705842,43.311713]}},{"type":"Feature","properties":{"id":"mount-0629","category":"rounded_mountain","name":"","elevation_m":3141,"main":false,"five_thousander":false},"geometry":{"type":"Point","coordinates":[41.242021,43.359463]}},{"type":"Feature","properties":{"id":"mount-0630","category":"isolated_peak","name":"","elevation_m":3177,"main":false,"five_thousander":false},"geometry":{"type":"Point","coordinates":[43.013041,43.187898]}},{"type":"Feature","properties":{"id":"mount-0631","category":"rounded_hill","name":"","elevation_m":2027,"main":false,"five_thousander":false},"geometry":{"type":"Point","coordinates":[41.175792,43.721715]}},{"type":"Feature","properties":{"id":"mount-0632","category":"ridge","name":"","elevation_m":1902,"main":false,"five_thousander":false},"geometry":{"type":"Point","coordinates":[41.381614,43.662563]}},{"type":"Feature","properties":{"id":"mount-0633","category":"rocky_peak","name":"","elevation_m":3039,"main":false,"five_thousander":false},"geometry":{"type":"Point","coordinates":[42.469422,43.259011]}},{"type":"Feature","properties":{"id":"mount-0634","category":"ridge","name":"","elevation_m":2728,"main":false,"five_thousander":false},"geometry":{"type":"Point","coordinates":[41.030674,43.561836]}},{"type":"Feature","properties":{"id":"mount-0635","category":"isolated_peak","name":"","elevation_m":2598,"main":false,"five_thousander":false},"geometry":{"type":"Point","coordinates":[41.822698,43.27551]}},{"type":"Feature","properties":{"id":"mount-0636","category":"ridge","name":"","elevation_m":2641,"main":false,"five_thousander":false},"geometry":{"type":"Point","coordinates":[41.296567,43.440472]}},{"type":"Feature","properties":{"id":"mount-0637","category":"rounded_mountain","name":"","elevation_m":2706,"main":false,"five_thousander":false},"geometry":{"type":"Point","coordinates":[41.300268,43.446929]}},{"type":"Feature","properties":{"id":"mount-0638","category":"rounded_mountain","name":"","elevation_m":2549,"main":false,"five_thousander":false},"geometry":{"type":"Point","coordinates":[41.295161,43.453153]}},{"type":"Feature","properties":{"id":"mount-0639","category":"rocky_ridge","name":"","elevation_m":3173,"main":false,"five_thousander":false},"geometry":{"type":"Point","coordinates":[41.796724,43.362209]}},{"type":"Feature","properties":{"id":"mount-0640","category":"rounded_mountain","name":"","elevation_m":3099,"main":false,"five_thousander":false},"geometry":{"type":"Point","coordinates":[41.596824,43.318715]}},{"type":"Feature","properties":{"id":"mount-0641","category":"steep_mountain","name":"","elevation_m":2575,"main":false,"five_thousander":false},"geometry":{"type":"Point","coordinates":[41.742232,43.359104]}},{"type":"Feature","properties":{"id":"mount-0642","category":"rocky_peak","name":"","elevation_m":2910,"main":false,"five_thousander":false},"geometry":{"type":"Point","coordinates":[41.717716,43.350546]}},{"type":"Feature","properties":{"id":"mount-0643","category":"rounded_mountain","name":"","elevation_m":2639,"main":false,"five_thousander":false},"geometry":{"type":"Point","coordinates":[41.553018,43.408547]}},{"type":"Feature","properties":{"id":"mount-0644","category":"rocky_ridge","name":"","elevation_m":3113,"main":false,"five_thousander":false},"geometry":{"type":"Point","coordinates":[41.668181,43.403566]}},{"type":"Feature","properties":{"id":"mount-0645","category":"rounded_mountain","name":"","elevation_m":2788,"main":false,"five_thousander":false},"geometry":{"type":"Point","coordinates":[41.636982,43.358605]}},{"type":"Feature","properties":{"id":"mount-0646","category":"steep_mountain","name":"","elevation_m":2081,"main":false,"five_thousander":false},"geometry":{"type":"Point","coordinates":[41.589142,43.29908]}},{"type":"Feature","properties":{"id":"mount-0647","category":"rocky_peak","name":"","elevation_m":2448,"main":false,"five_thousander":false},"geometry":{"type":"Point","coordinates":[41.625212,43.315702]}},{"type":"Feature","properties":{"id":"mount-0648","category":"steep_mountain","name":"","elevation_m":2691,"main":false,"five_thousander":false},"geometry":{"type":"Point","coordinates":[41.567169,43.283665]}},{"type":"Feature","properties":{"id":"mount-0649","category":"steep_mountain","name":"","elevation_m":2831,"main":false,"five_thousander":false},"geometry":{"type":"Point","coordinates":[41.642089,43.436841]}},{"type":"Feature","properties":{"id":"mount-0650","category":"massif","name":"","elevation_m":2977,"main":false,"five_thousander":false},"geometry":{"type":"Point","coordinates":[41.617563,43.377986]}},{"type":"Feature","properties":{"id":"mount-0651","category":"massif","name":"","elevation_m":3024,"main":false,"five_thousander":false},"geometry":{"type":"Point","coordinates":[41.640104,43.447724]}},{"type":"Feature","properties":{"id":"mount-0652","category":"steep_mountain","name":"","elevation_m":3090,"main":false,"five_thousander":false},"geometry":{"type":"Point","coordinates":[41.512034,43.349797]}},{"type":"Feature","properties":{"id":"mount-0653","category":"steep_mountain","name":"","elevation_m":3147,"main":false,"five_thousander":false},"geometry":{"type":"Point","coordinates":[41.523331,43.371396]}},{"type":"Feature","properties":{"id":"mount-0654","category":"rounded_hill","name":"","elevation_m":2421,"main":false,"five_thousander":false},"geometry":{"type":"Point","coordinates":[40.960937,43.37163]}},{"type":"Feature","properties":{"id":"mount-0655","category":"rounded_mountain","name":"","elevation_m":2239,"main":false,"five_thousander":false},"geometry":{"type":"Point","coordinates":[41.915642,43.524227]}},{"type":"Feature","properties":{"id":"mount-0656","category":"steep_mountain","name":"","elevation_m":2280,"main":false,"five_thousander":false},"geometry":{"type":"Point","coordinates":[41.525391,43.506885]}},{"type":"Feature","properties":{"id":"mount-0657","category":"rounded_mountain","name":"","elevation_m":2346,"main":false,"five_thousander":false},"geometry":{"type":"Point","coordinates":[41.702203,43.532488]}},{"type":"Feature","properties":{"id":"mount-0658","category":"ridge","name":"","elevation_m":2340,"main":false,"five_thousander":false},"geometry":{"type":"Point","coordinates":[41.744485,43.530015]}},{"type":"Feature","properties":{"id":"mount-0659","category":"plateau","name":"","elevation_m":2435,"main":false,"five_thousander":false},"geometry":{"type":"Point","coordinates":[41.685584,43.487599]}},{"type":"Feature","properties":{"id":"mount-0660","category":"rocky_peak","name":"","elevation_m":2437,"main":false,"five_thousander":false},"geometry":{"type":"Point","coordinates":[41.592565,43.513522]}},{"type":"Feature","properties":{"id":"mount-0661","category":"isolated_peak","name":"","elevation_m":2491,"main":false,"five_thousander":false},"geometry":{"type":"Point","coordinates":[41.79653,43.507834]}},{"type":"Feature","properties":{"id":"mount-0662","category":"steep_mountain","name":"","elevation_m":2614,"main":false,"five_thousander":false},"geometry":{"type":"Point","coordinates":[41.967301,43.517451]}},{"type":"Feature","properties":{"id":"mount-0663","category":"steep_mountain","name":"","elevation_m":2674,"main":false,"five_thousander":false},"geometry":{"type":"Point","coordinates":[41.606426,43.531189]}},{"type":"Feature","properties":{"id":"mount-0664","category":"steep_mountain","name":"","elevation_m":2819,"main":false,"five_thousander":false},"geometry":{"type":"Point","coordinates":[41.913968,43.508106]}},{"type":"Feature","properties":{"id":"mount-0665","category":"rounded_mountain","name":"","elevation_m":2887,"main":false,"five_thousander":false},"geometry":{"type":"Point","coordinates":[41.875827,43.519676]}},{"type":"Feature","properties":{"id":"mount-0666","category":"rounded_mountain","name":"","elevation_m":2958,"main":false,"five_thousander":false},"geometry":{"type":"Point","coordinates":[41.880419,43.501398]}},{"type":"Feature","properties":{"id":"mount-0667","category":"ridge","name":"","elevation_m":2966,"main":false,"five_thousander":false},"geometry":{"type":"Point","coordinates":[41.934396,43.515195]}},{"type":"Feature","properties":{"id":"mount-0668","category":"steep_mountain","name":"","elevation_m":2977,"main":false,"five_thousander":false},"geometry":{"type":"Point","coordinates":[41.960424,43.49911]}},{"type":"Feature","properties":{"id":"mount-0669","category":"steep_mountain","name":"","elevation_m":3021,"main":false,"five_thousander":false},"geometry":{"type":"Point","coordinates":[41.646713,43.530365]}},{"type":"Feature","properties":{"id":"mount-0670","category":"rocky_peak","name":"","elevation_m":3054,"main":false,"five_thousander":false},"geometry":{"type":"Point","coordinates":[41.841366,43.505227]}},{"type":"Feature","properties":{"id":"mount-0671","category":"ridge","name":"","elevation_m":3092,"main":false,"five_thousander":false},"geometry":{"type":"Point","coordinates":[41.61678,43.511359]}},{"type":"Feature","properties":{"id":"mount-0672","category":"rounded_mountain","name":"","elevation_m":3095,"main":false,"five_thousander":false},"geometry":{"type":"Point","coordinates":[41.861118,43.498807]}},{"type":"Feature","properties":{"id":"mount-0673","category":"rounded_mountain","name":"","elevation_m":3075,"main":false,"five_thousander":false},"geometry":{"type":"Point","coordinates":[41.894206,43.518984]}},{"type":"Feature","properties":{"id":"mount-0674","category":"ridge","name":"","elevation_m":3163,"main":false,"five_thousander":false},"geometry":{"type":"Point","coordinates":[41.91237,43.498013]}},{"type":"Feature","properties":{"id":"mount-0675","category":"rounded_mountain","name":"","elevation_m":3168,"main":false,"five_thousander":false},"geometry":{"type":"Point","coordinates":[41.938977,43.499935]}},{"type":"Feature","properties":{"id":"mount-0676","category":"rounded_mountain","name":"","elevation_m":3185,"main":false,"five_thousander":false},"geometry":{"type":"Point","coordinates":[41.675777,43.511001]}},{"type":"Feature","properties":{"id":"mount-0677","category":"rocky_peak","name":"","elevation_m":3172,"main":false,"five_thousander":false},"geometry":{"type":"Point","coordinates":[41.661143,43.254979]}},{"type":"Feature","properties":{"id":"mount-0678","category":"rounded_mountain","name":"","elevation_m":2012,"main":false,"five_thousander":false},"geometry":{"type":"Point","coordinates":[41.555904,43.297073]}},{"type":"Feature","properties":{"id":"mount-0679","category":"rocky_peak","name":"","elevation_m":2583,"main":false,"five_thousander":false},"geometry":{"type":"Point","coordinates":[41.541935,43.303679]}},{"type":"Feature","properties":{"id":"mount-0680","category":"rounded_mountain","name":"","elevation_m":2714,"main":false,"five_thousander":false},"geometry":{"type":"Point","coordinates":[41.569465,43.270917]}},{"type":"Feature","properties":{"id":"mount-0681","category":"rocky_peak","name":"","elevation_m":2621,"main":false,"five_thousander":false},"geometry":{"type":"Point","coordinates":[41.538888,43.242553]}},{"type":"Feature","properties":{"id":"mount-0682","category":"rocky_peak","name":"","elevation_m":2557,"main":false,"five_thousander":false},"geometry":{"type":"Point","coordinates":[41.5133,43.252916]}},{"type":"Feature","properties":{"id":"mount-0683","category":"massif","name":"","elevation_m":2747,"main":false,"five_thousander":false},"geometry":{"type":"Point","coordinates":[41.57998,43.277682]}},{"type":"Feature","properties":{"id":"mount-0684","category":"rocky_peak","name":"","elevation_m":2829,"main":false,"five_thousander":false},"geometry":{"type":"Point","coordinates":[41.630609,43.270698]}},{"type":"Feature","properties":{"id":"mount-0685","category":"rocky_peak","name":"","elevation_m":2830,"main":false,"five_thousander":false},"geometry":{"type":"Point","coordinates":[41.598648,43.2733]}},{"type":"Feature","properties":{"id":"mount-0686","category":"rounded_mountain","name":"","elevation_m":2975,"main":false,"five_thousander":false},"geometry":{"type":"Point","coordinates":[41.549027,43.317926]}},{"type":"Feature","properties":{"id":"mount-0687","category":"rocky_peak","name":"","elevation_m":2840,"main":false,"five_thousander":false},"geometry":{"type":"Point","coordinates":[41.525928,43.293317]}},{"type":"Feature","properties":{"id":"mount-0688","category":"steep_mountain","name":"","elevation_m":3049,"main":false,"five_thousander":false},"geometry":{"type":"Point","coordinates":[41.561011,43.236011]}},{"type":"Feature","properties":{"id":"mount-0689","category":"rocky_peak","name":"","elevation_m":3037,"main":false,"five_thousander":false},"geometry":{"type":"Point","coordinates":[41.526958,43.262855]}},{"type":"Feature","properties":{"id":"mount-0690","category":"rocky_peak","name":"","elevation_m":3076,"main":false,"five_thousander":false},"geometry":{"type":"Point","coordinates":[41.587994,43.271245]}},{"type":"Feature","properties":{"id":"mount-0691","category":"rocky_peak","name":"","elevation_m":3100,"main":false,"five_thousander":false},"geometry":{"type":"Point","coordinates":[41.494739,43.271886]}},{"type":"Feature","properties":{"id":"mount-0692","category":"rocky_ridge","name":"","elevation_m":3122,"main":false,"five_thousander":false},"geometry":{"type":"Point","coordinates":[41.556011,43.28104]}},{"type":"Feature","properties":{"id":"mount-0693","category":"rocky_peak","name":"","elevation_m":3197,"main":false,"five_thousander":false},"geometry":{"type":"Point","coordinates":[41.508397,43.263112]}},{"type":"Feature","properties":{"id":"mount-0694","category":"rocky_peak","name":"","elevation_m":3185,"main":false,"five_thousander":false},"geometry":{"type":"Point","coordinates":[41.549306,43.24364]}},{"type":"Feature","properties":{"id":"mount-0695","category":"rocky_peak","name":"","elevation_m":3090,"main":false,"five_thousander":false},"geometry":{"type":"Point","coordinates":[41.509395,43.294028]}},{"type":"Feature","properties":{"id":"mount-0696","category":"rocky_peak","name":"","elevation_m":2545,"main":false,"five_thousander":false},"geometry":{"type":"Point","coordinates":[41.595429,43.203651]}},{"type":"Feature","properties":{"id":"mount-0697","category":"ridge","name":"","elevation_m":2952,"main":false,"five_thousander":false},"geometry":{"type":"Point","coordinates":[41.66345,43.299033]}},{"type":"Feature","properties":{"id":"mount-0698","category":"rocky_peak","name":"","elevation_m":1944,"main":false,"five_thousander":false},"geometry":{"type":"Point","coordinates":[41.632465,43.194312]}},{"type":"Feature","properties":{"id":"mount-0699","category":"rocky_peak","name":"","elevation_m":2044,"main":false,"five_thousander":false},"geometry":{"type":"Point","coordinates":[41.648258,43.310393]}},{"type":"Feature","properties":{"id":"mount-0700","category":"rounded_mountain","name":"","elevation_m":2137,"main":false,"five_thousander":false},"geometry":{"type":"Point","coordinates":[41.761844,43.351553]}},{"type":"Feature","properties":{"id":"mount-0701","category":"rocky_peak","name":"","elevation_m":2236,"main":false,"five_thousander":false},"geometry":{"type":"Point","coordinates":[41.64064,43.298971]}},{"type":"Feature","properties":{"id":"mount-0702","category":"steep_mountain","name":"","elevation_m":2178,"main":false,"five_thousander":false},"geometry":{"type":"Point","coordinates":[41.663064,43.312642]}},{"type":"Feature","properties":{"id":"mount-0703","category":"steep_mountain","name":"","elevation_m":2194,"main":false,"five_thousander":false},"geometry":{"type":"Point","coordinates":[41.726568,43.3841]}},{"type":"Feature","properties":{"id":"mount-0704","category":"ridge","name":"","elevation_m":2195,"main":false,"five_thousander":false},"geometry":{"type":"Point","coordinates":[41.677612,43.317177]}},{"type":"Feature","properties":{"id":"mount-0705","category":"steep_mountain","name":"","elevation_m":2193,"main":false,"five_thousander":false},"geometry":{"type":"Point","coordinates":[41.69275,43.344819]}},{"type":"Feature","properties":{"id":"mount-0706","category":"rocky_peak","name":"","elevation_m":2240,"main":false,"five_thousander":false},"geometry":{"type":"Point","coordinates":[41.7665,43.28511]}},{"type":"Feature","properties":{"id":"mount-0707","category":"steep_mountain","name":"","elevation_m":2414,"main":false,"five_thousander":false},"geometry":{"type":"Point","coordinates":[41.705207,43.356959]}},{"type":"Feature","properties":{"id":"mount-0708","category":"rocky_peak","name":"","elevation_m":2323,"main":false,"five_thousander":false},"geometry":{"type":"Point","coordinates":[41.659126,43.210611]}},{"type":"Feature","properties":{"id":"mount-0709","category":"steep_mountain","name":"","elevation_m":2500,"main":false,"five_thousander":false},"geometry":{"type":"Point","coordinates":[41.745869,43.321041]}},{"type":"Feature","properties":{"id":"mount-0710","category":"rocky_peak","name":"","elevation_m":2442,"main":false,"five_thousander":false},"geometry":{"type":"Point","coordinates":[41.70261,43.325466]}},{"type":"Feature","properties":{"id":"mount-0711","category":"steep_mountain","name":"","elevation_m":2420,"main":false,"five_thousander":false},"geometry":{"type":"Point","coordinates":[41.727383,43.319956]}},{"type":"Feature","properties":{"id":"mount-0712","category":"steep_mountain","name":"","elevation_m":2465,"main":false,"five_thousander":false},"geometry":{"type":"Point","coordinates":[41.655232,43.292904]}},{"type":"Feature","properties":{"id":"mount-0713","category":"massif","name":"","elevation_m":2537,"main":false,"five_thousander":false},"geometry":{"type":"Point","coordinates":[41.698029,43.338265]}},{"type":"Feature","properties":{"id":"mount-0714","category":"steep_mountain","name":"","elevation_m":2503,"main":false,"five_thousander":false},"geometry":{"type":"Point","coordinates":[41.786381,43.326465]}},{"type":"Feature","properties":{"id":"mount-0715","category":"rounded_mountain","name":"","elevation_m":2545,"main":false,"five_thousander":false},"geometry":{"type":"Point","coordinates":[41.846312,43.244945]}},{"type":"Feature","properties":{"id":"mount-0716","category":"steep_mountain","name":"","elevation_m":2571,"main":false,"five_thousander":false},"geometry":{"type":"Point","coordinates":[41.682612,43.297878]}},{"type":"Feature","properties":{"id":"mount-0717","category":"steep_mountain","name":"","elevation_m":2639,"main":false,"five_thousander":false},"geometry":{"type":"Point","coordinates":[41.777594,43.303539]}},{"type":"Feature","properties":{"id":"mount-0718","category":"steep_mountain","name":"","elevation_m":2588,"main":false,"five_thousander":false},"geometry":{"type":"Point","coordinates":[41.742672,43.291365]}},{"type":"Feature","properties":{"id":"mount-0719","category":"steep_mountain","name":"","elevation_m":2603,"main":false,"five_thousander":false},"geometry":{"type":"Point","coordinates":[41.695465,43.204378]}},{"type":"Feature","properties":{"id":"mount-0720","category":"massif","name":"","elevation_m":2729,"main":false,"five_thousander":false},"geometry":{"type":"Point","coordinates":[41.678749,43.284086]}},{"type":"Feature","properties":{"id":"mount-0721","category":"rocky_peak","name":"","elevation_m":2587,"main":false,"five_thousander":false},"geometry":{"type":"Point","coordinates":[41.622316,43.199295]}},{"type":"Feature","properties":{"id":"mount-0722","category":"rocky_peak","name":"","elevation_m":2542,"main":false,"five_thousander":false},"geometry":{"type":"Point","coordinates":[41.740397,43.265433]}},{"type":"Feature","properties":{"id":"mount-0723","category":"isolated_peak","name":"","elevation_m":2722,"main":false,"five_thousander":false},"geometry":{"type":"Point","coordinates":[41.74574,43.388864]}},{"type":"Feature","properties":{"id":"mount-0724","category":"rocky_peak","name":"","elevation_m":2581,"main":false,"five_thousander":false},"geometry":{"type":"Point","coordinates":[41.808268,43.24482]}},{"type":"Feature","properties":{"id":"mount-0725","category":"rocky_peak","name":"","elevation_m":2619,"main":false,"five_thousander":false},"geometry":{"type":"Point","coordinates":[41.647174,43.205301]}},{"type":"Feature","properties":{"id":"mount-0726","category":"massif","name":"","elevation_m":2560,"main":false,"five_thousander":false},"geometry":{"type":"Point","coordinates":[41.710839,43.339857]}},{"type":"Feature","properties":{"id":"mount-0727","category":"rounded_mountain","name":"","elevation_m":2823,"main":false,"five_thousander":false},"geometry":{"type":"Point","coordinates":[41.818471,43.349392]}},{"type":"Feature","properties":{"id":"mount-0728","category":"steep_mountain","name":"","elevation_m":2991,"main":false,"five_thousander":false},"geometry":{"type":"Point","coordinates":[41.683513,43.228476]}},{"type":"Feature","properties":{"id":"mount-0729","category":"steep_mountain","name":"","elevation_m":2773,"main":false,"five_thousander":false},"geometry":{"type":"Point","coordinates":[41.706902,43.290514]}},{"type":"Feature","properties":{"id":"mount-0730","category":"steep_mountain","name":"","elevation_m":2631,"main":false,"five_thousander":false},"geometry":{"type":"Point","coordinates":[41.801133,43.255057]}},{"type":"Feature","properties":{"id":"mount-0731","category":"massif","name":"","elevation_m":2995,"main":false,"five_thousander":false},"geometry":{"type":"Point","coordinates":[41.780115,43.245367]}},{"type":"Feature","properties":{"id":"mount-0732","category":"rocky_peak","name":"","elevation_m":2785,"main":false,"five_thousander":false},"geometry":{"type":"Point","coordinates":[41.830273,43.239724]}},{"type":"Feature","properties":{"id":"mount-0733","category":"massif","name":"","elevation_m":2724,"main":false,"five_thousander":false},"geometry":{"type":"Point","coordinates":[41.797754,43.224911]}},{"type":"Feature","properties":{"id":"mount-0734","category":"isolated_peak","name":"","elevation_m":2852,"main":false,"five_thousander":false},"geometry":{"type":"Point","coordinates":[41.814383,43.291217]}},{"type":"Feature","properties":{"id":"mount-0735","category":"steep_mountain","name":"","elevation_m":2853,"main":false,"five_thousander":false},"geometry":{"type":"Point","coordinates":[41.86865,43.246844]}},{"type":"Feature","properties":{"id":"mount-0736","category":"rocky_peak","name":"","elevation_m":2850,"main":false,"five_thousander":false},"geometry":{"type":"Point","coordinates":[41.842214,43.259112]}},{"type":"Feature","properties":{"id":"mount-0737","category":"isolated_peak","name":"","elevation_m":2842,"main":false,"five_thousander":false},"geometry":{"type":"Point","coordinates":[41.730881,43.288148]}},{"type":"Feature","properties":{"id":"mount-0738","category":"rocky_peak","name":"","elevation_m":2878,"main":false,"five_thousander":false},"geometry":{"type":"Point","coordinates":[41.669394,43.205997]}},{"type":"Feature","properties":{"id":"mount-0739","category":"rocky_peak","name":"","elevation_m":2875,"main":false,"five_thousander":false},"geometry":{"type":"Point","coordinates":[41.925588,43.267074]}},{"type":"Feature","properties":{"id":"mount-0740","category":"rocky_ridge","name":"","elevation_m":2892,"main":false,"five_thousander":false},"geometry":{"type":"Point","coordinates":[41.76282,43.24725]}},{"type":"Feature","properties":{"id":"mount-0741","category":"rocky_peak","name":"","elevation_m":2909,"main":false,"five_thousander":false},"geometry":{"type":"Point","coordinates":[41.765814,43.242241]}},{"type":"Feature","properties":{"id":"mount-0742","category":"rocky_peak","name":"","elevation_m":2958,"main":false,"five_thousander":false},"geometry":{"type":"Point","coordinates":[41.793022,43.319698]}},{"type":"Feature","properties":{"id":"mount-0743","category":"ridge","name":"","elevation_m":3002,"main":false,"five_thousander":false},"geometry":{"type":"Point","coordinates":[41.689049,43.284126]}},{"type":"Feature","properties":{"id":"mount-0744","category":"rocky_peak","name":"","elevation_m":2949,"main":false,"five_thousander":false},"geometry":{"type":"Point","coordinates":[41.706054,43.331991]}},{"type":"Feature","properties":{"id":"mount-0745","category":"rocky_peak","name":"","elevation_m":2995,"main":false,"five_thousander":false},"geometry":{"type":"Point","coordinates":[41.836034,43.272308]}},{"type":"Feature","properties":{"id":"mount-0746","category":"steep_mountain","name":"","elevation_m":3004,"main":false,"five_thousander":false},"geometry":{"type":"Point","coordinates":[41.609248,43.237215]}},{"type":"Feature","properties":{"id":"mount-0747","category":"rocky_ridge","name":"","elevation_m":3104,"main":false,"five_thousander":false},"geometry":{"type":"Point","coordinates":[41.759044,43.225888]}},{"type":"Feature","properties":{"id":"mount-0748","category":"rocky_peak","name":"","elevation_m":3000,"main":false,"five_thousander":false},"geometry":{"type":"Point","coordinates":[41.883134,43.31037]}},{"type":"Feature","properties":{"id":"mount-0749","category":"steep_mountain","name":"","elevation_m":3070,"main":false,"five_thousander":false},"geometry":{"type":"Point","coordinates":[41.716622,43.276901]}},{"type":"Feature","properties":{"id":"mount-0750","category":"ridge","name":"","elevation_m":3098,"main":false,"five_thousander":false},"geometry":{"type":"Point","coordinates":[41.750611,43.336767]}},{"type":"Feature","properties":{"id":"mount-0751","category":"ridge","name":"","elevation_m":3135,"main":false,"five_thousander":false},"geometry":{"type":"Point","coordinates":[41.726428,43.272745]}},{"type":"Feature","properties":{"id":"mount-0752","category":"rocky_ridge","name":"","elevation_m":3135,"main":false,"five_thousander":false},"geometry":{"type":"Point","coordinates":[41.700014,43.284485]}},{"type":"Feature","properties":{"id":"mount-0753","category":"rocky_peak","name":"","elevation_m":3159,"main":false,"five_thousander":false},"geometry":{"type":"Point","coordinates":[41.78151,43.263855]}},{"type":"Feature","properties":{"id":"mount-0754","category":"rocky_ridge","name":"","elevation_m":3106,"main":false,"five_thousander":false},"geometry":{"type":"Point","coordinates":[41.793709,43.210767]}},{"type":"Feature","properties":{"id":"mount-0755","category":"ridge","name":"","elevation_m":3114,"main":false,"five_thousander":false},"geometry":{"type":"Point","coordinates":[41.769344,43.314999]}},{"type":"Feature","properties":{"id":"mount-0756","category":"rocky_peak","name":"","elevation_m":3168,"main":false,"five_thousander":false},"geometry":{"type":"Point","coordinates":[41.68553,43.194672]}},{"type":"Feature","properties":{"id":"mount-0757","category":"rounded_mountain","name":"","elevation_m":3083,"main":false,"five_thousander":false},"geometry":{"type":"Point","coordinates":[41.862695,43.296168]}},{"type":"Feature","properties":{"id":"mount-0758","category":"steep_mountain","name":"","elevation_m":3170,"main":false,"five_thousander":false},"geometry":{"type":"Point","coordinates":[41.804073,43.304522]}},{"type":"Feature","properties":{"id":"mount-0759","category":"rounded_mountain","name":"","elevation_m":3173,"main":false,"five_thousander":false},"geometry":{"type":"Point","coordinates":[41.818321,43.30866]}},{"type":"Feature","properties":{"id":"mount-0760","category":"rounded_mountain","name":"","elevation_m":3187,"main":false,"five_thousander":false},"geometry":{"type":"Point","coordinates":[41.78063,43.3103]}},{"type":"Feature","properties":{"id":"mount-0761","category":"rounded_mountain","name":"","elevation_m":3162,"main":false,"five_thousander":false},"geometry":{"type":"Point","coordinates":[41.823857,43.341285]}},{"type":"Feature","properties":{"id":"mount-0762","category":"rocky_ridge","name":"","elevation_m":3194,"main":false,"five_thousander":false},"geometry":{"type":"Point","coordinates":[41.640093,43.212534]}},{"type":"Feature","properties":{"id":"mount-0763","category":"rocky_peak","name":"","elevation_m":3108,"main":false,"five_thousander":false},"geometry":{"type":"Point","coordinates":[41.787658,43.219173]}},{"type":"Feature","properties":{"id":"mount-0764","category":"rounded_mountain","name":"","elevation_m":3187,"main":false,"five_thousander":false},"geometry":{"type":"Point","coordinates":[41.846591,43.310885]}},{"type":"Feature","properties":{"id":"mount-0765","category":"rocky_peak","name":"","elevation_m":3130,"main":false,"five_thousander":false},"geometry":{"type":"Point","coordinates":[41.709788,43.256721]}},{"type":"Feature","properties":{"id":"mount-0766","category":"rocky_ridge","name":"","elevation_m":3036,"main":false,"five_thousander":false},"geometry":{"type":"Point","coordinates":[41.742854,43.237223]}},{"type":"Feature","properties":{"id":"mount-0767","category":"steep_mountain","name":"","elevation_m":2262,"main":false,"five_thousander":false},"geometry":{"type":"Point","coordinates":[41.993662,43.42644]}},{"type":"Feature","properties":{"id":"mount-0768","category":"rounded_mountain","name":"","elevation_m":2330,"main":false,"five_thousander":false},"geometry":{"type":"Point","coordinates":[41.843973,43.466477]}},{"type":"Feature","properties":{"id":"mount-0769","category":"ridge","name":"","elevation_m":2448,"main":false,"five_thousander":false},"geometry":{"type":"Point","coordinates":[41.77429,43.421523]}},{"type":"Feature","properties":{"id":"mount-0770","category":"rounded_mountain","name":"","elevation_m":2588,"main":false,"five_thousander":false},"geometry":{"type":"Point","coordinates":[41.955081,43.347784]}},{"type":"Feature","properties":{"id":"mount-0771","category":"steep_mountain","name":"","elevation_m":2647,"main":false,"five_thousander":false},"geometry":{"type":"Point","coordinates":[41.941198,43.456463]}},{"type":"Feature","properties":{"id":"mount-0772","category":"steep_mountain","name":"","elevation_m":2691,"main":false,"five_thousander":false},"geometry":{"type":"Point","coordinates":[41.813847,43.483458]}},{"type":"Feature","properties":{"id":"mount-0773","category":"rounded_mountain","name":"","elevation_m":2674,"main":false,"five_thousander":false},"geometry":{"type":"Point","coordinates":[41.850067,43.438625]}},{"type":"Feature","properties":{"id":"mount-0774","category":"steep_mountain","name":"","elevation_m":2900,"main":false,"five_thousander":false},"geometry":{"type":"Point","coordinates":[41.927036,43.373455]}},{"type":"Feature","properties":{"id":"mount-0775","category":"ridge","name":"","elevation_m":2631,"main":false,"five_thousander":false},"geometry":{"type":"Point","coordinates":[41.768475,43.406903]}},{"type":"Feature","properties":{"id":"mount-0776","category":"steep_mountain","name":"","elevation_m":2838,"main":false,"five_thousander":false},"geometry":{"type":"Point","coordinates":[41.982794,43.331929]}},{"type":"Feature","properties":{"id":"mount-0777","category":"rounded_mountain","name":"","elevation_m":2754,"main":false,"five_thousander":false},"geometry":{"type":"Point","coordinates":[41.799363,43.421087]}},{"type":"Feature","properties":{"id":"mount-0778","category":"massif","name":"","elevation_m":2790,"main":false,"five_thousander":false},"geometry":{"type":"Point","coordinates":[41.847364,43.479121]}},{"type":"Feature","properties":{"id":"mount-0779","category":"ridge","name":"","elevation_m":2725,"main":false,"five_thousander":false},"geometry":{"type":"Point","coordinates":[41.972086,43.415141]}},{"type":"Feature","properties":{"id":"mount-0780","category":"isolated_peak","name":"","elevation_m":2838,"main":false,"five_thousander":false},"geometry":{"type":"Point","coordinates":[41.973492,43.346161]}},{"type":"Feature","properties":{"id":"mount-0781","category":"isolated_peak","name":"","elevation_m":2812,"main":false,"five_thousander":false},"geometry":{"type":"Point","coordinates":[41.966829,43.374025]}},{"type":"Feature","properties":{"id":"mount-0782","category":"steep_mountain","name":"","elevation_m":2879,"main":false,"five_thousander":false},"geometry":{"type":"Point","coordinates":[41.856827,43.45119]}},{"type":"Feature","properties":{"id":"mount-0783","category":"steep_mountain","name":"","elevation_m":2893,"main":false,"five_thousander":false},"geometry":{"type":"Point","coordinates":[41.838545,43.484252]}},{"type":"Feature","properties":{"id":"mount-0784","category":"rounded_mountain","name":"","elevation_m":2885,"main":false,"five_thousander":false},"geometry":{"type":"Point","coordinates":[41.973277,43.335924]}},{"type":"Feature","properties":{"id":"mount-0785","category":"steep_mountain","name":"","elevation_m":2884,"main":false,"five_thousander":false},"geometry":{"type":"Point","coordinates":[41.929042,43.434917]}},{"type":"Feature","properties":{"id":"mount-0786","category":"ridge","name":"","elevation_m":2893,"main":false,"five_thousander":false},"geometry":{"type":"Point","coordinates":[41.932315,43.42058]}},{"type":"Feature","properties":{"id":"mount-0787","category":"rocky_peak","name":"","elevation_m":2887,"main":false,"five_thousander":false},"geometry":{"type":"Point","coordinates":[41.93284,43.381316]}},{"type":"Feature","properties":{"id":"mount-0788","category":"steep_mountain","name":"","elevation_m":2888,"main":false,"five_thousander":false},"geometry":{"type":"Point","coordinates":[41.975981,43.423487]}},{"type":"Feature","properties":{"id":"mount-0789","category":"steep_mountain","name":"","elevation_m":2820,"main":false,"five_thousander":false},"geometry":{"type":"Point","coordinates":[41.997449,43.441547]}},{"type":"Feature","properties":{"id":"mount-0790","category":"steep_mountain","name":"","elevation_m":2876,"main":false,"five_thousander":false},"geometry":{"type":"Point","coordinates":[41.95904,43.482344]}},{"type":"Feature","properties":{"id":"mount-0791","category":"steep_mountain","name":"","elevation_m":2937,"main":false,"five_thousander":false},"geometry":{"type":"Point","coordinates":[41.870044,43.323944]}},{"type":"Feature","properties":{"id":"mount-0792","category":"ridge","name":"","elevation_m":2944,"main":false,"five_thousander":false},"geometry":{"type":"Point","coordinates":[41.962087,43.32165]}},{"type":"Feature","properties":{"id":"mount-0793","category":"steep_mountain","name":"","elevation_m":2964,"main":false,"five_thousander":false},"geometry":{"type":"Point","coordinates":[41.95521,43.362411]}},{"type":"Feature","properties":{"id":"mount-0794","category":"massif","name":"","elevation_m":3015,"main":false,"five_thousander":false},"geometry":{"type":"Point","coordinates":[41.870077,43.410379]}},{"type":"Feature","properties":{"id":"mount-0795","category":"rocky_ridge","name":"","elevation_m":2974,"main":false,"five_thousander":false},"geometry":{"type":"Point","coordinates":[41.939739,43.428131]}},{"type":"Feature","properties":{"id":"mount-0796","category":"rocky_ridge","name":"","elevation_m":3056,"main":false,"five_thousander":false},"geometry":{"type":"Point","coordinates":[41.932025,43.443743]}},{"type":"Feature","properties":{"id":"mount-0797","category":"rocky_peak","name":"","elevation_m":3013,"main":false,"five_thousander":false},"geometry":{"type":"Point","coordinates":[41.973084,43.329111]}},{"type":"Feature","properties":{"id":"mount-0798","category":"ridge","name":"","elevation_m":3113,"main":false,"five_thousander":false},"geometry":{"type":"Point","coordinates":[41.954405,43.373424]}},{"type":"Feature","properties":{"id":"mount-0799","category":"rounded_mountain","name":"","elevation_m":3126,"main":false,"five_thousander":false},"geometry":{"type":"Point","coordinates":[41.901909,43.456883]}},{"type":"Feature","properties":{"id":"mount-0800","category":"steep_mountain","name":"","elevation_m":3142,"main":false,"five_thousander":false},"geometry":{"type":"Point","coordinates":[41.868317,43.405305]}},{"type":"Feature","properties":{"id":"mount-0801","category":"rocky_peak","name":"","elevation_m":3033,"main":false,"five_thousander":false},"geometry":{"type":"Point","coordinates":[41.900986,43.344234]}},{"type":"Feature","properties":{"id":"mount-0802","category":"rounded_mountain","name":"","elevation_m":3187,"main":false,"five_thousander":false},"geometry":{"type":"Point","coordinates":[41.866289,43.432658]}},{"type":"Feature","properties":{"id":"mount-0803","category":"rocky_ridge","name":"","elevation_m":3180,"main":false,"five_thousander":false},"geometry":{"type":"Point","coordinates":[41.939288,43.315296]}},{"type":"Feature","properties":{"id":"mount-0804","category":"rocky_peak","name":"","elevation_m":3183,"main":false,"five_thousander":false},"geometry":{"type":"Point","coordinates":[41.966282,43.492557]}},{"type":"Feature","properties":{"id":"mount-0805","category":"rocky_peak","name":"","elevation_m":3039,"main":false,"five_thousander":false},"geometry":{"type":"Point","coordinates":[41.795415,43.407604]}},{"type":"Feature","properties":{"id":"mount-0806","category":"rocky_ridge","name":"","elevation_m":3170,"main":false,"five_thousander":false},"geometry":{"type":"Point","coordinates":[41.776189,43.382688]}},{"type":"Feature","properties":{"id":"mount-0807","category":"rounded_mountain","name":"","elevation_m":1814,"main":false,"five_thousander":false},"geometry":{"type":"Point","coordinates":[41.905589,43.602452]}},{"type":"Feature","properties":{"id":"mount-0808","category":"ridge","name":"","elevation_m":1860,"main":false,"five_thousander":false},"geometry":{"type":"Point","coordinates":[41.993254,43.588823]}},{"type":"Feature","properties":{"id":"mount-0809","category":"rounded_hill","name":"","elevation_m":1872,"main":false,"five_thousander":false},"geometry":{"type":"Point","coordinates":[41.998973,43.577974]}},{"type":"Feature","properties":{"id":"mount-0810","category":"rounded_mountain","name":"","elevation_m":1877,"main":false,"five_thousander":false},"geometry":{"type":"Point","coordinates":[41.962656,43.565599]}},{"type":"Feature","properties":{"id":"mount-0811","category":"rounded_mountain","name":"","elevation_m":1937,"main":false,"five_thousander":false},"geometry":{"type":"Point","coordinates":[41.993469,43.565568]}},{"type":"Feature","properties":{"id":"mount-0812","category":"rounded_mountain","name":"","elevation_m":1951,"main":false,"five_thousander":false},"geometry":{"type":"Point","coordinates":[41.911533,43.619293]}},{"type":"Feature","properties":{"id":"mount-0813","category":"rounded_mountain","name":"","elevation_m":2295,"main":false,"five_thousander":false},"geometry":{"type":"Point","coordinates":[41.987375,43.534596]}},{"type":"Feature","properties":{"id":"mount-0814","category":"rounded_hill","name":"","elevation_m":2310,"main":false,"five_thousander":false},"geometry":{"type":"Point","coordinates":[41.994284,43.541067]}},{"type":"Feature","properties":{"id":"mount-0815","category":"rounded_hill","name":"","elevation_m":2146,"main":false,"five_thousander":false},"geometry":{"type":"Point","coordinates":[42.045826,43.598963]}},{"type":"Feature","properties":{"id":"mount-0816","category":"rounded_mountain","name":"","elevation_m":1949,"main":false,"five_thousander":false},"geometry":{"type":"Point","coordinates":[42.203443,43.6581]}},{"type":"Feature","properties":{"id":"mount-0817","category":"plateau","name":"","elevation_m":1802,"main":false,"five_thousander":false},"geometry":{"type":"Point","coordinates":[41.926864,43.631913]}},{"type":"Feature","properties":{"id":"mount-0818","category":"rounded_mountain","name":"","elevation_m":1828,"main":false,"five_thousander":false},"geometry":{"type":"Point","coordinates":[41.593015,43.543431]}},{"type":"Feature","properties":{"id":"mount-0819","category":"plateau","name":"","elevation_m":1816,"main":false,"five_thousander":false},"geometry":{"type":"Point","coordinates":[41.907864,43.631921]}},{"type":"Feature","properties":{"id":"mount-0820","category":"ridge","name":"","elevation_m":1845,"main":false,"five_thousander":false},"geometry":{"type":"Point","coordinates":[41.740783,43.620986]}},{"type":"Feature","properties":{"id":"mount-0821","category":"rounded_mountain","name":"","elevation_m":1866,"main":false,"five_thousander":false},"geometry":{"type":"Point","coordinates":[42.150421,43.68305]}},{"type":"Feature","properties":{"id":"mount-0822","category":"rounded_mountain","name":"","elevation_m":1880,"main":false,"five_thousander":false},"geometry":{"type":"Point","coordinates":[42.075351,43.72225]}},{"type":"Feature","properties":{"id":"mount-0823","category":"rounded_mountain","name":"","elevation_m":1932,"main":false,"five_thousander":false},"geometry":{"type":"Point","coordinates":[41.824769,43.589095]}},{"type":"Feature","properties":{"id":"mount-0824","category":"rounded_hill","name":"","elevation_m":1938,"main":false,"five_thousander":false},"geometry":{"type":"Point","coordinates":[42.165227,43.691979]}},{"type":"Feature","properties":{"id":"mount-0825","category":"rounded_mountain","name":"","elevation_m":1934,"main":false,"five_thousander":false},"geometry":{"type":"Point","coordinates":[41.71954,43.580741]}},{"type":"Feature","properties":{"id":"mount-0826","category":"rounded_mountain","name":"","elevation_m":1973,"main":false,"five_thousander":false},"geometry":{"type":"Point","coordinates":[41.617981,43.562256]}},{"type":"Feature","properties":{"id":"mount-0827","category":"ridge","name":"","elevation_m":2003,"main":false,"five_thousander":false},"geometry":{"type":"Point","coordinates":[41.734765,43.609467]}},{"type":"Feature","properties":{"id":"mount-0828","category":"rounded_mountain","name":"","elevation_m":1996,"main":false,"five_thousander":false},"geometry":{"type":"Point","coordinates":[41.704402,43.587587]}},{"type":"Feature","properties":{"id":"mount-0829","category":"rounded_mountain","name":"","elevation_m":2016,"main":false,"five_thousander":false},"geometry":{"type":"Point","coordinates":[41.797936,43.587346]}},{"type":"Feature","properties":{"id":"mount-0830","category":"rounded_mountain","name":"","elevation_m":2033,"main":false,"five_thousander":false},"geometry":{"type":"Point","coordinates":[41.773968,43.58709]}},{"type":"Feature","properties":{"id":"mount-0831","category":"rounded_hill","name":"","elevation_m":2025,"main":false,"five_thousander":false},"geometry":{"type":"Point","coordinates":[41.916136,43.556744]}},{"type":"Feature","properties":{"id":"mount-0832","category":"rounded_mountain","name":"","elevation_m":2052,"main":false,"five_thousander":false},"geometry":{"type":"Point","coordinates":[41.74132,43.59866]}},{"type":"Feature","properties":{"id":"mount-0833","category":"rounded_mountain","name":"","elevation_m":2041,"main":false,"five_thousander":false},"geometry":{"type":"Point","coordinates":[41.75869,43.583507]}},{"type":"Feature","properties":{"id":"mount-0834","category":"rounded_mountain","name":"","elevation_m":2081,"main":false,"five_thousander":false},"geometry":{"type":"Point","coordinates":[41.613529,43.546573]}},{"type":"Feature","properties":{"id":"mount-0835","category":"rounded_mountain","name":"","elevation_m":2093,"main":false,"five_thousander":false},"geometry":{"type":"Point","coordinates":[41.766404,43.573054]}},{"type":"Feature","properties":{"id":"mount-0836","category":"plateau","name":"","elevation_m":2202,"main":false,"five_thousander":false},"geometry":{"type":"Point","coordinates":[41.769644,43.596422]}},{"type":"Feature","properties":{"id":"mount-0837","category":"steep_mountain","name":"","elevation_m":2385,"main":false,"five_thousander":false},"geometry":{"type":"Point","coordinates":[42.099996,43.422669]}},{"type":"Feature","properties":{"id":"mount-0838","category":"plateau","name":"","elevation_m":2211,"main":false,"five_thousander":false},"geometry":{"type":"Point","coordinates":[41.75472,43.608379]}},{"type":"Feature","properties":{"id":"mount-0839","category":"rounded_hill","name":"","elevation_m":2227,"main":false,"five_thousander":false},"geometry":{"type":"Point","coordinates":[41.745923,43.589429]}},{"type":"Feature","properties":{"id":"mount-0840","category":"plateau","name":"","elevation_m":2251,"main":false,"five_thousander":false},"geometry":{"type":"Point","coordinates":[41.674351,43.586538]}},{"type":"Feature","properties":{"id":"mount-0841","category":"rounded_hill","name":"","elevation_m":2269,"main":false,"five_thousander":false},"geometry":{"type":"Point","coordinates":[41.755868,43.599181]}},{"type":"Feature","properties":{"id":"mount-0842","category":"rounded_mountain","name":"","elevation_m":2324,"main":false,"five_thousander":false},"geometry":{"type":"Point","coordinates":[41.685605,43.575214]}},{"type":"Feature","properties":{"id":"mount-0843","category":"ridge","name":"","elevation_m":2326,"main":false,"five_thousander":false},"geometry":{"type":"Point","coordinates":[41.767069,43.613941]}},{"type":"Feature","properties":{"id":"mount-0844","category":"rounded_mountain","name":"","elevation_m":2372,"main":false,"five_thousander":false},"geometry":{"type":"Point","coordinates":[41.694177,43.559939]}},{"type":"Feature","properties":{"id":"mount-0845","category":"rounded_hill","name":"","elevation_m":2371,"main":false,"five_thousander":false},"geometry":{"type":"Point","coordinates":[42.060889,43.503297]}},{"type":"Feature","properties":{"id":"mount-0846","category":"rounded_hill","name":"","elevation_m":2421,"main":false,"five_thousander":false},"geometry":{"type":"Point","coordinates":[41.721536,43.56151]}},{"type":"Feature","properties":{"id":"mount-0847","category":"ridge","name":"","elevation_m":2449,"main":false,"five_thousander":false},"geometry":{"type":"Point","coordinates":[41.673406,43.57209]}},{"type":"Feature","properties":{"id":"mount-0848","category":"steep_mountain","name":"","elevation_m":2477,"main":false,"five_thousander":false},"geometry":{"type":"Point","coordinates":[41.640007,43.557016]}},{"type":"Feature","properties":{"id":"mount-0849","category":"rounded_mountain","name":"","elevation_m":2595,"main":false,"five_thousander":false},"geometry":{"type":"Point","coordinates":[41.679854,43.559535]}},{"type":"Feature","properties":{"id":"mount-0850","category":"rounded_mountain","name":"","elevation_m":2613,"main":false,"five_thousander":false},"geometry":{"type":"Point","coordinates":[41.694274,43.55204]}},{"type":"Feature","properties":{"id":"mount-0851","category":"rounded_mountain","name":"","elevation_m":2637,"main":false,"five_thousander":false},"geometry":{"type":"Point","coordinates":[41.646413,43.563407]}},{"type":"Feature","properties":{"id":"mount-0852","category":"steep_mountain","name":"","elevation_m":2797,"main":false,"five_thousander":false},"geometry":{"type":"Point","coordinates":[42.011279,43.446431]}},{"type":"Feature","properties":{"id":"mount-0853","category":"rounded_mountain","name":"","elevation_m":2827,"main":false,"five_thousander":false},"geometry":{"type":"Point","coordinates":[41.661841,43.544948]}},{"type":"Feature","properties":{"id":"mount-0854","category":"ridge","name":"","elevation_m":2813,"main":false,"five_thousander":false},"geometry":{"type":"Point","coordinates":[42.039979,43.474762]}},{"type":"Feature","properties":{"id":"mount-0855","category":"rounded_mountain","name":"","elevation_m":1840,"main":false,"five_thousander":false},"geometry":{"type":"Point","coordinates":[41.855764,43.555437]}},{"type":"Feature","properties":{"id":"mount-0856","category":"rounded_mountain","name":"","elevation_m":1956,"main":false,"five_thousander":false},"geometry":{"type":"Point","coordinates":[41.871053,43.56825]}},{"type":"Feature","properties":{"id":"mount-0857","category":"steep_mountain","name":"","elevation_m":2409,"main":false,"five_thousander":false},"geometry":{"type":"Point","coordinates":[42.072433,43.47628]}},{"type":"Feature","properties":{"id":"mount-0858","category":"steep_mountain","name":"","elevation_m":2591,"main":false,"five_thousander":false},"geometry":{"type":"Point","coordinates":[42.183326,43.278502]}},{"type":"Feature","properties":{"id":"mount-0859","category":"steep_mountain","name":"","elevation_m":2571,"main":false,"five_thousander":false},"geometry":{"type":"Point","coordinates":[42.020109,43.31994]}},{"type":"Feature","properties":{"id":"mount-0860","category":"steep_mountain","name":"","elevation_m":2834,"main":false,"five_thousander":false},"geometry":{"type":"Point","coordinates":[42.035311,43.292224]}},{"type":"Feature","properties":{"id":"mount-0861","category":"isolated_peak","name":"","elevation_m":3122,"main":false,"five_thousander":false},"geometry":{"type":"Point","coordinates":[42.071124,43.297995]}},{"type":"Feature","properties":{"id":"mount-0862","category":"rounded_hill","name":"","elevation_m":3092,"main":false,"five_thousander":false},"geometry":{"type":"Point","coordinates":[42.045343,43.268675]}},{"type":"Feature","properties":{"id":"mount-0863","category":"steep_mountain","name":"","elevation_m":3109,"main":false,"five_thousander":false},"geometry":{"type":"Point","coordinates":[42.041706,43.316834]}},{"type":"Feature","properties":{"id":"mount-0864","category":"steep_mountain","name":"","elevation_m":3129,"main":false,"five_thousander":false},"geometry":{"type":"Point","coordinates":[42.192028,43.273261]}},{"type":"Feature","properties":{"id":"mount-0865","category":"rounded_mountain","name":"","elevation_m":3115,"main":false,"five_thousander":false},"geometry":{"type":"Point","coordinates":[42.091466,43.320729]}},{"type":"Feature","properties":{"id":"mount-0866","category":"steep_mountain","name":"","elevation_m":2392,"main":false,"five_thousander":false},"geometry":{"type":"Point","coordinates":[42.011826,43.246609]}},{"type":"Feature","properties":{"id":"mount-0867","category":"rocky_peak","name":"","elevation_m":2484,"main":false,"five_thousander":false},"geometry":{"type":"Point","coordinates":[41.996806,43.239232]}},{"type":"Feature","properties":{"id":"mount-0868","category":"rounded_mountain","name":"","elevation_m":2524,"main":false,"five_thousander":false},"geometry":{"type":"Point","coordinates":[41.970488,43.284516]}},{"type":"Feature","properties":{"id":"mount-0869","category":"massif","name":"","elevation_m":2769,"main":false,"five_thousander":false},"geometry":{"type":"Point","coordinates":[42.004884,43.224458]}},{"type":"Feature","properties":{"id":"mount-0870","category":"steep_mountain","name":"","elevation_m":2809,"main":false,"five_thousander":false},"geometry":{"type":"Point","coordinates":[41.992053,43.299752]}},{"type":"Feature","properties":{"id":"mount-0871","category":"steep_mountain","name":"","elevation_m":2842,"main":false,"five_thousander":false},"geometry":{"type":"Point","coordinates":[42.00379,43.236121]}},{"type":"Feature","properties":{"id":"mount-0872","category":"massif","name":"","elevation_m":2851,"main":false,"five_thousander":false},"geometry":{"type":"Point","coordinates":[41.98082,43.253627]}},{"type":"Feature","properties":{"id":"mount-0873","category":"rocky_ridge","name":"","elevation_m":3015,"main":false,"five_thousander":false},"geometry":{"type":"Point","coordinates":[41.9324,43.236129]}},{"type":"Feature","properties":{"id":"mount-0874","category":"ridge","name":"","elevation_m":3048,"main":false,"five_thousander":false},"geometry":{"type":"Point","coordinates":[41.98465,43.274792]}},{"type":"Feature","properties":{"id":"mount-0875","category":"rocky_peak","name":"","elevation_m":3136,"main":false,"five_thousander":false},"geometry":{"type":"Point","coordinates":[42.962798,43.216241]}},{"type":"Feature","properties":{"id":"mount-0876","category":"rounded_hill","name":"","elevation_m":2172,"main":false,"five_thousander":false},"geometry":{"type":"Point","coordinates":[43.162966,43.241139]}},{"type":"Feature","properties":{"id":"mount-0877","category":"isolated_peak","name":"","elevation_m":2379,"main":false,"five_thousander":false},"geometry":{"type":"Point","coordinates":[43.171291,43.274753]}},{"type":"Feature","properties":{"id":"mount-0878","category":"ridge","name":"","elevation_m":2574,"main":false,"five_thousander":false},"geometry":{"type":"Point","coordinates":[42.528709,43.473057]}},{"type":"Feature","properties":{"id":"mount-0879","category":"rounded_mountain","name":"","elevation_m":3087,"main":false,"five_thousander":false},"geometry":{"type":"Point","coordinates":[41.541367,43.323031]}},{"type":"Feature","properties":{"id":"mount-0880","category":"rounded_mountain","name":"","elevation_m":2476,"main":false,"five_thousander":false},"geometry":{"type":"Point","coordinates":[40.947729,43.703646]}},{"type":"Feature","properties":{"id":"mount-0881","category":"isolated_peak","name":"","elevation_m":2872,"main":false,"five_thousander":false},"geometry":{"type":"Point","coordinates":[43.017558,43.221526]}},{"type":"Feature","properties":{"id":"mount-0882","category":"rounded_mountain","name":"","elevation_m":3134,"main":false,"five_thousander":false},"geometry":{"type":"Point","coordinates":[41.413329,43.440417]}},{"type":"Feature","properties":{"id":"mount-0883","category":"rocky_ridge","name":"","elevation_m":3075,"main":false,"five_thousander":false},"geometry":{"type":"Point","coordinates":[41.403726,43.434255]}},{"type":"Feature","properties":{"id":"mount-0884","category":"rounded_mountain","name":"","elevation_m":2976,"main":false,"five_thousander":false},"geometry":{"type":"Point","coordinates":[41.404799,43.421882]}},{"type":"Feature","properties":{"id":"mount-0885","category":"rocky_ridge","name":"","elevation_m":2937,"main":false,"five_thousander":false},"geometry":{"type":"Point","coordinates":[41.229919,43.458853]}},{"type":"Feature","properties":{"id":"mount-0886","category":"rounded_mountain","name":"","elevation_m":2945,"main":false,"five_thousander":false},"geometry":{"type":"Point","coordinates":[42.965416,43.140264]}},{"type":"Feature","properties":{"id":"mount-0887","category":"steep_mountain","name":"","elevation_m":2767,"main":false,"five_thousander":false},"geometry":{"type":"Point","coordinates":[41.772938,43.275682]}},{"type":"Feature","properties":{"id":"mount-0888","category":"rounded_mountain","name":"","elevation_m":2681,"main":false,"five_thousander":false},"geometry":{"type":"Point","coordinates":[41.414777,43.570862]}},{"type":"Feature","properties":{"id":"mount-0889","category":"ridge","name":"","elevation_m":2739,"main":false,"five_thousander":false},"geometry":{"type":"Point","coordinates":[41.418736,43.578813]}},{"type":"Feature","properties":{"id":"mount-0890","category":"rounded_mountain","name":"","elevation_m":2524,"main":false,"five_thousander":false},"geometry":{"type":"Point","coordinates":[41.034719,43.566446]}},{"type":"Feature","properties":{"id":"mount-0891","category":"ridge","name":"","elevation_m":2970,"main":false,"five_thousander":false},"geometry":{"type":"Point","coordinates":[41.128746,43.448098]}},{"type":"Feature","properties":{"id":"mount-0892","category":"massif","name":"","elevation_m":2615,"main":false,"five_thousander":false},"geometry":{"type":"Point","coordinates":[41.188989,43.456478]}},{"type":"Feature","properties":{"id":"mount-0893","category":"rocky_ridge","name":"","elevation_m":3059,"main":false,"five_thousander":false},"geometry":{"type":"Point","coordinates":[41.604613,43.51917]}},{"type":"Feature","properties":{"id":"mount-0894","category":"ridge","name":"","elevation_m":2510,"main":false,"five_thousander":false},"geometry":{"type":"Point","coordinates":[43.128258,43.290834]}},{"type":"Feature","properties":{"id":"mount-0895","category":"rounded_hill","name":"","elevation_m":2286,"main":false,"five_thousander":false},"geometry":{"type":"Point","coordinates":[42.352338,43.658791]}},{"type":"Feature","properties":{"id":"mount-0896","category":"rounded_hill","name":"","elevation_m":1871,"main":false,"five_thousander":false},"geometry":{"type":"Point","coordinates":[42.257828,43.627448]}},{"type":"Feature","properties":{"id":"mount-0897","category":"rounded_hill","name":"","elevation_m":2007,"main":false,"five_thousander":false},"geometry":{"type":"Point","coordinates":[42.270284,43.670145]}},{"type":"Feature","properties":{"id":"mount-0898","category":"rounded_hill","name":"","elevation_m":2069,"main":false,"five_thousander":false},"geometry":{"type":"Point","coordinates":[42.298758,43.630663]}},{"type":"Feature","properties":{"id":"mount-0899","category":"rounded_mountain","name":"","elevation_m":2231,"main":false,"five_thousander":false},"geometry":{"type":"Point","coordinates":[42.301719,43.495102]}},{"type":"Feature","properties":{"id":"mount-0900","category":"plateau","name":"","elevation_m":2210,"main":false,"five_thousander":false},"geometry":{"type":"Point","coordinates":[42.273138,43.568685]}},{"type":"Feature","properties":{"id":"mount-0901","category":"rounded_hill","name":"","elevation_m":2052,"main":false,"five_thousander":false},"geometry":{"type":"Point","coordinates":[42.346008,43.594643]}},{"type":"Feature","properties":{"id":"mount-0902","category":"rounded_hill","name":"","elevation_m":2238,"main":false,"five_thousander":false},"geometry":{"type":"Point","coordinates":[42.484936,43.652325]}},{"type":"Feature","properties":{"id":"mount-0903","category":"plateau","name":"","elevation_m":2344,"main":false,"five_thousander":false},"geometry":{"type":"Point","coordinates":[42.626266,43.524383]}},{"type":"Feature","properties":{"id":"mount-0904","category":"plateau","name":"","elevation_m":2352,"main":false,"five_thousander":false},"geometry":{"type":"Point","coordinates":[42.433802,43.550049]}},{"type":"Feature","properties":{"id":"mount-0905","category":"rounded_hill","name":"","elevation_m":2724,"main":false,"five_thousander":false},"geometry":{"type":"Point","coordinates":[42.612383,43.475564]}},{"type":"Feature","properties":{"id":"mount-0906","category":"rounded_hill","name":"","elevation_m":3116,"main":false,"five_thousander":false},"geometry":{"type":"Point","coordinates":[42.617565,43.460481]}},{"type":"Feature","properties":{"id":"mount-0907","category":"rounded_mountain","name":"","elevation_m":2263,"main":false,"five_thousander":false},"geometry":{"type":"Point","coordinates":[40.814617,43.817057]}},{"type":"Feature","properties":{"id":"mount-0908","category":"plateau","name":"","elevation_m":2479,"main":false,"five_thousander":false},"geometry":{"type":"Point","coordinates":[42.340375,43.739902]}},{"type":"Feature","properties":{"id":"mount-0909","category":"rocky_peak","name":"","elevation_m":2812,"main":false,"five_thousander":false},"geometry":{"type":"Point","coordinates":[41.767541,43.329127]}},{"type":"Feature","properties":{"id":"mount-0910","category":"isolated_peak","name":"","elevation_m":2506,"main":false,"five_thousander":false},"geometry":{"type":"Point","coordinates":[41.702288,43.431598]}},{"type":"Feature","properties":{"id":"mount-0911","category":"massif","name":"","elevation_m":3028,"main":false,"five_thousander":false},"geometry":{"type":"Point","coordinates":[41.608894,43.318395]}},{"type":"Feature","properties":{"id":"mount-0912","category":"rounded_mountain","name":"","elevation_m":3077,"main":false,"five_thousander":false},"geometry":{"type":"Point","coordinates":[41.614162,43.322298]}},{"type":"Feature","properties":{"id":"mount-0913","category":"isolated_peak","name":"","elevation_m":2827,"main":false,"five_thousander":false},"geometry":{"type":"Point","coordinates":[41.643248,43.366608]}},{"type":"Feature","properties":{"id":"mount-0914","category":"rounded_mountain","name":"","elevation_m":3125,"main":false,"five_thousander":false},"geometry":{"type":"Point","coordinates":[41.540272,43.327816]}},{"type":"Feature","properties":{"id":"mount-0915","category":"isolated_peak","name":"","elevation_m":2704,"main":false,"five_thousander":false},"geometry":{"type":"Point","coordinates":[41.45309,43.441305]}},{"type":"Feature","properties":{"id":"mount-0916","category":"ridge","name":"","elevation_m":2989,"main":false,"five_thousander":false},"geometry":{"type":"Point","coordinates":[43.422121,43.058055]}},{"type":"Feature","properties":{"id":"mount-0917","category":"rounded_mountain","name":"","elevation_m":3051,"main":false,"five_thousander":false},"geometry":{"type":"Point","coordinates":[43.108667,42.941313]}},{"type":"Feature","properties":{"id":"mount-0918","category":"ridge","name":"","elevation_m":3124,"main":false,"five_thousander":false},"geometry":{"type":"Point","coordinates":[43.112208,42.944525]}},{"type":"Feature","properties":{"id":"mount-0919","category":"rounded_mountain","name":"","elevation_m":2926,"main":false,"five_thousander":false},"geometry":{"type":"Point","coordinates":[43.056085,42.963199]}},{"type":"Feature","properties":{"id":"mount-0920","category":"steep_mountain","name":"","elevation_m":2670,"main":false,"five_thousander":false},"geometry":{"type":"Point","coordinates":[43.141336,42.933969]}},{"type":"Feature","properties":{"id":"mount-0921","category":"massif","name":"","elevation_m":3000,"main":false,"five_thousander":false},"geometry":{"type":"Point","coordinates":[43.131863,42.941635]}},{"type":"Feature","properties":{"id":"mount-0922","category":"plateau","name":"","elevation_m":1972,"main":false,"five_thousander":false},"geometry":{"type":"Point","coordinates":[41.242332,43.721831]}},{"type":"Feature","properties":{"id":"mount-0923","category":"rounded_mountain","name":"","elevation_m":2754,"main":false,"five_thousander":false},"geometry":{"type":"Point","coordinates":[43.271681,42.880155]}},{"type":"Feature","properties":{"id":"mount-0924","category":"ridge","name":"","elevation_m":2752,"main":false,"five_thousander":false},"geometry":{"type":"Point","coordinates":[43.278161,42.885595]}},{"type":"Feature","properties":{"id":"mount-0925","category":"steep_mountain","name":"","elevation_m":2603,"main":false,"five_thousander":false},"geometry":{"type":"Point","coordinates":[43.201965,42.908616]}},{"type":"Feature","properties":{"id":"mount-0926","category":"rounded_mountain","name":"","elevation_m":2846,"main":false,"five_thousander":false},"geometry":{"type":"Point","coordinates":[43.263592,42.909889]}},{"type":"Feature","properties":{"id":"mount-0927","category":"steep_mountain","name":"","elevation_m":3006,"main":false,"five_thousander":false},"geometry":{"type":"Point","coordinates":[43.232188,42.913283]}},{"type":"Feature","properties":{"id":"mount-0928","category":"rocky_ridge","name":"","elevation_m":3136,"main":false,"five_thousander":false},"geometry":{"type":"Point","coordinates":[42.158672,43.168519]}},{"type":"Feature","properties":{"id":"mount-0929","category":"rounded_mountain","name":"","elevation_m":3062,"main":false,"five_thousander":false},"geometry":{"type":"Point","coordinates":[42.396777,43.197793]}},{"type":"Feature","properties":{"id":"mount-0930","category":"steep_mountain","name":"","elevation_m":3086,"main":false,"five_thousander":false},"geometry":{"type":"Point","coordinates":[42.044152,43.157946]}},{"type":"Feature","properties":{"id":"mount-0931","category":"rocky_peak","name":"","elevation_m":2866,"main":false,"five_thousander":false},"geometry":{"type":"Point","coordinates":[42.055063,43.166046]}},{"type":"Feature","properties":{"id":"mount-0932","category":"ridge","name":"","elevation_m":2196,"main":false,"five_thousander":false},"geometry":{"type":"Point","coordinates":[40.987769,43.356678]}},{"type":"Feature","properties":{"id":"mount-0933","category":"ridge","name":"","elevation_m":2477,"main":false,"five_thousander":false},"geometry":{"type":"Point","coordinates":[40.953062,43.369431]}},{"type":"Feature","properties":{"id":"mount-0934","category":"rounded_hill","name":"","elevation_m":2150,"main":false,"five_thousander":false},"geometry":{"type":"Point","coordinates":[40.973682,43.371591]}},{"type":"Feature","properties":{"id":"mount-0935","category":"rounded_hill","name":"","elevation_m":2467,"main":false,"five_thousander":false},"geometry":{"type":"Point","coordinates":[40.939608,43.371818]}},{"type":"Feature","properties":{"id":"mount-0936","category":"rounded_hill","name":"","elevation_m":2326,"main":false,"five_thousander":false},"geometry":{"type":"Point","coordinates":[40.922173,43.377004]}},{"type":"Feature","properties":{"id":"mount-0937","category":"rounded_mountain","name":"","elevation_m":2293,"main":false,"five_thousander":false},"geometry":{"type":"Point","coordinates":[40.957772,43.379694]}},{"type":"Feature","properties":{"id":"mount-0938","category":"rounded_mountain","name":"","elevation_m":1871,"main":false,"five_thousander":false},"geometry":{"type":"Point","coordinates":[40.913279,43.390088]}},{"type":"Feature","properties":{"id":"mount-0939","category":"steep_mountain","name":"","elevation_m":2796,"main":false,"five_thousander":false},"geometry":{"type":"Point","coordinates":[42.860498,43.321252]}},{"type":"Feature","properties":{"id":"mount-0940","category":"rounded_mountain","name":"","elevation_m":3196,"main":false,"five_thousander":false},"geometry":{"type":"Point","coordinates":[41.584818,43.378571]}},{"type":"Feature","properties":{"id":"mount-0941","category":"steep_mountain","name":"","elevation_m":3134,"main":false,"five_thousander":false},"geometry":{"type":"Point","coordinates":[41.587479,43.376161]}},{"type":"Feature","properties":{"id":"mount-0942","category":"rounded_mountain","name":"","elevation_m":2939,"main":false,"five_thousander":false},"geometry":{"type":"Point","coordinates":[41.185791,43.604806]}},{"type":"Feature","properties":{"id":"mount-0943","category":"rounded_mountain","name":"","elevation_m":2919,"main":false,"five_thousander":false},"geometry":{"type":"Point","coordinates":[41.189965,43.606352]}},{"type":"Feature","properties":{"id":"mount-0944","category":"rounded_mountain","name":"","elevation_m":2663,"main":false,"five_thousander":false},"geometry":{"type":"Point","coordinates":[41.142951,43.455232]}},{"type":"Feature","properties":{"id":"mount-0945","category":"rocky_peak","name":"","elevation_m":2744,"main":false,"five_thousander":false},"geometry":{"type":"Point","coordinates":[41.173217,43.425115]}},{"type":"Feature","properties":{"id":"mount-0946","category":"rocky_peak","name":"","elevation_m":3148,"main":false,"five_thousander":false},"geometry":{"type":"Point","coordinates":[41.276343,43.375148]}},{"type":"Feature","properties":{"id":"mount-0947","category":"steep_mountain","name":"","elevation_m":2342,"main":false,"five_thousander":false},"geometry":{"type":"Point","coordinates":[42.126925,43.469078]}},{"type":"Feature","properties":{"id":"mount-0948","category":"rounded_mountain","name":"","elevation_m":2784,"main":false,"five_thousander":false},"geometry":{"type":"Point","coordinates":[42.205299,43.478203]}},{"type":"Feature","properties":{"id":"mount-0949","category":"steep_mountain","name":"","elevation_m":2340,"main":false,"five_thousander":false},"geometry":{"type":"Point","coordinates":[42.13362,43.480313]}},{"type":"Feature","properties":{"id":"mount-0950","category":"ridge","name":"","elevation_m":3194,"main":false,"five_thousander":false},"geometry":{"type":"Point","coordinates":[42.856668,43.097983]}},{"type":"Feature","properties":{"id":"mount-0951","category":"rounded_mountain","name":"","elevation_m":2710,"main":false,"five_thousander":false},"geometry":{"type":"Point","coordinates":[43.242284,43.1512]}},{"type":"Feature","properties":{"id":"mount-0952","category":"ridge","name":"","elevation_m":3195,"main":false,"five_thousander":false},"geometry":{"type":"Point","coordinates":[42.994233,43.187257]}},{"type":"Feature","properties":{"id":"mount-0953","category":"steep_mountain","name":"","elevation_m":2931,"main":false,"five_thousander":false},"geometry":{"type":"Point","coordinates":[43.10474,43.201406]}},{"type":"Feature","properties":{"id":"mount-0954","category":"rounded_mountain","name":"","elevation_m":3090,"main":false,"five_thousander":false},"geometry":{"type":"Point","coordinates":[42.494924,43.408454]}},{"type":"Feature","properties":{"id":"mount-0955","category":"rocky_ridge","name":"","elevation_m":2725,"main":false,"five_thousander":false},"geometry":{"type":"Point","coordinates":[40.95642,43.648777]}},{"type":"Feature","properties":{"id":"mount-0956","category":"rounded_mountain","name":"","elevation_m":3077,"main":false,"five_thousander":false},"geometry":{"type":"Point","coordinates":[42.523849,43.450193]}},{"type":"Feature","properties":{"id":"mount-0957","category":"plateau","name":"","elevation_m":2355,"main":false,"five_thousander":false},"geometry":{"type":"Point","coordinates":[42.562205,43.469413]}},{"type":"Feature","properties":{"id":"mount-0958","category":"rounded_mountain","name":"","elevation_m":2909,"main":false,"five_thousander":false},"geometry":{"type":"Point","coordinates":[42.583952,43.441975]}},{"type":"Feature","properties":{"id":"mount-0959","category":"plateau","name":"","elevation_m":2951,"main":false,"five_thousander":false},"geometry":{"type":"Point","coordinates":[42.588834,43.435392]}},{"type":"Feature","properties":{"id":"mount-0960","category":"rounded_hill","name":"","elevation_m":2280,"main":false,"five_thousander":false},"geometry":{"type":"Point","coordinates":[42.542077,43.600004]}},{"type":"Feature","properties":{"id":"mount-0961","category":"rocky_peak","name":"","elevation_m":2201,"main":false,"five_thousander":false},"geometry":{"type":"Point","coordinates":[41.979382,43.172236]}},{"type":"Feature","properties":{"id":"mount-0962","category":"rocky_peak","name":"","elevation_m":2825,"main":false,"five_thousander":false},"geometry":{"type":"Point","coordinates":[41.973749,43.1973]}},{"type":"Feature","properties":{"id":"mount-0963","category":"rounded_mountain","name":"","elevation_m":1910,"main":false,"five_thousander":false},"geometry":{"type":"Point","coordinates":[42.114812,43.592079]}},{"type":"Feature","properties":{"id":"mount-0964","category":"ridge","name":"","elevation_m":1962,"main":false,"five_thousander":false},"geometry":{"type":"Point","coordinates":[42.11242,43.57973]}},{"type":"Feature","properties":{"id":"mount-0965","category":"rounded_hill","name":"","elevation_m":1939,"main":false,"five_thousander":false},"geometry":{"type":"Point","coordinates":[42.035494,43.610477]}},{"type":"Feature","properties":{"id":"mount-0966","category":"ridge","name":"","elevation_m":1971,"main":false,"five_thousander":false},"geometry":{"type":"Point","coordinates":[41.923195,43.588885]}},{"type":"Feature","properties":{"id":"mount-0967","category":"rounded_mountain","name":"","elevation_m":2422,"main":false,"five_thousander":false},"geometry":{"type":"Point","coordinates":[41.893508,43.537785]}},{"type":"Feature","properties":{"id":"mount-0968","category":"steep_mountain","name":"","elevation_m":2577,"main":false,"five_thousander":false},"geometry":{"type":"Point","coordinates":[41.836828,43.416645]}},{"type":"Feature","properties":{"id":"mount-0969","category":"massif","name":"","elevation_m":3181,"main":false,"five_thousander":false},"geometry":{"type":"Point","coordinates":[41.874186,43.352114]}},{"type":"Feature","properties":{"id":"mount-0970","category":"steep_mountain","name":"","elevation_m":2352,"main":false,"five_thousander":false},"geometry":{"type":"Point","coordinates":[42.040944,43.246985]}},{"type":"Feature","properties":{"id":"mount-0971","category":"steep_mountain","name":"","elevation_m":2757,"main":false,"five_thousander":false},"geometry":{"type":"Point","coordinates":[42.136817,43.244718]}},{"type":"Feature","properties":{"id":"mount-0972","category":"rocky_peak","name":"","elevation_m":2805,"main":false,"five_thousander":false},"geometry":{"type":"Point","coordinates":[42.029325,43.230719]}},{"type":"Feature","properties":{"id":"mount-0973","category":"steep_mountain","name":"","elevation_m":2904,"main":false,"five_thousander":false},"geometry":{"type":"Point","coordinates":[42.111583,43.248891]}},{"type":"Feature","properties":{"id":"mount-0974","category":"rocky_peak","name":"","elevation_m":2979,"main":false,"five_thousander":false},"geometry":{"type":"Point","coordinates":[42.033359,43.209422]}},{"type":"Feature","properties":{"id":"mount-0975","category":"steep_mountain","name":"","elevation_m":2983,"main":false,"five_thousander":false},"geometry":{"type":"Point","coordinates":[42.073356,43.259886]}},{"type":"Feature","properties":{"id":"mount-0976","category":"massif","name":"","elevation_m":3045,"main":false,"five_thousander":false},"geometry":{"type":"Point","coordinates":[42.025709,43.222284]}},{"type":"Feature","properties":{"id":"mount-0977","category":"plateau","name":"","elevation_m":3163,"main":false,"five_thousander":false},"geometry":{"type":"Point","coordinates":[42.107087,43.258378]}},{"type":"Feature","properties":{"id":"mount-0978","category":"rocky_peak","name":"","elevation_m":2571,"main":false,"five_thousander":false},"geometry":{"type":"Point","coordinates":[41.995271,43.179324]}},{"type":"Feature","properties":{"id":"mount-0979","category":"steep_mountain","name":"","elevation_m":2893,"main":false,"five_thousander":false},"geometry":{"type":"Point","coordinates":[42.025366,43.182899]}},{"type":"Feature","properties":{"id":"mount-0980","category":"rounded_mountain","name":"","elevation_m":3034,"main":false,"five_thousander":false},"geometry":{"type":"Point","coordinates":[42.071468,43.225982]}},{"type":"Feature","properties":{"id":"mount-0981","category":"isolated_peak","name":"","elevation_m":2858,"main":false,"five_thousander":false},"geometry":{"type":"Point","coordinates":[42.265778,43.311986]}},{"type":"Feature","properties":{"id":"mount-0982","category":"rocky_peak","name":"","elevation_m":2964,"main":false,"five_thousander":false},"geometry":{"type":"Point","coordinates":[42.241852,43.270753]}},{"type":"Feature","properties":{"id":"mount-0983","category":"steep_mountain","name":"","elevation_m":3130,"main":false,"five_thousander":false},"geometry":{"type":"Point","coordinates":[42.208529,43.31343]}},{"type":"Feature","properties":{"id":"mount-0984","category":"ridge","name":"","elevation_m":2979,"main":false,"five_thousander":false},"geometry":{"type":"Point","coordinates":[42.16704,43.336018]}},{"type":"Feature","properties":{"id":"mount-0985","category":"steep_mountain","name":"","elevation_m":1856,"main":false,"five_thousander":false},"geometry":{"type":"Point","coordinates":[42.004777,43.426043]}},{"type":"Feature","properties":{"id":"mount-0986","category":"steep_mountain","name":"","elevation_m":1935,"main":false,"five_thousander":false},"geometry":{"type":"Point","coordinates":[42.173928,43.383289]}},{"type":"Feature","properties":{"id":"mount-0987","category":"rocky_peak","name":"","elevation_m":2060,"main":false,"five_thousander":false},"geometry":{"type":"Point","coordinates":[42.175173,43.370967]}},{"type":"Feature","properties":{"id":"mount-0988","category":"isolated_peak","name":"","elevation_m":2266,"main":false,"five_thousander":false},"geometry":{"type":"Point","coordinates":[42.004262,43.391]}},{"type":"Feature","properties":{"id":"mount-0989","category":"isolated_peak","name":"","elevation_m":2238,"main":false,"five_thousander":false},"geometry":{"type":"Point","coordinates":[42.026417,43.412577]}},{"type":"Feature","properties":{"id":"mount-0990","category":"steep_mountain","name":"","elevation_m":2422,"main":false,"five_thousander":false},"geometry":{"type":"Point","coordinates":[42.049495,43.411252]}},{"type":"Feature","properties":{"id":"mount-0991","category":"steep_mountain","name":"","elevation_m":2386,"main":false,"five_thousander":false},"geometry":{"type":"Point","coordinates":[42.043605,43.41412]}},{"type":"Feature","properties":{"id":"mount-0992","category":"steep_mountain","name":"","elevation_m":2497,"main":false,"five_thousander":false},"geometry":{"type":"Point","coordinates":[42.10404,43.397884]}},{"type":"Feature","properties":{"id":"mount-0993","category":"steep_mountain","name":"","elevation_m":2681,"main":false,"five_thousander":false},"geometry":{"type":"Point","coordinates":[42.013296,43.392099]}},{"type":"Feature","properties":{"id":"mount-0994","category":"steep_mountain","name":"","elevation_m":2790,"main":false,"five_thousander":false},"geometry":{"type":"Point","coordinates":[42.125745,43.26748]}},{"type":"Feature","properties":{"id":"mount-0995","category":"ridge","name":"","elevation_m":2795,"main":false,"five_thousander":false},"geometry":{"type":"Point","coordinates":[42.112033,43.417822]}},{"type":"Feature","properties":{"id":"mount-0996","category":"rounded_mountain","name":"","elevation_m":2996,"main":false,"five_thousander":false},"geometry":{"type":"Point","coordinates":[42.151054,43.282368]}},{"type":"Feature","properties":{"id":"mount-0997","category":"steep_mountain","name":"","elevation_m":2946,"main":false,"five_thousander":false},"geometry":{"type":"Point","coordinates":[42.166675,43.32997]}},{"type":"Feature","properties":{"id":"mount-0998","category":"isolated_peak","name":"","elevation_m":2969,"main":false,"five_thousander":false},"geometry":{"type":"Point","coordinates":[42.155163,43.258253]}},{"type":"Feature","properties":{"id":"mount-0999","category":"ridge","name":"","elevation_m":3087,"main":false,"five_thousander":false},"geometry":{"type":"Point","coordinates":[42.035558,43.3544]}},{"type":"Feature","properties":{"id":"mount-1000","category":"steep_mountain","name":"","elevation_m":3100,"main":false,"five_thousander":false},"geometry":{"type":"Point","coordinates":[42.040075,43.349423]}},{"type":"Feature","properties":{"id":"mount-1001","category":"rounded_mountain","name":"","elevation_m":3103,"main":false,"five_thousander":false},"geometry":{"type":"Point","coordinates":[42.129639,43.20559]}},{"type":"Feature","properties":{"id":"mount-1002","category":"rounded_mountain","name":"","elevation_m":3164,"main":false,"five_thousander":false},"geometry":{"type":"Point","coordinates":[42.104008,43.343329]}},{"type":"Feature","properties":{"id":"mount-1003","category":"steep_mountain","name":"","elevation_m":1806,"main":false,"five_thousander":false},"geometry":{"type":"Point","coordinates":[42.04295,43.444959]}},{"type":"Feature","properties":{"id":"mount-1004","category":"rocky_peak","name":"","elevation_m":1936,"main":false,"five_thousander":false},"geometry":{"type":"Point","coordinates":[42.037082,43.5089]}},{"type":"Feature","properties":{"id":"mount-1005","category":"plateau","name":"","elevation_m":2078,"main":false,"five_thousander":false},"geometry":{"type":"Point","coordinates":[42.212809,43.502706]}},{"type":"Feature","properties":{"id":"mount-1006","category":"plateau","name":"","elevation_m":2110,"main":false,"five_thousander":false},"geometry":{"type":"Point","coordinates":[42.219268,43.496643]}},{"type":"Feature","properties":{"id":"mount-1007","category":"rounded_mountain","name":"","elevation_m":2074,"main":false,"five_thousander":false},"geometry":{"type":"Point","coordinates":[42.14982,43.499009]}},{"type":"Feature","properties":{"id":"mount-1008","category":"rounded_mountain","name":"","elevation_m":2321,"main":false,"five_thousander":false},"geometry":{"type":"Point","coordinates":[42.158489,43.446812]}},{"type":"Feature","properties":{"id":"mount-1009","category":"steep_mountain","name":"","elevation_m":2376,"main":false,"five_thousander":false},"geometry":{"type":"Point","coordinates":[42.03455,43.488315]}},{"type":"Feature","properties":{"id":"mount-1010","category":"steep_mountain","name":"","elevation_m":2508,"main":false,"five_thousander":false},"geometry":{"type":"Point","coordinates":[42.205889,43.434192]}},{"type":"Feature","properties":{"id":"mount-1011","category":"steep_mountain","name":"","elevation_m":2556,"main":false,"five_thousander":false},"geometry":{"type":"Point","coordinates":[42.096144,43.43173]}},{"type":"Feature","properties":{"id":"mount-1012","category":"steep_mountain","name":"","elevation_m":2663,"main":false,"five_thousander":false},"geometry":{"type":"Point","coordinates":[42.06311,43.478981]}},{"type":"Feature","properties":{"id":"mount-1013","category":"steep_mountain","name":"","elevation_m":2643,"main":false,"five_thousander":false},"geometry":{"type":"Point","coordinates":[42.273535,43.269308]}},{"type":"Feature","properties":{"id":"mount-1014","category":"ridge","name":"","elevation_m":2750,"main":false,"five_thousander":false},"geometry":{"type":"Point","coordinates":[42.238247,43.435423]}},{"type":"Feature","properties":{"id":"mount-1015","category":"isolated_peak","name":"","elevation_m":2784,"main":false,"five_thousander":false},"geometry":{"type":"Point","coordinates":[42.272505,43.338187]}},{"type":"Feature","properties":{"id":"mount-1016","category":"steep_mountain","name":"","elevation_m":2935,"main":false,"five_thousander":false},"geometry":{"type":"Point","coordinates":[42.320184,43.403902]}},{"type":"Feature","properties":{"id":"mount-1017","category":"steep_mountain","name":"","elevation_m":2968,"main":false,"five_thousander":false},"geometry":{"type":"Point","coordinates":[42.34471,43.419411]}},{"type":"Feature","properties":{"id":"mount-1018","category":"rounded_mountain","name":"","elevation_m":3038,"main":false,"five_thousander":false},"geometry":{"type":"Point","coordinates":[42.282203,43.443097]}},{"type":"Feature","properties":{"id":"mount-1019","category":"ridge","name":"","elevation_m":3088,"main":false,"five_thousander":false},"geometry":{"type":"Point","coordinates":[42.295336,43.450785]}},{"type":"Feature","properties":{"id":"mount-1020","category":"ridge","name":"","elevation_m":3127,"main":false,"five_thousander":false},"geometry":{"type":"Point","coordinates":[42.323949,43.429923]}},{"type":"Feature","properties":{"id":"mount-1021","category":"rounded_mountain","name":"","elevation_m":3184,"main":false,"five_thousander":false},"geometry":{"type":"Point","coordinates":[42.340246,43.428497]}},{"type":"Feature","properties":{"id":"mount-1022","category":"ridge","name":"","elevation_m":3129,"main":false,"five_thousander":false},"geometry":{"type":"Point","coordinates":[42.328885,43.398796]}},{"type":"Feature","properties":{"id":"mount-1023","category":"rocky_peak","name":"","elevation_m":3163,"main":false,"five_thousander":false},"geometry":{"type":"Point","coordinates":[42.333691,43.284407]}},{"type":"Feature","properties":{"id":"mount-1024","category":"steep_mountain","name":"","elevation_m":1974,"main":false,"five_thousander":false},"geometry":{"type":"Point","coordinates":[42.756,43.320284]}},{"type":"Feature","properties":{"id":"mount-1025","category":"steep_mountain","name":"","elevation_m":2347,"main":false,"five_thousander":false},"geometry":{"type":"Point","coordinates":[42.766879,43.329377]}},{"type":"Feature","properties":{"id":"mount-1026","category":"steep_mountain","name":"","elevation_m":2499,"main":false,"five_thousander":false},"geometry":{"type":"Point","coordinates":[42.768252,43.333443]}},{"type":"Feature","properties":{"id":"mount-1027","category":"ridge","name":"","elevation_m":2542,"main":false,"five_thousander":false},"geometry":{"type":"Point","coordinates":[42.742964,43.33853]}},{"type":"Feature","properties":{"id":"mount-1028","category":"rounded_mountain","name":"","elevation_m":2713,"main":false,"five_thousander":false},"geometry":{"type":"Point","coordinates":[42.675319,43.374149]}},{"type":"Feature","properties":{"id":"mount-1029","category":"steep_mountain","name":"","elevation_m":2741,"main":false,"five_thousander":false},"geometry":{"type":"Point","coordinates":[42.736645,43.371303]}},{"type":"Feature","properties":{"id":"mount-1030","category":"steep_mountain","name":"","elevation_m":2913,"main":false,"five_thousander":false},"geometry":{"type":"Point","coordinates":[42.655985,43.373713]}},{"type":"Feature","properties":{"id":"mount-1031","category":"rounded_mountain","name":"","elevation_m":2945,"main":false,"five_thousander":false},"geometry":{"type":"Point","coordinates":[42.684234,43.376583]}},{"type":"Feature","properties":{"id":"mount-1032","category":"steep_mountain","name":"","elevation_m":2946,"main":false,"five_thousander":false},"geometry":{"type":"Point","coordinates":[42.64546,43.371545]}},{"type":"Feature","properties":{"id":"mount-1033","category":"steep_mountain","name":"","elevation_m":2991,"main":false,"five_thousander":false},"geometry":{"type":"Point","coordinates":[42.577289,43.284415]}},{"type":"Feature","properties":{"id":"mount-1034","category":"steep_mountain","name":"","elevation_m":3061,"main":false,"five_thousander":false},"geometry":{"type":"Point","coordinates":[42.778122,43.344515]}},{"type":"Feature","properties":{"id":"mount-1035","category":"steep_mountain","name":"","elevation_m":2989,"main":false,"five_thousander":false},"geometry":{"type":"Point","coordinates":[42.586495,43.283712]}},{"type":"Feature","properties":{"id":"mount-1036","category":"steep_mountain","name":"","elevation_m":3138,"main":false,"five_thousander":false},"geometry":{"type":"Point","coordinates":[42.711647,43.336392]}},{"type":"Feature","properties":{"id":"mount-1037","category":"rocky_peak","name":"","elevation_m":3060,"main":false,"five_thousander":false},"geometry":{"type":"Point","coordinates":[42.262838,43.255893]}},{"type":"Feature","properties":{"id":"mount-1038","category":"isolated_peak","name":"","elevation_m":3155,"main":false,"five_thousander":false},"geometry":{"type":"Point","coordinates":[42.598457,43.271784]}},{"type":"Feature","properties":{"id":"mount-1039","category":"rounded_mountain","name":"","elevation_m":2844,"main":false,"five_thousander":false},"geometry":{"type":"Point","coordinates":[41.662763,43.419302]}},{"type":"Feature","properties":{"id":"mount-1040","category":"steep_mountain","name":"","elevation_m":1813,"main":false,"five_thousander":false},"geometry":{"type":"Point","coordinates":[42.141581,43.443907]}},{"type":"Feature","properties":{"id":"mount-1041","category":"rounded_mountain","name":"","elevation_m":1884,"main":false,"five_thousander":false},"geometry":{"type":"Point","coordinates":[42.260939,43.504799]}},{"type":"Feature","properties":{"id":"mount-1042","category":"rounded_mountain","name":"","elevation_m":1986,"main":false,"five_thousander":false},"geometry":{"type":"Point","coordinates":[42.268267,43.49813]}},{"type":"Feature","properties":{"id":"mount-1043","category":"rounded_mountain","name":"","elevation_m":2058,"main":false,"five_thousander":false},"geometry":{"type":"Point","coordinates":[42.139682,43.449367]}},{"type":"Feature","properties":{"id":"mount-1044","category":"ridge","name":"","elevation_m":2124,"main":false,"five_thousander":false},"geometry":{"type":"Point","coordinates":[42.286913,43.499375]}},{"type":"Feature","properties":{"id":"mount-1045","category":"rounded_mountain","name":"","elevation_m":2221,"main":false,"five_thousander":false},"geometry":{"type":"Point","coordinates":[42.291462,43.494503]}},{"type":"Feature","properties":{"id":"mount-1046","category":"rounded_mountain","name":"","elevation_m":2494,"main":false,"five_thousander":false},"geometry":{"type":"Point","coordinates":[42.273985,43.472527]}},{"type":"Feature","properties":{"id":"mount-1047","category":"rounded_mountain","name":"","elevation_m":2571,"main":false,"five_thousander":false},"geometry":{"type":"Point","coordinates":[42.136967,43.471865]}},{"type":"Feature","properties":{"id":"mount-1048","category":"rounded_hill","name":"","elevation_m":2349,"main":false,"five_thousander":false},"geometry":{"type":"Point","coordinates":[42.441784,43.529914]}},{"type":"Feature","properties":{"id":"mount-1049","category":"plateau","name":"","elevation_m":2061,"main":false,"five_thousander":false},"geometry":{"type":"Point","coordinates":[42.349505,43.520532]}},{"type":"Feature","properties":{"id":"mount-1050","category":"rounded_mountain","name":"","elevation_m":2089,"main":false,"five_thousander":false},"geometry":{"type":"Point","coordinates":[42.324958,43.503445]}},{"type":"Feature","properties":{"id":"mount-1051","category":"plateau","name":"","elevation_m":2267,"main":false,"five_thousander":false},"geometry":{"type":"Point","coordinates":[42.484957,43.492705]}},{"type":"Feature","properties":{"id":"mount-1052","category":"rounded_hill","name":"","elevation_m":2370,"main":false,"five_thousander":false},"geometry":{"type":"Point","coordinates":[42.498132,43.523978]}},{"type":"Feature","properties":{"id":"mount-1053","category":"rounded_mountain","name":"","elevation_m":2275,"main":false,"five_thousander":false},"geometry":{"type":"Point","coordinates":[42.3269,43.478047]}},{"type":"Feature","properties":{"id":"mount-1054","category":"plateau","name":"","elevation_m":2402,"main":false,"five_thousander":false},"geometry":{"type":"Point","coordinates":[42.492135,43.526001]}},{"type":"Feature","properties":{"id":"mount-1055","category":"rounded_hill","name":"","elevation_m":2395,"main":false,"five_thousander":false},"geometry":{"type":"Point","coordinates":[42.518131,43.540709]}},{"type":"Feature","properties":{"id":"mount-1056","category":"plateau","name":"","elevation_m":2391,"main":false,"five_thousander":false},"geometry":{"type":"Point","coordinates":[42.436956,43.50995]}},{"type":"Feature","properties":{"id":"mount-1057","category":"plateau","name":"","elevation_m":2478,"main":false,"five_thousander":false},"geometry":{"type":"Point","coordinates":[42.382572,43.48886]}},{"type":"Feature","properties":{"id":"mount-1058","category":"rounded_hill","name":"","elevation_m":2545,"main":false,"five_thousander":false},"geometry":{"type":"Point","coordinates":[42.362294,43.494215]}},{"type":"Feature","properties":{"id":"mount-1059","category":"rounded_mountain","name":"","elevation_m":2662,"main":false,"five_thousander":false},"geometry":{"type":"Point","coordinates":[42.495836,43.456416]}},{"type":"Feature","properties":{"id":"mount-1060","category":"plateau","name":"","elevation_m":2693,"main":false,"five_thousander":false},"geometry":{"type":"Point","coordinates":[42.36312,43.485357]}},{"type":"Feature","properties":{"id":"mount-1061","category":"rounded_hill","name":"","elevation_m":2698,"main":false,"five_thousander":false},"geometry":{"type":"Point","coordinates":[42.355149,43.483683]}},{"type":"Feature","properties":{"id":"mount-1062","category":"rounded_mountain","name":"","elevation_m":2865,"main":false,"five_thousander":false},"geometry":{"type":"Point","coordinates":[42.374986,43.438999]}},{"type":"Feature","properties":{"id":"mount-1063","category":"rounded_mountain","name":"","elevation_m":2917,"main":false,"five_thousander":false},"geometry":{"type":"Point","coordinates":[42.382293,43.432549]}},{"type":"Feature","properties":{"id":"mount-1064","category":"rounded_mountain","name":"","elevation_m":3006,"main":false,"five_thousander":false},"geometry":{"type":"Point","coordinates":[42.368978,43.429401]}},{"type":"Feature","properties":{"id":"mount-1065","category":"steep_mountain","name":"","elevation_m":2968,"main":false,"five_thousander":false},"geometry":{"type":"Point","coordinates":[42.340289,43.454126]}},{"type":"Feature","properties":{"id":"mount-1066","category":"ridge","name":"","elevation_m":2984,"main":false,"five_thousander":false},"geometry":{"type":"Point","coordinates":[42.477436,43.465862]}},{"type":"Feature","properties":{"id":"mount-1067","category":"steep_mountain","name":"","elevation_m":3047,"main":false,"five_thousander":false},"geometry":{"type":"Point","coordinates":[42.396787,43.439841]}},{"type":"Feature","properties":{"id":"mount-1068","category":"rounded_mountain","name":"","elevation_m":3057,"main":false,"five_thousander":false},"geometry":{"type":"Point","coordinates":[42.475741,43.450582]}},{"type":"Feature","properties":{"id":"mount-1069","category":"steep_mountain","name":"","elevation_m":3105,"main":false,"five_thousander":false},"geometry":{"type":"Point","coordinates":[42.326868,43.450785]}},{"type":"Feature","properties":{"id":"mount-1070","category":"rounded_hill","name":"","elevation_m":1927,"main":false,"five_thousander":false},"geometry":{"type":"Point","coordinates":[42.307706,43.554535]}},{"type":"Feature","properties":{"id":"mount-1071","category":"rounded_mountain","name":"","elevation_m":1966,"main":false,"five_thousander":false},"geometry":{"type":"Point","coordinates":[42.28466,43.536875]}},{"type":"Feature","properties":{"id":"mount-1072","category":"rounded_hill","name":"","elevation_m":2087,"main":false,"five_thousander":false},"geometry":{"type":"Point","coordinates":[42.261583,43.533733]}},{"type":"Feature","properties":{"id":"mount-1073","category":"rounded_hill","name":"","elevation_m":2053,"main":false,"five_thousander":false},"geometry":{"type":"Point","coordinates":[42.187092,43.524888]}},{"type":"Feature","properties":{"id":"mount-1074","category":"steep_mountain","name":"","elevation_m":3169,"main":false,"five_thousander":false},"geometry":{"type":"Point","coordinates":[41.957216,43.3904]}},{"type":"Feature","properties":{"id":"mount-1075","category":"steep_mountain","name":"","elevation_m":2692,"main":false,"five_thousander":false},"geometry":{"type":"Point","coordinates":[42.207584,43.403559]}},{"type":"Feature","properties":{"id":"mount-1076","category":"rounded_hill","name":"","elevation_m":2610,"main":false,"five_thousander":false},"geometry":{"type":"Point","coordinates":[42.683494,43.486634]}},{"type":"Feature","properties":{"id":"mount-1077","category":"rounded_hill","name":"","elevation_m":2354,"main":false,"five_thousander":false},"geometry":{"type":"Point","coordinates":[42.855574,43.465831]}},{"type":"Feature","properties":{"id":"mount-1078","category":"rounded_hill","name":"","elevation_m":3014,"main":false,"five_thousander":false},"geometry":{"type":"Point","coordinates":[42.756547,43.443486]}},{"type":"Feature","properties":{"id":"mount-1079","category":"plateau","name":"","elevation_m":2722,"main":false,"five_thousander":false},"geometry":{"type":"Point","coordinates":[42.793819,43.568724]}},{"type":"Feature","properties":{"id":"mount-1080","category":"plateau","name":"","elevation_m":2826,"main":false,"five_thousander":false},"geometry":{"type":"Point","coordinates":[42.734435,43.581013]}},{"type":"Feature","properties":{"id":"mount-1081","category":"plateau","name":"","elevation_m":2874,"main":false,"five_thousander":false},"geometry":{"type":"Point","coordinates":[42.865359,43.523371]}},{"type":"Feature","properties":{"id":"mount-1082","category":"ridge","name":"","elevation_m":2897,"main":false,"five_thousander":false},"geometry":{"type":"Point","coordinates":[42.878544,43.494503]}},{"type":"Feature","properties":{"id":"mount-1083","category":"rounded_hill","name":"","elevation_m":2860,"main":false,"five_thousander":false},"geometry":{"type":"Point","coordinates":[42.780075,43.434496]}},{"type":"Feature","properties":{"id":"mount-1084","category":"plateau","name":"","elevation_m":2493,"main":false,"five_thousander":false},"geometry":{"type":"Point","coordinates":[42.780526,43.516245]}},{"type":"Feature","properties":{"id":"mount-1085","category":"rounded_hill","name":"","elevation_m":2393,"main":false,"five_thousander":false},"geometry":{"type":"Point","coordinates":[42.678773,43.570838]}},{"type":"Feature","properties":{"id":"mount-1086","category":"rounded_hill","name":"","elevation_m":2712,"main":false,"five_thousander":false},"geometry":{"type":"Point","coordinates":[42.868931,43.423705]}},{"type":"Feature","properties":{"id":"mount-1087","category":"isolated_peak","name":"","elevation_m":2196,"main":false,"five_thousander":false},"geometry":{"type":"Point","coordinates":[42.801147,43.33814]}},{"type":"Feature","properties":{"id":"mount-1088","category":"plateau","name":"","elevation_m":2176,"main":false,"five_thousander":false},"geometry":{"type":"Point","coordinates":[42.490836,43.583111]}},{"type":"Feature","properties":{"id":"mount-1089","category":"plateau","name":"","elevation_m":2217,"main":false,"five_thousander":false},"geometry":{"type":"Point","coordinates":[42.549051,43.495312]}},{"type":"Feature","properties":{"id":"mount-1090","category":"rocky_peak","name":"","elevation_m":2316,"main":false,"five_thousander":false},"geometry":{"type":"Point","coordinates":[42.839888,43.355406]}},{"type":"Feature","properties":{"id":"mount-1091","category":"plateau","name":"","elevation_m":2262,"main":false,"five_thousander":false},"geometry":{"type":"Point","coordinates":[42.54168,43.4936]}},{"type":"Feature","properties":{"id":"mount-1092","category":"rounded_mountain","name":"","elevation_m":2276,"main":false,"five_thousander":false},"geometry":{"type":"Point","coordinates":[42.874843,43.443307]}},{"type":"Feature","properties":{"id":"mount-1093","category":"plateau","name":"","elevation_m":2301,"main":false,"five_thousander":false},"geometry":{"type":"Point","coordinates":[42.500621,43.587113]}},{"type":"Feature","properties":{"id":"mount-1094","category":"rounded_hill","name":"","elevation_m":2302,"main":false,"five_thousander":false},"geometry":{"type":"Point","coordinates":[42.557259,43.476031]}},{"type":"Feature","properties":{"id":"mount-1095","category":"rounded_mountain","name":"","elevation_m":2293,"main":false,"five_thousander":false},"geometry":{"type":"Point","coordinates":[42.914325,43.438212]}},{"type":"Feature","properties":{"id":"mount-1096","category":"plateau","name":"","elevation_m":2319,"main":false,"five_thousander":false},"geometry":{"type":"Point","coordinates":[42.489935,43.591271]}},{"type":"Feature","properties":{"id":"mount-1097","category":"plateau","name":"","elevation_m":2329,"main":false,"five_thousander":false},"geometry":{"type":"Point","coordinates":[42.502123,43.489304]}},{"type":"Feature","properties":{"id":"mount-1098","category":"plateau","name":"","elevation_m":2344,"main":false,"five_thousander":false},"geometry":{"type":"Point","coordinates":[42.43451,43.563857]}},{"type":"Feature","properties":{"id":"mount-1099","category":"ridge","name":"","elevation_m":2343,"main":false,"five_thousander":false},"geometry":{"type":"Point","coordinates":[42.491566,43.549512]}},{"type":"Feature","properties":{"id":"mount-1100","category":"plateau","name":"","elevation_m":2362,"main":false,"five_thousander":false},"geometry":{"type":"Point","coordinates":[42.559737,43.514899]}},{"type":"Feature","properties":{"id":"mount-1101","category":"plateau","name":"","elevation_m":2386,"main":false,"five_thousander":false},"geometry":{"type":"Point","coordinates":[42.479249,43.522765]}},{"type":"Feature","properties":{"id":"mount-1102","category":"plateau","name":"","elevation_m":2408,"main":false,"five_thousander":false},"geometry":{"type":"Point","coordinates":[42.525415,43.495203]}},{"type":"Feature","properties":{"id":"mount-1103","category":"plateau","name":"","elevation_m":2405,"main":false,"five_thousander":false},"geometry":{"type":"Point","coordinates":[42.526735,43.481379]}},{"type":"Feature","properties":{"id":"mount-1104","category":"plateau","name":"","elevation_m":2411,"main":false,"five_thousander":false},"geometry":{"type":"Point","coordinates":[42.528044,43.488556]}},{"type":"Feature","properties":{"id":"mount-1105","category":"rounded_mountain","name":"","elevation_m":2437,"main":false,"five_thousander":false},"geometry":{"type":"Point","coordinates":[42.879649,43.430562]}},{"type":"Feature","properties":{"id":"mount-1106","category":"rounded_hill","name":"","elevation_m":2461,"main":false,"five_thousander":false},"geometry":{"type":"Point","coordinates":[42.516586,43.463674]}},{"type":"Feature","properties":{"id":"mount-1107","category":"ridge","name":"","elevation_m":2438,"main":false,"five_thousander":false},"geometry":{"type":"Point","coordinates":[42.896901,43.432424]}},{"type":"Feature","properties":{"id":"mount-1108","category":"plateau","name":"","elevation_m":2530,"main":false,"five_thousander":false},"geometry":{"type":"Point","coordinates":[42.672079,43.521792]}},{"type":"Feature","properties":{"id":"mount-1109","category":"rounded_hill","name":"","elevation_m":2555,"main":false,"five_thousander":false},"geometry":{"type":"Point","coordinates":[42.866056,43.438049]}},{"type":"Feature","properties":{"id":"mount-1110","category":"steep_mountain","name":"","elevation_m":2539,"main":false,"five_thousander":false},"geometry":{"type":"Point","coordinates":[42.877965,43.385144]}},{"type":"Feature","properties":{"id":"mount-1111","category":"plateau","name":"","elevation_m":2680,"main":false,"five_thousander":false},"geometry":{"type":"Point","coordinates":[42.861539,43.426721]}},{"type":"Feature","properties":{"id":"mount-1112","category":"rounded_hill","name":"","elevation_m":2721,"main":false,"five_thousander":false},"geometry":{"type":"Point","coordinates":[42.841004,43.422365]}},{"type":"Feature","properties":{"id":"mount-1113","category":"steep_mountain","name":"","elevation_m":2799,"main":false,"five_thousander":false},"geometry":{"type":"Point","coordinates":[42.827196,43.360539]}},{"type":"Feature","properties":{"id":"mount-1114","category":"rounded_mountain","name":"","elevation_m":2879,"main":false,"five_thousander":false},"geometry":{"type":"Point","coordinates":[42.839727,43.415312]}},{"type":"Feature","properties":{"id":"mount-1115","category":"rounded_mountain","name":"","elevation_m":2973,"main":false,"five_thousander":false},"geometry":{"type":"Point","coordinates":[42.838054,43.401594]}},{"type":"Feature","properties":{"id":"mount-1116","category":"steep_mountain","name":"","elevation_m":2930,"main":false,"five_thousander":false},"geometry":{"type":"Point","coordinates":[42.742106,43.375421]}},{"type":"Feature","properties":{"id":"mount-1117","category":"rounded_mountain","name":"","elevation_m":2956,"main":false,"five_thousander":false},"geometry":{"type":"Point","coordinates":[42.833848,43.412171]}},{"type":"Feature","properties":{"id":"mount-1118","category":"rounded_mountain","name":"","elevation_m":3043,"main":false,"five_thousander":false},"geometry":{"type":"Point","coordinates":[42.578738,43.4245]}},{"type":"Feature","properties":{"id":"mount-1119","category":"plateau","name":"","elevation_m":3155,"main":false,"five_thousander":false},"geometry":{"type":"Point","coordinates":[42.6378,43.450286]}},{"type":"Feature","properties":{"id":"mount-1120","category":"steep_mountain","name":"","elevation_m":3191,"main":false,"five_thousander":false},"geometry":{"type":"Point","coordinates":[42.617126,43.410839]}},{"type":"Feature","properties":{"id":"mount-1121","category":"rounded_hill","name":"","elevation_m":2044,"main":false,"five_thousander":false},"geometry":{"type":"Point","coordinates":[42.342145,43.575891]}},{"type":"Feature","properties":{"id":"mount-1122","category":"plateau","name":"","elevation_m":2043,"main":false,"five_thousander":false},"geometry":{"type":"Point","coordinates":[42.361919,43.560398]}},{"type":"Feature","properties":{"id":"mount-1123","category":"rounded_hill","name":"","elevation_m":2079,"main":false,"five_thousander":false},"geometry":{"type":"Point","coordinates":[42.335697,43.543385]}},{"type":"Feature","properties":{"id":"mount-1124","category":"ridge","name":"","elevation_m":2124,"main":false,"five_thousander":false},"geometry":{"type":"Point","coordinates":[42.340654,43.561735]}},{"type":"Feature","properties":{"id":"mount-1125","category":"rounded_hill","name":"","elevation_m":2099,"main":false,"five_thousander":false},"geometry":{"type":"Point","coordinates":[42.524375,43.58751]}},{"type":"Feature","properties":{"id":"mount-1126","category":"rounded_hill","name":"","elevation_m":2114,"main":false,"five_thousander":false},"geometry":{"type":"Point","coordinates":[42.536123,43.539457]}},{"type":"Feature","properties":{"id":"mount-1127","category":"rounded_hill","name":"","elevation_m":2147,"main":false,"five_thousander":false},"geometry":{"type":"Point","coordinates":[42.509172,43.58057]}},{"type":"Feature","properties":{"id":"mount-1128","category":"rounded_hill","name":"","elevation_m":2215,"main":false,"five_thousander":false},"geometry":{"type":"Point","coordinates":[42.549995,43.546783]}},{"type":"Feature","properties":{"id":"mount-1129","category":"rounded_hill","name":"","elevation_m":2241,"main":false,"five_thousander":false},"geometry":{"type":"Point","coordinates":[42.553439,43.598955]}},{"type":"Feature","properties":{"id":"mount-1130","category":"plateau","name":"","elevation_m":2278,"main":false,"five_thousander":false},"geometry":{"type":"Point","coordinates":[42.523152,43.568304]}},{"type":"Feature","properties":{"id":"mount-1131","category":"rounded_hill","name":"","elevation_m":2282,"main":false,"five_thousander":false},"geometry":{"type":"Point","coordinates":[42.544899,43.588225]}},{"type":"Feature","properties":{"id":"mount-1132","category":"plateau","name":"","elevation_m":2308,"main":false,"five_thousander":false},"geometry":{"type":"Point","coordinates":[42.529063,43.60291]}},{"type":"Feature","properties":{"id":"mount-1133","category":"rounded_hill","name":"","elevation_m":2330,"main":false,"five_thousander":false},"geometry":{"type":"Point","coordinates":[42.524139,43.551534]}},{"type":"Feature","properties":{"id":"mount-1134","category":"plateau","name":"","elevation_m":2350,"main":false,"five_thousander":false},"geometry":{"type":"Point","coordinates":[42.517626,43.561525]}},{"type":"Feature","properties":{"id":"mount-1135","category":"steep_mountain","name":"","elevation_m":3194,"main":false,"five_thousander":false},"geometry":{"type":"Point","coordinates":[42.68505,43.245515]}},{"type":"Feature","properties":{"id":"mount-1136","category":"steep_mountain","name":"","elevation_m":3155,"main":false,"five_thousander":false},"geometry":{"type":"Point","coordinates":[42.723781,43.26537]}},{"type":"Feature","properties":{"id":"mount-1137","category":"plateau","name":"","elevation_m":2149,"main":false,"five_thousander":false},"geometry":{"type":"Point","coordinates":[42.461343,43.780801]}},{"type":"Feature","properties":{"id":"mount-1138","category":"rounded_hill","name":"","elevation_m":2327,"main":false,"five_thousander":false},"geometry":{"type":"Point","coordinates":[42.461375,43.753574]}},{"type":"Feature","properties":{"id":"mount-1139","category":"ridge","name":"","elevation_m":1913,"main":false,"five_thousander":false},"geometry":{"type":"Point","coordinates":[42.84668,43.66455]}},{"type":"Feature","properties":{"id":"mount-1140","category":"rounded_hill","name":"","elevation_m":1947,"main":false,"five_thousander":false},"geometry":{"type":"Point","coordinates":[42.795782,43.68561]}},{"type":"Feature","properties":{"id":"mount-1141","category":"plateau","name":"","elevation_m":2392,"main":false,"five_thousander":false},"geometry":{"type":"Point","coordinates":[42.589842,43.623075]}},{"type":"Feature","properties":{"id":"mount-1142","category":"plateau","name":"","elevation_m":2134,"main":false,"five_thousander":false},"geometry":{"type":"Point","coordinates":[42.705638,43.632068]}},{"type":"Feature","properties":{"id":"mount-1143","category":"plateau","name":"","elevation_m":2047,"main":false,"five_thousander":false},"geometry":{"type":"Point","coordinates":[42.706711,43.705825]}},{"type":"Feature","properties":{"id":"mount-1144","category":"plateau","name":"","elevation_m":2396,"main":false,"five_thousander":false},"geometry":{"type":"Point","coordinates":[42.595035,43.612939]}},{"type":"Feature","properties":{"id":"mount-1145","category":"rounded_hill","name":"","elevation_m":2183,"main":false,"five_thousander":false},"geometry":{"type":"Point","coordinates":[42.357466,43.633691]}},{"type":"Feature","properties":{"id":"mount-1146","category":"rounded_hill","name":"","elevation_m":2199,"main":false,"five_thousander":false},"geometry":{"type":"Point","coordinates":[42.360975,43.70636]}},{"type":"Feature","properties":{"id":"mount-1147","category":"rounded_hill","name":"","elevation_m":2218,"main":false,"five_thousander":false},"geometry":{"type":"Point","coordinates":[42.576152,43.729949]}},{"type":"Feature","properties":{"id":"mount-1148","category":"plateau","name":"","elevation_m":2321,"main":false,"five_thousander":false},"geometry":{"type":"Point","coordinates":[42.402248,43.629281]}},{"type":"Feature","properties":{"id":"mount-1149","category":"ridge","name":"","elevation_m":3175,"main":false,"five_thousander":false},"geometry":{"type":"Point","coordinates":[42.99551,43.342674]}},{"type":"Feature","properties":{"id":"mount-1150","category":"rounded_mountain","name":"","elevation_m":2987,"main":false,"five_thousander":false},"geometry":{"type":"Point","coordinates":[42.992045,43.356623]}},{"type":"Feature","properties":{"id":"mount-1151","category":"rounded_mountain","name":"","elevation_m":2658,"main":false,"five_thousander":false},"geometry":{"type":"Point","coordinates":[42.989244,43.217687]}},{"type":"Feature","properties":{"id":"mount-1152","category":"rocky_peak","name":"","elevation_m":2552,"main":false,"five_thousander":false},"geometry":{"type":"Point","coordinates":[43.051118,43.218453]}},{"type":"Feature","properties":{"id":"mount-1153","category":"steep_mountain","name":"","elevation_m":2758,"main":false,"five_thousander":false},"geometry":{"type":"Point","coordinates":[42.906858,43.351061]}},{"type":"Feature","properties":{"id":"mount-1154","category":"ridge","name":"","elevation_m":2875,"main":false,"five_thousander":false},"geometry":{"type":"Point","coordinates":[43.074045,43.330266]}},{"type":"Feature","properties":{"id":"mount-1155","category":"ridge","name":"","elevation_m":2535,"main":false,"five_thousander":false},"geometry":{"type":"Point","coordinates":[43.038661,43.322454]}},{"type":"Feature","properties":{"id":"mount-1156","category":"steep_mountain","name":"","elevation_m":3104,"main":false,"five_thousander":false},"geometry":{"type":"Point","coordinates":[43.108281,43.280876]}},{"type":"Feature","properties":{"id":"mount-1157","category":"steep_mountain","name":"","elevation_m":2975,"main":false,"five_thousander":false},"geometry":{"type":"Point","coordinates":[43.08089,43.313313]}},{"type":"Feature","properties":{"id":"mount-1158","category":"isolated_peak","name":"","elevation_m":2947,"main":false,"five_thousander":false},"geometry":{"type":"Point","coordinates":[43.114568,43.317099]}},{"type":"Feature","properties":{"id":"mount-1159","category":"ridge","name":"","elevation_m":2856,"main":false,"five_thousander":false},"geometry":{"type":"Point","coordinates":[43.095235,43.339006]}},{"type":"Feature","properties":{"id":"mount-1160","category":"ridge","name":"","elevation_m":3127,"main":false,"five_thousander":false},"geometry":{"type":"Point","coordinates":[43.012204,43.34489]}},{"type":"Feature","properties":{"id":"mount-1161","category":"rounded_hill","name":"","elevation_m":2071,"main":false,"five_thousander":false},"geometry":{"type":"Point","coordinates":[43.170143,43.46256]}},{"type":"Feature","properties":{"id":"mount-1162","category":"rocky_ridge","name":"","elevation_m":3198,"main":false,"five_thousander":false},"geometry":{"type":"Point","coordinates":[41.23626,43.387936]}},{"type":"Feature","properties":{"id":"mount-1163","category":"massif","name":"","elevation_m":3047,"main":false,"five_thousander":false},"geometry":{"type":"Point","coordinates":[41.262385,43.428661]}},{"type":"Feature","properties":{"id":"mount-1164","category":"massif","name":"","elevation_m":3063,"main":false,"five_thousander":false},"geometry":{"type":"Point","coordinates":[41.266032,43.430694]}},{"type":"Feature","properties":{"id":"mount-1165","category":"rocky_peak","name":"","elevation_m":3041,"main":false,"five_thousander":false},"geometry":{"type":"Point","coordinates":[41.268725,43.435112]}},{"type":"Feature","properties":{"id":"mount-1166","category":"ridge","name":"","elevation_m":2914,"main":false,"five_thousander":false},"geometry":{"type":"Point","coordinates":[41.071411,43.442123]}},{"type":"Feature","properties":{"id":"mount-1167","category":"rounded_hill","name":"","elevation_m":2779,"main":false,"five_thousander":false},"geometry":{"type":"Point","coordinates":[42.793111,43.453223]}},{"type":"Feature","properties":{"id":"mount-1168","category":"steep_mountain","name":"","elevation_m":2486,"main":false,"five_thousander":false},"geometry":{"type":"Point","coordinates":[41.460664,43.358581]}},{"type":"Feature","properties":{"id":"mount-1169","category":"ridge","name":"","elevation_m":2477,"main":false,"five_thousander":false},"geometry":{"type":"Point","coordinates":[41.345125,43.310206]}},{"type":"Feature","properties":{"id":"mount-1170","category":"steep_mountain","name":"","elevation_m":2474,"main":false,"five_thousander":false},"geometry":{"type":"Point","coordinates":[41.384543,43.318317]}},{"type":"Feature","properties":{"id":"mount-1171","category":"rocky_peak","name":"","elevation_m":2543,"main":false,"five_thousander":false},"geometry":{"type":"Point","coordinates":[41.459248,43.408384]}},{"type":"Feature","properties":{"id":"mount-1172","category":"steep_mountain","name":"","elevation_m":2640,"main":false,"five_thousander":false},"geometry":{"type":"Point","coordinates":[41.347786,43.449321]}},{"type":"Feature","properties":{"id":"mount-1173","category":"steep_mountain","name":"","elevation_m":2694,"main":false,"five_thousander":false},"geometry":{"type":"Point","coordinates":[41.397461,43.411057]}},{"type":"Feature","properties":{"id":"mount-1174","category":"isolated_peak","name":"","elevation_m":2697,"main":false,"five_thousander":false},"geometry":{"type":"Point","coordinates":[41.461115,43.462116]}},{"type":"Feature","properties":{"id":"mount-1175","category":"rocky_peak","name":"","elevation_m":2735,"main":false,"five_thousander":false},"geometry":{"type":"Point","coordinates":[41.384565,43.352286]}},{"type":"Feature","properties":{"id":"mount-1176","category":"steep_mountain","name":"","elevation_m":2771,"main":false,"five_thousander":false},"geometry":{"type":"Point","coordinates":[41.494653,43.348752]}},{"type":"Feature","properties":{"id":"mount-1177","category":"rounded_mountain","name":"","elevation_m":2757,"main":false,"five_thousander":false},"geometry":{"type":"Point","coordinates":[41.394521,43.310487]}},{"type":"Feature","properties":{"id":"mount-1178","category":"rounded_mountain","name":"","elevation_m":2794,"main":false,"five_thousander":false},"geometry":{"type":"Point","coordinates":[41.4029,43.386836]}},{"type":"Feature","properties":{"id":"mount-1179","category":"ridge","name":"","elevation_m":2793,"main":false,"five_thousander":false},"geometry":{"type":"Point","coordinates":[41.338109,43.472986]}},{"type":"Feature","properties":{"id":"mount-1180","category":"rocky_peak","name":"","elevation_m":2808,"main":false,"five_thousander":false},"geometry":{"type":"Point","coordinates":[41.453186,43.348174]}},{"type":"Feature","properties":{"id":"mount-1181","category":"rounded_mountain","name":"","elevation_m":2844,"main":false,"five_thousander":false},"geometry":{"type":"Point","coordinates":[41.382816,43.516634]}},{"type":"Feature","properties":{"id":"mount-1182","category":"rounded_mountain","name":"","elevation_m":2958,"main":false,"five_thousander":false},"geometry":{"type":"Point","coordinates":[41.437297,43.416816]}},{"type":"Feature","properties":{"id":"mount-1183","category":"rocky_peak","name":"","elevation_m":2909,"main":false,"five_thousander":false},"geometry":{"type":"Point","coordinates":[41.357507,43.436654]}},{"type":"Feature","properties":{"id":"mount-1184","category":"rocky_peak","name":"","elevation_m":2999,"main":false,"five_thousander":false},"geometry":{"type":"Point","coordinates":[41.450483,43.402686]}},{"type":"Feature","properties":{"id":"mount-1185","category":"steep_mountain","name":"","elevation_m":2917,"main":false,"five_thousander":false},"geometry":{"type":"Point","coordinates":[41.437747,43.386158]}},{"type":"Feature","properties":{"id":"mount-1186","category":"isolated_peak","name":"","elevation_m":2875,"main":false,"five_thousander":false},"geometry":{"type":"Point","coordinates":[41.452135,43.295848]}},{"type":"Feature","properties":{"id":"mount-1187","category":"ridge","name":"","elevation_m":3023,"main":false,"five_thousander":false},"geometry":{"type":"Point","coordinates":[41.447564,43.362544]}},{"type":"Feature","properties":{"id":"mount-1188","category":"rocky_ridge","name":"","elevation_m":3023,"main":false,"five_thousander":false},"geometry":{"type":"Point","coordinates":[41.452618,43.42404]}},{"type":"Feature","properties":{"id":"mount-1189","category":"rounded_mountain","name":"","elevation_m":3099,"main":false,"five_thousander":false},"geometry":{"type":"Point","coordinates":[41.430956,43.39482]}},{"type":"Feature","properties":{"id":"mount-1190","category":"isolated_peak","name":"","elevation_m":3100,"main":false,"five_thousander":false},"geometry":{"type":"Point","coordinates":[41.41335,43.30827]}},{"type":"Feature","properties":{"id":"mount-1191","category":"rounded_mountain","name":"","elevation_m":3172,"main":false,"five_thousander":false},"geometry":{"type":"Point","coordinates":[41.425323,43.388349]}},{"type":"Feature","properties":{"id":"mount-1192","category":"rounded_mountain","name":"","elevation_m":2258,"main":false,"five_thousander":false},"geometry":{"type":"Point","coordinates":[43.078144,43.517404]}},{"type":"Feature","properties":{"id":"mount-1193","category":"steep_mountain","name":"","elevation_m":2287,"main":false,"five_thousander":false},"geometry":{"type":"Point","coordinates":[41.005858,43.687899]}},{"type":"Feature","properties":{"id":"mount-1194","category":"rocky_peak","name":"","elevation_m":2817,"main":false,"five_thousander":false},"geometry":{"type":"Point","coordinates":[42.451633,43.175475]}},{"type":"Feature","properties":{"id":"mount-1195","category":"massif","name":"","elevation_m":2324,"main":false,"five_thousander":false},"geometry":{"type":"Point","coordinates":[43.409965,43.114346]}},{"type":"Feature","properties":{"id":"mount-1196","category":"massif","name":"","elevation_m":2803,"main":false,"five_thousander":false},"geometry":{"type":"Point","coordinates":[43.396221,43.114353]}},{"type":"Feature","properties":{"id":"mount-1197","category":"steep_mountain","name":"","elevation_m":2023,"main":false,"five_thousander":false},"geometry":{"type":"Point","coordinates":[43.417046,43.114933]}},{"type":"Feature","properties":{"id":"mount-1198","category":"massif","name":"","elevation_m":2050,"main":false,"five_thousander":false},"geometry":{"type":"Point","coordinates":[43.413044,43.104218]}},{"type":"Feature","properties":{"id":"mount-1199","category":"massif","name":"","elevation_m":2515,"main":false,"five_thousander":false},"geometry":{"type":"Point","coordinates":[43.402809,43.102385]}},{"type":"Feature","properties":{"id":"mount-1200","category":"steep_mountain","name":"","elevation_m":2895,"main":false,"five_thousander":false},"geometry":{"type":"Point","coordinates":[43.39223,43.102385]}},{"type":"Feature","properties":{"id":"mount-1201","category":"rounded_hill","name":"","elevation_m":2183,"main":false,"five_thousander":false},"geometry":{"type":"Point","coordinates":[41.280463,43.666676]}},{"type":"Feature","properties":{"id":"mount-1202","category":"rounded_mountain","name":"","elevation_m":2042,"main":false,"five_thousander":false},"geometry":{"type":"Point","coordinates":[43.490753,43.12877]}},{"type":"Feature","properties":{"id":"mount-1203","category":"rocky_peak","name":"","elevation_m":2421,"main":false,"five_thousander":false},"geometry":{"type":"Point","coordinates":[43.306797,42.97813]}},{"type":"Feature","properties":{"id":"mount-1204","category":"rounded_mountain","name":"","elevation_m":2741,"main":false,"five_thousander":false},"geometry":{"type":"Point","coordinates":[41.265399,43.495375]}},{"type":"Feature","properties":{"id":"mount-1205","category":"rocky_peak","name":"","elevation_m":3086,"main":false,"five_thousander":false},"geometry":{"type":"Point","coordinates":[41.291159,43.423386]}},{"type":"Feature","properties":{"id":"mount-1206","category":"rounded_mountain","name":"","elevation_m":2220,"main":false,"five_thousander":false},"geometry":{"type":"Point","coordinates":[41.186285,43.519645]}},{"type":"Feature","properties":{"id":"mount-1207","category":"rocky_peak","name":"","elevation_m":2696,"main":false,"five_thousander":false},"geometry":{"type":"Point","coordinates":[41.146492,43.449453]}},{"type":"Feature","properties":{"id":"mount-1208","category":"rounded_mountain","name":"","elevation_m":2758,"main":false,"five_thousander":false},"geometry":{"type":"Point","coordinates":[41.061863,43.497772]}},{"type":"Feature","properties":{"id":"mount-1209","category":"ridge","name":"","elevation_m":2011,"main":false,"five_thousander":false},"geometry":{"type":"Point","coordinates":[43.120673,43.357325]}},{"type":"Feature","properties":{"id":"mount-1210","category":"steep_mountain","name":"","elevation_m":3144,"main":false,"five_thousander":false},"geometry":{"type":"Point","coordinates":[41.680241,43.289233]}},{"type":"Feature","properties":{"id":"mount-1211","category":"rounded_mountain","name":"","elevation_m":3000,"main":false,"five_thousander":false},"geometry":{"type":"Point","coordinates":[41.201617,43.462498]}},{"type":"Feature","properties":{"id":"mount-1212","category":"steep_mountain","name":"","elevation_m":2992,"main":false,"five_thousander":false},"geometry":{"type":"Point","coordinates":[41.193055,43.469491]}},{"type":"Feature","properties":{"id":"mount-1213","category":"rocky_peak","name":"","elevation_m":3054,"main":false,"five_thousander":false},"geometry":{"type":"Point","coordinates":[41.21139,43.468704]}},{"type":"Feature","properties":{"id":"mount-1214","category":"rounded_mountain","name":"","elevation_m":2459,"main":false,"five_thousander":false},"geometry":{"type":"Point","coordinates":[41.093953,43.524997]}},{"type":"Feature","properties":{"id":"mount-1215","category":"ridge","name":"","elevation_m":2706,"main":false,"five_thousander":false},"geometry":{"type":"Point","coordinates":[41.048731,43.542568]}},{"type":"Feature","properties":{"id":"mount-1216","category":"isolated_peak","name":"","elevation_m":3004,"main":false,"five_thousander":false},"geometry":{"type":"Point","coordinates":[41.915653,43.168996]}},{"type":"Feature","properties":{"id":"mount-1217","category":"rocky_peak","name":"","elevation_m":3023,"main":false,"five_thousander":false},"geometry":{"type":"Point","coordinates":[41.866386,43.195126]}},{"type":"Feature","properties":{"id":"mount-1218","category":"steep_mountain","name":"","elevation_m":3147,"main":false,"five_thousander":false},"geometry":{"type":"Point","coordinates":[41.935769,43.449266]}},{"type":"Feature","properties":{"id":"mount-1219","category":"steep_mountain","name":"","elevation_m":2925,"main":false,"five_thousander":false},"geometry":{"type":"Point","coordinates":[41.980326,43.433374]}},{"type":"Feature","properties":{"id":"mount-1220","category":"steep_mountain","name":"","elevation_m":2752,"main":false,"five_thousander":false},"geometry":{"type":"Point","coordinates":[42.025859,43.456618]}},{"type":"Feature","properties":{"id":"mount-1221","category":"massif","name":"","elevation_m":2888,"main":false,"five_thousander":false},"geometry":{"type":"Point","coordinates":[41.982579,43.294801]}},{"type":"Feature","properties":{"id":"mount-1222","category":"steep_mountain","name":"","elevation_m":2974,"main":false,"five_thousander":false},"geometry":{"type":"Point","coordinates":[42.028928,43.317606]}},{"type":"Feature","properties":{"id":"mount-1223","category":"steep_mountain","name":"","elevation_m":3123,"main":false,"five_thousander":false},"geometry":{"type":"Point","coordinates":[41.866547,43.405009]}},{"type":"Feature","properties":{"id":"mount-1224","category":"rounded_hill","name":"","elevation_m":1844,"main":false,"five_thousander":false},"geometry":{"type":"Point","coordinates":[40.813243,43.920092]}},{"type":"Feature","properties":{"id":"mount-1225","category":"rounded_hill","name":"","elevation_m":2181,"main":false,"five_thousander":false},"geometry":{"type":"Point","coordinates":[43.09634,43.376325]}},{"type":"Feature","properties":{"id":"mount-1226","category":"rounded_hill","name":"","elevation_m":1957,"main":false,"five_thousander":false},"geometry":{"type":"Point","coordinates":[43.014811,43.424274]}},{"type":"Feature","properties":{"id":"mount-1227","category":"rounded_mountain","name":"","elevation_m":2068,"main":false,"five_thousander":false},"geometry":{"type":"Point","coordinates":[42.303189,43.743956]}},{"type":"Feature","properties":{"id":"mount-1228","category":"rounded_mountain","name":"","elevation_m":2399,"main":false,"five_thousander":false},"geometry":{"type":"Point","coordinates":[41.273414,43.30553]}},{"type":"Feature","properties":{"id":"mount-1229","category":"rounded_hill","name":"","elevation_m":2421,"main":false,"five_thousander":false},"geometry":{"type":"Point","coordinates":[41.277083,43.309816]}},{"type":"Feature","properties":{"id":"mount-1230","category":"steep_mountain","name":"","elevation_m":2447,"main":false,"five_thousander":false},"geometry":{"type":"Point","coordinates":[41.266612,43.325529]}},{"type":"Feature","properties":{"id":"mount-1231","category":"rounded_mountain","name":"","elevation_m":2997,"main":false,"five_thousander":false},"geometry":{"type":"Point","coordinates":[41.286031,43.326684]}},{"type":"Feature","properties":{"id":"mount-1232","category":"rocky_peak","name":"","elevation_m":2830,"main":false,"five_thousander":false},"geometry":{"type":"Point","coordinates":[41.274465,43.3348]}},{"type":"Feature","properties":{"id":"mount-1233","category":"rocky_peak","name":"","elevation_m":3155,"main":false,"five_thousander":false},"geometry":{"type":"Point","coordinates":[41.151652,43.385831]}},{"type":"Feature","properties":{"id":"mount-1234","category":"rocky_peak","name":"","elevation_m":3094,"main":false,"five_thousander":false},"geometry":{"type":"Point","coordinates":[43.5278,43.124284]}},{"type":"Feature","properties":{"id":"mount-1235","category":"rounded_mountain","name":"","elevation_m":3141,"main":false,"five_thousander":false},"geometry":{"type":"Point","coordinates":[43.480507,43.066003]}},{"type":"Feature","properties":{"id":"mount-1236","category":"rocky_peak","name":"","elevation_m":3127,"main":false,"five_thousander":false},"geometry":{"type":"Point","coordinates":[41.965907,43.273261]}},{"type":"Feature","properties":{"id":"mount-1237","category":"massif","name":"","elevation_m":3103,"main":false,"five_thousander":false},"geometry":{"type":"Point","coordinates":[41.984349,43.265347]}},{"type":"Feature","properties":{"id":"mount-1238","category":"steep_mountain","name":"","elevation_m":2894,"main":false,"five_thousander":false},"geometry":{"type":"Point","coordinates":[41.850046,43.518027]}},{"type":"Feature","properties":{"id":"mount-1239","category":"steep_mountain","name":"","elevation_m":3151,"main":false,"five_thousander":false},"geometry":{"type":"Point","coordinates":[42.88128,43.113555]}},{"type":"Feature","properties":{"id":"mount-1240","category":"steep_mountain","name":"","elevation_m":2484,"main":false,"five_thousander":false},"geometry":{"type":"Point","coordinates":[41.350951,43.595622]}},{"type":"Feature","properties":{"id":"mount-1241","category":"rounded_mountain","name":"","elevation_m":2030,"main":false,"five_thousander":false},"geometry":{"type":"Point","coordinates":[42.151709,43.626803]}},{"type":"Feature","properties":{"id":"mount-1242","category":"plateau","name":"","elevation_m":2273,"main":false,"five_thousander":false},"geometry":{"type":"Point","coordinates":[42.338519,43.647667]}},{"type":"Feature","properties":{"id":"mount-1243","category":"rounded_hill","name":"","elevation_m":2371,"main":false,"five_thousander":false},"geometry":{"type":"Point","coordinates":[42.463639,43.653924]}},{"type":"Feature","properties":{"id":"mount-1244","category":"rounded_hill","name":"","elevation_m":2253,"main":false,"five_thousander":false},"geometry":{"type":"Point","coordinates":[42.338562,43.662416]}},{"type":"Feature","properties":{"id":"mount-1245","category":"rounded_hill","name":"","elevation_m":2171,"main":false,"five_thousander":false},"geometry":{"type":"Point","coordinates":[42.562494,43.663836]}},{"type":"Feature","properties":{"id":"mount-1246","category":"ridge","name":"","elevation_m":1933,"main":false,"five_thousander":false},"geometry":{"type":"Point","coordinates":[42.539685,43.699527]}},{"type":"Feature","properties":{"id":"mount-1247","category":"ridge","name":"","elevation_m":1943,"main":false,"five_thousander":false},"geometry":{"type":"Point","coordinates":[42.172104,43.705561]}},{"type":"Feature","properties":{"id":"mount-1248","category":"rounded_hill","name":"","elevation_m":1912,"main":false,"five_thousander":false},"geometry":{"type":"Point","coordinates":[42.179314,43.728608]}},{"type":"Feature","properties":{"id":"mount-1249","category":"plateau","name":"","elevation_m":2049,"main":false,"five_thousander":false},"geometry":{"type":"Point","coordinates":[42.203304,43.754249]}},{"type":"Feature","properties":{"id":"mount-1250","category":"plateau","name":"","elevation_m":2241,"main":false,"five_thousander":false},"geometry":{"type":"Point","coordinates":[42.243247,43.784062]}},{"type":"Feature","properties":{"id":"mount-1251","category":"plateau","name":"","elevation_m":2163,"main":false,"five_thousander":false},"geometry":{"type":"Point","coordinates":[42.213303,43.786316]}},{"type":"Feature","properties":{"id":"mount-1252","category":"plateau","name":"","elevation_m":2189,"main":false,"five_thousander":false},"geometry":{"type":"Point","coordinates":[42.300764,43.580873]}},{"type":"Feature","properties":{"id":"mount-1253","category":"plateau","name":"","elevation_m":2257,"main":false,"five_thousander":false},"geometry":{"type":"Point","coordinates":[42.366865,43.610174]}},{"type":"Feature","properties":{"id":"mount-1254","category":"plateau","name":"","elevation_m":2131,"main":false,"five_thousander":false},"geometry":{"type":"Point","coordinates":[42.551529,43.614617]}},{"type":"Feature","properties":{"id":"mount-1255","category":"plateau","name":"","elevation_m":2328,"main":false,"five_thousander":false},"geometry":{"type":"Point","coordinates":[42.468059,43.639057]}},{"type":"Feature","properties":{"id":"mount-1256","category":"rounded_mountain","name":"","elevation_m":1970,"main":false,"five_thousander":false},"geometry":{"type":"Point","coordinates":[42.981477,43.570527]}},{"type":"Feature","properties":{"id":"mount-1257","category":"rounded_hill","name":"","elevation_m":2264,"main":false,"five_thousander":false},"geometry":{"type":"Point","coordinates":[43.097445,43.450045]}},{"type":"Feature","properties":{"id":"mount-1258","category":"rocky_peak","name":"","elevation_m":2610,"main":false,"five_thousander":false},"geometry":{"type":"Point","coordinates":[42.955062,43.496682]}},{"type":"Feature","properties":{"id":"mount-1259","category":"rocky_peak","name":"","elevation_m":2496,"main":false,"five_thousander":false},"geometry":{"type":"Point","coordinates":[42.985843,43.497351]}},{"type":"Feature","properties":{"id":"mount-1260","category":"rocky_peak","name":"","elevation_m":2425,"main":false,"five_thousander":false},"geometry":{"type":"Point","coordinates":[42.979052,43.498114]}},{"type":"Feature","properties":{"id":"mount-1261","category":"rocky_ridge","name":"","elevation_m":2703,"main":false,"five_thousander":false},"geometry":{"type":"Point","coordinates":[42.920215,43.500791]}},{"type":"Feature","properties":{"id":"mount-1262","category":"rounded_hill","name":"","elevation_m":2562,"main":false,"five_thousander":false},"geometry":{"type":"Point","coordinates":[42.738565,43.483621]}},{"type":"Feature","properties":{"id":"mount-1263","category":"rounded_hill","name":"","elevation_m":2456,"main":false,"five_thousander":false},"geometry":{"type":"Point","coordinates":[42.648046,43.506285]}},{"type":"Feature","properties":{"id":"mount-1264","category":"rounded_hill","name":"","elevation_m":2377,"main":false,"five_thousander":false},"geometry":{"type":"Point","coordinates":[42.617705,43.517583]}},{"type":"Feature","properties":{"id":"mount-1265","category":"rounded_mountain","name":"","elevation_m":3038,"main":false,"five_thousander":false},"geometry":{"type":"Point","coordinates":[43.032954,42.985853]}},{"type":"Feature","properties":{"id":"mount-1266","category":"rocky_peak","name":"","elevation_m":3169,"main":false,"five_thousander":false},"geometry":{"type":"Point","coordinates":[42.994834,43.010971]}},{"type":"Feature","properties":{"id":"mount-1267","category":"rounded_mountain","name":"","elevation_m":2613,"main":false,"five_thousander":false},"geometry":{"type":"Point","coordinates":[43.128387,42.933231]}},{"type":"Feature","properties":{"id":"mount-1268","category":"steep_mountain","name":"","elevation_m":2871,"main":false,"five_thousander":false},"geometry":{"type":"Point","coordinates":[43.144931,42.940441]}},{"type":"Feature","properties":{"id":"mount-1269","category":"rounded_mountain","name":"","elevation_m":3199,"main":false,"five_thousander":false},"geometry":{"type":"Point","coordinates":[43.124868,42.948876]}},{"type":"Feature","properties":{"id":"mount-1270","category":"steep_mountain","name":"","elevation_m":2734,"main":false,"five_thousander":false},"geometry":{"type":"Point","coordinates":[43.103163,42.9686]}},{"type":"Feature","properties":{"id":"mount-1271","category":"rounded_mountain","name":"","elevation_m":2262,"main":false,"five_thousander":false},"geometry":{"type":"Point","coordinates":[43.256575,42.897425]}},{"type":"Feature","properties":{"id":"mount-1272","category":"rounded_mountain","name":"","elevation_m":2366,"main":false,"five_thousander":false},"geometry":{"type":"Point","coordinates":[43.243411,42.898926]}},{"type":"Feature","properties":{"id":"mount-1273","category":"rounded_mountain","name":"","elevation_m":2469,"main":false,"five_thousander":false},"geometry":{"type":"Point","coordinates":[43.22,42.900348]}},{"type":"Feature","properties":{"id":"mount-1274","category":"steep_mountain","name":"","elevation_m":2325,"main":false,"five_thousander":false},"geometry":{"type":"Point","coordinates":[43.19806,42.903681]}},{"type":"Feature","properties":{"id":"mount-1275","category":"steep_mountain","name":"","elevation_m":2477,"main":false,"five_thousander":false},"geometry":{"type":"Point","coordinates":[43.221084,42.906195]}},{"type":"Feature","properties":{"id":"mount-1276","category":"steep_mountain","name":"","elevation_m":2663,"main":false,"five_thousander":false},"geometry":{"type":"Point","coordinates":[43.177493,42.909425]}},{"type":"Feature","properties":{"id":"mount-1277","category":"massif","name":"","elevation_m":2312,"main":false,"five_thousander":false},"geometry":{"type":"Point","coordinates":[43.218112,42.912851]}},{"type":"Feature","properties":{"id":"mount-1278","category":"steep_mountain","name":"","elevation_m":2841,"main":false,"five_thousander":false},"geometry":{"type":"Point","coordinates":[43.163062,42.922453]}},{"type":"Feature","properties":{"id":"mount-1279","category":"rounded_mountain","name":"","elevation_m":2475,"main":false,"five_thousander":false},"geometry":{"type":"Point","coordinates":[43.344272,42.858051]}},{"type":"Feature","properties":{"id":"mount-1280","category":"rounded_mountain","name":"","elevation_m":2642,"main":false,"five_thousander":false},"geometry":{"type":"Point","coordinates":[43.298385,42.86976]}},{"type":"Feature","properties":{"id":"mount-1281","category":"rocky_peak","name":"","elevation_m":2982,"main":false,"five_thousander":false},"geometry":{"type":"Point","coordinates":[43.35704,42.874533]}},{"type":"Feature","properties":{"id":"mount-1282","category":"rounded_mountain","name":"","elevation_m":2811,"main":false,"five_thousander":false},"geometry":{"type":"Point","coordinates":[43.319564,42.875068]}},{"type":"Feature","properties":{"id":"mount-1283","category":"steep_mountain","name":"","elevation_m":3014,"main":false,"five_thousander":false},"geometry":{"type":"Point","coordinates":[43.322096,42.880115]}},{"type":"Feature","properties":{"id":"mount-1284","category":"rounded_mountain","name":"","elevation_m":2153,"main":false,"five_thousander":false},"geometry":{"type":"Point","coordinates":[43.292924,42.881051]}},{"type":"Feature","properties":{"id":"mount-1285","category":"rounded_mountain","name":"","elevation_m":2316,"main":false,"five_thousander":false},"geometry":{"type":"Point","coordinates":[43.296862,42.885972]}},{"type":"Feature","properties":{"id":"mount-1286","category":"steep_mountain","name":"","elevation_m":3124,"main":false,"five_thousander":false},"geometry":{"type":"Point","coordinates":[43.292795,42.900034]}},{"type":"Feature","properties":{"id":"mount-1287","category":"rounded_mountain","name":"","elevation_m":2419,"main":false,"five_thousander":false},"geometry":{"type":"Point","coordinates":[43.251425,42.908372]}},{"type":"Feature","properties":{"id":"mount-1288","category":"steep_mountain","name":"","elevation_m":3119,"main":false,"five_thousander":false},"geometry":{"type":"Point","coordinates":[43.274621,42.913598]}},{"type":"Feature","properties":{"id":"mount-1289","category":"steep_mountain","name":"","elevation_m":3044,"main":false,"five_thousander":false},"geometry":{"type":"Point","coordinates":[43.377242,42.872371]}},{"type":"Feature","properties":{"id":"mount-1290","category":"ridge","name":"","elevation_m":2832,"main":false,"five_thousander":false},"geometry":{"type":"Point","coordinates":[43.323587,42.859427]}},{"type":"Feature","properties":{"id":"mount-1291","category":"ridge","name":"","elevation_m":2855,"main":false,"five_thousander":false},"geometry":{"type":"Point","coordinates":[41.322305,43.533289]}},{"type":"Feature","properties":{"id":"mount-1292","category":"plateau","name":"","elevation_m":2146,"main":false,"five_thousander":false},"geometry":{"type":"Point","coordinates":[42.335322,43.798684]}},{"type":"Feature","properties":{"id":"mount-1293","category":"ridge","name":"","elevation_m":1999,"main":false,"five_thousander":false},"geometry":{"type":"Point","coordinates":[42.295089,43.777136]}},{"type":"Feature","properties":{"id":"mount-1294","category":"plateau","name":"","elevation_m":2062,"main":false,"five_thousander":false},"geometry":{"type":"Point","coordinates":[42.264276,43.811103]}},{"type":"Feature","properties":{"id":"mount-1295","category":"rounded_mountain","name":"","elevation_m":2728,"main":false,"five_thousander":false},"geometry":{"type":"Point","coordinates":[41.076443,43.593439]}},{"type":"Feature","properties":{"id":"mount-1296","category":"rounded_mountain","name":"","elevation_m":2520,"main":false,"five_thousander":false},"geometry":{"type":"Point","coordinates":[40.802847,43.498285]}},{"type":"Feature","properties":{"id":"mount-1297","category":"rounded_mountain","name":"","elevation_m":2792,"main":false,"five_thousander":false},"geometry":{"type":"Point","coordinates":[40.89092,43.489444]}},{"type":"Feature","properties":{"id":"mount-1298","category":"ridge","name":"","elevation_m":2464,"main":false,"five_thousander":false},"geometry":{"type":"Point","coordinates":[40.897014,43.464904]}},{"type":"Feature","properties":{"id":"mount-1299","category":"rounded_mountain","name":"","elevation_m":2837,"main":false,"five_thousander":false},"geometry":{"type":"Point","coordinates":[40.924802,43.447225]}},{"type":"Feature","properties":{"id":"mount-1300","category":"rounded_mountain","name":"","elevation_m":2744,"main":false,"five_thousander":false},"geometry":{"type":"Point","coordinates":[40.929265,43.443884]}},{"type":"Feature","properties":{"id":"mount-1301","category":"ridge","name":"","elevation_m":2738,"main":false,"five_thousander":false},"geometry":{"type":"Point","coordinates":[40.961795,43.422614]}},{"type":"Feature","properties":{"id":"mount-1302","category":"ridge","name":"","elevation_m":2913,"main":false,"five_thousander":false},"geometry":{"type":"Point","coordinates":[41.004292,43.432221]}},{"type":"Feature","properties":{"id":"mount-1303","category":"rounded_mountain","name":"","elevation_m":2782,"main":false,"five_thousander":false},"geometry":{"type":"Point","coordinates":[41.036972,43.406981]}},{"type":"Feature","properties":{"id":"mount-1304","category":"rounded_hill","name":"","elevation_m":2752,"main":false,"five_thousander":false},"geometry":{"type":"Point","coordinates":[41.039311,43.399404]}},{"type":"Feature","properties":{"id":"mount-1305","category":"ridge","name":"","elevation_m":2794,"main":false,"five_thousander":false},"geometry":{"type":"Point","coordinates":[41.097504,43.385316]}},{"type":"Feature","properties":{"id":"mount-1306","category":"massif","name":"","elevation_m":2770,"main":false,"five_thousander":false},"geometry":{"type":"Point","coordinates":[41.103083,43.391187]}},{"type":"Feature","properties":{"id":"mount-1307","category":"rocky_ridge","name":"","elevation_m":2848,"main":false,"five_thousander":false},"geometry":{"type":"Point","coordinates":[41.123693,43.398219]}},{"type":"Feature","properties":{"id":"mount-1308","category":"massif","name":"","elevation_m":3166,"main":false,"five_thousander":false},"geometry":{"type":"Point","coordinates":[41.155225,43.39885]}},{"type":"Feature","properties":{"id":"mount-1309","category":"rocky_peak","name":"","elevation_m":3091,"main":false,"five_thousander":false},"geometry":{"type":"Point","coordinates":[41.160579,43.386969]}},{"type":"Feature","properties":{"id":"mount-1310","category":"rounded_mountain","name":"","elevation_m":3126,"main":false,"five_thousander":false},"geometry":{"type":"Point","coordinates":[41.220918,43.380723]}},{"type":"Feature","properties":{"id":"mount-1311","category":"massif","name":"","elevation_m":3183,"main":false,"five_thousander":false},"geometry":{"type":"Point","coordinates":[41.276751,43.359221]}},{"type":"Feature","properties":{"id":"mount-1312","category":"rocky_peak","name":"","elevation_m":3133,"main":false,"five_thousander":false},"geometry":{"type":"Point","coordinates":[41.284411,43.342206]}},{"type":"Feature","properties":{"id":"mount-1313","category":"rocky_peak","name":"","elevation_m":2988,"main":false,"five_thousander":false},"geometry":{"type":"Point","coordinates":[41.303283,43.34091]}},{"type":"Feature","properties":{"id":"mount-1314","category":"rocky_ridge","name":"","elevation_m":3130,"main":false,"five_thousander":false},"geometry":{"type":"Point","coordinates":[41.751813,43.23104]}},{"type":"Feature","properties":{"id":"mount-1315","category":"ridge","name":"","elevation_m":3094,"main":false,"five_thousander":false},"geometry":{"type":"Point","coordinates":[41.812956,43.204871]}},{"type":"Feature","properties":{"id":"mount-1316","category":"rocky_peak","name":"","elevation_m":3187,"main":false,"five_thousander":false},"geometry":{"type":"Point","coordinates":[41.839349,43.211635]}},{"type":"Feature","properties":{"id":"mount-1317","category":"rocky_peak","name":"","elevation_m":3141,"main":false,"five_thousander":false},"geometry":{"type":"Point","coordinates":[41.958836,43.202525]}},{"type":"Feature","properties":{"id":"mount-1318","category":"rounded_mountain","name":"","elevation_m":2475,"main":false,"five_thousander":false},"geometry":{"type":"Point","coordinates":[41.172928,43.515677]}},{"type":"Feature","properties":{"id":"mount-1319","category":"rocky_peak","name":"","elevation_m":2929,"main":false,"five_thousander":false},"geometry":{"type":"Point","coordinates":[42.02911,43.279689]}},{"type":"Feature","properties":{"id":"mount-1320","category":"rocky_peak","name":"","elevation_m":3069,"main":false,"five_thousander":false},"geometry":{"type":"Point","coordinates":[43.176699,43.081302]}},{"type":"Feature","properties":{"id":"mount-1321","category":"steep_mountain","name":"","elevation_m":3072,"main":false,"five_thousander":false},"geometry":{"type":"Point","coordinates":[43.037556,43.128802]}},{"type":"Feature","properties":{"id":"mount-1322","category":"massif","name":"","elevation_m":3108,"main":false,"five_thousander":false},"geometry":{"type":"Point","coordinates":[43.29536,42.957742]}},{"type":"Feature","properties":{"id":"mount-1323","category":"rocky_peak","name":"","elevation_m":3181,"main":false,"five_thousander":false},"geometry":{"type":"Point","coordinates":[43.30037,42.965413]}},{"type":"Feature","properties":{"id":"mount-1324","category":"rocky_peak","name":"","elevation_m":3111,"main":false,"five_thousander":false},"geometry":{"type":"Point","coordinates":[43.302033,42.967061]}},{"type":"Feature","properties":{"id":"mount-1325","category":"rounded_mountain","name":"","elevation_m":3176,"main":false,"five_thousander":false},"geometry":{"type":"Point","coordinates":[43.337642,43.097724]}},{"type":"Feature","properties":{"id":"mount-1326","category":"rocky_ridge","name":"","elevation_m":2985,"main":false,"five_thousander":false},"geometry":{"type":"Point","coordinates":[43.294158,43.02142]}},{"type":"Feature","properties":{"id":"mount-1327","category":"ridge","name":"","elevation_m":3057,"main":false,"five_thousander":false},"geometry":{"type":"Point","coordinates":[41.136739,43.596578]}},{"type":"Feature","properties":{"id":"mount-1328","category":"ridge","name":"","elevation_m":2941,"main":false,"five_thousander":false},"geometry":{"type":"Point","coordinates":[41.169741,43.604852]}},{"type":"Feature","properties":{"id":"mount-1329","category":"ridge","name":"","elevation_m":2965,"main":false,"five_thousander":false},"geometry":{"type":"Point","coordinates":[41.167552,43.608185]}},{"type":"Feature","properties":{"id":"mount-1330","category":"rounded_mountain","name":"","elevation_m":2560,"main":false,"five_thousander":false},"geometry":{"type":"Point","coordinates":[41.031575,43.627223]}},{"type":"Feature","properties":{"id":"mount-1331","category":"rounded_mountain","name":"","elevation_m":2592,"main":false,"five_thousander":false},"geometry":{"type":"Point","coordinates":[41.122588,43.586328]}},{"type":"Feature","properties":{"id":"mount-1332","category":"rounded_mountain","name":"","elevation_m":2591,"main":false,"five_thousander":false},"geometry":{"type":"Point","coordinates":[41.125635,43.586546]}},{"type":"Feature","properties":{"id":"mount-1333","category":"rounded_hill","name":"","elevation_m":2703,"main":false,"five_thousander":false},"geometry":{"type":"Point","coordinates":[41.029011,43.622586]}},{"type":"Feature","properties":{"id":"mount-1334","category":"rounded_mountain","name":"","elevation_m":2699,"main":false,"five_thousander":false},"geometry":{"type":"Point","coordinates":[41.09126,43.638513]}},{"type":"Feature","properties":{"id":"mount-1335","category":"rounded_mountain","name":"","elevation_m":2843,"main":false,"five_thousander":false},"geometry":{"type":"Point","coordinates":[41.100926,43.634157]}},{"type":"Feature","properties":{"id":"mount-1336","category":"ridge","name":"","elevation_m":2875,"main":false,"five_thousander":false},"geometry":{"type":"Point","coordinates":[41.165149,43.613467]}},{"type":"Feature","properties":{"id":"mount-1337","category":"plateau","name":"","elevation_m":2984,"main":false,"five_thousander":false},"geometry":{"type":"Point","coordinates":[41.205726,43.59807]}},{"type":"Feature","properties":{"id":"mount-1338","category":"steep_mountain","name":"","elevation_m":3037,"main":false,"five_thousander":false},"geometry":{"type":"Point","coordinates":[41.1263,43.507149]}},{"type":"Feature","properties":{"id":"mount-1339","category":"rounded_mountain","name":"","elevation_m":2539,"main":false,"five_thousander":false},"geometry":{"type":"Point","coordinates":[41.05123,43.557552]}},{"type":"Feature","properties":{"id":"mount-1340","category":"rounded_mountain","name":"","elevation_m":2336,"main":false,"five_thousander":false},"geometry":{"type":"Point","coordinates":[41.064738,43.552708]}},{"type":"Feature","properties":{"id":"mount-1341","category":"rounded_mountain","name":"","elevation_m":2658,"main":false,"five_thousander":false},"geometry":{"type":"Point","coordinates":[41.044922,43.539123]}},{"type":"Feature","properties":{"id":"mount-1342","category":"rounded_mountain","name":"","elevation_m":2658,"main":false,"five_thousander":false},"geometry":{"type":"Point","coordinates":[41.052657,43.529237]}},{"type":"Feature","properties":{"id":"mount-1343","category":"rocky_ridge","name":"","elevation_m":2841,"main":false,"five_thousander":false},"geometry":{"type":"Point","coordinates":[41.036478,43.524818]}},{"type":"Feature","properties":{"id":"mount-1344","category":"rounded_mountain","name":"","elevation_m":2849,"main":false,"five_thousander":false},"geometry":{"type":"Point","coordinates":[41.045973,43.518081]}},{"type":"Feature","properties":{"id":"mount-1345","category":"ridge","name":"","elevation_m":3075,"main":false,"five_thousander":false},"geometry":{"type":"Point","coordinates":[41.123961,43.653994]}},{"type":"Feature","properties":{"id":"mount-1346","category":"rounded_hill","name":"","elevation_m":1880,"main":false,"five_thousander":false},"geometry":{"type":"Point","coordinates":[42.766181,43.720048]}},{"type":"Feature","properties":{"id":"mount-1347","category":"rounded_mountain","name":"","elevation_m":2844,"main":false,"five_thousander":false},"geometry":{"type":"Point","coordinates":[41.047636,43.523333]}},{"type":"Feature","properties":{"id":"mount-1348","category":"steep_mountain","name":"","elevation_m":2885,"main":false,"five_thousander":false},"geometry":{"type":"Point","coordinates":[43.318287,42.950211]}},{"type":"Feature","properties":{"id":"mount-1349","category":"rounded_mountain","name":"","elevation_m":3024,"main":false,"five_thousander":false},"geometry":{"type":"Point","coordinates":[43.408602,42.930851]}},{"type":"Feature","properties":{"id":"mount-1350","category":"rounded_mountain","name":"","elevation_m":3030,"main":false,"five_thousander":false},"geometry":{"type":"Point","coordinates":[43.314532,42.93682]}},{"type":"Feature","properties":{"id":"mount-1351","category":"rounded_mountain","name":"","elevation_m":3179,"main":false,"five_thousander":false},"geometry":{"type":"Point","coordinates":[43.289073,42.940795]}},{"type":"Feature","properties":{"id":"mount-1352","category":"rounded_mountain","name":"","elevation_m":3072,"main":false,"five_thousander":false},"geometry":{"type":"Point","coordinates":[43.409611,42.940669]}},{"type":"Feature","properties":{"id":"mount-1353","category":"rounded_mountain","name":"","elevation_m":2577,"main":false,"five_thousander":false},"geometry":{"type":"Point","coordinates":[43.334123,42.944345]}},{"type":"Feature","properties":{"id":"mount-1354","category":"massif","name":"","elevation_m":2860,"main":false,"five_thousander":false},"geometry":{"type":"Point","coordinates":[43.298503,42.954883]}},{"type":"Feature","properties":{"id":"mount-1355","category":"rounded_mountain","name":"","elevation_m":3106,"main":false,"five_thousander":false},"geometry":{"type":"Point","coordinates":[43.399472,42.955794]}},{"type":"Feature","properties":{"id":"mount-1356","category":"massif","name":"","elevation_m":2412,"main":false,"five_thousander":false},"geometry":{"type":"Point","coordinates":[43.317364,42.964361]}},{"type":"Feature","properties":{"id":"mount-1357","category":"rocky_peak","name":"","elevation_m":2941,"main":false,"five_thousander":false},"geometry":{"type":"Point","coordinates":[43.348424,42.965279]}},{"type":"Feature","properties":{"id":"mount-1358","category":"steep_mountain","name":"","elevation_m":3015,"main":false,"five_thousander":false},"geometry":{"type":"Point","coordinates":[43.257927,42.966315]}},{"type":"Feature","properties":{"id":"mount-1359","category":"rocky_ridge","name":"","elevation_m":2480,"main":false,"five_thousander":false},"geometry":{"type":"Point","coordinates":[43.31906,42.968938]}},{"type":"Feature","properties":{"id":"mount-1360","category":"rounded_mountain","name":"","elevation_m":2084,"main":false,"five_thousander":false},"geometry":{"type":"Point","coordinates":[43.324993,42.970484]}},{"type":"Feature","properties":{"id":"mount-1361","category":"steep_mountain","name":"","elevation_m":2806,"main":false,"five_thousander":false},"geometry":{"type":"Point","coordinates":[43.350613,42.97426]}},{"type":"Feature","properties":{"id":"mount-1362","category":"steep_mountain","name":"","elevation_m":2267,"main":false,"five_thousander":false},"geometry":{"type":"Point","coordinates":[43.253099,42.978036]}},{"type":"Feature","properties":{"id":"mount-1363","category":"steep_mountain","name":"","elevation_m":2800,"main":false,"five_thousander":false},"geometry":{"type":"Point","coordinates":[43.356943,42.982345]}},{"type":"Feature","properties":{"id":"mount-1364","category":"isolated_peak","name":"","elevation_m":2734,"main":false,"five_thousander":false},"geometry":{"type":"Point","coordinates":[43.287946,42.989369]}},{"type":"Feature","properties":{"id":"mount-1365","category":"rounded_mountain","name":"","elevation_m":2801,"main":false,"five_thousander":false},"geometry":{"type":"Point","coordinates":[41.330545,43.594177]}},{"type":"Feature","properties":{"id":"mount-1366","category":"rounded_hill","name":"","elevation_m":2455,"main":false,"five_thousander":false},"geometry":{"type":"Point","coordinates":[41.322348,43.61318]}},{"type":"Feature","properties":{"id":"mount-1367","category":"rounded_hill","name":"","elevation_m":2814,"main":false,"five_thousander":false},"geometry":{"type":"Point","coordinates":[41.322219,43.601247]}},{"type":"Feature","properties":{"id":"mount-1368","category":"steep_mountain","name":"","elevation_m":3162,"main":false,"five_thousander":false},"geometry":{"type":"Point","coordinates":[41.189686,43.383897]}},{"type":"Feature","properties":{"id":"mount-1369","category":"rounded_hill","name":"","elevation_m":2108,"main":false,"five_thousander":false},"geometry":{"type":"Point","coordinates":[42.981906,43.525293]}},{"type":"Feature","properties":{"id":"mount-1370","category":"rounded_mountain","name":"","elevation_m":2425,"main":false,"five_thousander":false},"geometry":{"type":"Point","coordinates":[42.945728,43.525324]}},{"type":"Feature","properties":{"id":"mount-1371","category":"plateau","name":"","elevation_m":2512,"main":false,"five_thousander":false},"geometry":{"type":"Point","coordinates":[42.7722,43.489366]}},{"type":"Feature","properties":{"id":"mount-1372","category":"plateau","name":"","elevation_m":2559,"main":false,"five_thousander":false},"geometry":{"type":"Point","coordinates":[42.716421,43.472395]}},{"type":"Feature","properties":{"id":"mount-1373","category":"ridge","name":"","elevation_m":2976,"main":false,"five_thousander":false},"geometry":{"type":"Point","coordinates":[42.635472,43.423214]}},{"type":"Feature","properties":{"id":"mount-1374","category":"isolated_peak","name":"","elevation_m":2930,"main":false,"five_thousander":false},"geometry":{"type":"Point","coordinates":[43.090053,43.234636]}},{"type":"Feature","properties":{"id":"mount-1375","category":"ridge","name":"","elevation_m":3069,"main":false,"five_thousander":false},"geometry":{"type":"Point","coordinates":[43.14905,43.20089]}},{"type":"Feature","properties":{"id":"mount-1376","category":"rounded_mountain","name":"","elevation_m":2483,"main":false,"five_thousander":false},"geometry":{"type":"Point","coordinates":[43.317107,43.28222]}},{"type":"Feature","properties":{"id":"mount-1377","category":"isolated_peak","name":"","elevation_m":2377,"main":false,"five_thousander":false},"geometry":{"type":"Point","coordinates":[43.252584,43.215928]}},{"type":"Feature","properties":{"id":"mount-1378","category":"rounded_mountain","name":"","elevation_m":2651,"main":false,"five_thousander":false},"geometry":{"type":"Point","coordinates":[43.215237,43.271425]}},{"type":"Feature","properties":{"id":"mount-1379","category":"rocky_peak","name":"","elevation_m":3046,"main":false,"five_thousander":false},"geometry":{"type":"Point","coordinates":[43.168148,42.98572]}},{"type":"Feature","properties":{"id":"mount-1380","category":"massif","name":"","elevation_m":2485,"main":false,"five_thousander":false},"geometry":{"type":"Point","coordinates":[43.315133,42.958181]}},{"type":"Feature","properties":{"id":"mount-1381","category":"steep_mountain","name":"","elevation_m":3067,"main":false,"five_thousander":false},"geometry":{"type":"Point","coordinates":[43.264654,43.018141]}},{"type":"Feature","properties":{"id":"mount-1382","category":"rounded_mountain","name":"","elevation_m":2023,"main":false,"five_thousander":false},"geometry":{"type":"Point","coordinates":[43.453707,43.152068]}},{"type":"Feature","properties":{"id":"mount-1383","category":"rounded_hill","name":"","elevation_m":3085,"main":false,"five_thousander":false},"geometry":{"type":"Point","coordinates":[43.310026,43.124229]}},{"type":"Feature","properties":{"id":"mount-1384","category":"ridge","name":"","elevation_m":2830,"main":false,"five_thousander":false},"geometry":{"type":"Point","coordinates":[43.365966,43.15408]}},{"type":"Feature","properties":{"id":"mount-1385","category":"rounded_mountain","name":"","elevation_m":3084,"main":false,"five_thousander":false},"geometry":{"type":"Point","coordinates":[43.371899,43.176132]}},{"type":"Feature","properties":{"id":"mount-1386","category":"rocky_peak","name":"","elevation_m":3179,"main":false,"five_thousander":false},"geometry":{"type":"Point","coordinates":[41.814083,43.175436]}},{"type":"Feature","properties":{"id":"mount-1387","category":"steep_mountain","name":"","elevation_m":2805,"main":false,"five_thousander":false},"geometry":{"type":"Point","coordinates":[41.992975,43.497896]}},{"type":"Feature","properties":{"id":"mount-1388","category":"rocky_peak","name":"","elevation_m":2969,"main":false,"five_thousander":false},"geometry":{"type":"Point","coordinates":[41.760782,43.201868]}},{"type":"Feature","properties":{"id":"mount-1389","category":"rocky_peak","name":"","elevation_m":3024,"main":false,"five_thousander":false},"geometry":{"type":"Point","coordinates":[41.683749,43.188727]}},{"type":"Feature","properties":{"id":"mount-1390","category":"rocky_ridge","name":"","elevation_m":3020,"main":false,"five_thousander":false},"geometry":{"type":"Point","coordinates":[41.633763,43.265472]}},{"type":"Feature","properties":{"id":"mount-1391","category":"steep_mountain","name":"","elevation_m":2983,"main":false,"five_thousander":false},"geometry":{"type":"Point","coordinates":[41.633849,43.24879]}},{"type":"Feature","properties":{"id":"mount-1392","category":"rounded_mountain","name":"","elevation_m":3063,"main":false,"five_thousander":false},"geometry":{"type":"Point","coordinates":[41.513633,43.305287]}},{"type":"Feature","properties":{"id":"mount-1393","category":"rounded_mountain","name":"","elevation_m":3185,"main":false,"five_thousander":false},"geometry":{"type":"Point","coordinates":[41.63048,43.524593]}},{"type":"Feature","properties":{"id":"mount-1394","category":"rounded_hill","name":"","elevation_m":2795,"main":false,"five_thousander":false},"geometry":{"type":"Point","coordinates":[41.612628,43.471133]}},{"type":"Feature","properties":{"id":"mount-1395","category":"ridge","name":"","elevation_m":3128,"main":false,"five_thousander":false},"geometry":{"type":"Point","coordinates":[41.660296,43.536992]}},{"type":"Feature","properties":{"id":"mount-1396","category":"rounded_hill","name":"","elevation_m":2789,"main":false,"five_thousander":false},"geometry":{"type":"Point","coordinates":[41.658,43.558128]}},{"type":"Feature","properties":{"id":"mount-1397","category":"rocky_peak","name":"","elevation_m":2878,"main":false,"five_thousander":false},"geometry":{"type":"Point","coordinates":[41.470889,43.328705]}},{"type":"Feature","properties":{"id":"mount-1398","category":"rounded_hill","name":"","elevation_m":3023,"main":false,"five_thousander":false},"geometry":{"type":"Point","coordinates":[41.435666,43.432728]}},{"type":"Feature","properties":{"id":"mount-1399","category":"rounded_mountain","name":"","elevation_m":2721,"main":false,"five_thousander":false},"geometry":{"type":"Point","coordinates":[41.486467,43.510861]}},{"type":"Feature","properties":{"id":"mount-1400","category":"rounded_mountain","name":"","elevation_m":2875,"main":false,"five_thousander":false},"geometry":{"type":"Point","coordinates":[41.356831,43.401953]}},{"type":"Feature","properties":{"id":"mount-1401","category":"rounded_mountain","name":"","elevation_m":2943,"main":false,"five_thousander":false},"geometry":{"type":"Point","coordinates":[41.359009,43.411119]}},{"type":"Feature","properties":{"id":"mount-1402","category":"rounded_mountain","name":"","elevation_m":2947,"main":false,"five_thousander":false},"geometry":{"type":"Point","coordinates":[41.356487,43.418772]}},{"type":"Feature","properties":{"id":"mount-1403","category":"rocky_ridge","name":"","elevation_m":3045,"main":false,"five_thousander":false},"geometry":{"type":"Point","coordinates":[41.360403,43.429892]}},{"type":"Feature","properties":{"id":"mount-1404","category":"rocky_peak","name":"","elevation_m":2995,"main":false,"five_thousander":false},"geometry":{"type":"Point","coordinates":[41.360114,43.443517]}},{"type":"Feature","properties":{"id":"mount-1405","category":"rocky_peak","name":"","elevation_m":2975,"main":false,"five_thousander":false},"geometry":{"type":"Point","coordinates":[41.359266,43.456354]}},{"type":"Feature","properties":{"id":"mount-1406","category":"steep_mountain","name":"","elevation_m":2888,"main":false,"five_thousander":false},"geometry":{"type":"Point","coordinates":[41.346456,43.466913]}},{"type":"Feature","properties":{"id":"mount-1407","category":"rocky_peak","name":"","elevation_m":2917,"main":false,"five_thousander":false},"geometry":{"type":"Point","coordinates":[41.325878,43.324725]}},{"type":"Feature","properties":{"id":"mount-1408","category":"rocky_peak","name":"","elevation_m":3084,"main":false,"five_thousander":false},"geometry":{"type":"Point","coordinates":[40.997468,43.461774]}},{"type":"Feature","properties":{"id":"mount-1409","category":"ridge","name":"","elevation_m":2510,"main":false,"five_thousander":false},"geometry":{"type":"Point","coordinates":[41.028721,43.438571]}},{"type":"Feature","properties":{"id":"mount-1410","category":"rocky_peak","name":"","elevation_m":2963,"main":false,"five_thousander":false},"geometry":{"type":"Point","coordinates":[41.007693,43.447817]}},{"type":"Feature","properties":{"id":"mount-1411","category":"rounded_hill","name":"","elevation_m":2862,"main":false,"five_thousander":false},"geometry":{"type":"Point","coordinates":[40.979937,43.434099]}},{"type":"Feature","properties":{"id":"mount-1412","category":"rocky_peak","name":"","elevation_m":2648,"main":false,"five_thousander":false},"geometry":{"type":"Point","coordinates":[40.761412,43.533235]}},{"type":"Feature","properties":{"id":"mount-1413","category":"rocky_ridge","name":"","elevation_m":2564,"main":false,"five_thousander":false},"geometry":{"type":"Point","coordinates":[40.740792,43.556946]}},{"type":"Feature","properties":{"id":"mount-1414","category":"rounded_mountain","name":"","elevation_m":2821,"main":false,"five_thousander":false},"geometry":{"type":"Point","coordinates":[40.728722,43.688341]}},{"type":"Feature","properties":{"id":"mount-1415","category":"rounded_hill","name":"","elevation_m":2182,"main":false,"five_thousander":false},"geometry":{"type":"Point","coordinates":[42.2932,43.704096]}},{"type":"Feature","properties":{"id":"mount-1416","category":"ridge","name":"","elevation_m":2159,"main":false,"five_thousander":false},"geometry":{"type":"Point","coordinates":[42.280927,43.701924]}},{"type":"Feature","properties":{"id":"mount-1417","category":"rounded_hill","name":"","elevation_m":2182,"main":false,"five_thousander":false},"geometry":{"type":"Point","coordinates":[42.314959,43.700559]}},{"type":"Feature","properties":{"id":"mount-1418","category":"plateau","name":"","elevation_m":1966,"main":false,"five_thousander":false},"geometry":{"type":"Point","coordinates":[42.185966,43.712076]}},{"type":"Feature","properties":{"id":"mount-1419","category":"ridge","name":"","elevation_m":3199,"main":false,"five_thousander":false},"geometry":{"type":"Point","coordinates":[41.589861,43.462436]}},{"type":"Feature","properties":{"id":"mount-1420","category":"ridge","name":"","elevation_m":2227,"main":false,"five_thousander":false},"geometry":{"type":"Point","coordinates":[42.31822,43.705864]}},{"type":"Feature","properties":{"id":"mount-1421","category":"rocky_peak","name":"","elevation_m":3112,"main":false,"five_thousander":false},"geometry":{"type":"Point","coordinates":[41.359116,43.36114]}},{"type":"Feature","properties":{"id":"mount-1422","category":"plateau","name":"","elevation_m":1949,"main":false,"five_thousander":false},"geometry":{"type":"Point","coordinates":[42.200171,43.715612]}},{"type":"Feature","properties":{"id":"mount-1423","category":"rocky_peak","name":"","elevation_m":3157,"main":false,"five_thousander":false},"geometry":{"type":"Point","coordinates":[41.258404,43.364798]}},{"type":"Feature","properties":{"id":"mount-1424","category":"rounded_mountain","name":"","elevation_m":2759,"main":false,"five_thousander":false},"geometry":{"type":"Point","coordinates":[41.098105,43.383219]}},{"type":"Feature","properties":{"id":"mount-1425","category":"rounded_hill","name":"","elevation_m":2044,"main":false,"five_thousander":false},"geometry":{"type":"Point","coordinates":[42.197682,43.725661]}},{"type":"Feature","properties":{"id":"mount-1426","category":"ridge","name":"","elevation_m":2913,"main":false,"five_thousander":false},"geometry":{"type":"Point","coordinates":[41.989081,43.283813]}},{"type":"Feature","properties":{"id":"mount-1427","category":"rounded_mountain","name":"","elevation_m":2220,"main":false,"five_thousander":false},"geometry":{"type":"Point","coordinates":[42.071586,43.521209]}},{"type":"Feature","properties":{"id":"mount-1428","category":"rounded_mountain","name":"","elevation_m":2267,"main":false,"five_thousander":false},"geometry":{"type":"Point","coordinates":[42.010453,43.536362]}},{"type":"Feature","properties":{"id":"mount-1429","category":"rounded_hill","name":"","elevation_m":2217,"main":false,"five_thousander":false},"geometry":{"type":"Point","coordinates":[42.029818,43.544427]}},{"type":"Feature","properties":{"id":"mount-1430","category":"rounded_mountain","name":"","elevation_m":2529,"main":false,"five_thousander":false},"geometry":{"type":"Point","coordinates":[42.178745,43.443852]}},{"type":"Feature","properties":{"id":"mount-1431","category":"rounded_mountain","name":"","elevation_m":1949,"main":false,"five_thousander":false},"geometry":{"type":"Point","coordinates":[42.149616,43.519614]}},{"type":"Feature","properties":{"id":"mount-1432","category":"rounded_mountain","name":"","elevation_m":1937,"main":false,"five_thousander":false},"geometry":{"type":"Point","coordinates":[42.015356,43.528342]}},{"type":"Feature","properties":{"id":"mount-1433","category":"rounded_hill","name":"","elevation_m":2149,"main":false,"five_thousander":false},"geometry":{"type":"Point","coordinates":[42.180709,43.515358]}},{"type":"Feature","properties":{"id":"mount-1434","category":"plateau","name":"","elevation_m":2090,"main":false,"five_thousander":false},"geometry":{"type":"Point","coordinates":[42.223356,43.500496]}},{"type":"Feature","properties":{"id":"mount-1435","category":"ridge","name":"","elevation_m":2024,"main":false,"five_thousander":false},"geometry":{"type":"Point","coordinates":[42.103075,43.557327]}},{"type":"Feature","properties":{"id":"mount-1436","category":"rounded_hill","name":"","elevation_m":1812,"main":false,"five_thousander":false},"geometry":{"type":"Point","coordinates":[42.223946,43.724638]}},{"type":"Feature","properties":{"id":"mount-1437","category":"rounded_mountain","name":"","elevation_m":2019,"main":false,"five_thousander":false},"geometry":{"type":"Point","coordinates":[42.169819,43.520579]}},{"type":"Feature","properties":{"id":"mount-1438","category":"rounded_mountain","name":"","elevation_m":2040,"main":false,"five_thousander":false},"geometry":{"type":"Point","coordinates":[42.138501,43.50578]}},{"type":"Feature","properties":{"id":"mount-1439","category":"steep_mountain","name":"","elevation_m":2485,"main":false,"five_thousander":false},"geometry":{"type":"Point","coordinates":[41.206509,43.417463]}},{"type":"Feature","properties":{"id":"mount-1440","category":"rounded_mountain","name":"","elevation_m":2169,"main":false,"five_thousander":false},"geometry":{"type":"Point","coordinates":[42.084417,43.51998]}},{"type":"Feature","properties":{"id":"mount-1441","category":"steep_mountain","name":"","elevation_m":1975,"main":false,"five_thousander":false},"geometry":{"type":"Point","coordinates":[42.02999,43.534394]}},{"type":"Feature","properties":{"id":"mount-1442","category":"steep_mountain","name":"","elevation_m":2988,"main":false,"five_thousander":false},"geometry":{"type":"Point","coordinates":[42.229643,43.349867]}},{"type":"Feature","properties":{"id":"mount-1443","category":"ridge","name":"","elevation_m":2937,"main":false,"five_thousander":false},"geometry":{"type":"Point","coordinates":[41.354567,43.496122]}},{"type":"Feature","properties":{"id":"mount-1444","category":"ridge","name":"","elevation_m":2922,"main":false,"five_thousander":false},"geometry":{"type":"Point","coordinates":[42.284768,43.433811]}},{"type":"Feature","properties":{"id":"mount-1445","category":"rocky_peak","name":"","elevation_m":2753,"main":false,"five_thousander":false},"geometry":{"type":"Point","coordinates":[42.002707,43.189963]}},{"type":"Feature","properties":{"id":"mount-1446","category":"rounded_mountain","name":"","elevation_m":2945,"main":false,"five_thousander":false},"geometry":{"type":"Point","coordinates":[41.28086,43.476918]}},{"type":"Feature","properties":{"id":"mount-1447","category":"rocky_peak","name":"","elevation_m":3068,"main":false,"five_thousander":false},"geometry":{"type":"Point","coordinates":[40.979476,43.651455]}},{"type":"Feature","properties":{"id":"mount-1448","category":"steep_mountain","name":"","elevation_m":2475,"main":false,"five_thousander":false},"geometry":{"type":"Point","coordinates":[42.198508,43.410691]}},{"type":"Feature","properties":{"id":"mount-1449","category":"ridge","name":"","elevation_m":2809,"main":false,"five_thousander":false},"geometry":{"type":"Point","coordinates":[42.214622,43.387031]}},{"type":"Feature","properties":{"id":"mount-1450","category":"rounded_hill","name":"","elevation_m":2112,"main":false,"five_thousander":false},"geometry":{"type":"Point","coordinates":[42.182747,43.507243]}},{"type":"Feature","properties":{"id":"mount-1451","category":"steep_mountain","name":"","elevation_m":2620,"main":false,"five_thousander":false},"geometry":{"type":"Point","coordinates":[42.284961,43.424243]}},{"type":"Feature","properties":{"id":"mount-1452","category":"steep_mountain","name":"","elevation_m":2866,"main":false,"five_thousander":false},"geometry":{"type":"Point","coordinates":[42.30409,43.425209]}},{"type":"Feature","properties":{"id":"mount-1453","category":"steep_mountain","name":"","elevation_m":2170,"main":false,"five_thousander":false},"geometry":{"type":"Point","coordinates":[40.968339,43.618881]}},{"type":"Feature","properties":{"id":"mount-1454","category":"ridge","name":"","elevation_m":2733,"main":false,"five_thousander":false},"geometry":{"type":"Point","coordinates":[42.030537,43.467232]}},{"type":"Feature","properties":{"id":"mount-1455","category":"rounded_mountain","name":"","elevation_m":2476,"main":false,"five_thousander":false},"geometry":{"type":"Point","coordinates":[40.954145,43.631758]}},{"type":"Feature","properties":{"id":"mount-1456","category":"rounded_mountain","name":"","elevation_m":2043,"main":false,"five_thousander":false},"geometry":{"type":"Point","coordinates":[41.369351,43.641316]}},{"type":"Feature","properties":{"id":"mount-1457","category":"rounded_hill","name":"","elevation_m":1915,"main":false,"five_thousander":false},"geometry":{"type":"Point","coordinates":[43.057265,43.557451]}},{"type":"Feature","properties":{"id":"mount-1458","category":"plateau","name":"","elevation_m":2318,"main":false,"five_thousander":false},"geometry":{"type":"Point","coordinates":[41.478624,43.626974]}},{"type":"Feature","properties":{"id":"mount-1459","category":"ridge","name":"","elevation_m":2976,"main":false,"five_thousander":false},"geometry":{"type":"Point","coordinates":[42.041148,43.288655]}},{"type":"Feature","properties":{"id":"mount-1460","category":"rounded_mountain","name":"","elevation_m":2096,"main":false,"five_thousander":false},"geometry":{"type":"Point","coordinates":[40.954875,43.779693]}},{"type":"Feature","properties":{"id":"mount-1461","category":"steep_mountain","name":"","elevation_m":2434,"main":false,"five_thousander":false},"geometry":{"type":"Point","coordinates":[41.320052,43.509087]}},{"type":"Feature","properties":{"id":"mount-1462","category":"rocky_peak","name":"","elevation_m":2620,"main":false,"five_thousander":false},"geometry":{"type":"Point","coordinates":[42.025741,43.284571]}},{"type":"Feature","properties":{"id":"mount-1463","category":"rounded_mountain","name":"","elevation_m":2660,"main":false,"five_thousander":false},"geometry":{"type":"Point","coordinates":[42.19191,43.490424]}},{"type":"Feature","properties":{"id":"mount-1464","category":"rounded_mountain","name":"","elevation_m":2838,"main":false,"five_thousander":false},"geometry":{"type":"Point","coordinates":[41.263876,43.597976]}},{"type":"Feature","properties":{"id":"mount-1465","category":"plateau","name":"","elevation_m":1836,"main":false,"five_thousander":false},"geometry":{"type":"Point","coordinates":[41.240723,43.733368]}},{"type":"Feature","properties":{"id":"mount-1466","category":"rounded_mountain","name":"","elevation_m":2370,"main":false,"five_thousander":false},"geometry":{"type":"Point","coordinates":[40.945584,43.750947]}},{"type":"Feature","properties":{"id":"mount-1467","category":"rocky_peak","name":"","elevation_m":2621,"main":false,"five_thousander":false},"geometry":{"type":"Point","coordinates":[41.288649,43.48598]}},{"type":"Feature","properties":{"id":"mount-1468","category":"ridge","name":"","elevation_m":2790,"main":false,"five_thousander":false},"geometry":{"type":"Point","coordinates":[41.279486,43.611805]}},{"type":"Feature","properties":{"id":"mount-1469","category":"rounded_hill","name":"","elevation_m":2623,"main":false,"five_thousander":false},"geometry":{"type":"Point","coordinates":[40.962642,43.745452]}},{"type":"Feature","properties":{"id":"mount-1470","category":"ridge","name":"","elevation_m":2778,"main":false,"five_thousander":false},"geometry":{"type":"Point","coordinates":[41.353322,43.478522]}},{"type":"Feature","properties":{"id":"mount-1471","category":"rounded_hill","name":"","elevation_m":1864,"main":false,"five_thousander":false},"geometry":{"type":"Point","coordinates":[41.27763,43.710657]}},{"type":"Feature","properties":{"id":"mount-1472","category":"rounded_mountain","name":"","elevation_m":1927,"main":false,"five_thousander":false},"geometry":{"type":"Point","coordinates":[41.114455,43.74415]}},{"type":"Feature","properties":{"id":"mount-1473","category":"plateau","name":"","elevation_m":2364,"main":false,"five_thousander":false},"geometry":{"type":"Point","coordinates":[42.416228,43.534371]}},{"type":"Feature","properties":{"id":"mount-1474","category":"plateau","name":"","elevation_m":1940,"main":false,"five_thousander":false},"geometry":{"type":"Point","coordinates":[41.253372,43.709602]}},{"type":"Feature","properties":{"id":"mount-1475","category":"plateau","name":"","elevation_m":1931,"main":false,"five_thousander":false},"geometry":{"type":"Point","coordinates":[41.251377,43.720164]}},{"type":"Feature","properties":{"id":"mount-1476","category":"rounded_hill","name":"","elevation_m":1941,"main":false,"five_thousander":false},"geometry":{"type":"Point","coordinates":[41.178904,43.719699]}},{"type":"Feature","properties":{"id":"mount-1477","category":"rounded_mountain","name":"","elevation_m":2008,"main":false,"five_thousander":false},"geometry":{"type":"Point","coordinates":[41.066219,43.717853]}},{"type":"Feature","properties":{"id":"mount-1478","category":"ridge","name":"","elevation_m":2080,"main":false,"five_thousander":false},"geometry":{"type":"Point","coordinates":[41.186972,43.715325]}},{"type":"Feature","properties":{"id":"mount-1479","category":"plateau","name":"","elevation_m":2037,"main":false,"five_thousander":false},"geometry":{"type":"Point","coordinates":[41.229694,43.722413]}},{"type":"Feature","properties":{"id":"mount-1480","category":"plateau","name":"","elevation_m":2171,"main":false,"five_thousander":false},"geometry":{"type":"Point","coordinates":[43.056225,43.518478]}},{"type":"Feature","properties":{"id":"mount-1481","category":"rounded_hill","name":"","elevation_m":2036,"main":false,"five_thousander":false},"geometry":{"type":"Point","coordinates":[42.230855,43.745196]}},{"type":"Feature","properties":{"id":"mount-1482","category":"rounded_hill","name":"","elevation_m":2052,"main":false,"five_thousander":false},"geometry":{"type":"Point","coordinates":[42.211243,43.742933]}},{"type":"Feature","properties":{"id":"mount-1483","category":"plateau","name":"","elevation_m":2192,"main":false,"five_thousander":false},"geometry":{"type":"Point","coordinates":[42.280937,43.741662]}},{"type":"Feature","properties":{"id":"mount-1484","category":"rounded_hill","name":"","elevation_m":1937,"main":false,"five_thousander":false},"geometry":{"type":"Point","coordinates":[42.213603,43.733631]}},{"type":"Feature","properties":{"id":"mount-1485","category":"rounded_mountain","name":"","elevation_m":2084,"main":false,"five_thousander":false},"geometry":{"type":"Point","coordinates":[42.239567,43.738282]}},{"type":"Feature","properties":{"id":"mount-1486","category":"rounded_hill","name":"","elevation_m":1989,"main":false,"five_thousander":false},"geometry":{"type":"Point","coordinates":[42.246133,43.728701]}},{"type":"Feature","properties":{"id":"mount-1487","category":"rounded_hill","name":"","elevation_m":2482,"main":false,"five_thousander":false},"geometry":{"type":"Point","coordinates":[41.088299,43.694671]}},{"type":"Feature","properties":{"id":"mount-1488","category":"plateau","name":"","elevation_m":2201,"main":false,"five_thousander":false},"geometry":{"type":"Point","coordinates":[42.875111,43.622423]}},{"type":"Feature","properties":{"id":"mount-1489","category":"rounded_mountain","name":"","elevation_m":2104,"main":false,"five_thousander":false},"geometry":{"type":"Point","coordinates":[43.094441,43.463689]}},{"type":"Feature","properties":{"id":"mount-1490","category":"rounded_hill","name":"","elevation_m":2426,"main":false,"five_thousander":false},"geometry":{"type":"Point","coordinates":[42.809429,43.622035]}},{"type":"Feature","properties":{"id":"mount-1491","category":"rounded_hill","name":"","elevation_m":2144,"main":false,"five_thousander":false},"geometry":{"type":"Point","coordinates":[42.259394,43.747181]}},{"type":"Feature","properties":{"id":"mount-1492","category":"plateau","name":"","elevation_m":2134,"main":false,"five_thousander":false},"geometry":{"type":"Point","coordinates":[42.246863,43.746127]}},{"type":"Feature","properties":{"id":"mount-1493","category":"rounded_hill","name":"","elevation_m":1984,"main":false,"five_thousander":false},"geometry":{"type":"Point","coordinates":[41.120818,43.736368]}},{"type":"Feature","properties":{"id":"mount-1494","category":"ridge","name":"","elevation_m":3111,"main":false,"five_thousander":false},"geometry":{"type":"Point","coordinates":[41.060715,43.628395]}},{"type":"Feature","properties":{"id":"mount-1495","category":"rounded_hill","name":"","elevation_m":2372,"main":false,"five_thousander":false},"geometry":{"type":"Point","coordinates":[42.451601,43.654281]}},{"type":"Feature","properties":{"id":"mount-1496","category":"ridge","name":"","elevation_m":1950,"main":false,"five_thousander":false},"geometry":{"type":"Point","coordinates":[42.17778,43.584215]}},{"type":"Feature","properties":{"id":"mount-1497","category":"ridge","name":"","elevation_m":1955,"main":false,"five_thousander":false},"geometry":{"type":"Point","coordinates":[42.158597,43.546316]}},{"type":"Feature","properties":{"id":"mount-1498","category":"rounded_mountain","name":"","elevation_m":1905,"main":false,"five_thousander":false},"geometry":{"type":"Point","coordinates":[42.179475,43.535467]}},{"type":"Feature","properties":{"id":"mount-1499","category":"rounded_mountain","name":"","elevation_m":1854,"main":false,"five_thousander":false},"geometry":{"type":"Point","coordinates":[42.267119,43.524709]}},{"type":"Feature","properties":{"id":"mount-1500","category":"plateau","name":"","elevation_m":2208,"main":false,"five_thousander":false},"geometry":{"type":"Point","coordinates":[42.29246,43.557988]}},{"type":"Feature","properties":{"id":"mount-1501","category":"rounded_hill","name":"","elevation_m":2179,"main":false,"five_thousander":false},"geometry":{"type":"Point","coordinates":[42.264994,43.539387]}},{"type":"Feature","properties":{"id":"mount-1502","category":"ridge","name":"","elevation_m":2151,"main":false,"five_thousander":false},"geometry":{"type":"Point","coordinates":[42.277697,43.545033]}},{"type":"Feature","properties":{"id":"mount-1503","category":"plateau","name":"","elevation_m":2234,"main":false,"five_thousander":false},"geometry":{"type":"Point","coordinates":[42.263439,43.559753]}},{"type":"Feature","properties":{"id":"mount-1504","category":"rounded_hill","name":"","elevation_m":2043,"main":false,"five_thousander":false},"geometry":{"type":"Point","coordinates":[42.220813,43.655096]}},{"type":"Feature","properties":{"id":"mount-1505","category":"ridge","name":"","elevation_m":2988,"main":false,"five_thousander":false},"geometry":{"type":"Point","coordinates":[41.185727,43.59326]}},{"type":"Feature","properties":{"id":"mount-1506","category":"rounded_hill","name":"","elevation_m":2309,"main":false,"five_thousander":false},"geometry":{"type":"Point","coordinates":[42.480547,43.656113]}},{"type":"Feature","properties":{"id":"mount-1507","category":"rounded_mountain","name":"","elevation_m":2007,"main":false,"five_thousander":false},"geometry":{"type":"Point","coordinates":[41.895343,43.564479]}},{"type":"Feature","properties":{"id":"mount-1508","category":"rounded_mountain","name":"","elevation_m":2348,"main":false,"five_thousander":false},"geometry":{"type":"Point","coordinates":[41.862245,43.535234]}},{"type":"Feature","properties":{"id":"mount-1509","category":"rounded_mountain","name":"","elevation_m":2048,"main":false,"five_thousander":false},"geometry":{"type":"Point","coordinates":[41.879647,43.557233]}},{"type":"Feature","properties":{"id":"mount-1510","category":"rocky_peak","name":"","elevation_m":2737,"main":false,"five_thousander":false},"geometry":{"type":"Point","coordinates":[40.853283,43.577857]}},{"type":"Feature","properties":{"id":"mount-1511","category":"rounded_hill","name":"","elevation_m":2293,"main":false,"five_thousander":false},"geometry":{"type":"Point","coordinates":[42.426753,43.657495]}},{"type":"Feature","properties":{"id":"mount-1512","category":"ridge","name":"","elevation_m":3186,"main":false,"five_thousander":false},"geometry":{"type":"Point","coordinates":[42.254663,43.455746]}},{"type":"Feature","properties":{"id":"mount-1513","category":"rounded_hill","name":"","elevation_m":2358,"main":false,"five_thousander":false},"geometry":{"type":"Point","coordinates":[42.527937,43.730972]}},{"type":"Feature","properties":{"id":"mount-1514","category":"ridge","name":"","elevation_m":3115,"main":false,"five_thousander":false},"geometry":{"type":"Point","coordinates":[42.309262,43.431653]}},{"type":"Feature","properties":{"id":"mount-1515","category":"ridge","name":"","elevation_m":3150,"main":false,"five_thousander":false},"geometry":{"type":"Point","coordinates":[41.109467,43.639414]}},{"type":"Feature","properties":{"id":"mount-1516","category":"rocky_peak","name":"","elevation_m":2951,"main":false,"five_thousander":false},"geometry":{"type":"Point","coordinates":[41.495587,43.306053]}},{"type":"Feature","properties":{"id":"mount-1517","category":"steep_mountain","name":"","elevation_m":3138,"main":false,"five_thousander":false},"geometry":{"type":"Point","coordinates":[41.498483,43.319901]}},{"type":"Feature","properties":{"id":"mount-1518","category":"plateau","name":"","elevation_m":2059,"main":false,"five_thousander":false},"geometry":{"type":"Point","coordinates":[42.253901,43.667266]}},{"type":"Feature","properties":{"id":"mount-1519","category":"rounded_hill","name":"","elevation_m":1946,"main":false,"five_thousander":false},"geometry":{"type":"Point","coordinates":[42.248322,43.662951]}},{"type":"Feature","properties":{"id":"mount-1520","category":"rounded_hill","name":"","elevation_m":2212,"main":false,"five_thousander":false},"geometry":{"type":"Point","coordinates":[42.304788,43.66791]}},{"type":"Feature","properties":{"id":"mount-1521","category":"rounded_hill","name":"","elevation_m":2156,"main":false,"five_thousander":false},"geometry":{"type":"Point","coordinates":[42.53917,43.673071]}},{"type":"Feature","properties":{"id":"mount-1522","category":"rounded_hill","name":"","elevation_m":1803,"main":false,"five_thousander":false},"geometry":{"type":"Point","coordinates":[40.82262,43.919914]}},{"type":"Feature","properties":{"id":"mount-1523","category":"rocky_peak","name":"","elevation_m":3025,"main":false,"five_thousander":false},"geometry":{"type":"Point","coordinates":[43.313427,43.264081]}},{"type":"Feature","properties":{"id":"mount-1524","category":"rounded_hill","name":"","elevation_m":1825,"main":false,"five_thousander":false},"geometry":{"type":"Point","coordinates":[43.382446,43.336876]}},{"type":"Feature","properties":{"id":"mount-1525","category":"isolated_peak","name":"","elevation_m":3088,"main":false,"five_thousander":false},"geometry":{"type":"Point","coordinates":[43.229592,43.327566]}},{"type":"Feature","properties":{"id":"mount-1526","category":"rounded_mountain","name":"","elevation_m":2383,"main":false,"five_thousander":false},"geometry":{"type":"Point","coordinates":[43.192878,43.272753]}},{"type":"Feature","properties":{"id":"mount-1527","category":"rounded_hill","name":"","elevation_m":2229,"main":false,"five_thousander":false},"geometry":{"type":"Point","coordinates":[42.552109,43.659815]}},{"type":"Feature","properties":{"id":"mount-1528","category":"rounded_hill","name":"","elevation_m":2143,"main":false,"five_thousander":false},"geometry":{"type":"Point","coordinates":[42.625312,43.732926]}},{"type":"Feature","properties":{"id":"mount-1529","category":"plateau","name":"","elevation_m":2259,"main":false,"five_thousander":false},"geometry":{"type":"Point","coordinates":[42.397335,43.595723]}},{"type":"Feature","properties":{"id":"mount-1530","category":"plateau","name":"","elevation_m":2228,"main":false,"five_thousander":false},"geometry":{"type":"Point","coordinates":[42.388666,43.591123]}},{"type":"Feature","properties":{"id":"mount-1531","category":"rounded_hill","name":"","elevation_m":1917,"main":false,"five_thousander":false},"geometry":{"type":"Point","coordinates":[42.29643,43.601325]}},{"type":"Feature","properties":{"id":"mount-1532","category":"rounded_hill","name":"","elevation_m":2205,"main":false,"five_thousander":false},"geometry":{"type":"Point","coordinates":[42.344377,43.598676]}},{"type":"Feature","properties":{"id":"mount-1533","category":"plateau","name":"","elevation_m":2184,"main":false,"five_thousander":false},"geometry":{"type":"Point","coordinates":[42.307738,43.588613]}},{"type":"Feature","properties":{"id":"mount-1534","category":"rounded_mountain","name":"","elevation_m":2174,"main":false,"five_thousander":false},"geometry":{"type":"Point","coordinates":[40.755844,43.501858]}},{"type":"Feature","properties":{"id":"mount-1535","category":"steep_mountain","name":"","elevation_m":3064,"main":false,"five_thousander":false},"geometry":{"type":"Point","coordinates":[41.759162,43.392957]}},{"type":"Feature","properties":{"id":"mount-1536","category":"rounded_mountain","name":"","elevation_m":2453,"main":false,"five_thousander":false},"geometry":{"type":"Point","coordinates":[40.806452,43.496659]}},{"type":"Feature","properties":{"id":"mount-1537","category":"plateau","name":"","elevation_m":2293,"main":false,"five_thousander":false},"geometry":{"type":"Point","coordinates":[42.364215,43.60298]}},{"type":"Feature","properties":{"id":"mount-1538","category":"ridge","name":"","elevation_m":2111,"main":false,"five_thousander":false},"geometry":{"type":"Point","coordinates":[42.334335,43.608496]}},{"type":"Feature","properties":{"id":"mount-1539","category":"steep_mountain","name":"","elevation_m":2375,"main":false,"five_thousander":false},"geometry":{"type":"Point","coordinates":[40.8416,43.48141]}},{"type":"Feature","properties":{"id":"mount-1540","category":"rounded_mountain","name":"","elevation_m":2379,"main":false,"five_thousander":false},"geometry":{"type":"Point","coordinates":[40.742326,43.490899]}},{"type":"Feature","properties":{"id":"mount-1541","category":"ridge","name":"","elevation_m":2585,"main":false,"five_thousander":false},"geometry":{"type":"Point","coordinates":[40.830656,43.602459]}},{"type":"Feature","properties":{"id":"mount-1542","category":"steep_mountain","name":"","elevation_m":2810,"main":false,"five_thousander":false},"geometry":{"type":"Point","coordinates":[41.506294,43.353916]}},{"type":"Feature","properties":{"id":"mount-1543","category":"steep_mountain","name":"","elevation_m":2287,"main":false,"five_thousander":false},"geometry":{"type":"Point","coordinates":[41.688159,43.172815]}},{"type":"Feature","properties":{"id":"mount-1544","category":"rounded_mountain","name":"","elevation_m":3028,"main":false,"five_thousander":false},"geometry":{"type":"Point","coordinates":[41.990701,43.289553]}},{"type":"Feature","properties":{"id":"mount-1545","category":"ridge","name":"","elevation_m":2407,"main":false,"five_thousander":false},"geometry":{"type":"Point","coordinates":[42.839588,43.513693]}},{"type":"Feature","properties":{"id":"mount-1546","category":"rounded_mountain","name":"","elevation_m":1907,"main":false,"five_thousander":false},"geometry":{"type":"Point","coordinates":[42.149745,43.677727]}},{"type":"Feature","properties":{"id":"mount-1547","category":"steep_mountain","name":"","elevation_m":2260,"main":false,"five_thousander":false},"geometry":{"type":"Point","coordinates":[40.903516,43.55756]}},{"type":"Feature","properties":{"id":"mount-1548","category":"plateau","name":"","elevation_m":2277,"main":false,"five_thousander":false},"geometry":{"type":"Point","coordinates":[42.374868,43.678899]}},{"type":"Feature","properties":{"id":"mount-1549","category":"ridge","name":"","elevation_m":2143,"main":false,"five_thousander":false},"geometry":{"type":"Point","coordinates":[42.294617,43.678464]}},{"type":"Feature","properties":{"id":"mount-1550","category":"plateau","name":"","elevation_m":2118,"main":false,"five_thousander":false},"geometry":{"type":"Point","coordinates":[42.664279,43.732848]}},{"type":"Feature","properties":{"id":"mount-1551","category":"massif","name":"","elevation_m":2068,"main":false,"five_thousander":false},"geometry":{"type":"Point","coordinates":[40.735545,43.484244]}},{"type":"Feature","properties":{"id":"mount-1552","category":"steep_mountain","name":"","elevation_m":3065,"main":false,"five_thousander":false},"geometry":{"type":"Point","coordinates":[43.199615,42.976921]}},{"type":"Feature","properties":{"id":"mount-1553","category":"steep_mountain","name":"","elevation_m":3032,"main":false,"five_thousander":false},"geometry":{"type":"Point","coordinates":[43.173802,42.977109]}},{"type":"Feature","properties":{"id":"mount-1554","category":"steep_mountain","name":"","elevation_m":1908,"main":false,"five_thousander":false},"geometry":{"type":"Point","coordinates":[40.756702,43.48127]}},{"type":"Feature","properties":{"id":"mount-1555","category":"rocky_peak","name":"","elevation_m":3164,"main":false,"five_thousander":false},"geometry":{"type":"Point","coordinates":[41.92548,43.28511]}},{"type":"Feature","properties":{"id":"mount-1556","category":"ridge","name":"","elevation_m":2074,"main":false,"five_thousander":false},"geometry":{"type":"Point","coordinates":[42.230759,43.541285]}},{"type":"Feature","properties":{"id":"mount-1557","category":"rounded_mountain","name":"","elevation_m":1966,"main":false,"five_thousander":false},"geometry":{"type":"Point","coordinates":[42.167426,43.532768]}},{"type":"Feature","properties":{"id":"mount-1558","category":"plateau","name":"","elevation_m":2134,"main":false,"five_thousander":false},"geometry":{"type":"Point","coordinates":[42.201759,43.574911]}},{"type":"Feature","properties":{"id":"mount-1559","category":"steep_mountain","name":"","elevation_m":2720,"main":false,"five_thousander":false},"geometry":{"type":"Point","coordinates":[41.664169,43.183643]}},{"type":"Feature","properties":{"id":"mount-1560","category":"ridge","name":"","elevation_m":1936,"main":false,"five_thousander":false},"geometry":{"type":"Point","coordinates":[42.163864,43.696595]}},{"type":"Feature","properties":{"id":"mount-1561","category":"rounded_mountain","name":"","elevation_m":2853,"main":false,"five_thousander":false},"geometry":{"type":"Point","coordinates":[42.707452,43.363488]}},{"type":"Feature","properties":{"id":"mount-1562","category":"rocky_peak","name":"","elevation_m":2989,"main":false,"five_thousander":false},"geometry":{"type":"Point","coordinates":[43.429953,43.165639]}},{"type":"Feature","properties":{"id":"mount-1563","category":"rounded_hill","name":"","elevation_m":2010,"main":false,"five_thousander":false},"geometry":{"type":"Point","coordinates":[42.534503,43.690684]}},{"type":"Feature","properties":{"id":"mount-1564","category":"ridge","name":"","elevation_m":2700,"main":false,"five_thousander":false},"geometry":{"type":"Point","coordinates":[40.837909,43.613879]}},{"type":"Feature","properties":{"id":"mount-1565","category":"rounded_hill","name":"","elevation_m":2418,"main":false,"five_thousander":false},"geometry":{"type":"Point","coordinates":[42.831434,43.475836]}},{"type":"Feature","properties":{"id":"mount-1566","category":"rounded_hill","name":"","elevation_m":2371,"main":false,"five_thousander":false},"geometry":{"type":"Point","coordinates":[42.351952,43.661407]}},{"type":"Feature","properties":{"id":"mount-1567","category":"rocky_peak","name":"","elevation_m":2997,"main":false,"five_thousander":false},"geometry":{"type":"Point","coordinates":[41.957248,43.189111]}},{"type":"Feature","properties":{"id":"mount-1568","category":"rounded_mountain","name":"","elevation_m":2817,"main":false,"five_thousander":false},"geometry":{"type":"Point","coordinates":[40.981547,43.438945]}},{"type":"Feature","properties":{"id":"mount-1569","category":"steep_mountain","name":"","elevation_m":2479,"main":false,"five_thousander":false},"geometry":{"type":"Point","coordinates":[40.941861,43.476817]}},{"type":"Feature","properties":{"id":"mount-1570","category":"ridge","name":"","elevation_m":2060,"main":false,"five_thousander":false},"geometry":{"type":"Point","coordinates":[40.756477,43.843163]}},{"type":"Feature","properties":{"id":"mount-1571","category":"rounded_mountain","name":"","elevation_m":3071,"main":false,"five_thousander":false},"geometry":{"type":"Point","coordinates":[41.98598,43.277112]}},{"type":"Feature","properties":{"id":"mount-1572","category":"rounded_mountain","name":"","elevation_m":2454,"main":false,"five_thousander":false},"geometry":{"type":"Point","coordinates":[40.765682,43.779422]}},{"type":"Feature","properties":{"id":"mount-1573","category":"rocky_peak","name":"","elevation_m":3179,"main":false,"five_thousander":false},"geometry":{"type":"Point","coordinates":[41.057035,43.653466]}},{"type":"Feature","properties":{"id":"mount-1574","category":"rounded_hill","name":"","elevation_m":2119,"main":false,"five_thousander":false},"geometry":{"type":"Point","coordinates":[41.225306,43.717962]}},{"type":"Feature","properties":{"id":"mount-1575","category":"rounded_mountain","name":"","elevation_m":2003,"main":false,"five_thousander":false},"geometry":{"type":"Point","coordinates":[42.613682,43.724211]}},{"type":"Feature","properties":{"id":"mount-1576","category":"ridge","name":"","elevation_m":3008,"main":false,"five_thousander":false},"geometry":{"type":"Point","coordinates":[42.148994,43.387468]}},{"type":"Feature","properties":{"id":"mount-1577","category":"rounded_mountain","name":"","elevation_m":3040,"main":false,"five_thousander":false},"geometry":{"type":"Point","coordinates":[41.989295,43.291568]}},{"type":"Feature","properties":{"id":"mount-1578","category":"rounded_mountain","name":"","elevation_m":2023,"main":false,"five_thousander":false},"geometry":{"type":"Point","coordinates":[42.10227,43.543594]}},{"type":"Feature","properties":{"id":"mount-1579","category":"rounded_mountain","name":"","elevation_m":2104,"main":false,"five_thousander":false},"geometry":{"type":"Point","coordinates":[42.094781,43.532784]}},{"type":"Feature","properties":{"id":"mount-1580","category":"ridge","name":"","elevation_m":2146,"main":false,"five_thousander":false},"geometry":{"type":"Point","coordinates":[43.19895,43.316139]}},{"type":"Feature","properties":{"id":"mount-1581","category":"rocky_ridge","name":"","elevation_m":2763,"main":false,"five_thousander":false},"geometry":{"type":"Point","coordinates":[41.755246,43.182156]}},{"type":"Feature","properties":{"id":"mount-1582","category":"rounded_mountain","name":"","elevation_m":2811,"main":false,"five_thousander":false},"geometry":{"type":"Point","coordinates":[40.78317,43.808819]}},{"type":"Feature","properties":{"id":"mount-1583","category":"rounded_mountain","name":"","elevation_m":2580,"main":false,"five_thousander":false},"geometry":{"type":"Point","coordinates":[40.793234,43.803585]}},{"type":"Feature","properties":{"id":"mount-1584","category":"steep_mountain","name":"","elevation_m":2563,"main":false,"five_thousander":false},"geometry":{"type":"Point","coordinates":[41.22595,43.48025]}},{"type":"Feature","properties":{"id":"mount-1585","category":"rounded_mountain","name":"","elevation_m":1980,"main":false,"five_thousander":false},"geometry":{"type":"Point","coordinates":[42.193176,43.648327]}},{"type":"Feature","properties":{"id":"mount-1586","category":"ridge","name":"","elevation_m":2513,"main":false,"five_thousander":false},"geometry":{"type":"Point","coordinates":[42.777801,43.503056]}},{"type":"Feature","properties":{"id":"mount-1587","category":"ridge","name":"","elevation_m":2272,"main":false,"five_thousander":false},"geometry":{"type":"Point","coordinates":[42.503099,43.649173]}},{"type":"Feature","properties":{"id":"mount-1588","category":"rocky_peak","name":"","elevation_m":3155,"main":false,"five_thousander":false},"geometry":{"type":"Point","coordinates":[41.227559,43.441554]}},{"type":"Feature","properties":{"id":"mount-1589","category":"plateau","name":"","elevation_m":2302,"main":false,"five_thousander":false},"geometry":{"type":"Point","coordinates":[42.491437,43.644639]}},{"type":"Feature","properties":{"id":"mount-1590","category":"steep_mountain","name":"","elevation_m":2937,"main":false,"five_thousander":false},"geometry":{"type":"Point","coordinates":[42.052381,43.480935]}},{"type":"Feature","properties":{"id":"mount-1591","category":"rounded_mountain","name":"","elevation_m":2278,"main":false,"five_thousander":false},"geometry":{"type":"Point","coordinates":[42.16291,43.500285]}},{"type":"Feature","properties":{"id":"mount-1592","category":"steep_mountain","name":"","elevation_m":1987,"main":false,"five_thousander":false},"geometry":{"type":"Point","coordinates":[41.70526,43.365087]}},{"type":"Feature","properties":{"id":"mount-1593","category":"rounded_hill","name":"","elevation_m":2380,"main":false,"five_thousander":false},"geometry":{"type":"Point","coordinates":[42.360578,43.664014]}},{"type":"Feature","properties":{"id":"mount-1594","category":"rounded_hill","name":"","elevation_m":2224,"main":false,"five_thousander":false},"geometry":{"type":"Point","coordinates":[42.598232,43.67564]}},{"type":"Feature","properties":{"id":"mount-1595","category":"rounded_mountain","name":"","elevation_m":2342,"main":false,"five_thousander":false},"geometry":{"type":"Point","coordinates":[42.367219,43.691545]}},{"type":"Feature","properties":{"id":"mount-1596","category":"rocky_peak","name":"","elevation_m":2770,"main":false,"five_thousander":false},"geometry":{"type":"Point","coordinates":[41.553952,43.226209]}},{"type":"Feature","properties":{"id":"mount-1597","category":"isolated_peak","name":"","elevation_m":2814,"main":false,"five_thousander":false},"geometry":{"type":"Point","coordinates":[41.724143,43.365087]}},{"type":"Feature","properties":{"id":"mount-1598","category":"rounded_hill","name":"","elevation_m":2098,"main":false,"five_thousander":false},"geometry":{"type":"Point","coordinates":[40.997243,43.829597]}},{"type":"Feature","properties":{"id":"mount-1599","category":"rocky_peak","name":"","elevation_m":2709,"main":false,"five_thousander":false},"geometry":{"type":"Point","coordinates":[41.706955,43.186295]}},{"type":"Feature","properties":{"id":"mount-1600","category":"rounded_mountain","name":"","elevation_m":2868,"main":false,"five_thousander":false},"geometry":{"type":"Point","coordinates":[41.132534,43.620978]}},{"type":"Feature","properties":{"id":"mount-1601","category":"steep_mountain","name":"","elevation_m":2557,"main":false,"five_thousander":false},"geometry":{"type":"Point","coordinates":[41.794374,43.265745]}},{"type":"Feature","properties":{"id":"mount-1602","category":"rocky_ridge","name":"","elevation_m":2475,"main":false,"five_thousander":false},"geometry":{"type":"Point","coordinates":[41.71865,43.189431]}},{"type":"Feature","properties":{"id":"mount-1603","category":"rounded_mountain","name":"","elevation_m":1821,"main":false,"five_thousander":false},"geometry":{"type":"Point","coordinates":[40.952547,43.388513]}},{"type":"Feature","properties":{"id":"mount-1604","category":"rounded_mountain","name":"","elevation_m":2697,"main":false,"five_thousander":false},"geometry":{"type":"Point","coordinates":[40.972867,43.653575]}},{"type":"Feature","properties":{"id":"mount-1605","category":"rounded_hill","name":"","elevation_m":2007,"main":false,"five_thousander":false},"geometry":{"type":"Point","coordinates":[40.968447,43.384739]}},{"type":"Feature","properties":{"id":"mount-1606","category":"rounded_hill","name":"","elevation_m":2672,"main":false,"five_thousander":false},"geometry":{"type":"Point","coordinates":[40.964627,43.664682]}},{"type":"Feature","properties":{"id":"mount-1607","category":"rounded_mountain","name":"","elevation_m":2528,"main":false,"five_thousander":false},"geometry":{"type":"Point","coordinates":[40.957128,43.652395]}},{"type":"Feature","properties":{"id":"mount-1608","category":"massif","name":"","elevation_m":2569,"main":false,"five_thousander":false},"geometry":{"type":"Point","coordinates":[40.990945,43.683601]}},{"type":"Feature","properties":{"id":"mount-1609","category":"steep_mountain","name":"","elevation_m":2599,"main":false,"five_thousander":false},"geometry":{"type":"Point","coordinates":[41.829157,43.470814]}},{"type":"Feature","properties":{"id":"mount-1610","category":"steep_mountain","name":"","elevation_m":3140,"main":false,"five_thousander":false},"geometry":{"type":"Point","coordinates":[41.979371,43.495865]}},{"type":"Feature","properties":{"id":"mount-1611","category":"steep_mountain","name":"","elevation_m":3135,"main":false,"five_thousander":false},"geometry":{"type":"Point","coordinates":[41.760299,43.321509]}},{"type":"Feature","properties":{"id":"mount-1612","category":"rocky_ridge","name":"","elevation_m":3075,"main":false,"five_thousander":false},"geometry":{"type":"Point","coordinates":[40.975485,43.683306]}},{"type":"Feature","properties":{"id":"mount-1613","category":"massif","name":"","elevation_m":3114,"main":false,"five_thousander":false},"geometry":{"type":"Point","coordinates":[41.791821,43.248454]}},{"type":"Feature","properties":{"id":"mount-1614","category":"rounded_mountain","name":"","elevation_m":2859,"main":false,"five_thousander":false},"geometry":{"type":"Point","coordinates":[40.931872,43.674367]}},{"type":"Feature","properties":{"id":"mount-1615","category":"ridge","name":"","elevation_m":2937,"main":false,"five_thousander":false},"geometry":{"type":"Point","coordinates":[40.937237,43.6809]}},{"type":"Feature","properties":{"id":"mount-1616","category":"rounded_mountain","name":"","elevation_m":2750,"main":false,"five_thousander":false},"geometry":{"type":"Point","coordinates":[40.997275,43.653652]}},{"type":"Feature","properties":{"id":"mount-1617","category":"steep_mountain","name":"","elevation_m":2814,"main":false,"five_thousander":false},"geometry":{"type":"Point","coordinates":[41.864605,43.47955]}},{"type":"Feature","properties":{"id":"mount-1618","category":"rounded_mountain","name":"","elevation_m":2943,"main":false,"five_thousander":false},"geometry":{"type":"Point","coordinates":[41.684908,43.447513]}},{"type":"Feature","properties":{"id":"mount-1619","category":"rocky_peak","name":"","elevation_m":2835,"main":false,"five_thousander":false},"geometry":{"type":"Point","coordinates":[41.568629,43.217492]}},{"type":"Feature","properties":{"id":"mount-1620","category":"rocky_ridge","name":"","elevation_m":2573,"main":false,"five_thousander":false},"geometry":{"type":"Point","coordinates":[41.898851,43.210517]}},{"type":"Feature","properties":{"id":"mount-1621","category":"rounded_mountain","name":"","elevation_m":3043,"main":false,"five_thousander":false},"geometry":{"type":"Point","coordinates":[41.5027,43.531135]}},{"type":"Feature","properties":{"id":"mount-1622","category":"rounded_mountain","name":"","elevation_m":3022,"main":false,"five_thousander":false},"geometry":{"type":"Point","coordinates":[41.89707,43.473461]}},{"type":"Feature","properties":{"id":"mount-1623","category":"plateau","name":"","elevation_m":2211,"main":false,"five_thousander":false},"geometry":{"type":"Point","coordinates":[42.551143,43.653854]}},{"type":"Feature","properties":{"id":"mount-1624","category":"steep_mountain","name":"","elevation_m":3145,"main":false,"five_thousander":false},"geometry":{"type":"Point","coordinates":[41.525155,43.430951]}},{"type":"Feature","properties":{"id":"mount-1625","category":"rounded_mountain","name":"","elevation_m":2812,"main":false,"five_thousander":false},"geometry":{"type":"Point","coordinates":[41.510532,43.406887]}},{"type":"Feature","properties":{"id":"mount-1626","category":"ridge","name":"","elevation_m":2940,"main":false,"five_thousander":false},"geometry":{"type":"Point","coordinates":[41.533996,43.461711]}},{"type":"Feature","properties":{"id":"mount-1627","category":"ridge","name":"","elevation_m":2824,"main":false,"five_thousander":false},"geometry":{"type":"Point","coordinates":[41.546366,43.471165]}},{"type":"Feature","properties":{"id":"mount-1628","category":"isolated_peak","name":"","elevation_m":2868,"main":false,"five_thousander":false},"geometry":{"type":"Point","coordinates":[41.900074,43.160858]}},{"type":"Feature","properties":{"id":"mount-1629","category":"ridge","name":"","elevation_m":2790,"main":false,"five_thousander":false},"geometry":{"type":"Point","coordinates":[41.034611,43.615479]}},{"type":"Feature","properties":{"id":"mount-1630","category":"steep_mountain","name":"","elevation_m":3116,"main":false,"five_thousander":false},"geometry":{"type":"Point","coordinates":[42.051104,43.223004]}},{"type":"Feature","properties":{"id":"mount-1631","category":"ridge","name":"","elevation_m":2698,"main":false,"five_thousander":false},"geometry":{"type":"Point","coordinates":[42.771825,43.465558]}},{"type":"Feature","properties":{"id":"mount-1632","category":"ridge","name":"","elevation_m":2203,"main":false,"five_thousander":false},"geometry":{"type":"Point","coordinates":[41.526883,43.630911]}},{"type":"Feature","properties":{"id":"mount-1633","category":"rounded_hill","name":"","elevation_m":1962,"main":false,"five_thousander":false},"geometry":{"type":"Point","coordinates":[40.860804,43.835951]}},{"type":"Feature","properties":{"id":"mount-1634","category":"rounded_mountain","name":"","elevation_m":2028,"main":false,"five_thousander":false},"geometry":{"type":"Point","coordinates":[40.877842,43.840656]}},{"type":"Feature","properties":{"id":"mount-1635","category":"steep_mountain","name":"","elevation_m":2649,"main":false,"five_thousander":false},"geometry":{"type":"Point","coordinates":[41.453851,43.510518]}},{"type":"Feature","properties":{"id":"mount-1636","category":"rounded_mountain","name":"","elevation_m":2065,"main":false,"five_thousander":false},"geometry":{"type":"Point","coordinates":[40.794221,43.837499]}},{"type":"Feature","properties":{"id":"mount-1637","category":"steep_mountain","name":"","elevation_m":2739,"main":false,"five_thousander":false},"geometry":{"type":"Point","coordinates":[41.477047,43.483979]}},{"type":"Feature","properties":{"id":"mount-1638","category":"rocky_peak","name":"","elevation_m":2735,"main":false,"five_thousander":false},"geometry":{"type":"Point","coordinates":[41.920706,43.203674]}},{"type":"Feature","properties":{"id":"mount-1639","category":"rocky_peak","name":"","elevation_m":2766,"main":false,"five_thousander":false},"geometry":{"type":"Point","coordinates":[40.817116,43.530964]}},{"type":"Feature","properties":{"id":"mount-1640","category":"rocky_peak","name":"","elevation_m":2725,"main":false,"five_thousander":false},"geometry":{"type":"Point","coordinates":[40.806667,43.543548]}},{"type":"Feature","properties":{"id":"mount-1641","category":"rounded_hill","name":"","elevation_m":2284,"main":false,"five_thousander":false},"geometry":{"type":"Point","coordinates":[41.912423,43.54382]}},{"type":"Feature","properties":{"id":"mount-1642","category":"steep_mountain","name":"","elevation_m":2868,"main":false,"five_thousander":false},"geometry":{"type":"Point","coordinates":[40.798877,43.535693]}},{"type":"Feature","properties":{"id":"mount-1643","category":"rounded_mountain","name":"","elevation_m":1955,"main":false,"five_thousander":false},"geometry":{"type":"Point","coordinates":[41.928742,43.602747]}},{"type":"Feature","properties":{"id":"mount-1644","category":"rocky_ridge","name":"","elevation_m":2792,"main":false,"five_thousander":false},"geometry":{"type":"Point","coordinates":[40.801077,43.547452]}},{"type":"Feature","properties":{"id":"mount-1645","category":"rocky_peak","name":"","elevation_m":3174,"main":false,"five_thousander":false},"geometry":{"type":"Point","coordinates":[43.374882,43.210446]}},{"type":"Feature","properties":{"id":"mount-1646","category":"rounded_mountain","name":"","elevation_m":2473,"main":false,"five_thousander":false},"geometry":{"type":"Point","coordinates":[40.821601,43.515467]}},{"type":"Feature","properties":{"id":"mount-1647","category":"plateau","name":"","elevation_m":2111,"main":false,"five_thousander":false},"geometry":{"type":"Point","coordinates":[42.552098,43.775324]}},{"type":"Feature","properties":{"id":"mount-1648","category":"rocky_ridge","name":"","elevation_m":3111,"main":false,"five_thousander":false},"geometry":{"type":"Point","coordinates":[41.349728,43.356007]}},{"type":"Feature","properties":{"id":"mount-1649","category":"rounded_hill","name":"","elevation_m":2197,"main":false,"five_thousander":false},"geometry":{"type":"Point","coordinates":[42.50737,43.620489]}},{"type":"Feature","properties":{"id":"mount-1650","category":"plateau","name":"","elevation_m":2301,"main":false,"five_thousander":false},"geometry":{"type":"Point","coordinates":[42.488616,43.622477]}},{"type":"Feature","properties":{"id":"mount-1651","category":"rounded_hill","name":"","elevation_m":2065,"main":false,"five_thousander":false},"geometry":{"type":"Point","coordinates":[42.341448,43.622718]}},{"type":"Feature","properties":{"id":"mount-1652","category":"plateau","name":"","elevation_m":2203,"main":false,"five_thousander":false},"geometry":{"type":"Point","coordinates":[42.528784,43.643381]}},{"type":"Feature","properties":{"id":"mount-1653","category":"plateau","name":"","elevation_m":2329,"main":false,"five_thousander":false},"geometry":{"type":"Point","coordinates":[42.480462,43.614803]}},{"type":"Feature","properties":{"id":"mount-1654","category":"rounded_mountain","name":"","elevation_m":3101,"main":false,"five_thousander":false},"geometry":{"type":"Point","coordinates":[41.534135,43.365149]}},{"type":"Feature","properties":{"id":"mount-1655","category":"steep_mountain","name":"","elevation_m":3050,"main":false,"five_thousander":false},"geometry":{"type":"Point","coordinates":[41.588402,43.318137]}},{"type":"Feature","properties":{"id":"mount-1656","category":"rounded_mountain","name":"","elevation_m":2695,"main":false,"five_thousander":false},"geometry":{"type":"Point","coordinates":[43.000402,43.49957]}},{"type":"Feature","properties":{"id":"mount-1657","category":"plateau","name":"","elevation_m":2450,"main":false,"five_thousander":false},"geometry":{"type":"Point","coordinates":[42.606976,43.505842]}},{"type":"Feature","properties":{"id":"mount-1658","category":"plateau","name":"","elevation_m":2441,"main":false,"five_thousander":false},"geometry":{"type":"Point","coordinates":[42.741548,43.627487]}},{"type":"Feature","properties":{"id":"mount-1659","category":"steep_mountain","name":"","elevation_m":2679,"main":false,"five_thousander":false},"geometry":{"type":"Point","coordinates":[41.607778,43.308582]}},{"type":"Feature","properties":{"id":"mount-1660","category":"plateau","name":"","elevation_m":2443,"main":false,"five_thousander":false},"geometry":{"type":"Point","coordinates":[42.514322,43.549792]}},{"type":"Feature","properties":{"id":"mount-1661","category":"ridge","name":"","elevation_m":3149,"main":false,"five_thousander":false},"geometry":{"type":"Point","coordinates":[41.574658,43.346583]}},{"type":"Feature","properties":{"id":"mount-1662","category":"steep_mountain","name":"","elevation_m":2800,"main":false,"five_thousander":false},"geometry":{"type":"Point","coordinates":[41.878767,43.21506]}},{"type":"Feature","properties":{"id":"mount-1663","category":"rounded_mountain","name":"","elevation_m":2681,"main":false,"five_thousander":false},"geometry":{"type":"Point","coordinates":[41.0736,43.673374]}},{"type":"Feature","properties":{"id":"mount-1664","category":"plateau","name":"","elevation_m":2209,"main":false,"five_thousander":false},"geometry":{"type":"Point","coordinates":[42.529836,43.632899]}},{"type":"Feature","properties":{"id":"mount-1665","category":"rounded_hill","name":"","elevation_m":2248,"main":false,"five_thousander":false},"geometry":{"type":"Point","coordinates":[42.309852,43.682499]}},{"type":"Feature","properties":{"id":"mount-1666","category":"rounded_mountain","name":"","elevation_m":2060,"main":false,"five_thousander":false},"geometry":{"type":"Point","coordinates":[42.205364,43.660498]}},{"type":"Feature","properties":{"id":"mount-1667","category":"plateau","name":"","elevation_m":2055,"main":false,"five_thousander":false},"geometry":{"type":"Point","coordinates":[42.206136,43.754218]}},{"type":"Feature","properties":{"id":"mount-1668","category":"rocky_peak","name":"","elevation_m":2911,"main":false,"five_thousander":false},"geometry":{"type":"Point","coordinates":[41.844682,43.282173]}},{"type":"Feature","properties":{"id":"mount-1669","category":"plateau","name":"","elevation_m":2050,"main":false,"five_thousander":false},"geometry":{"type":"Point","coordinates":[42.057134,43.593221]}},{"type":"Feature","properties":{"id":"mount-1670","category":"ridge","name":"","elevation_m":1995,"main":false,"five_thousander":false},"geometry":{"type":"Point","coordinates":[42.06664,43.604782]}},{"type":"Feature","properties":{"id":"mount-1671","category":"rounded_mountain","name":"","elevation_m":1945,"main":false,"five_thousander":false},"geometry":{"type":"Point","coordinates":[42.064816,43.600012]}},{"type":"Feature","properties":{"id":"mount-1672","category":"rounded_mountain","name":"","elevation_m":1986,"main":false,"five_thousander":false},"geometry":{"type":"Point","coordinates":[42.065052,43.614803]}},{"type":"Feature","properties":{"id":"mount-1673","category":"rounded_hill","name":"","elevation_m":1952,"main":false,"five_thousander":false},"geometry":{"type":"Point","coordinates":[42.053078,43.608783]}},{"type":"Feature","properties":{"id":"mount-1674","category":"ridge","name":"","elevation_m":1919,"main":false,"five_thousander":false},"geometry":{"type":"Point","coordinates":[41.927691,43.578339]}},{"type":"Feature","properties":{"id":"mount-1675","category":"rounded_mountain","name":"","elevation_m":1849,"main":false,"five_thousander":false},"geometry":{"type":"Point","coordinates":[42.063432,43.623767]}},{"type":"Feature","properties":{"id":"mount-1676","category":"rounded_mountain","name":"","elevation_m":1938,"main":false,"five_thousander":false},"geometry":{"type":"Point","coordinates":[42.188498,43.639756]}},{"type":"Feature","properties":{"id":"mount-1677","category":"plateau","name":"","elevation_m":2149,"main":false,"five_thousander":false},"geometry":{"type":"Point","coordinates":[42.557108,43.640936]}},{"type":"Feature","properties":{"id":"mount-1678","category":"rounded_mountain","name":"","elevation_m":1814,"main":false,"five_thousander":false},"geometry":{"type":"Point","coordinates":[42.16262,43.634258]}},{"type":"Feature","properties":{"id":"mount-1679","category":"rounded_mountain","name":"","elevation_m":1867,"main":false,"five_thousander":false},"geometry":{"type":"Point","coordinates":[42.17528,43.639072]}},{"type":"Feature","properties":{"id":"mount-1680","category":"plateau","name":"","elevation_m":2274,"main":false,"five_thousander":false},"geometry":{"type":"Point","coordinates":[42.51797,43.641937]}},{"type":"Feature","properties":{"id":"mount-1681","category":"rounded_hill","name":"","elevation_m":2348,"main":false,"five_thousander":false},"geometry":{"type":"Point","coordinates":[42.538204,43.602646]}},{"type":"Feature","properties":{"id":"mount-1682","category":"plateau","name":"","elevation_m":2307,"main":false,"five_thousander":false},"geometry":{"type":"Point","coordinates":[42.517776,43.602871]}},{"type":"Feature","properties":{"id":"mount-1683","category":"rounded_hill","name":"","elevation_m":2149,"main":false,"five_thousander":false},"geometry":{"type":"Point","coordinates":[42.538762,43.56853]}},{"type":"Feature","properties":{"id":"mount-1684","category":"steep_mountain","name":"","elevation_m":3026,"main":false,"five_thousander":false},"geometry":{"type":"Point","coordinates":[42.139939,43.327504]}},{"type":"Feature","properties":{"id":"mount-1685","category":"isolated_peak","name":"","elevation_m":3123,"main":false,"five_thousander":false},"geometry":{"type":"Point","coordinates":[42.077358,43.400293]}},{"type":"Feature","properties":{"id":"mount-1686","category":"steep_mountain","name":"","elevation_m":2638,"main":false,"five_thousander":false},"geometry":{"type":"Point","coordinates":[42.145818,43.337695]}},{"type":"Feature","properties":{"id":"mount-1687","category":"rounded_hill","name":"","elevation_m":2617,"main":false,"five_thousander":false},"geometry":{"type":"Point","coordinates":[42.822819,43.457677]}},{"type":"Feature","properties":{"id":"mount-1688","category":"plateau","name":"","elevation_m":2658,"main":false,"five_thousander":false},"geometry":{"type":"Point","coordinates":[42.784925,43.463004]}},{"type":"Feature","properties":{"id":"mount-1689","category":"plateau","name":"","elevation_m":2349,"main":false,"five_thousander":false},"geometry":{"type":"Point","coordinates":[42.56891,43.550578]}},{"type":"Feature","properties":{"id":"mount-1690","category":"rounded_hill","name":"","elevation_m":2279,"main":false,"five_thousander":false},"geometry":{"type":"Point","coordinates":[42.803013,43.498675]}},{"type":"Feature","properties":{"id":"mount-1691","category":"ridge","name":"","elevation_m":1984,"main":false,"five_thousander":false},"geometry":{"type":"Point","coordinates":[40.818737,43.758449]}},{"type":"Feature","properties":{"id":"mount-1692","category":"steep_mountain","name":"","elevation_m":3127,"main":false,"five_thousander":false},"geometry":{"type":"Point","coordinates":[42.56846,43.424663]}},{"type":"Feature","properties":{"id":"mount-1693","category":"steep_mountain","name":"","elevation_m":1850,"main":false,"five_thousander":false},"geometry":{"type":"Point","coordinates":[40.809145,43.755845]}},{"type":"Feature","properties":{"id":"mount-1694","category":"rounded_mountain","name":"","elevation_m":2778,"main":false,"five_thousander":false},"geometry":{"type":"Point","coordinates":[40.936196,43.710393]}},{"type":"Feature","properties":{"id":"mount-1695","category":"rounded_hill","name":"","elevation_m":2182,"main":false,"five_thousander":false},"geometry":{"type":"Point","coordinates":[42.301794,43.49992]}},{"type":"Feature","properties":{"id":"mount-1696","category":"steep_mountain","name":"","elevation_m":2264,"main":false,"five_thousander":false},"geometry":{"type":"Point","coordinates":[42.245221,43.477938]}},{"type":"Feature","properties":{"id":"mount-1697","category":"plateau","name":"","elevation_m":2363,"main":false,"five_thousander":false},"geometry":{"type":"Point","coordinates":[42.460613,43.621903]}},{"type":"Feature","properties":{"id":"mount-1698","category":"rounded_mountain","name":"","elevation_m":2876,"main":false,"five_thousander":false},"geometry":{"type":"Point","coordinates":[41.33828,43.525176]}},{"type":"Feature","properties":{"id":"mount-1699","category":"plateau","name":"","elevation_m":1958,"main":false,"five_thousander":false},"geometry":{"type":"Point","coordinates":[42.299273,43.513405]}},{"type":"Feature","properties":{"id":"mount-1700","category":"plateau","name":"","elevation_m":2277,"main":false,"five_thousander":false},"geometry":{"type":"Point","coordinates":[42.445357,43.593112]}},{"type":"Feature","properties":{"id":"mount-1701","category":"plateau","name":"","elevation_m":2281,"main":false,"five_thousander":false},"geometry":{"type":"Point","coordinates":[42.54315,43.508028]}},{"type":"Feature","properties":{"id":"mount-1702","category":"plateau","name":"","elevation_m":2264,"main":false,"five_thousander":false},"geometry":{"type":"Point","coordinates":[42.537453,43.530512]}},{"type":"Feature","properties":{"id":"mount-1703","category":"plateau","name":"","elevation_m":2267,"main":false,"five_thousander":false},"geometry":{"type":"Point","coordinates":[42.435937,43.602366]}},{"type":"Feature","properties":{"id":"mount-1704","category":"rounded_hill","name":"","elevation_m":2293,"main":false,"five_thousander":false},"geometry":{"type":"Point","coordinates":[42.398483,43.572502]}},{"type":"Feature","properties":{"id":"mount-1705","category":"plateau","name":"","elevation_m":2288,"main":false,"five_thousander":false},"geometry":{"type":"Point","coordinates":[42.449884,43.566524]}},{"type":"Feature","properties":{"id":"mount-1706","category":"rounded_hill","name":"","elevation_m":2295,"main":false,"five_thousander":false},"geometry":{"type":"Point","coordinates":[42.405725,43.581502]}},{"type":"Feature","properties":{"id":"mount-1707","category":"rounded_hill","name":"","elevation_m":2299,"main":false,"five_thousander":false},"geometry":{"type":"Point","coordinates":[42.556121,43.500885]}},{"type":"Feature","properties":{"id":"mount-1708","category":"rocky_peak","name":"","elevation_m":2586,"main":false,"five_thousander":false},"geometry":{"type":"Point","coordinates":[41.139432,43.378805]}},{"type":"Feature","properties":{"id":"mount-1709","category":"plateau","name":"","elevation_m":2302,"main":false,"five_thousander":false},"geometry":{"type":"Point","coordinates":[42.469679,43.58765]}},{"type":"Feature","properties":{"id":"mount-1710","category":"rounded_hill","name":"","elevation_m":2319,"main":false,"five_thousander":false},"geometry":{"type":"Point","coordinates":[42.47278,43.601791]}},{"type":"Feature","properties":{"id":"mount-1711","category":"plateau","name":"","elevation_m":2313,"main":false,"five_thousander":false},"geometry":{"type":"Point","coordinates":[42.545425,43.533608]}},{"type":"Feature","properties":{"id":"mount-1712","category":"plateau","name":"","elevation_m":2310,"main":false,"five_thousander":false},"geometry":{"type":"Point","coordinates":[42.477994,43.573201]}},{"type":"Feature","properties":{"id":"mount-1713","category":"plateau","name":"","elevation_m":2338,"main":false,"five_thousander":false},"geometry":{"type":"Point","coordinates":[42.530887,43.506161]}},{"type":"Feature","properties":{"id":"mount-1714","category":"plateau","name":"","elevation_m":2329,"main":false,"five_thousander":false},"geometry":{"type":"Point","coordinates":[42.457985,43.597945]}},{"type":"Feature","properties":{"id":"mount-1715","category":"rounded_mountain","name":"","elevation_m":2346,"main":false,"five_thousander":false},"geometry":{"type":"Point","coordinates":[42.846615,43.453301]}},{"type":"Feature","properties":{"id":"mount-1716","category":"plateau","name":"","elevation_m":2347,"main":false,"five_thousander":false},"geometry":{"type":"Point","coordinates":[42.543257,43.522383]}},{"type":"Feature","properties":{"id":"mount-1717","category":"plateau","name":"","elevation_m":2377,"main":false,"five_thousander":false},"geometry":{"type":"Point","coordinates":[42.555789,43.527837]}},{"type":"Feature","properties":{"id":"mount-1718","category":"plateau","name":"","elevation_m":2143,"main":false,"five_thousander":false},"geometry":{"type":"Point","coordinates":[42.402989,43.5484]}},{"type":"Feature","properties":{"id":"mount-1719","category":"plateau","name":"","elevation_m":2203,"main":false,"five_thousander":false},"geometry":{"type":"Point","coordinates":[42.405982,43.555126]}},{"type":"Feature","properties":{"id":"mount-1720","category":"plateau","name":"","elevation_m":2228,"main":false,"five_thousander":false},"geometry":{"type":"Point","coordinates":[42.420745,43.592234]}},{"type":"Feature","properties":{"id":"mount-1721","category":"plateau","name":"","elevation_m":2201,"main":false,"five_thousander":false},"geometry":{"type":"Point","coordinates":[42.413621,43.60183]}},{"type":"Feature","properties":{"id":"mount-1722","category":"plateau","name":"","elevation_m":2242,"main":false,"five_thousander":false},"geometry":{"type":"Point","coordinates":[42.437986,43.58573]}},{"type":"Feature","properties":{"id":"mount-1723","category":"rounded_hill","name":"","elevation_m":2238,"main":false,"five_thousander":false},"geometry":{"type":"Point","coordinates":[42.53063,43.51444]}},{"type":"Feature","properties":{"id":"mount-1724","category":"rocky_ridge","name":"","elevation_m":3014,"main":false,"five_thousander":false},"geometry":{"type":"Point","coordinates":[41.85452,43.256237]}},{"type":"Feature","properties":{"id":"mount-1725","category":"plateau","name":"","elevation_m":2389,"main":false,"five_thousander":false},"geometry":{"type":"Point","coordinates":[42.450464,43.553556]}},{"type":"Feature","properties":{"id":"mount-1726","category":"plateau","name":"","elevation_m":2384,"main":false,"five_thousander":false},"geometry":{"type":"Point","coordinates":[42.429596,43.552763]}},{"type":"Feature","properties":{"id":"mount-1727","category":"plateau","name":"","elevation_m":2399,"main":false,"five_thousander":false},"geometry":{"type":"Point","coordinates":[42.467362,43.555041]}},{"type":"Feature","properties":{"id":"mount-1728","category":"rounded_mountain","name":"","elevation_m":2506,"main":false,"five_thousander":false},"geometry":{"type":"Point","coordinates":[42.510728,43.458573]}},{"type":"Feature","properties":{"id":"mount-1729","category":"rounded_mountain","name":"","elevation_m":3108,"main":false,"five_thousander":false},"geometry":{"type":"Point","coordinates":[41.899495,43.231728]}},{"type":"Feature","properties":{"id":"mount-1730","category":"ridge","name":"","elevation_m":3043,"main":false,"five_thousander":false},"geometry":{"type":"Point","coordinates":[41.287994,43.337001]}},{"type":"Feature","properties":{"id":"mount-1731","category":"rocky_peak","name":"","elevation_m":2692,"main":false,"five_thousander":false},"geometry":{"type":"Point","coordinates":[40.751756,43.567589]}},{"type":"Feature","properties":{"id":"mount-1732","category":"steep_mountain","name":"","elevation_m":2911,"main":false,"five_thousander":false},"geometry":{"type":"Point","coordinates":[40.768912,43.742166]}},{"type":"Feature","properties":{"id":"mount-1733","category":"rounded_mountain","name":"","elevation_m":2849,"main":false,"five_thousander":false},"geometry":{"type":"Point","coordinates":[40.969584,43.662998]}},{"type":"Feature","properties":{"id":"mount-1734","category":"rocky_peak","name":"","elevation_m":2987,"main":false,"five_thousander":false},"geometry":{"type":"Point","coordinates":[41.141814,43.403107]}},{"type":"Feature","properties":{"id":"mount-1735","category":"rounded_mountain","name":"","elevation_m":2940,"main":false,"five_thousander":false},"geometry":{"type":"Point","coordinates":[41.610943,43.48201]}},{"type":"Feature","properties":{"id":"mount-1736","category":"rounded_mountain","name":"","elevation_m":2051,"main":false,"five_thousander":false},"geometry":{"type":"Point","coordinates":[42.110145,43.569563]}},{"type":"Feature","properties":{"id":"mount-1737","category":"rounded_hill","name":"","elevation_m":2358,"main":false,"five_thousander":false},"geometry":{"type":"Point","coordinates":[41.774279,43.620551]}},{"type":"Feature","properties":{"id":"mount-1738","category":"plateau","name":"","elevation_m":2035,"main":false,"five_thousander":false},"geometry":{"type":"Point","coordinates":[42.175108,43.528537]}},{"type":"Feature","properties":{"id":"mount-1739","category":"rounded_mountain","name":"","elevation_m":2818,"main":false,"five_thousander":false},"geometry":{"type":"Point","coordinates":[41.890923,43.528]}},{"type":"Feature","properties":{"id":"mount-1740","category":"ridge","name":"","elevation_m":2062,"main":false,"five_thousander":false},"geometry":{"type":"Point","coordinates":[41.947056,43.553307]}},{"type":"Feature","properties":{"id":"mount-1741","category":"rounded_mountain","name":"","elevation_m":2167,"main":false,"five_thousander":false},"geometry":{"type":"Point","coordinates":[41.36801,43.649693]}},{"type":"Feature","properties":{"id":"mount-1742","category":"rocky_peak","name":"","elevation_m":2602,"main":false,"five_thousander":false},"geometry":{"type":"Point","coordinates":[40.776497,43.598505]}},{"type":"Feature","properties":{"id":"mount-1743","category":"rounded_hill","name":"","elevation_m":2629,"main":false,"five_thousander":false},"geometry":{"type":"Point","coordinates":[42.454069,43.686999]}},{"type":"Feature","properties":{"id":"mount-1744","category":"steep_mountain","name":"","elevation_m":2033,"main":false,"five_thousander":false},"geometry":{"type":"Point","coordinates":[40.868733,43.510231]}},{"type":"Feature","properties":{"id":"mount-1745","category":"rounded_mountain","name":"","elevation_m":2314,"main":false,"five_thousander":false},"geometry":{"type":"Point","coordinates":[41.988684,43.523037]}},{"type":"Feature","properties":{"id":"mount-1746","category":"steep_mountain","name":"","elevation_m":1997,"main":false,"five_thousander":false},"geometry":{"type":"Point","coordinates":[40.861716,43.544084]}},{"type":"Feature","properties":{"id":"mount-1747","category":"steep_mountain","name":"","elevation_m":2334,"main":false,"five_thousander":false},"geometry":{"type":"Point","coordinates":[41.948118,43.524997]}},{"type":"Feature","properties":{"id":"mount-1748","category":"rounded_mountain","name":"","elevation_m":2537,"main":false,"five_thousander":false},"geometry":{"type":"Point","coordinates":[41.521196,43.518283]}},{"type":"Feature","properties":{"id":"mount-1749","category":"rounded_mountain","name":"","elevation_m":2710,"main":false,"five_thousander":false},"geometry":{"type":"Point","coordinates":[41.860925,43.511172]}},{"type":"Feature","properties":{"id":"mount-1750","category":"steep_mountain","name":"","elevation_m":2878,"main":false,"five_thousander":false},"geometry":{"type":"Point","coordinates":[41.603401,43.505297]}},{"type":"Feature","properties":{"id":"mount-1751","category":"rounded_mountain","name":"","elevation_m":3019,"main":false,"five_thousander":false},"geometry":{"type":"Point","coordinates":[41.974865,43.505834]}},{"type":"Feature","properties":{"id":"mount-1752","category":"ridge","name":"","elevation_m":3023,"main":false,"five_thousander":false},"geometry":{"type":"Point","coordinates":[41.491209,43.532029]}},{"type":"Feature","properties":{"id":"mount-1753","category":"ridge","name":"","elevation_m":3025,"main":false,"five_thousander":false},"geometry":{"type":"Point","coordinates":[41.627154,43.532473]}},{"type":"Feature","properties":{"id":"mount-1754","category":"ridge","name":"","elevation_m":2617,"main":false,"five_thousander":false},"geometry":{"type":"Point","coordinates":[40.969273,43.446524]}},{"type":"Feature","properties":{"id":"mount-1755","category":"rounded_mountain","name":"","elevation_m":2835,"main":false,"five_thousander":false},"geometry":{"type":"Point","coordinates":[40.932537,43.461735]}},{"type":"Feature","properties":{"id":"mount-1756","category":"rounded_mountain","name":"","elevation_m":2369,"main":false,"five_thousander":false},"geometry":{"type":"Point","coordinates":[40.908773,43.441064]}},{"type":"Feature","properties":{"id":"mount-1757","category":"rounded_mountain","name":"","elevation_m":2366,"main":false,"five_thousander":false},"geometry":{"type":"Point","coordinates":[40.916508,43.465473]}},{"type":"Feature","properties":{"id":"mount-1758","category":"ridge","name":"","elevation_m":2245,"main":false,"five_thousander":false},"geometry":{"type":"Point","coordinates":[40.858991,43.458752]}},{"type":"Feature","properties":{"id":"mount-1759","category":"ridge","name":"","elevation_m":2179,"main":false,"five_thousander":false},"geometry":{"type":"Point","coordinates":[40.89327,43.435657]}},{"type":"Feature","properties":{"id":"mount-1760","category":"rounded_hill","name":"","elevation_m":2599,"main":false,"five_thousander":false},"geometry":{"type":"Point","coordinates":[40.909728,43.524367]}},{"type":"Feature","properties":{"id":"mount-1761","category":"rounded_mountain","name":"","elevation_m":2538,"main":false,"five_thousander":false},"geometry":{"type":"Point","coordinates":[40.873067,43.488805]}},{"type":"Feature","properties":{"id":"mount-1762","category":"ridge","name":"","elevation_m":2495,"main":false,"five_thousander":false},"geometry":{"type":"Point","coordinates":[40.938449,43.505134]}},{"type":"Feature","properties":{"id":"mount-1763","category":"rounded_mountain","name":"","elevation_m":2381,"main":false,"five_thousander":false},"geometry":{"type":"Point","coordinates":[40.884665,43.460715]}},{"type":"Feature","properties":{"id":"mount-1764","category":"rocky_peak","name":"","elevation_m":2970,"main":false,"five_thousander":false},"geometry":{"type":"Point","coordinates":[43.24385,42.968883]}},{"type":"Feature","properties":{"id":"mount-1765","category":"rounded_hill","name":"","elevation_m":2022,"main":false,"five_thousander":false},"geometry":{"type":"Point","coordinates":[41.915063,43.613374]}},{"type":"Feature","properties":{"id":"mount-1766","category":"rounded_mountain","name":"","elevation_m":2075,"main":false,"five_thousander":false},"geometry":{"type":"Point","coordinates":[42.197027,43.563041]}},{"type":"Feature","properties":{"id":"mount-1767","category":"plateau","name":"","elevation_m":2371,"main":false,"five_thousander":false},"geometry":{"type":"Point","coordinates":[42.565134,43.540437]}},{"type":"Feature","properties":{"id":"mount-1768","category":"rocky_peak","name":"","elevation_m":2928,"main":false,"five_thousander":false},"geometry":{"type":"Point","coordinates":[41.863618,43.210149]}},{"type":"Feature","properties":{"id":"mount-1769","category":"steep_mountain","name":"","elevation_m":3192,"main":false,"five_thousander":false},"geometry":{"type":"Point","coordinates":[42.384503,43.45911]}},{"type":"Feature","properties":{"id":"mount-1770","category":"rounded_mountain","name":"","elevation_m":1936,"main":false,"five_thousander":false},"geometry":{"type":"Point","coordinates":[41.374898,43.658868]}},{"type":"Feature","properties":{"id":"mount-1771","category":"rounded_mountain","name":"","elevation_m":2790,"main":false,"five_thousander":false},"geometry":{"type":"Point","coordinates":[41.368278,43.492308]}},{"type":"Feature","properties":{"id":"mount-1772","category":"isolated_peak","name":"","elevation_m":1997,"main":false,"five_thousander":false},"geometry":{"type":"Point","coordinates":[40.897411,43.591605]}},{"type":"Feature","properties":{"id":"mount-1773","category":"plateau","name":"","elevation_m":2653,"main":false,"five_thousander":false},"geometry":{"type":"Point","coordinates":[42.474518,43.476638]}},{"type":"Feature","properties":{"id":"mount-1774","category":"rounded_mountain","name":"","elevation_m":2839,"main":false,"five_thousander":false},"geometry":{"type":"Point","coordinates":[42.422376,43.477736]}},{"type":"Feature","properties":{"id":"mount-1775","category":"ridge","name":"","elevation_m":2635,"main":false,"five_thousander":false},"geometry":{"type":"Point","coordinates":[42.338272,43.485528]}},{"type":"Feature","properties":{"id":"mount-1776","category":"rounded_hill","name":"","elevation_m":2175,"main":false,"five_thousander":false},"geometry":{"type":"Point","coordinates":[42.357337,43.573582]}},{"type":"Feature","properties":{"id":"mount-1777","category":"plateau","name":"","elevation_m":2234,"main":false,"five_thousander":false},"geometry":{"type":"Point","coordinates":[42.293565,43.565094]}},{"type":"Feature","properties":{"id":"mount-1778","category":"plateau","name":"","elevation_m":2240,"main":false,"five_thousander":false},"geometry":{"type":"Point","coordinates":[42.273846,43.572183]}},{"type":"Feature","properties":{"id":"mount-1779","category":"plateau","name":"","elevation_m":2132,"main":false,"five_thousander":false},"geometry":{"type":"Point","coordinates":[42.33573,43.549761]}},{"type":"Feature","properties":{"id":"mount-1780","category":"rounded_hill","name":"","elevation_m":2904,"main":false,"five_thousander":false},"geometry":{"type":"Point","coordinates":[42.416593,43.471336]}},{"type":"Feature","properties":{"id":"mount-1781","category":"rocky_peak","name":"","elevation_m":3198,"main":false,"five_thousander":false},"geometry":{"type":"Point","coordinates":[42.320065,43.344102]}},{"type":"Feature","properties":{"id":"mount-1782","category":"rounded_hill","name":"","elevation_m":2104,"main":false,"five_thousander":false},"geometry":{"type":"Point","coordinates":[42.348701,43.508877]}},{"type":"Feature","properties":{"id":"mount-1783","category":"plateau","name":"","elevation_m":2178,"main":false,"five_thousander":false},"geometry":{"type":"Point","coordinates":[42.336266,43.512759]}},{"type":"Feature","properties":{"id":"mount-1784","category":"plateau","name":"","elevation_m":2236,"main":false,"five_thousander":false},"geometry":{"type":"Point","coordinates":[42.422612,43.520757]}},{"type":"Feature","properties":{"id":"mount-1785","category":"ridge","name":"","elevation_m":2055,"main":false,"five_thousander":false},"geometry":{"type":"Point","coordinates":[42.32175,43.541658]}},{"type":"Feature","properties":{"id":"mount-1786","category":"plateau","name":"","elevation_m":1955,"main":false,"five_thousander":false},"geometry":{"type":"Point","coordinates":[42.339753,43.530691]}},{"type":"Feature","properties":{"id":"mount-1787","category":"rounded_mountain","name":"","elevation_m":2103,"main":false,"five_thousander":false},"geometry":{"type":"Point","coordinates":[42.222798,43.564977]}},{"type":"Feature","properties":{"id":"mount-1788","category":"rounded_hill","name":"","elevation_m":2007,"main":false,"five_thousander":false},"geometry":{"type":"Point","coordinates":[42.319669,43.520034]}},{"type":"Feature","properties":{"id":"mount-1789","category":"rounded_hill","name":"","elevation_m":2094,"main":false,"five_thousander":false},"geometry":{"type":"Point","coordinates":[42.348679,43.553735]}},{"type":"Feature","properties":{"id":"mount-1790","category":"plateau","name":"","elevation_m":2102,"main":false,"five_thousander":false},"geometry":{"type":"Point","coordinates":[42.246509,43.540383]}},{"type":"Feature","properties":{"id":"mount-1791","category":"plateau","name":"","elevation_m":2397,"main":false,"five_thousander":false},"geometry":{"type":"Point","coordinates":[42.443984,43.496246]}},{"type":"Feature","properties":{"id":"mount-1792","category":"plateau","name":"","elevation_m":2433,"main":false,"five_thousander":false},"geometry":{"type":"Point","coordinates":[42.451934,43.504488]}},{"type":"Feature","properties":{"id":"mount-1793","category":"plateau","name":"","elevation_m":2316,"main":false,"five_thousander":false},"geometry":{"type":"Point","coordinates":[42.481835,43.507849]}},{"type":"Feature","properties":{"id":"mount-1794","category":"plateau","name":"","elevation_m":2324,"main":false,"five_thousander":false},"geometry":{"type":"Point","coordinates":[42.463542,43.515319]}},{"type":"Feature","properties":{"id":"mount-1795","category":"plateau","name":"","elevation_m":2400,"main":false,"five_thousander":false},"geometry":{"type":"Point","coordinates":[42.466954,43.534596]}},{"type":"Feature","properties":{"id":"mount-1796","category":"rounded_hill","name":"","elevation_m":2185,"main":false,"five_thousander":false},"geometry":{"type":"Point","coordinates":[41.191574,43.693368]}},{"type":"Feature","properties":{"id":"mount-1797","category":"rocky_peak","name":"","elevation_m":2210,"main":false,"five_thousander":false},"geometry":{"type":"Point","coordinates":[40.869162,43.565335]}},{"type":"Feature","properties":{"id":"mount-1798","category":"rounded_hill","name":"","elevation_m":2495,"main":false,"five_thousander":false},"geometry":{"type":"Point","coordinates":[41.150944,43.686246]}},{"type":"Feature","properties":{"id":"mount-1799","category":"plateau","name":"","elevation_m":2114,"main":false,"five_thousander":false},"geometry":{"type":"Point","coordinates":[42.233816,43.752203]}},{"type":"Feature","properties":{"id":"mount-1800","category":"rounded_hill","name":"","elevation_m":1990,"main":false,"five_thousander":false},"geometry":{"type":"Point","coordinates":[42.972143,43.563018]}},{"type":"Feature","properties":{"id":"mount-1801","category":"rounded_hill","name":"","elevation_m":2138,"main":false,"five_thousander":false},"geometry":{"type":"Point","coordinates":[42.946458,43.555336]}},{"type":"Feature","properties":{"id":"mount-1802","category":"ridge","name":"","elevation_m":2533,"main":false,"five_thousander":false},"geometry":{"type":"Point","coordinates":[41.016566,43.472208]}},{"type":"Feature","properties":{"id":"mount-1803","category":"plateau","name":"","elevation_m":2169,"main":false,"five_thousander":false},"geometry":{"type":"Point","coordinates":[43.039874,43.525324]}},{"type":"Feature","properties":{"id":"mount-1804","category":"steep_mountain","name":"","elevation_m":1982,"main":false,"five_thousander":false},"geometry":{"type":"Point","coordinates":[42.888587,43.611176]}},{"type":"Feature","properties":{"id":"mount-1805","category":"ridge","name":"","elevation_m":1842,"main":false,"five_thousander":false},"geometry":{"type":"Point","coordinates":[42.91322,43.644569]}},{"type":"Feature","properties":{"id":"mount-1806","category":"steep_mountain","name":"","elevation_m":3127,"main":false,"five_thousander":false},"geometry":{"type":"Point","coordinates":[43.210849,43.188242]}},{"type":"Feature","properties":{"id":"mount-1807","category":"ridge","name":"","elevation_m":2915,"main":false,"five_thousander":false},"geometry":{"type":"Point","coordinates":[41.917434,43.175843]}},{"type":"Feature","properties":{"id":"mount-1808","category":"rounded_mountain","name":"","elevation_m":2326,"main":false,"five_thousander":false},"geometry":{"type":"Point","coordinates":[42.848032,43.599212]}},{"type":"Feature","properties":{"id":"mount-1809","category":"rounded_mountain","name":"","elevation_m":2658,"main":false,"five_thousander":false},"geometry":{"type":"Point","coordinates":[41.389822,43.370422]}},{"type":"Feature","properties":{"id":"mount-1810","category":"rounded_hill","name":"","elevation_m":2372,"main":false,"five_thousander":false},"geometry":{"type":"Point","coordinates":[41.264327,43.669261]}},{"type":"Feature","properties":{"id":"mount-1811","category":"ridge","name":"","elevation_m":2525,"main":false,"five_thousander":false},"geometry":{"type":"Point","coordinates":[40.900512,43.736662]}},{"type":"Feature","properties":{"id":"mount-1812","category":"rounded_hill","name":"","elevation_m":2057,"main":false,"five_thousander":false},"geometry":{"type":"Point","coordinates":[42.273813,43.761719]}},{"type":"Feature","properties":{"id":"mount-1813","category":"plateau","name":"","elevation_m":1988,"main":false,"five_thousander":false},"geometry":{"type":"Point","coordinates":[42.202917,43.761254]}},{"type":"Feature","properties":{"id":"mount-1814","category":"rounded_hill","name":"","elevation_m":2193,"main":false,"five_thousander":false},"geometry":{"type":"Point","coordinates":[41.313518,43.671441]}},{"type":"Feature","properties":{"id":"mount-1815","category":"rocky_peak","name":"","elevation_m":2296,"main":false,"five_thousander":false},"geometry":{"type":"Point","coordinates":[41.442511,43.54515]}},{"type":"Feature","properties":{"id":"mount-1816","category":"rounded_mountain","name":"","elevation_m":2015,"main":false,"five_thousander":false},"geometry":{"type":"Point","coordinates":[42.301065,43.758433]}},{"type":"Feature","properties":{"id":"mount-1817","category":"rocky_ridge","name":"","elevation_m":3155,"main":false,"five_thousander":false},"geometry":{"type":"Point","coordinates":[41.627294,43.388996]}},{"type":"Feature","properties":{"id":"mount-1818","category":"rounded_mountain","name":"","elevation_m":2807,"main":false,"five_thousander":false},"geometry":{"type":"Point","coordinates":[41.380316,43.366062]}},{"type":"Feature","properties":{"id":"mount-1819","category":"rounded_hill","name":"","elevation_m":2115,"main":false,"five_thousander":false},"geometry":{"type":"Point","coordinates":[42.271185,43.67297]}},{"type":"Feature","properties":{"id":"mount-1820","category":"rounded_hill","name":"","elevation_m":2260,"main":false,"five_thousander":false},"geometry":{"type":"Point","coordinates":[42.3138,43.711014]}},{"type":"Feature","properties":{"id":"mount-1821","category":"rocky_peak","name":"","elevation_m":2858,"main":false,"five_thousander":false},"geometry":{"type":"Point","coordinates":[41.643484,43.534052]}},{"type":"Feature","properties":{"id":"mount-1822","category":"rounded_hill","name":"","elevation_m":2140,"main":false,"five_thousander":false},"geometry":{"type":"Point","coordinates":[42.20296,43.78149]}},{"type":"Feature","properties":{"id":"mount-1823","category":"ridge","name":"","elevation_m":3171,"main":false,"five_thousander":false},"geometry":{"type":"Point","coordinates":[42.30217,43.44756]}},{"type":"Feature","properties":{"id":"mount-1824","category":"rounded_mountain","name":"","elevation_m":2276,"main":false,"five_thousander":false},"geometry":{"type":"Point","coordinates":[41.751577,43.572727]}},{"type":"Feature","properties":{"id":"mount-1825","category":"rounded_hill","name":"","elevation_m":2368,"main":false,"five_thousander":false},"geometry":{"type":"Point","coordinates":[41.745569,43.571375]}},{"type":"Feature","properties":{"id":"mount-1826","category":"plateau","name":"","elevation_m":2272,"main":false,"five_thousander":false},"geometry":{"type":"Point","coordinates":[42.345042,43.671915]}},{"type":"Feature","properties":{"id":"mount-1827","category":"plateau","name":"","elevation_m":2260,"main":false,"five_thousander":false},"geometry":{"type":"Point","coordinates":[41.673288,43.591216]}},{"type":"Feature","properties":{"id":"mount-1828","category":"ridge","name":"","elevation_m":1887,"main":false,"five_thousander":false},"geometry":{"type":"Point","coordinates":[41.448272,43.697627]}},{"type":"Feature","properties":{"id":"mount-1829","category":"rounded_mountain","name":"","elevation_m":2014,"main":false,"five_thousander":false},"geometry":{"type":"Point","coordinates":[41.72439,43.59629]}},{"type":"Feature","properties":{"id":"mount-1830","category":"rounded_mountain","name":"","elevation_m":1932,"main":false,"five_thousander":false},"geometry":{"type":"Point","coordinates":[41.692793,43.599647]}},{"type":"Feature","properties":{"id":"mount-1831","category":"plateau","name":"","elevation_m":2289,"main":false,"five_thousander":false},"geometry":{"type":"Point","coordinates":[41.489085,43.623969]}},{"type":"Feature","properties":{"id":"mount-1832","category":"rounded_hill","name":"","elevation_m":2256,"main":false,"five_thousander":false},"geometry":{"type":"Point","coordinates":[41.516358,43.627564]}},{"type":"Feature","properties":{"id":"mount-1833","category":"plateau","name":"","elevation_m":2316,"main":false,"five_thousander":false},"geometry":{"type":"Point","coordinates":[41.483999,43.62431]}},{"type":"Feature","properties":{"id":"mount-1834","category":"rounded_mountain","name":"","elevation_m":1910,"main":false,"five_thousander":false},"geometry":{"type":"Point","coordinates":[42.033767,43.503056]}},{"type":"Feature","properties":{"id":"mount-1835","category":"steep_mountain","name":"","elevation_m":1905,"main":false,"five_thousander":false},"geometry":{"type":"Point","coordinates":[42.059473,43.53143]}},{"type":"Feature","properties":{"id":"mount-1836","category":"rounded_hill","name":"","elevation_m":1907,"main":false,"five_thousander":false},"geometry":{"type":"Point","coordinates":[42.217197,43.511024]}},{"type":"Feature","properties":{"id":"mount-1837","category":"massif","name":"","elevation_m":3125,"main":false,"five_thousander":false},"geometry":{"type":"Point","coordinates":[41.453991,43.471336]}},{"type":"Feature","properties":{"id":"mount-1838","category":"steep_mountain","name":"","elevation_m":1831,"main":false,"five_thousander":false},"geometry":{"type":"Point","coordinates":[42.117355,43.566322]}},{"type":"Feature","properties":{"id":"mount-1839","category":"rounded_hill","name":"","elevation_m":1813,"main":false,"five_thousander":false},"geometry":{"type":"Point","coordinates":[41.916479,43.648956]}},{"type":"Feature","properties":{"id":"mount-1840","category":"rounded_mountain","name":"","elevation_m":2860,"main":false,"five_thousander":false},"geometry":{"type":"Point","coordinates":[42.57524,43.448121]}},{"type":"Feature","properties":{"id":"mount-1841","category":"rounded_hill","name":"","elevation_m":2618,"main":false,"five_thousander":false},"geometry":{"type":"Point","coordinates":[42.531327,43.461828]}},{"type":"Feature","properties":{"id":"mount-1842","category":"rounded_mountain","name":"","elevation_m":1916,"main":false,"five_thousander":false},"geometry":{"type":"Point","coordinates":[40.77051,43.878021]}},{"type":"Feature","properties":{"id":"mount-1843","category":"rounded_mountain","name":"","elevation_m":2826,"main":false,"five_thousander":false},"geometry":{"type":"Point","coordinates":[40.725374,43.57652]}},{"type":"Feature","properties":{"id":"mount-1844","category":"steep_mountain","name":"","elevation_m":2961,"main":false,"five_thousander":false},"geometry":{"type":"Point","coordinates":[41.095229,43.648055]}},{"type":"Feature","properties":{"id":"mount-1845","category":"rounded_hill","name":"","elevation_m":2652,"main":false,"five_thousander":false},"geometry":{"type":"Point","coordinates":[41.076797,43.681917]}},{"type":"Feature","properties":{"id":"mount-1846","category":"rounded_mountain","name":"","elevation_m":2603,"main":false,"five_thousander":false},"geometry":{"type":"Point","coordinates":[40.933825,43.646588]}},{"type":"Feature","properties":{"id":"mount-1847","category":"rounded_mountain","name":"","elevation_m":2991,"main":false,"five_thousander":false},"geometry":{"type":"Point","coordinates":[40.97542,43.66167]}},{"type":"Feature","properties":{"id":"mount-1848","category":"steep_mountain","name":"","elevation_m":3121,"main":false,"five_thousander":false},"geometry":{"type":"Point","coordinates":[40.977427,43.677448]}},{"type":"Feature","properties":{"id":"mount-1849","category":"rounded_mountain","name":"","elevation_m":2797,"main":false,"five_thousander":false},"geometry":{"type":"Point","coordinates":[40.962181,43.643521]}},{"type":"Feature","properties":{"id":"mount-1850","category":"steep_mountain","name":"","elevation_m":2722,"main":false,"five_thousander":false},"geometry":{"type":"Point","coordinates":[41.97832,43.514417]}},{"type":"Feature","properties":{"id":"mount-1851","category":"rounded_mountain","name":"","elevation_m":2730,"main":false,"five_thousander":false},"geometry":{"type":"Point","coordinates":[41.426278,43.60702]}},{"type":"Feature","properties":{"id":"mount-1852","category":"plateau","name":"","elevation_m":1936,"main":false,"five_thousander":false},"geometry":{"type":"Point","coordinates":[41.296545,43.735499]}},{"type":"Feature","properties":{"id":"mount-1853","category":"ridge","name":"","elevation_m":2819,"main":false,"five_thousander":false},"geometry":{"type":"Point","coordinates":[40.923203,43.719187]}},{"type":"Feature","properties":{"id":"mount-1854","category":"rounded_mountain","name":"","elevation_m":3169,"main":false,"five_thousander":false},"geometry":{"type":"Point","coordinates":[42.425423,43.461003]}},{"type":"Feature","properties":{"id":"mount-1855","category":"rounded_hill","name":"","elevation_m":2901,"main":false,"five_thousander":false},"geometry":{"type":"Point","coordinates":[40.921304,43.714387]}},{"type":"Feature","properties":{"id":"mount-1856","category":"rounded_mountain","name":"","elevation_m":2462,"main":false,"five_thousander":false},"geometry":{"type":"Point","coordinates":[40.981364,43.708958]}},{"type":"Feature","properties":{"id":"mount-1857","category":"rounded_hill","name":"","elevation_m":2669,"main":false,"five_thousander":false},"geometry":{"type":"Point","coordinates":[40.948298,43.735639]}},{"type":"Feature","properties":{"id":"mount-1858","category":"massif","name":"","elevation_m":2491,"main":false,"five_thousander":false},"geometry":{"type":"Point","coordinates":[40.886135,43.684601]}},{"type":"Feature","properties":{"id":"mount-1859","category":"rounded_mountain","name":"","elevation_m":2063,"main":false,"five_thousander":false},"geometry":{"type":"Point","coordinates":[40.875492,43.726344]}},{"type":"Feature","properties":{"id":"mount-1860","category":"ridge","name":"","elevation_m":2411,"main":false,"five_thousander":false},"geometry":{"type":"Point","coordinates":[40.912453,43.74632]}},{"type":"Feature","properties":{"id":"mount-1861","category":"rounded_mountain","name":"","elevation_m":2644,"main":false,"five_thousander":false},"geometry":{"type":"Point","coordinates":[40.913225,43.735507]}},{"type":"Feature","properties":{"id":"mount-1862","category":"rounded_mountain","name":"","elevation_m":2412,"main":false,"five_thousander":false},"geometry":{"type":"Point","coordinates":[40.892261,43.736926]}},{"type":"Feature","properties":{"id":"mount-1863","category":"plateau","name":"","elevation_m":2550,"main":false,"five_thousander":false},"geometry":{"type":"Point","coordinates":[42.529074,43.434527]}},{"type":"Feature","properties":{"id":"mount-1864","category":"rounded_mountain","name":"","elevation_m":2103,"main":false,"five_thousander":false},"geometry":{"type":"Point","coordinates":[40.923557,43.54158]}},{"type":"Feature","properties":{"id":"mount-1865","category":"steep_mountain","name":"","elevation_m":2242,"main":false,"five_thousander":false},"geometry":{"type":"Point","coordinates":[42.890604,43.380762]}},{"type":"Feature","properties":{"id":"mount-1866","category":"rounded_mountain","name":"","elevation_m":2695,"main":false,"five_thousander":false},"geometry":{"type":"Point","coordinates":[40.789919,43.792488]}},{"type":"Feature","properties":{"id":"mount-1867","category":"rounded_mountain","name":"","elevation_m":2832,"main":false,"five_thousander":false},"geometry":{"type":"Point","coordinates":[40.779598,43.796833]}},{"type":"Feature","properties":{"id":"mount-1868","category":"ridge","name":"","elevation_m":2708,"main":false,"five_thousander":false},"geometry":{"type":"Point","coordinates":[42.216522,43.432447]}},{"type":"Feature","properties":{"id":"mount-1869","category":"rounded_mountain","name":"","elevation_m":2972,"main":false,"five_thousander":false},"geometry":{"type":"Point","coordinates":[41.102139,43.620248]}},{"type":"Feature","properties":{"id":"mount-1870","category":"rocky_ridge","name":"","elevation_m":3108,"main":false,"five_thousander":false},"geometry":{"type":"Point","coordinates":[41.211745,43.471468]}},{"type":"Feature","properties":{"id":"mount-1871","category":"rounded_mountain","name":"","elevation_m":2987,"main":false,"five_thousander":false},"geometry":{"type":"Point","coordinates":[41.200844,43.461976]}},{"type":"Feature","properties":{"id":"mount-1872","category":"ridge","name":"","elevation_m":3118,"main":false,"five_thousander":false},"geometry":{"type":"Point","coordinates":[41.506627,43.54648]}},{"type":"Feature","properties":{"id":"mount-1873","category":"rounded_hill","name":"","elevation_m":2299,"main":false,"five_thousander":false},"geometry":{"type":"Point","coordinates":[41.44721,43.63335]}},{"type":"Feature","properties":{"id":"mount-1874","category":"rocky_ridge","name":"","elevation_m":3192,"main":false,"five_thousander":false},"geometry":{"type":"Point","coordinates":[41.08935,43.621639]}},{"type":"Feature","properties":{"id":"mount-1875","category":"steep_mountain","name":"","elevation_m":2673,"main":false,"five_thousander":false},"geometry":{"type":"Point","coordinates":[41.13425,43.43674]}},{"type":"Feature","properties":{"id":"mount-1876","category":"ridge","name":"","elevation_m":2922,"main":false,"five_thousander":false},"geometry":{"type":"Point","coordinates":[41.361144,43.397619]}},{"type":"Feature","properties":{"id":"mount-1877","category":"ridge","name":"","elevation_m":3096,"main":false,"five_thousander":false},"geometry":{"type":"Point","coordinates":[41.365564,43.381815]}},{"type":"Feature","properties":{"id":"mount-1878","category":"rounded_hill","name":"","elevation_m":2292,"main":false,"five_thousander":false},"geometry":{"type":"Point","coordinates":[41.068965,43.555562]}},{"type":"Feature","properties":{"id":"mount-1879","category":"rounded_hill","name":"","elevation_m":2362,"main":false,"five_thousander":false},"geometry":{"type":"Point","coordinates":[40.999002,43.574686]}},{"type":"Feature","properties":{"id":"mount-1880","category":"steep_mountain","name":"","elevation_m":2577,"main":false,"five_thousander":false},"geometry":{"type":"Point","coordinates":[40.840452,43.564534]}},{"type":"Feature","properties":{"id":"mount-1881","category":"steep_mountain","name":"","elevation_m":2950,"main":false,"five_thousander":false},"geometry":{"type":"Point","coordinates":[41.492722,43.402124]}},{"type":"Feature","properties":{"id":"mount-1882","category":"steep_mountain","name":"","elevation_m":3103,"main":false,"five_thousander":false},"geometry":{"type":"Point","coordinates":[41.495308,43.391951]}},{"type":"Feature","properties":{"id":"mount-1883","category":"rounded_mountain","name":"","elevation_m":3048,"main":false,"five_thousander":false},"geometry":{"type":"Point","coordinates":[41.496112,43.396894]}},{"type":"Feature","properties":{"id":"mount-1884","category":"rounded_mountain","name":"","elevation_m":3151,"main":false,"five_thousander":false},"geometry":{"type":"Point","coordinates":[41.528224,43.436763]}},{"type":"Feature","properties":{"id":"mount-1885","category":"rounded_hill","name":"","elevation_m":2679,"main":false,"five_thousander":false},"geometry":{"type":"Point","coordinates":[40.941571,43.716264]}},{"type":"Feature","properties":{"id":"mount-1886","category":"steep_mountain","name":"","elevation_m":2416,"main":false,"five_thousander":false},"geometry":{"type":"Point","coordinates":[40.768461,43.544077]}},{"type":"Feature","properties":{"id":"mount-1887","category":"rounded_mountain","name":"","elevation_m":2454,"main":false,"five_thousander":false},"geometry":{"type":"Point","coordinates":[40.727777,43.543416]}},{"type":"Feature","properties":{"id":"mount-1888","category":"rounded_mountain","name":"","elevation_m":2399,"main":false,"five_thousander":false},"geometry":{"type":"Point","coordinates":[41.050404,43.722017]}},{"type":"Feature","properties":{"id":"mount-1889","category":"rounded_mountain","name":"","elevation_m":2865,"main":false,"five_thousander":false},"geometry":{"type":"Point","coordinates":[43.283397,43.289592]}},{"type":"Feature","properties":{"id":"mount-1890","category":"rocky_peak","name":"","elevation_m":2432,"main":false,"five_thousander":false},"geometry":{"type":"Point","coordinates":[41.317681,43.394095]}},{"type":"Feature","properties":{"id":"mount-1891","category":"rounded_mountain","name":"","elevation_m":3165,"main":false,"five_thousander":false},"geometry":{"type":"Point","coordinates":[41.635319,43.444398]}},{"type":"Feature","properties":{"id":"mount-1892","category":"steep_mountain","name":"","elevation_m":2885,"main":false,"five_thousander":false},"geometry":{"type":"Point","coordinates":[41.180438,43.411158]}},{"type":"Feature","properties":{"id":"mount-1893","category":"rounded_mountain","name":"","elevation_m":3084,"main":false,"five_thousander":false},"geometry":{"type":"Point","coordinates":[41.2233,43.454196]}},{"type":"Feature","properties":{"id":"mount-1894","category":"rounded_mountain","name":"","elevation_m":3094,"main":false,"five_thousander":false},"geometry":{"type":"Point","coordinates":[41.111569,43.487085]}},{"type":"Feature","properties":{"id":"mount-1895","category":"ridge","name":"","elevation_m":2662,"main":false,"five_thousander":false},"geometry":{"type":"Point","coordinates":[40.702897,43.533725]}},{"type":"Feature","properties":{"id":"mount-1896","category":"rounded_mountain","name":"","elevation_m":2966,"main":false,"five_thousander":false},"geometry":{"type":"Point","coordinates":[41.487046,43.568631]}},{"type":"Feature","properties":{"id":"mount-1897","category":"rounded_mountain","name":"","elevation_m":2479,"main":false,"five_thousander":false},"geometry":{"type":"Point","coordinates":[41.505082,43.572502]}},{"type":"Feature","properties":{"id":"mount-1898","category":"rounded_hill","name":"","elevation_m":3033,"main":false,"five_thousander":false},"geometry":{"type":"Point","coordinates":[41.49667,43.555461]}},{"type":"Feature","properties":{"id":"mount-1899","category":"rounded_hill","name":"","elevation_m":3064,"main":false,"five_thousander":false},"geometry":{"type":"Point","coordinates":[41.499331,43.554862]}},{"type":"Feature","properties":{"id":"mount-1900","category":"rounded_hill","name":"","elevation_m":2776,"main":false,"five_thousander":false},"geometry":{"type":"Point","coordinates":[41.488806,43.541168]}},{"type":"Feature","properties":{"id":"mount-1901","category":"rounded_mountain","name":"","elevation_m":3016,"main":false,"five_thousander":false},"geometry":{"type":"Point","coordinates":[41.505564,43.538143]}},{"type":"Feature","properties":{"id":"mount-1902","category":"rounded_hill","name":"","elevation_m":2899,"main":false,"five_thousander":false},"geometry":{"type":"Point","coordinates":[41.521046,43.552125]}},{"type":"Feature","properties":{"id":"mount-1903","category":"rounded_mountain","name":"","elevation_m":2648,"main":false,"five_thousander":false},"geometry":{"type":"Point","coordinates":[41.52361,43.575486]}},{"type":"Feature","properties":{"id":"mount-1904","category":"rounded_mountain","name":"","elevation_m":2799,"main":false,"five_thousander":false},"geometry":{"type":"Point","coordinates":[40.760243,43.793139]}},{"type":"Feature","properties":{"id":"mount-1905","category":"ridge","name":"","elevation_m":2450,"main":false,"five_thousander":false},"geometry":{"type":"Point","coordinates":[40.813297,43.792279]}},{"type":"Feature","properties":{"id":"mount-1906","category":"rounded_mountain","name":"","elevation_m":1901,"main":false,"five_thousander":false},"geometry":{"type":"Point","coordinates":[40.841728,43.80271]}},{"type":"Feature","properties":{"id":"mount-1907","category":"rounded_hill","name":"","elevation_m":1815,"main":false,"five_thousander":false},"geometry":{"type":"Point","coordinates":[40.844003,43.812567]}},{"type":"Feature","properties":{"id":"mount-1908","category":"ridge","name":"","elevation_m":3107,"main":false,"five_thousander":false},"geometry":{"type":"Point","coordinates":[40.756145,43.7549]}},{"type":"Feature","properties":{"id":"mount-1909","category":"ridge","name":"","elevation_m":3089,"main":false,"five_thousander":false},"geometry":{"type":"Point","coordinates":[43.585006,43.099573]}},{"type":"Feature","properties":{"id":"mount-1910","category":"ridge","name":"","elevation_m":2650,"main":false,"five_thousander":false},"geometry":{"type":"Point","coordinates":[43.487781,43.080487]}},{"type":"Feature","properties":{"id":"mount-1911","category":"rounded_hill","name":"","elevation_m":2236,"main":false,"five_thousander":false},"geometry":{"type":"Point","coordinates":[43.505334,43.088205]}},{"type":"Feature","properties":{"id":"mount-1912","category":"rounded_hill","name":"","elevation_m":2314,"main":false,"five_thousander":false},"geometry":{"type":"Point","coordinates":[43.528283,43.107657]}},{"type":"Feature","properties":{"id":"mount-1913","category":"rounded_hill","name":"","elevation_m":2256,"main":false,"five_thousander":false},"geometry":{"type":"Point","coordinates":[43.508885,43.096831]}},{"type":"Feature","properties":{"id":"mount-1914","category":"rounded_mountain","name":"","elevation_m":2732,"main":false,"five_thousander":false},"geometry":{"type":"Point","coordinates":[40.726908,43.562248]}},{"type":"Feature","properties":{"id":"mount-1915","category":"rounded_mountain","name":"","elevation_m":2848,"main":false,"five_thousander":false},"geometry":{"type":"Point","coordinates":[40.724838,43.579155]}},{"type":"Feature","properties":{"id":"mount-1916","category":"ridge","name":"","elevation_m":2888,"main":false,"five_thousander":false},"geometry":{"type":"Point","coordinates":[40.740963,43.59427]}},{"type":"Feature","properties":{"id":"mount-1917","category":"rounded_hill","name":"","elevation_m":2441,"main":false,"five_thousander":false},"geometry":{"type":"Point","coordinates":[40.744396,43.818187]}},{"type":"Feature","properties":{"id":"mount-1918","category":"ridge","name":"","elevation_m":2769,"main":false,"five_thousander":false},"geometry":{"type":"Point","coordinates":[41.258833,43.503282]}},{"type":"Feature","properties":{"id":"mount-1919","category":"rounded_mountain","name":"","elevation_m":2856,"main":false,"five_thousander":false},"geometry":{"type":"Point","coordinates":[41.271032,43.490759]}},{"type":"Feature","properties":{"id":"mount-1920","category":"rocky_ridge","name":"","elevation_m":3190,"main":false,"five_thousander":false},"geometry":{"type":"Point","coordinates":[41.249993,43.413255]}},{"type":"Feature","properties":{"id":"mount-1921","category":"rounded_mountain","name":"","elevation_m":3003,"main":false,"five_thousander":false},"geometry":{"type":"Point","coordinates":[41.227248,43.384068]}},{"type":"Feature","properties":{"id":"mount-1922","category":"rocky_peak","name":"","elevation_m":3006,"main":false,"five_thousander":false},"geometry":{"type":"Point","coordinates":[41.279197,43.345888]}},{"type":"Feature","properties":{"id":"mount-1923","category":"rounded_mountain","name":"","elevation_m":2749,"main":false,"five_thousander":false},"geometry":{"type":"Point","coordinates":[40.965153,43.646223]}},{"type":"Feature","properties":{"id":"mount-1924","category":"rounded_mountain","name":"","elevation_m":3166,"main":false,"five_thousander":false},"geometry":{"type":"Point","coordinates":[42.245865,43.363176]}},{"type":"Feature","properties":{"id":"mount-1925","category":"massif","name":"","elevation_m":2994,"main":false,"five_thousander":false},"geometry":{"type":"Point","coordinates":[41.672044,43.293989]}},{"type":"Feature","properties":{"id":"mount-1926","category":"rounded_hill","name":"","elevation_m":2311,"main":false,"five_thousander":false},"geometry":{"type":"Point","coordinates":[41.230799,43.557607]}},{"type":"Feature","properties":{"id":"mount-1927","category":"rounded_mountain","name":"","elevation_m":1828,"main":false,"five_thousander":false},"geometry":{"type":"Point","coordinates":[42.128127,43.777795]}},{"type":"Feature","properties":{"id":"mount-1928","category":"rocky_peak","name":"","elevation_m":2954,"main":false,"five_thousander":false},"geometry":{"type":"Point","coordinates":[41.468453,43.324936]}},{"type":"Feature","properties":{"id":"mount-1929","category":"rounded_mountain","name":"","elevation_m":2498,"main":false,"five_thousander":false},"geometry":{"type":"Point","coordinates":[41.041263,43.725289]}},{"type":"Feature","properties":{"id":"mount-1930","category":"rounded_mountain","name":"","elevation_m":2677,"main":false,"five_thousander":false},"geometry":{"type":"Point","coordinates":[40.982201,43.702319]}},{"type":"Feature","properties":{"id":"mount-1931","category":"rocky_peak","name":"","elevation_m":3106,"main":false,"five_thousander":false},"geometry":{"type":"Point","coordinates":[43.315562,43.057796]}},{"type":"Feature","properties":{"id":"mount-1932","category":"rounded_hill","name":"","elevation_m":2992,"main":false,"five_thousander":false},"geometry":{"type":"Point","coordinates":[43.321495,43.15588]}},{"type":"Feature","properties":{"id":"mount-1933","category":"rounded_mountain","name":"","elevation_m":3059,"main":false,"five_thousander":false},"geometry":{"type":"Point","coordinates":[43.305992,43.113304]}},{"type":"Feature","properties":{"id":"mount-1934","category":"rounded_hill","name":"","elevation_m":2023,"main":false,"five_thousander":false},"geometry":{"type":"Point","coordinates":[41.508579,43.649227]}},{"type":"Feature","properties":{"id":"mount-1935","category":"rounded_hill","name":"","elevation_m":1852,"main":false,"five_thousander":false},"geometry":{"type":"Point","coordinates":[41.335963,43.68045]}},{"type":"Feature","properties":{"id":"mount-1936","category":"rounded_hill","name":"","elevation_m":1895,"main":false,"five_thousander":false},"geometry":{"type":"Point","coordinates":[41.429197,43.690156]}},{"type":"Feature","properties":{"id":"mount-1937","category":"ridge","name":"","elevation_m":3090,"main":false,"five_thousander":false},"geometry":{"type":"Point","coordinates":[42.507294,43.445223]}},{"type":"Feature","properties":{"id":"mount-1938","category":"ridge","name":"","elevation_m":3099,"main":false,"five_thousander":false},"geometry":{"type":"Point","coordinates":[42.512487,43.448066]}},{"type":"Feature","properties":{"id":"mount-1939","category":"rounded_mountain","name":"","elevation_m":3081,"main":false,"five_thousander":false},"geometry":{"type":"Point","coordinates":[42.505224,43.441991]}},{"type":"Feature","properties":{"id":"mount-1940","category":"rounded_mountain","name":"","elevation_m":3095,"main":false,"five_thousander":false},"geometry":{"type":"Point","coordinates":[42.453039,43.465107]}},{"type":"Feature","properties":{"id":"mount-1941","category":"ridge","name":"","elevation_m":3185,"main":false,"five_thousander":false},"geometry":{"type":"Point","coordinates":[42.303672,43.327144]}},{"type":"Feature","properties":{"id":"mount-1942","category":"rounded_mountain","name":"","elevation_m":2196,"main":false,"five_thousander":false},"geometry":{"type":"Point","coordinates":[40.828017,43.852935]}},{"type":"Feature","properties":{"id":"mount-1943","category":"rounded_mountain","name":"","elevation_m":2001,"main":false,"five_thousander":false},"geometry":{"type":"Point","coordinates":[41.681689,43.604293]}},{"type":"Feature","properties":{"id":"mount-1944","category":"rocky_ridge","name":"","elevation_m":3175,"main":false,"five_thousander":false},"geometry":{"type":"Point","coordinates":[41.862438,43.231564]}},{"type":"Feature","properties":{"id":"mount-1945","category":"rocky_peak","name":"","elevation_m":2255,"main":false,"five_thousander":false},"geometry":{"type":"Point","coordinates":[41.884625,43.165803]}},{"type":"Feature","properties":{"id":"mount-1946","category":"rocky_peak","name":"","elevation_m":4051,"main":false,"five_thousander":false},"geometry":{"type":"Point","coordinates":[42.834696,43.2668]}},{"type":"Feature","properties":{"id":"mount-1947","category":"rocky_peak","name":"","elevation_m":4094,"main":false,"five_thousander":false},"geometry":{"type":"Point","coordinates":[43.507447,42.963324]}},{"type":"Feature","properties":{"id":"mount-1948","category":"rocky_ridge","name":"","elevation_m":4283,"main":false,"five_thousander":false},"geometry":{"type":"Point","coordinates":[43.497716,42.962217]}},{"type":"Feature","properties":{"id":"mount-1949","category":"rocky_peak","name":"","elevation_m":4027,"main":false,"five_thousander":false},"geometry":{"type":"Point","coordinates":[43.490828,42.960034]}},{"type":"Feature","properties":{"id":"mount-1950","category":"rocky_peak","name":"","elevation_m":4044,"main":false,"five_thousander":false},"geometry":{"type":"Point","coordinates":[43.479992,42.962515]}},{"type":"Feature","properties":{"id":"mount-1951","category":"rocky_peak","name":"","elevation_m":4095,"main":false,"five_thousander":false},"geometry":{"type":"Point","coordinates":[43.473136,42.960011]}},{"type":"Feature","properties":{"id":"mount-1952","category":"rocky_peak","name":"","elevation_m":4264,"main":false,"five_thousander":false},"geometry":{"type":"Point","coordinates":[43.466656,42.961668]}},{"type":"Feature","properties":{"id":"mount-1953","category":"rocky_peak","name":"","elevation_m":4350,"main":false,"five_thousander":false},"geometry":{"type":"Point","coordinates":[43.456753,42.969157]}},{"type":"Feature","properties":{"id":"mount-1954","category":"rocky_peak","name":"","elevation_m":4445,"main":false,"five_thousander":false},"geometry":{"type":"Point","coordinates":[43.444598,42.973396]}},{"type":"Feature","properties":{"id":"mount-1955","category":"rocky_ridge","name":"","elevation_m":4386,"main":false,"five_thousander":false},"geometry":{"type":"Point","coordinates":[43.451689,42.975806]}},{"type":"Feature","properties":{"id":"mount-1956","category":"rocky_peak","name":"","elevation_m":4406,"main":false,"five_thousander":false},"geometry":{"type":"Point","coordinates":[43.055184,43.089114]}},{"type":"Feature","properties":{"id":"mount-1957","category":"rocky_ridge","name":"","elevation_m":4254,"main":false,"five_thousander":false},"geometry":{"type":"Point","coordinates":[43.082156,43.108644]}},{"type":"Feature","properties":{"id":"mount-1958","category":"rocky_ridge","name":"","elevation_m":4030,"main":false,"five_thousander":false},"geometry":{"type":"Point","coordinates":[42.923595,43.266113]}},{"type":"Feature","properties":{"id":"mount-1959","category":"steep_mountain","name":"","elevation_m":4094,"main":false,"five_thousander":false},"geometry":{"type":"Point","coordinates":[42.932521,43.275378]}},{"type":"Feature","properties":{"id":"mount-1960","category":"rounded_mountain","name":"","elevation_m":4058,"main":false,"five_thousander":false},"geometry":{"type":"Point","coordinates":[42.938733,43.281048]}},{"type":"Feature","properties":{"id":"mount-1961","category":"rocky_ridge","name":"","elevation_m":4049,"main":false,"five_thousander":false},"geometry":{"type":"Point","coordinates":[42.935461,43.285078]}},{"type":"Feature","properties":{"id":"mount-1962","category":"rocky_peak","name":"","elevation_m":4038,"main":false,"five_thousander":false},"geometry":{"type":"Point","coordinates":[42.952241,43.295106]}},{"type":"Feature","properties":{"id":"mount-1963","category":"steep_mountain","name":"","elevation_m":4033,"main":false,"five_thousander":false},"geometry":{"type":"Point","coordinates":[42.407076,43.381043]}},{"type":"Feature","properties":{"id":"mount-1964","category":"rocky_peak","name":"","elevation_m":4589,"main":false,"five_thousander":false},"geometry":{"type":"Point","coordinates":[42.391627,43.337321]}},{"type":"Feature","properties":{"id":"mount-1965","category":"rocky_peak","name":"","elevation_m":4291,"main":false,"five_thousander":false},"geometry":{"type":"Point","coordinates":[42.865884,43.203455]}},{"type":"Feature","properties":{"id":"mount-1966","category":"rocky_ridge","name":"","elevation_m":4171,"main":false,"five_thousander":false},"geometry":{"type":"Point","coordinates":[42.883168,43.232353]}},{"type":"Feature","properties":{"id":"mount-1967","category":"rocky_ridge","name":"","elevation_m":4056,"main":false,"five_thousander":false},"geometry":{"type":"Point","coordinates":[42.844502,43.251392]}},{"type":"Feature","properties":{"id":"mount-1968","category":"isolated_peak","name":"","elevation_m":4197,"main":false,"five_thousander":false},"geometry":{"type":"Point","coordinates":[42.888533,43.215779]}},{"type":"Feature","properties":{"id":"mount-1969","category":"rocky_ridge","name":"","elevation_m":4154,"main":false,"five_thousander":false},"geometry":{"type":"Point","coordinates":[42.871045,43.252298]}},{"type":"Feature","properties":{"id":"mount-1970","category":"ridge","name":"","elevation_m":4184,"main":false,"five_thousander":false},"geometry":{"type":"Point","coordinates":[42.881473,43.223989]}},{"type":"Feature","properties":{"id":"mount-1971","category":"rocky_ridge","name":"","elevation_m":4108,"main":false,"five_thousander":false},"geometry":{"type":"Point","coordinates":[43.113688,43.047879]}},{"type":"Feature","properties":{"id":"mount-1972","category":"rocky_ridge","name":"","elevation_m":4299,"main":false,"five_thousander":false},"geometry":{"type":"Point","coordinates":[43.137206,43.029177]}},{"type":"Feature","properties":{"id":"mount-1973","category":"rocky_ridge","name":"","elevation_m":4056,"main":false,"five_thousander":false},"geometry":{"type":"Point","coordinates":[43.144416,43.082837]}},{"type":"Feature","properties":{"id":"mount-1974","category":"rocky_peak","name":"","elevation_m":4256,"main":false,"five_thousander":false},"geometry":{"type":"Point","coordinates":[43.132399,43.069954]}},{"type":"Feature","properties":{"id":"mount-1975","category":"rocky_peak","name":"","elevation_m":4149,"main":false,"five_thousander":false},"geometry":{"type":"Point","coordinates":[43.212694,43.084021]}},{"type":"Feature","properties":{"id":"mount-1976","category":"rocky_peak","name":"","elevation_m":4115,"main":false,"five_thousander":false},"geometry":{"type":"Point","coordinates":[43.201547,43.105354]}},{"type":"Feature","properties":{"id":"mount-1977","category":"rocky_peak","name":"","elevation_m":4155,"main":false,"five_thousander":false},"geometry":{"type":"Point","coordinates":[43.207673,43.099009]}},{"type":"Feature","properties":{"id":"mount-1978","category":"rocky_peak","name":"","elevation_m":4034,"main":false,"five_thousander":false},"geometry":{"type":"Point","coordinates":[43.19512,43.103443]}},{"type":"Feature","properties":{"id":"mount-1979","category":"rocky_ridge","name":"","elevation_m":4667,"main":false,"five_thousander":false},"geometry":{"type":"Point","coordinates":[43.220354,43.079194]}},{"type":"Feature","properties":{"id":"mount-1980","category":"rocky_peak","name":"","elevation_m":4517,"main":false,"five_thousander":false},"geometry":{"type":"Point","coordinates":[43.206568,43.072148]}},{"type":"Feature","properties":{"id":"mount-1981","category":"rocky_peak","name":"","elevation_m":4285,"main":false,"five_thousander":false},"geometry":{"type":"Point","coordinates":[43.015616,43.071153]}},{"type":"Feature","properties":{"id":"mount-1982","category":"rocky_peak","name":"","elevation_m":4202,"main":false,"five_thousander":false},"geometry":{"type":"Point","coordinates":[43.059261,43.085274]}},{"type":"Feature","properties":{"id":"mount-1983","category":"rocky_ridge","name":"","elevation_m":4079,"main":false,"five_thousander":false},"geometry":{"type":"Point","coordinates":[43.188125,43.066192]}},{"type":"Feature","properties":{"id":"mount-1984","category":"rocky_ridge","name":"","elevation_m":4014,"main":false,"five_thousander":false},"geometry":{"type":"Point","coordinates":[43.14301,43.018784]}},{"type":"Feature","properties":{"id":"mount-1985","category":"rocky_ridge","name":"","elevation_m":4280,"main":false,"five_thousander":false},"geometry":{"type":"Point","coordinates":[43.073756,43.101038]}},{"type":"Feature","properties":{"id":"mount-1986","category":"massif","name":"","elevation_m":4013,"main":false,"five_thousander":false},"geometry":{"type":"Point","coordinates":[43.142345,43.021459]}},{"type":"Feature","properties":{"id":"mount-1987","category":"rounded_mountain","name":"","elevation_m":4207,"main":false,"five_thousander":false},"geometry":{"type":"Point","coordinates":[43.154233,43.028377]}},{"type":"Feature","properties":{"id":"mount-1988","category":"rocky_peak","name":"","elevation_m":4286,"main":false,"five_thousander":false},"geometry":{"type":"Point","coordinates":[43.211417,43.067595]}},{"type":"Feature","properties":{"id":"mount-1989","category":"rocky_peak","name":"","elevation_m":4080,"main":false,"five_thousander":false},"geometry":{"type":"Point","coordinates":[43.197191,43.073332]}},{"type":"Feature","properties":{"id":"mount-1990","category":"rocky_ridge","name":"","elevation_m":4302,"main":false,"five_thousander":false},"geometry":{"type":"Point","coordinates":[43.211675,43.064914]}},{"type":"Feature","properties":{"id":"mount-1991","category":"rocky_peak","name":"","elevation_m":4120,"main":false,"five_thousander":false},"geometry":{"type":"Point","coordinates":[43.195324,43.067618]}},{"type":"Feature","properties":{"id":"mount-1992","category":"rocky_peak","name":"","elevation_m":4840,"main":false,"five_thousander":false},"geometry":{"type":"Point","coordinates":[43.071696,43.007801]}},{"type":"Feature","properties":{"id":"mount-1993","category":"rocky_ridge","name":"","elevation_m":4386,"main":false,"five_thousander":false},"geometry":{"type":"Point","coordinates":[43.24473,43.050913]}},{"type":"Feature","properties":{"id":"mount-1994","category":"rocky_peak","name":"","elevation_m":4506,"main":false,"five_thousander":false},"geometry":{"type":"Point","coordinates":[43.227167,43.080706]}},{"type":"Feature","properties":{"id":"mount-1995","category":"rocky_ridge","name":"","elevation_m":4037,"main":false,"five_thousander":false},"geometry":{"type":"Point","coordinates":[42.856958,43.210728]}},{"type":"Feature","properties":{"id":"mount-1996","category":"rocky_peak","name":"","elevation_m":4778,"main":false,"five_thousander":false},"geometry":{"type":"Point","coordinates":[42.993289,43.030675]}},{"type":"Feature","properties":{"id":"mount-1997","category":"rocky_peak","name":"","elevation_m":4219,"main":false,"five_thousander":false},"geometry":{"type":"Point","coordinates":[43.01096,43.033961]}},{"type":"Feature","properties":{"id":"mount-1998","category":"rocky_ridge","name":"","elevation_m":4667,"main":false,"five_thousander":false},"geometry":{"type":"Point","coordinates":[43.187449,43.04123]}},{"type":"Feature","properties":{"id":"mount-1999","category":"rocky_peak","name":"","elevation_m":4222,"main":false,"five_thousander":false},"geometry":{"type":"Point","coordinates":[43.098453,43.119005]}},{"type":"Feature","properties":{"id":"mount-2000","category":"rocky_peak","name":"","elevation_m":4075,"main":false,"five_thousander":false},"geometry":{"type":"Point","coordinates":[42.918627,43.291709]}},{"type":"Feature","properties":{"id":"mount-2001","category":"rocky_peak","name":"","elevation_m":4030,"main":false,"five_thousander":false},"geometry":{"type":"Point","coordinates":[42.881109,43.15354]}},{"type":"Feature","properties":{"id":"mount-2002","category":"rocky_ridge","name":"","elevation_m":4391,"main":false,"five_thousander":false},"geometry":{"type":"Point","coordinates":[43.452591,42.97532]}},{"type":"Feature","properties":{"id":"mount-2003","category":"rocky_peak","name":"","elevation_m":4543,"main":false,"five_thousander":false},"geometry":{"type":"Point","coordinates":[43.031441,43.016792]}},{"type":"Feature","properties":{"id":"mount-2004","category":"rounded_mountain","name":"","elevation_m":4041,"main":false,"five_thousander":false},"geometry":{"type":"Point","coordinates":[43.027074,43.078935]}},{"type":"Feature","properties":{"id":"mount-2005","category":"rocky_ridge","name":"","elevation_m":4311,"main":false,"five_thousander":false},"geometry":{"type":"Point","coordinates":[43.065752,43.098053]}},{"type":"Feature","properties":{"id":"mount-2006","category":"rocky_peak","name":"","elevation_m":4125,"main":false,"five_thousander":false},"geometry":{"type":"Point","coordinates":[42.840457,43.271605]}},{"type":"Feature","properties":{"id":"mount-2007","category":"rocky_peak","name":"","elevation_m":4072,"main":false,"five_thousander":false},"geometry":{"type":"Point","coordinates":[42.864618,43.198434]}},{"type":"Feature","properties":{"id":"mount-2008","category":"rocky_peak","name":"","elevation_m":4261,"main":false,"five_thousander":false},"geometry":{"type":"Point","coordinates":[42.902641,43.233244]}},{"type":"Feature","properties":{"id":"mount-2009","category":"rocky_peak","name":"","elevation_m":4197,"main":false,"five_thousander":false},"geometry":{"type":"Point","coordinates":[42.883962,43.240615]}},{"type":"Feature","properties":{"id":"mount-2010","category":"rocky_peak","name":"","elevation_m":4242,"main":false,"five_thousander":false},"geometry":{"type":"Point","coordinates":[42.885915,43.241404]}},{"type":"Feature","properties":{"id":"mount-2011","category":"rocky_ridge","name":"","elevation_m":4177,"main":false,"five_thousander":false},"geometry":{"type":"Point","coordinates":[42.87288,43.250439]}},{"type":"Feature","properties":{"id":"mount-2012","category":"ridge","name":"","elevation_m":4132,"main":false,"five_thousander":false},"geometry":{"type":"Point","coordinates":[42.966338,43.294715]}},{"type":"Feature","properties":{"id":"mount-2013","category":"rocky_ridge","name":"","elevation_m":4202,"main":false,"five_thousander":false},"geometry":{"type":"Point","coordinates":[42.866356,43.252267]}},{"type":"Feature","properties":{"id":"mount-2014","category":"rocky_ridge","name":"","elevation_m":4185,"main":false,"five_thousander":false},"geometry":{"type":"Point","coordinates":[42.868685,43.252439]}},{"type":"Feature","properties":{"id":"mount-2015","category":"steep_mountain","name":"","elevation_m":4131,"main":false,"five_thousander":false},"geometry":{"type":"Point","coordinates":[42.856958,43.256424]}},{"type":"Feature","properties":{"id":"mount-2016","category":"isolated_peak","name":"","elevation_m":4118,"main":false,"five_thousander":false},"geometry":{"type":"Point","coordinates":[42.917093,43.258807]}},{"type":"Feature","properties":{"id":"mount-2017","category":"rocky_ridge","name":"","elevation_m":4178,"main":false,"five_thousander":false},"geometry":{"type":"Point","coordinates":[42.849212,43.267456]}},{"type":"Feature","properties":{"id":"mount-2018","category":"rocky_peak","name":"","elevation_m":4312,"main":false,"five_thousander":false},"geometry":{"type":"Point","coordinates":[43.222747,43.031647]}},{"type":"Feature","properties":{"id":"mount-2019","category":"rocky_peak","name":"","elevation_m":4499,"main":false,"five_thousander":false},"geometry":{"type":"Point","coordinates":[43.227296,43.028463]}},{"type":"Feature","properties":{"id":"mount-2020","category":"rocky_ridge","name":"","elevation_m":4458,"main":false,"five_thousander":false},"geometry":{"type":"Point","coordinates":[43.23869,43.047738]}},{"type":"Feature","properties":{"id":"mount-2021","category":"rocky_peak","name":"","elevation_m":4287,"main":false,"five_thousander":false},"geometry":{"type":"Point","coordinates":[43.249665,43.051823]}},{"type":"Feature","properties":{"id":"mount-2022","category":"rocky_peak","name":"","elevation_m":4212,"main":false,"five_thousander":false},"geometry":{"type":"Point","coordinates":[43.250459,43.055884]}},{"type":"Feature","properties":{"id":"mount-2023","category":"rocky_peak","name":"","elevation_m":4299,"main":false,"five_thousander":false},"geometry":{"type":"Point","coordinates":[43.212651,43.09611]}},{"type":"Feature","properties":{"id":"mount-2024","category":"rocky_peak","name":"","elevation_m":4521,"main":false,"five_thousander":false},"geometry":{"type":"Point","coordinates":[42.65856,43.124291]}},{"type":"Feature","properties":{"id":"mount-2025","category":"rocky_ridge","name":"","elevation_m":4086,"main":false,"five_thousander":false},"geometry":{"type":"Point","coordinates":[42.822261,43.134392]}},{"type":"Feature","properties":{"id":"mount-2026","category":"rocky_ridge","name":"","elevation_m":4061,"main":false,"five_thousander":false},"geometry":{"type":"Point","coordinates":[42.946619,43.163033]}},{"type":"Feature","properties":{"id":"mount-2027","category":"rocky_peak","name":"","elevation_m":4090,"main":false,"five_thousander":false},"geometry":{"type":"Point","coordinates":[43.147012,42.968647]}},{"type":"Feature","properties":{"id":"mount-2028","category":"rocky_peak","name":"","elevation_m":4153,"main":false,"five_thousander":false},"geometry":{"type":"Point","coordinates":[43.022912,43.062986]}},{"type":"Feature","properties":{"id":"mount-2029","category":"rocky_peak","name":"","elevation_m":4099,"main":false,"five_thousander":false},"geometry":{"type":"Point","coordinates":[43.134588,42.979087]}},{"type":"Feature","properties":{"id":"mount-2030","category":"rocky_peak","name":"","elevation_m":4139,"main":false,"five_thousander":false},"geometry":{"type":"Point","coordinates":[43.143793,42.967014]}},{"type":"Feature","properties":{"id":"mount-2031","category":"rocky_peak","name":"","elevation_m":4323,"main":false,"five_thousander":false},"geometry":{"type":"Point","coordinates":[42.404158,43.370827]}},{"type":"Feature","properties":{"id":"mount-2032","category":"rounded_mountain","name":"","elevation_m":4931,"main":false,"five_thousander":false},"geometry":{"type":"Point","coordinates":[42.4061,43.341347]}},{"type":"Feature","properties":{"id":"mount-2033","category":"steep_mountain","name":"","elevation_m":4023,"main":false,"five_thousander":false},"geometry":{"type":"Point","coordinates":[42.959654,43.269737]}},{"type":"Feature","properties":{"id":"mount-2034","category":"rocky_peak","name":"","elevation_m":4056,"main":false,"five_thousander":false},"geometry":{"type":"Point","coordinates":[42.679675,43.172705]}},{"type":"Feature","properties":{"id":"mount-2035","category":"rocky_ridge","name":"","elevation_m":4405,"main":false,"five_thousander":false},"geometry":{"type":"Point","coordinates":[42.511232,43.199381]}},{"type":"Feature","properties":{"id":"mount-2036","category":"rocky_peak","name":"","elevation_m":4127,"main":false,"five_thousander":false},"geometry":{"type":"Point","coordinates":[43.443418,42.98156]}},{"type":"Feature","properties":{"id":"mount-2037","category":"rocky_peak","name":"","elevation_m":4233,"main":false,"five_thousander":false},"geometry":{"type":"Point","coordinates":[42.494999,43.2001]}},{"type":"Feature","properties":{"id":"mount-2038","category":"rocky_ridge","name":"","elevation_m":4434,"main":false,"five_thousander":false},"geometry":{"type":"Point","coordinates":[42.514547,43.194813]}},{"type":"Feature","properties":{"id":"mount-2039","category":"rocky_peak","name":"","elevation_m":4193,"main":false,"five_thousander":false},"geometry":{"type":"Point","coordinates":[42.93265,43.146847]}},{"type":"Feature","properties":{"id":"mount-2040","category":"rocky_ridge","name":"","elevation_m":4032,"main":false,"five_thousander":false},"geometry":{"type":"Point","coordinates":[42.929142,43.124816]}},{"type":"Feature","properties":{"id":"mount-2041","category":"rocky_ridge","name":"","elevation_m":4531,"main":false,"five_thousander":false},"geometry":{"type":"Point","coordinates":[42.990071,43.119115]}},{"type":"Feature","properties":{"id":"mount-2042","category":"rocky_peak","name":"","elevation_m":4202,"main":false,"five_thousander":false},"geometry":{"type":"Point","coordinates":[43.00081,43.113476]}},{"type":"Feature","properties":{"id":"mount-2043","category":"rocky_peak","name":"","elevation_m":4018,"main":false,"five_thousander":false},"geometry":{"type":"Point","coordinates":[43.02775,43.099017]}},{"type":"Feature","properties":{"id":"mount-2044","category":"rocky_peak","name":"","elevation_m":4284,"main":false,"five_thousander":false},"geometry":{"type":"Point","coordinates":[43.04305,43.088001]}},{"type":"Feature","properties":{"id":"mount-2045","category":"rounded_mountain","name":"","elevation_m":4051,"main":false,"five_thousander":false},"geometry":{"type":"Point","coordinates":[43.03614,43.082485]}},{"type":"Feature","properties":{"id":"mount-2046","category":"rocky_ridge","name":"","elevation_m":4881,"main":false,"five_thousander":false},"geometry":{"type":"Point","coordinates":[43.036344,43.0296]}},{"type":"Feature","properties":{"id":"mount-2047","category":"rocky_peak","name":"","elevation_m":4384,"main":false,"five_thousander":false},"geometry":{"type":"Point","coordinates":[43.133333,42.985131]}},{"type":"Feature","properties":{"id":"mount-2048","category":"ridge","name":"","elevation_m":4132,"main":false,"five_thousander":false},"geometry":{"type":"Point","coordinates":[43.141487,42.976481]}},{"type":"Feature","properties":{"id":"mount-2049","category":"rocky_peak","name":"","elevation_m":4161,"main":false,"five_thousander":false},"geometry":{"type":"Point","coordinates":[43.142828,42.969911]}},{"type":"Feature","properties":{"id":"mount-2050","category":"rocky_peak","name":"","elevation_m":4503,"main":false,"five_thousander":false},"geometry":{"type":"Point","coordinates":[43.179413,42.957318]}},{"type":"Feature","properties":{"id":"mount-2051","category":"rocky_peak","name":"","elevation_m":4172,"main":false,"five_thousander":false},"geometry":{"type":"Point","coordinates":[43.186301,42.937614]}},{"type":"Feature","properties":{"id":"mount-2052","category":"rocky_peak","name":"","elevation_m":4037,"main":false,"five_thousander":false},"geometry":{"type":"Point","coordinates":[43.210634,42.932469]}},{"type":"Feature","properties":{"id":"mount-2053","category":"rocky_ridge","name":"","elevation_m":4307,"main":false,"five_thousander":false},"geometry":{"type":"Point","coordinates":[43.213123,43.064459]}},{"type":"Feature","properties":{"id":"mount-2054","category":"rocky_peak","name":"","elevation_m":4161,"main":false,"five_thousander":false},"geometry":{"type":"Point","coordinates":[43.162891,43.022635]}},{"type":"Feature","properties":{"id":"mount-2055","category":"rocky_ridge","name":"","elevation_m":4157,"main":false,"five_thousander":false},"geometry":{"type":"Point","coordinates":[42.645149,43.148507]}},{"type":"Feature","properties":{"id":"mount-2056","category":"rocky_ridge","name":"","elevation_m":4463,"main":false,"five_thousander":false},"geometry":{"type":"Point","coordinates":[43.395749,42.993646]}},{"type":"Feature","properties":{"id":"mount-2057","category":"rocky_peak","name":"","elevation_m":4017,"main":false,"five_thousander":false},"geometry":{"type":"Point","coordinates":[43.46804,42.955048]}},{"type":"Feature","properties":{"id":"mount-2058","category":"rocky_peak","name":"","elevation_m":4079,"main":false,"five_thousander":false},"geometry":{"type":"Point","coordinates":[43.432539,42.964172]}},{"type":"Feature","properties":{"id":"mount-2059","category":"rocky_peak","name":"","elevation_m":4059,"main":false,"five_thousander":false},"geometry":{"type":"Point","coordinates":[43.441122,42.965931]}},{"type":"Feature","properties":{"id":"mount-2060","category":"rocky_peak","name":"","elevation_m":4016,"main":false,"five_thousander":false},"geometry":{"type":"Point","coordinates":[42.693933,43.172752]}},{"type":"Feature","properties":{"id":"mount-2061","category":"rocky_ridge","name":"","elevation_m":4054,"main":false,"five_thousander":false},"geometry":{"type":"Point","coordinates":[43.248367,42.9474]}},{"type":"Feature","properties":{"id":"mount-2062","category":"rocky_peak","name":"","elevation_m":4352,"main":false,"five_thousander":false},"geometry":{"type":"Point","coordinates":[42.402763,43.366537]}},{"type":"Feature","properties":{"id":"mount-2063","category":"rocky_peak","name":"","elevation_m":4061,"main":false,"five_thousander":false},"geometry":{"type":"Point","coordinates":[43.098958,43.050733]}},{"type":"Feature","properties":{"id":"mount-2064","category":"rocky_peak","name":"","elevation_m":4115,"main":false,"five_thousander":false},"geometry":{"type":"Point","coordinates":[43.510773,42.982745]}},{"type":"Feature","properties":{"id":"mount-2065","category":"rocky_peak","name":"","elevation_m":4114,"main":false,"five_thousander":false},"geometry":{"type":"Point","coordinates":[43.389173,43.012147]}},{"type":"Feature","properties":{"id":"mount-2066","category":"rocky_ridge","name":"","elevation_m":4297,"main":false,"five_thousander":false},"geometry":{"type":"Point","coordinates":[43.392112,43.001469]}},{"type":"Feature","properties":{"id":"mount-2067","category":"rocky_peak","name":"","elevation_m":4002,"main":false,"five_thousander":false},"geometry":{"type":"Point","coordinates":[43.378208,43.002678]}},{"type":"Feature","properties":{"id":"mount-2068","category":"rocky_peak","name":"","elevation_m":4229,"main":false,"five_thousander":false},"geometry":{"type":"Point","coordinates":[42.982539,43.023443]}},{"type":"Feature","properties":{"id":"mount-2069","category":"rocky_peak","name":"","elevation_m":4213,"main":false,"five_thousander":false},"geometry":{"type":"Point","coordinates":[43.512501,42.957498]}},{"type":"Feature","properties":{"id":"mount-2070","category":"rocky_ridge","name":"","elevation_m":4394,"main":false,"five_thousander":false},"geometry":{"type":"Point","coordinates":[42.522132,43.190847]}},{"type":"Feature","properties":{"id":"mount-2071","category":"rocky_peak","name":"","elevation_m":4007,"main":false,"five_thousander":false},"geometry":{"type":"Point","coordinates":[42.600775,43.326942]}},{"type":"Feature","properties":{"id":"mount-2072","category":"rocky_ridge","name":"","elevation_m":4221,"main":false,"five_thousander":false},"geometry":{"type":"Point","coordinates":[42.685651,43.174512]}},{"type":"Feature","properties":{"id":"mount-2073","category":"rocky_peak","name":"","elevation_m":4192,"main":false,"five_thousander":false},"geometry":{"type":"Point","coordinates":[42.71022,43.178816]}},{"type":"Feature","properties":{"id":"mount-2074","category":"rocky_peak","name":"","elevation_m":4014,"main":false,"five_thousander":false},"geometry":{"type":"Point","coordinates":[42.678977,43.165443]}},{"type":"Feature","properties":{"id":"mount-2075","category":"steep_mountain","name":"","elevation_m":4028,"main":false,"five_thousander":false},"geometry":{"type":"Point","coordinates":[42.727686,43.241733]}},{"type":"Feature","properties":{"id":"mount-2076","category":"rocky_peak","name":"","elevation_m":4011,"main":false,"five_thousander":false},"geometry":{"type":"Point","coordinates":[42.860262,43.178557]}},{"type":"Feature","properties":{"id":"mount-2077","category":"rocky_ridge","name":"","elevation_m":4270,"main":false,"five_thousander":false},"geometry":{"type":"Point","coordinates":[42.8246,43.173472]}},{"type":"Feature","properties":{"id":"mount-2078","category":"rocky_peak","name":"","elevation_m":4016,"main":false,"five_thousander":false},"geometry":{"type":"Point","coordinates":[42.863384,43.175577]}},{"type":"Feature","properties":{"id":"rock-0001","category":"rocky_peak","name":"","elevation_m":3314,"main":false,"five_thousander":false},"geometry":{"type":"Point","coordinates":[41.853662,43.20771]}},{"type":"Feature","properties":{"id":"rock-0002","category":"steep_mountain","name":"","elevation_m":3240,"main":false,"five_thousander":false},"geometry":{"type":"Point","coordinates":[41.944932,43.215193]}},{"type":"Feature","properties":{"id":"rock-0003","category":"rocky_peak","name":"","elevation_m":3449,"main":false,"five_thousander":false},"geometry":{"type":"Point","coordinates":[41.947893,43.195634]}},{"type":"Feature","properties":{"id":"rock-0004","category":"rocky_peak","name":"","elevation_m":3604,"main":false,"five_thousander":false},"geometry":{"type":"Point","coordinates":[41.159484,43.409295]}},{"type":"Feature","properties":{"id":"rock-0005","category":"rounded_mountain","name":"","elevation_m":3228,"main":false,"five_thousander":false},"geometry":{"type":"Point","coordinates":[42.993461,43.173683]}},{"type":"Feature","properties":{"id":"rock-0006","category":"rounded_mountain","name":"","elevation_m":3675,"main":false,"five_thousander":false},"geometry":{"type":"Point","coordinates":[43.037857,43.255752]}},{"type":"Feature","properties":{"id":"rock-0007","category":"rocky_ridge","name":"","elevation_m":3728,"main":false,"five_thousander":false},"geometry":{"type":"Point","coordinates":[42.968549,43.165561]}},{"type":"Feature","properties":{"id":"rock-0008","category":"isolated_peak","name":"","elevation_m":3526,"main":false,"five_thousander":false},"geometry":{"type":"Point","coordinates":[42.964461,43.181476]}},{"type":"Feature","properties":{"id":"rock-0009","category":"rocky_peak","name":"","elevation_m":3236,"main":false,"five_thousander":false},"geometry":{"type":"Point","coordinates":[41.229329,43.439436]}},{"type":"Feature","properties":{"id":"rock-0010","category":"rocky_peak","name":"","elevation_m":3236,"main":false,"five_thousander":false},"geometry":{"type":"Point","coordinates":[41.25275,43.41659]}},{"type":"Feature","properties":{"id":"rock-0011","category":"rocky_peak","name":"","elevation_m":3330,"main":false,"five_thousander":false},"geometry":{"type":"Point","coordinates":[41.25923,43.417346]}},{"type":"Feature","properties":{"id":"rock-0012","category":"rocky_peak","name":"","elevation_m":3205,"main":false,"five_thousander":false},"geometry":{"type":"Point","coordinates":[41.208558,43.464491]}},{"type":"Feature","properties":{"id":"rock-0013","category":"rocky_peak","name":"","elevation_m":3448,"main":false,"five_thousander":false},"geometry":{"type":"Point","coordinates":[41.247901,43.390361]}},{"type":"Feature","properties":{"id":"rock-0014","category":"rocky_ridge","name":"","elevation_m":3419,"main":false,"five_thousander":false},"geometry":{"type":"Point","coordinates":[41.197636,43.382306]}},{"type":"Feature","properties":{"id":"rock-0015","category":"rocky_peak","name":"","elevation_m":3473,"main":false,"five_thousander":false},"geometry":{"type":"Point","coordinates":[42.161858,43.227757]}},{"type":"Feature","properties":{"id":"rock-0016","category":"steep_mountain","name":"","elevation_m":3460,"main":false,"five_thousander":false},"geometry":{"type":"Point","coordinates":[41.106141,43.413379]}},{"type":"Feature","properties":{"id":"rock-0017","category":"steep_mountain","name":"","elevation_m":3208,"main":false,"five_thousander":false},"geometry":{"type":"Point","coordinates":[41.676421,43.524982]}},{"type":"Feature","properties":{"id":"rock-0018","category":"rocky_peak","name":"","elevation_m":3698,"main":false,"five_thousander":false},"geometry":{"type":"Point","coordinates":[43.540438,42.944337]}},{"type":"Feature","properties":{"id":"rock-0019","category":"massif","name":"","elevation_m":3738,"main":false,"five_thousander":false},"geometry":{"type":"Point","coordinates":[43.531684,42.94586]}},{"type":"Feature","properties":{"id":"rock-0020","category":"rocky_peak","name":"","elevation_m":3932,"main":false,"five_thousander":false},"geometry":{"type":"Point","coordinates":[43.522457,42.95325]}},{"type":"Feature","properties":{"id":"rock-0021","category":"ridge","name":"","elevation_m":3935,"main":false,"five_thousander":false},"geometry":{"type":"Point","coordinates":[43.460004,42.986669]}},{"type":"Feature","properties":{"id":"rock-0022","category":"rounded_mountain","name":"","elevation_m":3981,"main":false,"five_thousander":false},"geometry":{"type":"Point","coordinates":[43.460745,42.992516]}},{"type":"Feature","properties":{"id":"rock-0023","category":"rocky_peak","name":"","elevation_m":3871,"main":false,"five_thousander":false},"geometry":{"type":"Point","coordinates":[43.464961,42.997452]}},{"type":"Feature","properties":{"id":"rock-0024","category":"rocky_peak","name":"","elevation_m":3705,"main":false,"five_thousander":false},"geometry":{"type":"Point","coordinates":[43.460004,43.000826]}},{"type":"Feature","properties":{"id":"rock-0025","category":"steep_mountain","name":"","elevation_m":3735,"main":false,"five_thousander":false},"geometry":{"type":"Point","coordinates":[43.51721,42.993991]}},{"type":"Feature","properties":{"id":"rock-0026","category":"rocky_peak","name":"","elevation_m":3734,"main":false,"five_thousander":false},"geometry":{"type":"Point","coordinates":[43.526995,42.979064]}},{"type":"Feature","properties":{"id":"rock-0027","category":"ridge","name":"","elevation_m":3506,"main":false,"five_thousander":false},"geometry":{"type":"Point","coordinates":[42.54035,43.271698]}},{"type":"Feature","properties":{"id":"rock-0028","category":"rocky_ridge","name":"","elevation_m":3424,"main":false,"five_thousander":false},"geometry":{"type":"Point","coordinates":[42.059805,43.374508]}},{"type":"Feature","properties":{"id":"rock-0029","category":"ridge","name":"","elevation_m":3216,"main":false,"five_thousander":false},"geometry":{"type":"Point","coordinates":[41.234307,43.435011]}},{"type":"Feature","properties":{"id":"rock-0030","category":"rocky_peak","name":"","elevation_m":3210,"main":false,"five_thousander":false},"geometry":{"type":"Point","coordinates":[41.245937,43.408384]}},{"type":"Feature","properties":{"id":"rock-0031","category":"steep_mountain","name":"","elevation_m":3218,"main":false,"five_thousander":false},"geometry":{"type":"Point","coordinates":[41.227248,43.429736]}},{"type":"Feature","properties":{"id":"rock-0032","category":"steep_mountain","name":"","elevation_m":3786,"main":false,"five_thousander":false},"geometry":{"type":"Point","coordinates":[43.174682,43.184816]}},{"type":"Feature","properties":{"id":"rock-0033","category":"rocky_peak","name":"","elevation_m":3870,"main":false,"five_thousander":false},"geometry":{"type":"Point","coordinates":[42.873856,43.188892]}},{"type":"Feature","properties":{"id":"rock-0034","category":"rocky_ridge","name":"","elevation_m":3987,"main":false,"five_thousander":false},"geometry":{"type":"Point","coordinates":[42.944977,43.289975]}},{"type":"Feature","properties":{"id":"rock-0035","category":"steep_mountain","name":"","elevation_m":3782,"main":false,"five_thousander":false},"geometry":{"type":"Point","coordinates":[42.979975,43.294661]}},{"type":"Feature","properties":{"id":"rock-0036","category":"steep_mountain","name":"","elevation_m":3582,"main":false,"five_thousander":false},"geometry":{"type":"Point","coordinates":[42.988054,43.301602]}},{"type":"Feature","properties":{"id":"rock-0037","category":"ridge","name":"","elevation_m":3212,"main":false,"five_thousander":false},"geometry":{"type":"Point","coordinates":[42.995059,43.33189]}},{"type":"Feature","properties":{"id":"rock-0038","category":"ridge","name":"","elevation_m":3246,"main":false,"five_thousander":false},"geometry":{"type":"Point","coordinates":[41.506037,43.315866]}},{"type":"Feature","properties":{"id":"rock-0039","category":"ridge","name":"","elevation_m":3294,"main":false,"five_thousander":false},"geometry":{"type":"Point","coordinates":[42.392271,43.46073]}},{"type":"Feature","properties":{"id":"rock-0040","category":"ridge","name":"","elevation_m":3833,"main":false,"five_thousander":false},"geometry":{"type":"Point","coordinates":[43.143407,42.957632]}},{"type":"Feature","properties":{"id":"rock-0041","category":"rocky_peak","name":"","elevation_m":3225,"main":false,"five_thousander":false},"geometry":{"type":"Point","coordinates":[41.662334,43.409654]}},{"type":"Feature","properties":{"id":"rock-0042","category":"rocky_ridge","name":"","elevation_m":3247,"main":false,"five_thousander":false},"geometry":{"type":"Point","coordinates":[41.633956,43.410971]}},{"type":"Feature","properties":{"id":"rock-0043","category":"rocky_peak","name":"","elevation_m":3563,"main":false,"five_thousander":false},"geometry":{"type":"Point","coordinates":[41.592007,43.425497]}},{"type":"Feature","properties":{"id":"rock-0044","category":"ridge","name":"","elevation_m":3712,"main":false,"five_thousander":false},"geometry":{"type":"Point","coordinates":[41.581653,43.432291]}},{"type":"Feature","properties":{"id":"rock-0045","category":"rocky_peak","name":"","elevation_m":3573,"main":false,"five_thousander":false},"geometry":{"type":"Point","coordinates":[41.596931,43.418071]}},{"type":"Feature","properties":{"id":"rock-0046","category":"rounded_mountain","name":"","elevation_m":3373,"main":false,"five_thousander":false},"geometry":{"type":"Point","coordinates":[41.581568,43.413621]}},{"type":"Feature","properties":{"id":"rock-0047","category":"rocky_peak","name":"","elevation_m":3245,"main":false,"five_thousander":false},"geometry":{"type":"Point","coordinates":[41.563715,43.421219]}},{"type":"Feature","properties":{"id":"rock-0048","category":"rounded_mountain","name":"","elevation_m":3282,"main":false,"five_thousander":false},"geometry":{"type":"Point","coordinates":[41.62679,43.438508]}},{"type":"Feature","properties":{"id":"rock-0049","category":"rocky_peak","name":"","elevation_m":3219,"main":false,"five_thousander":false},"geometry":{"type":"Point","coordinates":[41.618153,43.386353]}},{"type":"Feature","properties":{"id":"rock-0050","category":"rocky_ridge","name":"","elevation_m":3469,"main":false,"five_thousander":false},"geometry":{"type":"Point","coordinates":[41.644524,43.50869]}},{"type":"Feature","properties":{"id":"rock-0051","category":"ridge","name":"","elevation_m":3236,"main":false,"five_thousander":false},"geometry":{"type":"Point","coordinates":[41.656251,43.504511]}},{"type":"Feature","properties":{"id":"rock-0052","category":"rocky_peak","name":"","elevation_m":3468,"main":false,"five_thousander":false},"geometry":{"type":"Point","coordinates":[41.575506,43.442606]}},{"type":"Feature","properties":{"id":"rock-0053","category":"rocky_ridge","name":"","elevation_m":3337,"main":false,"five_thousander":false},"geometry":{"type":"Point","coordinates":[41.585366,43.447233]}},{"type":"Feature","properties":{"id":"rock-0054","category":"ridge","name":"","elevation_m":3379,"main":false,"five_thousander":false},"geometry":{"type":"Point","coordinates":[41.826582,43.399786]}},{"type":"Feature","properties":{"id":"rock-0055","category":"rocky_peak","name":"","elevation_m":3432,"main":false,"five_thousander":false},"geometry":{"type":"Point","coordinates":[41.864616,43.358636]}},{"type":"Feature","properties":{"id":"rock-0056","category":"rounded_mountain","name":"","elevation_m":3263,"main":false,"five_thousander":false},"geometry":{"type":"Point","coordinates":[41.89177,43.393308]}},{"type":"Feature","properties":{"id":"rock-0057","category":"rocky_ridge","name":"","elevation_m":3603,"main":false,"five_thousander":false},"geometry":{"type":"Point","coordinates":[41.886621,43.405086]}},{"type":"Feature","properties":{"id":"rock-0058","category":"rocky_peak","name":"","elevation_m":3399,"main":false,"five_thousander":false},"geometry":{"type":"Point","coordinates":[41.934482,43.358792]}},{"type":"Feature","properties":{"id":"rock-0059","category":"rounded_mountain","name":"","elevation_m":3297,"main":false,"five_thousander":false},"geometry":{"type":"Point","coordinates":[41.84967,43.489864]}},{"type":"Feature","properties":{"id":"rock-0060","category":"rounded_mountain","name":"","elevation_m":3525,"main":false,"five_thousander":false},"geometry":{"type":"Point","coordinates":[41.82935,43.330173]}},{"type":"Feature","properties":{"id":"rock-0061","category":"rocky_ridge","name":"","elevation_m":3524,"main":false,"five_thousander":false},"geometry":{"type":"Point","coordinates":[41.842697,43.307606]}},{"type":"Feature","properties":{"id":"rock-0062","category":"rocky_ridge","name":"","elevation_m":3292,"main":false,"five_thousander":false},"geometry":{"type":"Point","coordinates":[41.767123,43.391655]}},{"type":"Feature","properties":{"id":"rock-0063","category":"rounded_mountain","name":"","elevation_m":3251,"main":false,"five_thousander":false},"geometry":{"type":"Point","coordinates":[41.896555,43.480951]}},{"type":"Feature","properties":{"id":"rock-0064","category":"rocky_peak","name":"","elevation_m":3325,"main":false,"five_thousander":false},"geometry":{"type":"Point","coordinates":[41.880355,43.490572]}},{"type":"Feature","properties":{"id":"rock-0065","category":"rocky_ridge","name":"","elevation_m":3398,"main":false,"five_thousander":false},"geometry":{"type":"Point","coordinates":[41.91252,43.408781]}},{"type":"Feature","properties":{"id":"rock-0066","category":"ridge","name":"","elevation_m":3260,"main":false,"five_thousander":false},"geometry":{"type":"Point","coordinates":[41.882876,43.388552]}},{"type":"Feature","properties":{"id":"rock-0067","category":"steep_mountain","name":"","elevation_m":3454,"main":false,"five_thousander":false},"geometry":{"type":"Point","coordinates":[41.825305,43.392957]}},{"type":"Feature","properties":{"id":"rock-0068","category":"rounded_mountain","name":"","elevation_m":3355,"main":false,"five_thousander":false},"geometry":{"type":"Point","coordinates":[41.910256,43.290873]}},{"type":"Feature","properties":{"id":"rock-0069","category":"rocky_peak","name":"","elevation_m":3624,"main":false,"five_thousander":false},"geometry":{"type":"Point","coordinates":[41.896405,43.286351]}},{"type":"Feature","properties":{"id":"rock-0070","category":"rocky_ridge","name":"","elevation_m":3337,"main":false,"five_thousander":false},"geometry":{"type":"Point","coordinates":[41.524973,43.445527]}},{"type":"Feature","properties":{"id":"rock-0071","category":"rounded_mountain","name":"","elevation_m":3674,"main":false,"five_thousander":false},"geometry":{"type":"Point","coordinates":[42.544116,43.321806]}},{"type":"Feature","properties":{"id":"rock-0072","category":"rounded_mountain","name":"","elevation_m":3455,"main":false,"five_thousander":false},"geometry":{"type":"Point","coordinates":[42.560499,43.323624]}},{"type":"Feature","properties":{"id":"rock-0073","category":"rounded_mountain","name":"","elevation_m":3404,"main":false,"five_thousander":false},"geometry":{"type":"Point","coordinates":[42.216736,43.253572]}},{"type":"Feature","properties":{"id":"rock-0074","category":"rocky_ridge","name":"","elevation_m":3294,"main":false,"five_thousander":false},"geometry":{"type":"Point","coordinates":[42.142589,43.290569]}},{"type":"Feature","properties":{"id":"rock-0075","category":"rocky_ridge","name":"","elevation_m":3473,"main":false,"five_thousander":false},"geometry":{"type":"Point","coordinates":[42.153586,43.306138]}},{"type":"Feature","properties":{"id":"rock-0076","category":"rocky_ridge","name":"","elevation_m":3453,"main":false,"five_thousander":false},"geometry":{"type":"Point","coordinates":[42.121689,43.30663]}},{"type":"Feature","properties":{"id":"rock-0077","category":"rocky_ridge","name":"","elevation_m":3688,"main":false,"five_thousander":false},"geometry":{"type":"Point","coordinates":[42.212917,43.27187]}},{"type":"Feature","properties":{"id":"rock-0078","category":"rounded_mountain","name":"","elevation_m":3455,"main":false,"five_thousander":false},"geometry":{"type":"Point","coordinates":[42.215931,43.256932]}},{"type":"Feature","properties":{"id":"rock-0079","category":"rocky_ridge","name":"","elevation_m":3653,"main":false,"five_thousander":false},"geometry":{"type":"Point","coordinates":[42.223688,43.261636]}},{"type":"Feature","properties":{"id":"rock-0080","category":"ridge","name":"","elevation_m":3531,"main":false,"five_thousander":false},"geometry":{"type":"Point","coordinates":[42.417837,43.405772]}},{"type":"Feature","properties":{"id":"rock-0081","category":"rocky_peak","name":"","elevation_m":3269,"main":false,"five_thousander":false},"geometry":{"type":"Point","coordinates":[41.601115,43.363394]}},{"type":"Feature","properties":{"id":"rock-0082","category":"rounded_mountain","name":"","elevation_m":3269,"main":false,"five_thousander":false},"geometry":{"type":"Point","coordinates":[41.58352,43.365843]}},{"type":"Feature","properties":{"id":"rock-0083","category":"rocky_peak","name":"","elevation_m":3527,"main":false,"five_thousander":false},"geometry":{"type":"Point","coordinates":[41.578896,43.408446]}},{"type":"Feature","properties":{"id":"rock-0084","category":"rocky_peak","name":"","elevation_m":3401,"main":false,"five_thousander":false},"geometry":{"type":"Point","coordinates":[41.452092,43.477448]}},{"type":"Feature","properties":{"id":"rock-0085","category":"rocky_ridge","name":"","elevation_m":3381,"main":false,"five_thousander":false},"geometry":{"type":"Point","coordinates":[41.585419,43.398367]}},{"type":"Feature","properties":{"id":"rock-0086","category":"rocky_peak","name":"","elevation_m":3449,"main":false,"five_thousander":false},"geometry":{"type":"Point","coordinates":[41.592017,43.393261]}},{"type":"Feature","properties":{"id":"rock-0087","category":"rocky_peak","name":"","elevation_m":3437,"main":false,"five_thousander":false},"geometry":{"type":"Point","coordinates":[41.601255,43.390688]}},{"type":"Feature","properties":{"id":"rock-0088","category":"rocky_peak","name":"","elevation_m":3278,"main":false,"five_thousander":false},"geometry":{"type":"Point","coordinates":[41.614226,43.390407]}},{"type":"Feature","properties":{"id":"rock-0089","category":"rocky_peak","name":"","elevation_m":3356,"main":false,"five_thousander":false},"geometry":{"type":"Point","coordinates":[41.614441,43.387452]}},{"type":"Feature","properties":{"id":"rock-0090","category":"ridge","name":"","elevation_m":3472,"main":false,"five_thousander":false},"geometry":{"type":"Point","coordinates":[42.415112,43.260542]}},{"type":"Feature","properties":{"id":"rock-0091","category":"ridge","name":"","elevation_m":3504,"main":false,"five_thousander":false},"geometry":{"type":"Point","coordinates":[42.256958,43.372605]}},{"type":"Feature","properties":{"id":"rock-0092","category":"ridge","name":"","elevation_m":3219,"main":false,"five_thousander":false},"geometry":{"type":"Point","coordinates":[42.335075,43.394937]}},{"type":"Feature","properties":{"id":"rock-0093","category":"rounded_mountain","name":"","elevation_m":3324,"main":false,"five_thousander":false},"geometry":{"type":"Point","coordinates":[42.257302,43.366405]}},{"type":"Feature","properties":{"id":"rock-0094","category":"rocky_peak","name":"","elevation_m":3419,"main":false,"five_thousander":false},"geometry":{"type":"Point","coordinates":[42.26051,43.369704]}},{"type":"Feature","properties":{"id":"rock-0095","category":"plateau","name":"","elevation_m":3505,"main":false,"five_thousander":false},"geometry":{"type":"Point","coordinates":[42.36517,43.365336]}},{"type":"Feature","properties":{"id":"rock-0096","category":"rocky_ridge","name":"","elevation_m":3358,"main":false,"five_thousander":false},"geometry":{"type":"Point","coordinates":[42.234492,43.397057]}},{"type":"Feature","properties":{"id":"rock-0097","category":"rocky_ridge","name":"","elevation_m":3897,"main":false,"five_thousander":false},"geometry":{"type":"Point","coordinates":[42.534267,43.335994]}},{"type":"Feature","properties":{"id":"rock-0098","category":"ridge","name":"","elevation_m":3525,"main":false,"five_thousander":false},"geometry":{"type":"Point","coordinates":[42.574081,43.276268]}},{"type":"Feature","properties":{"id":"rock-0099","category":"rounded_mountain","name":"","elevation_m":3704,"main":false,"five_thousander":false},"geometry":{"type":"Point","coordinates":[42.560037,43.349688]}},{"type":"Feature","properties":{"id":"rock-0100","category":"ridge","name":"","elevation_m":3391,"main":false,"five_thousander":false},"geometry":{"type":"Point","coordinates":[42.636287,43.394415]}},{"type":"Feature","properties":{"id":"rock-0101","category":"rounded_mountain","name":"","elevation_m":3404,"main":false,"five_thousander":false},"geometry":{"type":"Point","coordinates":[42.71803,43.43318]}},{"type":"Feature","properties":{"id":"rock-0102","category":"rounded_mountain","name":"","elevation_m":3359,"main":false,"five_thousander":false},"geometry":{"type":"Point","coordinates":[42.706872,43.410129]}},{"type":"Feature","properties":{"id":"rock-0103","category":"rocky_ridge","name":"","elevation_m":3483,"main":false,"five_thousander":false},"geometry":{"type":"Point","coordinates":[42.345235,43.267863]}},{"type":"Feature","properties":{"id":"rock-0104","category":"rocky_peak","name":"","elevation_m":3260,"main":false,"five_thousander":false},"geometry":{"type":"Point","coordinates":[42.282236,43.295082]}},{"type":"Feature","properties":{"id":"rock-0105","category":"rocky_ridge","name":"","elevation_m":3477,"main":false,"five_thousander":false},"geometry":{"type":"Point","coordinates":[42.341802,43.268136]}},{"type":"Feature","properties":{"id":"rock-0106","category":"steep_mountain","name":"","elevation_m":3243,"main":false,"five_thousander":false},"geometry":{"type":"Point","coordinates":[42.244277,43.458807]}},{"type":"Feature","properties":{"id":"rock-0107","category":"steep_mountain","name":"","elevation_m":3294,"main":false,"five_thousander":false},"geometry":{"type":"Point","coordinates":[42.278277,43.453238]}},{"type":"Feature","properties":{"id":"rock-0108","category":"rocky_ridge","name":"","elevation_m":3732,"main":false,"five_thousander":false},"geometry":{"type":"Point","coordinates":[42.21267,43.285399]}},{"type":"Feature","properties":{"id":"rock-0109","category":"rounded_mountain","name":"","elevation_m":3360,"main":false,"five_thousander":false},"geometry":{"type":"Point","coordinates":[42.340461,43.44749]}},{"type":"Feature","properties":{"id":"rock-0110","category":"steep_mountain","name":"","elevation_m":3391,"main":false,"five_thousander":false},"geometry":{"type":"Point","coordinates":[42.256519,43.247938]}},{"type":"Feature","properties":{"id":"rock-0111","category":"ridge","name":"","elevation_m":3358,"main":false,"five_thousander":false},"geometry":{"type":"Point","coordinates":[42.256851,43.237872]}},{"type":"Feature","properties":{"id":"rock-0112","category":"rocky_peak","name":"","elevation_m":3634,"main":false,"five_thousander":false},"geometry":{"type":"Point","coordinates":[41.877168,43.300462]}},{"type":"Feature","properties":{"id":"rock-0113","category":"ridge","name":"","elevation_m":3448,"main":false,"five_thousander":false},"geometry":{"type":"Point","coordinates":[41.916919,43.306826]}},{"type":"Feature","properties":{"id":"rock-0114","category":"rounded_mountain","name":"","elevation_m":3501,"main":false,"five_thousander":false},"geometry":{"type":"Point","coordinates":[41.921006,43.319425]}},{"type":"Feature","properties":{"id":"rock-0115","category":"rocky_ridge","name":"","elevation_m":3291,"main":false,"five_thousander":false},"geometry":{"type":"Point","coordinates":[41.932636,43.318317]}},{"type":"Feature","properties":{"id":"rock-0116","category":"massif","name":"","elevation_m":3343,"main":false,"five_thousander":false},"geometry":{"type":"Point","coordinates":[42.107184,43.225998]}},{"type":"Feature","properties":{"id":"rock-0117","category":"rounded_hill","name":"","elevation_m":3343,"main":false,"five_thousander":false},"geometry":{"type":"Point","coordinates":[41.565185,43.364502]}},{"type":"Feature","properties":{"id":"rock-0118","category":"rocky_peak","name":"","elevation_m":3575,"main":false,"five_thousander":false},"geometry":{"type":"Point","coordinates":[41.530144,43.38116]}},{"type":"Feature","properties":{"id":"rock-0119","category":"rocky_peak","name":"","elevation_m":3557,"main":false,"five_thousander":false},"geometry":{"type":"Point","coordinates":[41.551419,43.370827]}},{"type":"Feature","properties":{"id":"rock-0120","category":"rocky_ridge","name":"","elevation_m":3267,"main":false,"five_thousander":false},"geometry":{"type":"Point","coordinates":[41.505607,43.345186]}},{"type":"Feature","properties":{"id":"rock-0121","category":"rocky_peak","name":"","elevation_m":3545,"main":false,"five_thousander":false},"geometry":{"type":"Point","coordinates":[41.521229,43.337157]}},{"type":"Feature","properties":{"id":"rock-0122","category":"rocky_ridge","name":"","elevation_m":3470,"main":false,"five_thousander":false},"geometry":{"type":"Point","coordinates":[41.513257,43.389815]}},{"type":"Feature","properties":{"id":"rock-0123","category":"rocky_ridge","name":"","elevation_m":3340,"main":false,"five_thousander":false},"geometry":{"type":"Point","coordinates":[41.522205,43.397666]}},{"type":"Feature","properties":{"id":"rock-0124","category":"rounded_mountain","name":"","elevation_m":3510,"main":false,"five_thousander":false},"geometry":{"type":"Point","coordinates":[41.8373,43.33306]}},{"type":"Feature","properties":{"id":"rock-0125","category":"rocky_ridge","name":"","elevation_m":3547,"main":false,"five_thousander":false},"geometry":{"type":"Point","coordinates":[41.858811,43.35791]}},{"type":"Feature","properties":{"id":"rock-0126","category":"rocky_ridge","name":"","elevation_m":3395,"main":false,"five_thousander":false},"geometry":{"type":"Point","coordinates":[41.850454,43.35816]}},{"type":"Feature","properties":{"id":"rock-0127","category":"rocky_peak","name":"","elevation_m":3795,"main":false,"five_thousander":false},"geometry":{"type":"Point","coordinates":[42.825233,43.250032]}},{"type":"Feature","properties":{"id":"rock-0128","category":"rocky_peak","name":"","elevation_m":3976,"main":false,"five_thousander":false},"geometry":{"type":"Point","coordinates":[42.8723,43.193452]}},{"type":"Feature","properties":{"id":"rock-0129","category":"rocky_ridge","name":"","elevation_m":3933,"main":false,"five_thousander":false},"geometry":{"type":"Point","coordinates":[42.830211,43.273737]}},{"type":"Feature","properties":{"id":"rock-0130","category":"steep_mountain","name":"","elevation_m":3775,"main":false,"five_thousander":false},"geometry":{"type":"Point","coordinates":[42.571399,43.365274]}},{"type":"Feature","properties":{"id":"rock-0131","category":"steep_mountain","name":"","elevation_m":3758,"main":false,"five_thousander":false},"geometry":{"type":"Point","coordinates":[43.143761,43.074554]}},{"type":"Feature","properties":{"id":"rock-0132","category":"rocky_ridge","name":"","elevation_m":3843,"main":false,"five_thousander":false},"geometry":{"type":"Point","coordinates":[43.199583,43.085658]}},{"type":"Feature","properties":{"id":"rock-0133","category":"rocky_peak","name":"","elevation_m":3942,"main":false,"five_thousander":false},"geometry":{"type":"Point","coordinates":[43.121831,43.026628]}},{"type":"Feature","properties":{"id":"rock-0134","category":"rocky_peak","name":"","elevation_m":3964,"main":false,"five_thousander":false},"geometry":{"type":"Point","coordinates":[43.113184,43.129068]}},{"type":"Feature","properties":{"id":"rock-0135","category":"rocky_peak","name":"","elevation_m":3333,"main":false,"five_thousander":false},"geometry":{"type":"Point","coordinates":[43.281155,43.262222]}},{"type":"Feature","properties":{"id":"rock-0136","category":"plateau","name":"","elevation_m":3729,"main":false,"five_thousander":false},"geometry":{"type":"Point","coordinates":[42.53358,43.344047]}},{"type":"Feature","properties":{"id":"rock-0137","category":"rounded_mountain","name":"","elevation_m":3980,"main":false,"five_thousander":false},"geometry":{"type":"Point","coordinates":[43.138139,43.016258]}},{"type":"Feature","properties":{"id":"rock-0138","category":"isolated_peak","name":"","elevation_m":3674,"main":false,"five_thousander":false},"geometry":{"type":"Point","coordinates":[43.192137,43.006946]}},{"type":"Feature","properties":{"id":"rock-0139","category":"rocky_peak","name":"","elevation_m":3945,"main":false,"five_thousander":false},"geometry":{"type":"Point","coordinates":[43.208864,43.085925]}},{"type":"Feature","properties":{"id":"rock-0140","category":"rocky_ridge","name":"","elevation_m":3583,"main":false,"five_thousander":false},"geometry":{"type":"Point","coordinates":[42.085619,43.311838]}},{"type":"Feature","properties":{"id":"rock-0141","category":"rocky_peak","name":"","elevation_m":3614,"main":false,"five_thousander":false},"geometry":{"type":"Point","coordinates":[43.245277,43.267941]}},{"type":"Feature","properties":{"id":"rock-0142","category":"rocky_ridge","name":"","elevation_m":3468,"main":false,"five_thousander":false},"geometry":{"type":"Point","coordinates":[43.250792,43.261222]}},{"type":"Feature","properties":{"id":"rock-0143","category":"rocky_ridge","name":"","elevation_m":3948,"main":false,"five_thousander":false},"geometry":{"type":"Point","coordinates":[43.198146,43.113578]}},{"type":"Feature","properties":{"id":"rock-0144","category":"rounded_mountain","name":"","elevation_m":3253,"main":false,"five_thousander":false},"geometry":{"type":"Point","coordinates":[42.078216,43.379023]}},{"type":"Feature","properties":{"id":"rock-0145","category":"ridge","name":"","elevation_m":3366,"main":false,"five_thousander":false},"geometry":{"type":"Point","coordinates":[42.287343,43.274964]}},{"type":"Feature","properties":{"id":"rock-0146","category":"ridge","name":"","elevation_m":3263,"main":false,"five_thousander":false},"geometry":{"type":"Point","coordinates":[42.299455,43.264448]}},{"type":"Feature","properties":{"id":"rock-0147","category":"rounded_mountain","name":"","elevation_m":3558,"main":false,"five_thousander":false},"geometry":{"type":"Point","coordinates":[42.116014,43.281579]}},{"type":"Feature","properties":{"id":"rock-0148","category":"steep_mountain","name":"","elevation_m":3489,"main":false,"five_thousander":false},"geometry":{"type":"Point","coordinates":[42.333959,43.336158]}},{"type":"Feature","properties":{"id":"rock-0149","category":"steep_mountain","name":"","elevation_m":3439,"main":false,"five_thousander":false},"geometry":{"type":"Point","coordinates":[42.135841,43.286101]}},{"type":"Feature","properties":{"id":"rock-0150","category":"massif","name":"","elevation_m":3356,"main":false,"five_thousander":false},"geometry":{"type":"Point","coordinates":[42.107817,43.221674]}},{"type":"Feature","properties":{"id":"rock-0151","category":"rocky_peak","name":"","elevation_m":3501,"main":false,"five_thousander":false},"geometry":{"type":"Point","coordinates":[42.104716,43.229086]}},{"type":"Feature","properties":{"id":"rock-0152","category":"ridge","name":"","elevation_m":3725,"main":false,"five_thousander":false},"geometry":{"type":"Point","coordinates":[43.048575,43.248923]}},{"type":"Feature","properties":{"id":"rock-0153","category":"rocky_ridge","name":"","elevation_m":3898,"main":false,"five_thousander":false},"geometry":{"type":"Point","coordinates":[42.839835,43.210314]}},{"type":"Feature","properties":{"id":"rock-0154","category":"rocky_peak","name":"","elevation_m":3964,"main":false,"five_thousander":false},"geometry":{"type":"Point","coordinates":[42.849029,43.211729]}},{"type":"Feature","properties":{"id":"rock-0155","category":"ridge","name":"","elevation_m":3284,"main":false,"five_thousander":false},"geometry":{"type":"Point","coordinates":[41.09538,43.419598]}},{"type":"Feature","properties":{"id":"rock-0156","category":"rocky_ridge","name":"","elevation_m":3238,"main":false,"five_thousander":false},"geometry":{"type":"Point","coordinates":[41.209438,43.390587]}},{"type":"Feature","properties":{"id":"rock-0157","category":"rocky_peak","name":"","elevation_m":3588,"main":false,"five_thousander":false},"geometry":{"type":"Point","coordinates":[41.158637,43.405484]}},{"type":"Feature","properties":{"id":"rock-0158","category":"ridge","name":"","elevation_m":3224,"main":false,"five_thousander":false},"geometry":{"type":"Point","coordinates":[41.436546,43.472286]}},{"type":"Feature","properties":{"id":"rock-0159","category":"rocky_peak","name":"","elevation_m":3917,"main":false,"five_thousander":false},"geometry":{"type":"Point","coordinates":[43.238046,43.086418]}},{"type":"Feature","properties":{"id":"rock-0160","category":"rocky_peak","name":"","elevation_m":3855,"main":false,"five_thousander":false},"geometry":{"type":"Point","coordinates":[43.243432,43.093509]}},{"type":"Feature","properties":{"id":"rock-0161","category":"steep_mountain","name":"","elevation_m":3910,"main":false,"five_thousander":false},"geometry":{"type":"Point","coordinates":[43.084742,43.147059]}},{"type":"Feature","properties":{"id":"rock-0162","category":"rocky_peak","name":"","elevation_m":3859,"main":false,"five_thousander":false},"geometry":{"type":"Point","coordinates":[43.07838,43.154745]}},{"type":"Feature","properties":{"id":"rock-0163","category":"ridge","name":"","elevation_m":3821,"main":false,"five_thousander":false},"geometry":{"type":"Point","coordinates":[42.914218,43.301313]}},{"type":"Feature","properties":{"id":"rock-0164","category":"steep_mountain","name":"","elevation_m":3226,"main":false,"five_thousander":false},"geometry":{"type":"Point","coordinates":[43.362887,43.172666]}},{"type":"Feature","properties":{"id":"rock-0165","category":"rocky_ridge","name":"","elevation_m":3566,"main":false,"five_thousander":false},"geometry":{"type":"Point","coordinates":[42.725605,43.394477]}},{"type":"Feature","properties":{"id":"rock-0166","category":"rocky_peak","name":"","elevation_m":3754,"main":false,"five_thousander":false},"geometry":{"type":"Point","coordinates":[42.711421,43.396987]}},{"type":"Feature","properties":{"id":"rock-0167","category":"rocky_ridge","name":"","elevation_m":3526,"main":false,"five_thousander":false},"geometry":{"type":"Point","coordinates":[42.474893,43.241623]}},{"type":"Feature","properties":{"id":"rock-0168","category":"rocky_ridge","name":"","elevation_m":3566,"main":false,"five_thousander":false},"geometry":{"type":"Point","coordinates":[42.456762,43.243929]}},{"type":"Feature","properties":{"id":"rock-0169","category":"rocky_peak","name":"","elevation_m":3644,"main":false,"five_thousander":false},"geometry":{"type":"Point","coordinates":[42.450314,43.243835]}},{"type":"Feature","properties":{"id":"rock-0170","category":"rounded_mountain","name":"","elevation_m":3207,"main":false,"five_thousander":false},"geometry":{"type":"Point","coordinates":[42.569951,43.22635]}},{"type":"Feature","properties":{"id":"rock-0171","category":"rocky_peak","name":"","elevation_m":3793,"main":false,"five_thousander":false},"geometry":{"type":"Point","coordinates":[42.602695,43.178127]}},{"type":"Feature","properties":{"id":"rock-0172","category":"rounded_mountain","name":"","elevation_m":3489,"main":false,"five_thousander":false},"geometry":{"type":"Point","coordinates":[42.623541,43.202407]}},{"type":"Feature","properties":{"id":"rock-0173","category":"steep_mountain","name":"","elevation_m":3216,"main":false,"five_thousander":false},"geometry":{"type":"Point","coordinates":[42.617147,43.227733]}},{"type":"Feature","properties":{"id":"rock-0174","category":"rounded_mountain","name":"","elevation_m":3392,"main":false,"five_thousander":false},"geometry":{"type":"Point","coordinates":[41.554627,43.387351]}},{"type":"Feature","properties":{"id":"rock-0175","category":"rocky_ridge","name":"","elevation_m":3259,"main":false,"five_thousander":false},"geometry":{"type":"Point","coordinates":[41.863307,43.262823]}},{"type":"Feature","properties":{"id":"rock-0176","category":"steep_mountain","name":"","elevation_m":3259,"main":false,"five_thousander":false},"geometry":{"type":"Point","coordinates":[41.853468,43.267644]}},{"type":"Feature","properties":{"id":"rock-0177","category":"rounded_mountain","name":"","elevation_m":3277,"main":false,"five_thousander":false},"geometry":{"type":"Point","coordinates":[41.521132,43.318067]}},{"type":"Feature","properties":{"id":"rock-0178","category":"rocky_ridge","name":"","elevation_m":3499,"main":false,"five_thousander":false},"geometry":{"type":"Point","coordinates":[41.583863,43.327379]}},{"type":"Feature","properties":{"id":"rock-0179","category":"rocky_peak","name":"","elevation_m":3399,"main":false,"five_thousander":false},"geometry":{"type":"Point","coordinates":[41.741749,43.346349]}},{"type":"Feature","properties":{"id":"rock-0180","category":"rocky_ridge","name":"","elevation_m":3310,"main":false,"five_thousander":false},"geometry":{"type":"Point","coordinates":[41.730752,43.35135]}},{"type":"Feature","properties":{"id":"rock-0181","category":"rounded_mountain","name":"","elevation_m":3366,"main":false,"five_thousander":false},"geometry":{"type":"Point","coordinates":[41.583488,43.404837]}},{"type":"Feature","properties":{"id":"rock-0182","category":"ridge","name":"","elevation_m":3209,"main":false,"five_thousander":false},"geometry":{"type":"Point","coordinates":[41.889238,43.497671]}},{"type":"Feature","properties":{"id":"rock-0183","category":"ridge","name":"","elevation_m":3232,"main":false,"five_thousander":false},"geometry":{"type":"Point","coordinates":[41.661776,43.499235]}},{"type":"Feature","properties":{"id":"rock-0184","category":"rocky_ridge","name":"","elevation_m":3326,"main":false,"five_thousander":false},"geometry":{"type":"Point","coordinates":[41.649063,43.516315]}},{"type":"Feature","properties":{"id":"rock-0185","category":"rocky_peak","name":"","elevation_m":3699,"main":false,"five_thousander":false},"geometry":{"type":"Point","coordinates":[41.582447,43.264847]}},{"type":"Feature","properties":{"id":"rock-0186","category":"rocky_peak","name":"","elevation_m":3429,"main":false,"five_thousander":false},"geometry":{"type":"Point","coordinates":[41.684339,43.216983]}},{"type":"Feature","properties":{"id":"rock-0187","category":"rounded_mountain","name":"","elevation_m":3691,"main":false,"five_thousander":false},"geometry":{"type":"Point","coordinates":[41.511433,43.287109]}},{"type":"Feature","properties":{"id":"rock-0188","category":"rounded_mountain","name":"","elevation_m":3229,"main":false,"five_thousander":false},"geometry":{"type":"Point","coordinates":[41.521164,43.310924]}},{"type":"Feature","properties":{"id":"rock-0189","category":"rocky_peak","name":"","elevation_m":3221,"main":false,"five_thousander":false},"geometry":{"type":"Point","coordinates":[41.547385,43.277393]}},{"type":"Feature","properties":{"id":"rock-0190","category":"rocky_peak","name":"","elevation_m":3315,"main":false,"five_thousander":false},"geometry":{"type":"Point","coordinates":[41.868864,43.305717]}},{"type":"Feature","properties":{"id":"rock-0191","category":"rocky_ridge","name":"","elevation_m":3259,"main":false,"five_thousander":false},"geometry":{"type":"Point","coordinates":[41.769773,43.213332]}},{"type":"Feature","properties":{"id":"rock-0192","category":"ridge","name":"","elevation_m":3206,"main":false,"five_thousander":false},"geometry":{"type":"Point","coordinates":[41.831893,43.304288]}},{"type":"Feature","properties":{"id":"rock-0193","category":"rocky_ridge","name":"","elevation_m":3241,"main":false,"five_thousander":false},"geometry":{"type":"Point","coordinates":[41.805865,43.33793]}},{"type":"Feature","properties":{"id":"rock-0194","category":"rocky_peak","name":"","elevation_m":3375,"main":false,"five_thousander":false},"geometry":{"type":"Point","coordinates":[41.785051,43.357528]}},{"type":"Feature","properties":{"id":"rock-0195","category":"rocky_peak","name":"","elevation_m":3204,"main":false,"five_thousander":false},"geometry":{"type":"Point","coordinates":[41.725398,43.256377]}},{"type":"Feature","properties":{"id":"rock-0196","category":"ridge","name":"","elevation_m":3329,"main":false,"five_thousander":false},"geometry":{"type":"Point","coordinates":[41.818621,43.300985]}},{"type":"Feature","properties":{"id":"rock-0197","category":"massif","name":"","elevation_m":3248,"main":false,"five_thousander":false},"geometry":{"type":"Point","coordinates":[41.640801,43.240201]}},{"type":"Feature","properties":{"id":"rock-0198","category":"rocky_ridge","name":"","elevation_m":3353,"main":false,"five_thousander":false},"geometry":{"type":"Point","coordinates":[41.577072,43.225998]}},{"type":"Feature","properties":{"id":"rock-0199","category":"ridge","name":"","elevation_m":3334,"main":false,"five_thousander":false},"geometry":{"type":"Point","coordinates":[41.908765,43.289499]}},{"type":"Feature","properties":{"id":"rock-0200","category":"rocky_peak","name":"","elevation_m":3428,"main":false,"five_thousander":false},"geometry":{"type":"Point","coordinates":[41.635276,43.221596]}},{"type":"Feature","properties":{"id":"rock-0201","category":"rocky_peak","name":"","elevation_m":3377,"main":false,"five_thousander":false},"geometry":{"type":"Point","coordinates":[41.852535,43.214872]}},{"type":"Feature","properties":{"id":"rock-0202","category":"rocky_peak","name":"","elevation_m":3229,"main":false,"five_thousander":false},"geometry":{"type":"Point","coordinates":[41.791241,43.239935]}},{"type":"Feature","properties":{"id":"rock-0203","category":"rocky_peak","name":"","elevation_m":3453,"main":false,"five_thousander":false},"geometry":{"type":"Point","coordinates":[41.617337,43.220572]}},{"type":"Feature","properties":{"id":"rock-0204","category":"rocky_peak","name":"","elevation_m":3563,"main":false,"five_thousander":false},"geometry":{"type":"Point","coordinates":[41.784396,43.235816]}},{"type":"Feature","properties":{"id":"rock-0205","category":"rocky_peak","name":"","elevation_m":3491,"main":false,"five_thousander":false},"geometry":{"type":"Point","coordinates":[41.611308,43.226998]}},{"type":"Feature","properties":{"id":"rock-0206","category":"rocky_ridge","name":"","elevation_m":3316,"main":false,"five_thousander":false},"geometry":{"type":"Point","coordinates":[41.934482,43.490261]}},{"type":"Feature","properties":{"id":"rock-0207","category":"rounded_mountain","name":"","elevation_m":3208,"main":false,"five_thousander":false},"geometry":{"type":"Point","coordinates":[41.861472,43.365726]}},{"type":"Feature","properties":{"id":"rock-0208","category":"rocky_peak","name":"","elevation_m":3211,"main":false,"five_thousander":false},"geometry":{"type":"Point","coordinates":[41.880012,43.426089]}},{"type":"Feature","properties":{"id":"rock-0209","category":"massif","name":"","elevation_m":3243,"main":false,"five_thousander":false},"geometry":{"type":"Point","coordinates":[41.876922,43.364205]}},{"type":"Feature","properties":{"id":"rock-0210","category":"rocky_peak","name":"","elevation_m":3329,"main":false,"five_thousander":false},"geometry":{"type":"Point","coordinates":[41.854069,43.338671]}},{"type":"Feature","properties":{"id":"rock-0211","category":"ridge","name":"","elevation_m":3367,"main":false,"five_thousander":false},"geometry":{"type":"Point","coordinates":[41.930019,43.348065]}},{"type":"Feature","properties":{"id":"rock-0212","category":"steep_mountain","name":"","elevation_m":3328,"main":false,"five_thousander":false},"geometry":{"type":"Point","coordinates":[41.808997,43.389869]}},{"type":"Feature","properties":{"id":"rock-0213","category":"rounded_mountain","name":"","elevation_m":3455,"main":false,"five_thousander":false},"geometry":{"type":"Point","coordinates":[41.855432,43.34897]}},{"type":"Feature","properties":{"id":"rock-0214","category":"ridge","name":"","elevation_m":3411,"main":false,"five_thousander":false},"geometry":{"type":"Point","coordinates":[41.914762,43.301259]}},{"type":"Feature","properties":{"id":"rock-0215","category":"rocky_peak","name":"","elevation_m":3450,"main":false,"five_thousander":false},"geometry":{"type":"Point","coordinates":[41.828481,43.382447]}},{"type":"Feature","properties":{"id":"rock-0216","category":"steep_mountain","name":"","elevation_m":3521,"main":false,"five_thousander":false},"geometry":{"type":"Point","coordinates":[41.869304,43.421617]}},{"type":"Feature","properties":{"id":"rock-0217","category":"rocky_peak","name":"","elevation_m":3507,"main":false,"five_thousander":false},"geometry":{"type":"Point","coordinates":[41.830788,43.362513]}},{"type":"Feature","properties":{"id":"rock-0218","category":"isolated_peak","name":"","elevation_m":3207,"main":false,"five_thousander":false},"geometry":{"type":"Point","coordinates":[42.12038,43.399926]}},{"type":"Feature","properties":{"id":"rock-0219","category":"isolated_peak","name":"","elevation_m":3426,"main":false,"five_thousander":false},"geometry":{"type":"Point","coordinates":[42.122065,43.385854]}},{"type":"Feature","properties":{"id":"rock-0220","category":"rocky_ridge","name":"","elevation_m":3473,"main":false,"five_thousander":false},"geometry":{"type":"Point","coordinates":[41.82656,43.368402]}},{"type":"Feature","properties":{"id":"rock-0221","category":"steep_mountain","name":"","elevation_m":3731,"main":false,"five_thousander":false},"geometry":{"type":"Point","coordinates":[42.098204,43.306919]}},{"type":"Feature","properties":{"id":"rock-0222","category":"rounded_mountain","name":"","elevation_m":3291,"main":false,"five_thousander":false},"geometry":{"type":"Point","coordinates":[42.070985,43.348736]}},{"type":"Feature","properties":{"id":"rock-0223","category":"rocky_peak","name":"","elevation_m":3262,"main":false,"five_thousander":false},"geometry":{"type":"Point","coordinates":[42.218571,43.307848]}},{"type":"Feature","properties":{"id":"rock-0224","category":"rocky_peak","name":"","elevation_m":3299,"main":false,"five_thousander":false},"geometry":{"type":"Point","coordinates":[42.20046,43.27048]}},{"type":"Feature","properties":{"id":"rock-0225","category":"rocky_ridge","name":"","elevation_m":3210,"main":false,"five_thousander":false},"geometry":{"type":"Point","coordinates":[42.057381,43.339248]}},{"type":"Feature","properties":{"id":"rock-0226","category":"steep_mountain","name":"","elevation_m":3376,"main":false,"five_thousander":false},"geometry":{"type":"Point","coordinates":[42.201651,43.293068]}},{"type":"Feature","properties":{"id":"rock-0227","category":"rounded_mountain","name":"","elevation_m":3315,"main":false,"five_thousander":false},"geometry":{"type":"Point","coordinates":[42.126077,43.304522]}},{"type":"Feature","properties":{"id":"rock-0228","category":"isolated_peak","name":"","elevation_m":3361,"main":false,"five_thousander":false},"geometry":{"type":"Point","coordinates":[42.050761,43.391398]}},{"type":"Feature","properties":{"id":"rock-0229","category":"rocky_peak","name":"","elevation_m":3407,"main":false,"five_thousander":false},"geometry":{"type":"Point","coordinates":[42.145808,43.304397]}},{"type":"Feature","properties":{"id":"rock-0230","category":"rocky_ridge","name":"","elevation_m":3597,"main":false,"five_thousander":false},"geometry":{"type":"Point","coordinates":[42.114898,43.294731]}},{"type":"Feature","properties":{"id":"rock-0231","category":"rocky_ridge","name":"","elevation_m":3590,"main":false,"five_thousander":false},"geometry":{"type":"Point","coordinates":[42.119683,43.281408]}},{"type":"Feature","properties":{"id":"rock-0232","category":"rounded_mountain","name":"","elevation_m":3651,"main":false,"five_thousander":false},"geometry":{"type":"Point","coordinates":[42.111754,43.303226]}},{"type":"Feature","properties":{"id":"rock-0233","category":"rocky_peak","name":"","elevation_m":3410,"main":false,"five_thousander":false},"geometry":{"type":"Point","coordinates":[41.961175,43.253353]}},{"type":"Feature","properties":{"id":"rock-0234","category":"massif","name":"","elevation_m":3406,"main":false,"five_thousander":false},"geometry":{"type":"Point","coordinates":[41.966851,43.263167]}},{"type":"Feature","properties":{"id":"rock-0235","category":"rocky_peak","name":"","elevation_m":3270,"main":false,"five_thousander":false},"geometry":{"type":"Point","coordinates":[41.976743,43.262628]}},{"type":"Feature","properties":{"id":"rock-0236","category":"rocky_peak","name":"","elevation_m":3260,"main":false,"five_thousander":false},"geometry":{"type":"Point","coordinates":[41.898562,43.243905]}},{"type":"Feature","properties":{"id":"rock-0237","category":"rocky_peak","name":"","elevation_m":3241,"main":false,"five_thousander":false},"geometry":{"type":"Point","coordinates":[42.019347,43.227811]}},{"type":"Feature","properties":{"id":"rock-0238","category":"rocky_peak","name":"","elevation_m":3375,"main":false,"five_thousander":false},"geometry":{"type":"Point","coordinates":[41.968846,43.266933]}},{"type":"Feature","properties":{"id":"rock-0239","category":"isolated_peak","name":"","elevation_m":3287,"main":false,"five_thousander":false},"geometry":{"type":"Point","coordinates":[43.129234,43.184057]}},{"type":"Feature","properties":{"id":"rock-0240","category":"ridge","name":"","elevation_m":3288,"main":false,"five_thousander":false},"geometry":{"type":"Point","coordinates":[43.088454,43.249079]}},{"type":"Feature","properties":{"id":"rock-0241","category":"rocky_ridge","name":"","elevation_m":3840,"main":false,"five_thousander":false},"geometry":{"type":"Point","coordinates":[43.118752,43.135629]}},{"type":"Feature","properties":{"id":"rock-0242","category":"ridge","name":"","elevation_m":3781,"main":false,"five_thousander":false},"geometry":{"type":"Point","coordinates":[43.131273,43.136968]}},{"type":"Feature","properties":{"id":"rock-0243","category":"isolated_peak","name":"","elevation_m":3885,"main":false,"five_thousander":false},"geometry":{"type":"Point","coordinates":[43.137238,43.15271]}},{"type":"Feature","properties":{"id":"rock-0244","category":"ridge","name":"","elevation_m":3548,"main":false,"five_thousander":false},"geometry":{"type":"Point","coordinates":[43.162172,43.174317]}},{"type":"Feature","properties":{"id":"rock-0245","category":"steep_mountain","name":"","elevation_m":3615,"main":false,"five_thousander":false},"geometry":{"type":"Point","coordinates":[43.177975,43.194782]}},{"type":"Feature","properties":{"id":"rock-0246","category":"ridge","name":"","elevation_m":3584,"main":false,"five_thousander":false},"geometry":{"type":"Point","coordinates":[43.180379,43.197199]}},{"type":"Feature","properties":{"id":"rock-0247","category":"rocky_peak","name":"","elevation_m":3664,"main":false,"five_thousander":false},"geometry":{"type":"Point","coordinates":[41.894324,43.275823]}},{"type":"Feature","properties":{"id":"rock-0248","category":"ridge","name":"","elevation_m":3216,"main":false,"five_thousander":false},"geometry":{"type":"Point","coordinates":[41.524608,43.321743]}},{"type":"Feature","properties":{"id":"rock-0249","category":"rocky_peak","name":"","elevation_m":3652,"main":false,"five_thousander":false},"geometry":{"type":"Point","coordinates":[43.067662,43.137015]}},{"type":"Feature","properties":{"id":"rock-0250","category":"ridge","name":"","elevation_m":3772,"main":false,"five_thousander":false},"geometry":{"type":"Point","coordinates":[43.079495,43.137798]}},{"type":"Feature","properties":{"id":"rock-0251","category":"rocky_peak","name":"","elevation_m":3222,"main":false,"five_thousander":false},"geometry":{"type":"Point","coordinates":[41.419187,43.427687]}},{"type":"Feature","properties":{"id":"rock-0252","category":"rocky_peak","name":"","elevation_m":3338,"main":false,"five_thousander":false},"geometry":{"type":"Point","coordinates":[41.42719,43.413933]}},{"type":"Feature","properties":{"id":"rock-0253","category":"rounded_mountain","name":"","elevation_m":3295,"main":false,"five_thousander":false},"geometry":{"type":"Point","coordinates":[41.417094,43.40334]}},{"type":"Feature","properties":{"id":"rock-0254","category":"steep_mountain","name":"","elevation_m":3989,"main":false,"five_thousander":false},"geometry":{"type":"Point","coordinates":[42.95797,43.160623]}},{"type":"Feature","properties":{"id":"rock-0255","category":"ridge","name":"","elevation_m":3209,"main":false,"five_thousander":false},"geometry":{"type":"Point","coordinates":[41.864272,43.45316]}},{"type":"Feature","properties":{"id":"rock-0256","category":"rocky_ridge","name":"","elevation_m":3274,"main":false,"five_thousander":false},"geometry":{"type":"Point","coordinates":[41.869261,43.452327]}},{"type":"Feature","properties":{"id":"rock-0257","category":"ridge","name":"","elevation_m":3399,"main":false,"five_thousander":false},"geometry":{"type":"Point","coordinates":[42.831026,43.224262]}},{"type":"Feature","properties":{"id":"rock-0258","category":"steep_mountain","name":"","elevation_m":3986,"main":false,"five_thousander":false},"geometry":{"type":"Point","coordinates":[42.864093,43.244851]}},{"type":"Feature","properties":{"id":"rock-0259","category":"rocky_peak","name":"","elevation_m":3797,"main":false,"five_thousander":false},"geometry":{"type":"Point","coordinates":[42.832217,43.208147]}},{"type":"Feature","properties":{"id":"rock-0260","category":"rocky_peak","name":"","elevation_m":3405,"main":false,"five_thousander":false},"geometry":{"type":"Point","coordinates":[41.529458,43.330399]}},{"type":"Feature","properties":{"id":"rock-0261","category":"rounded_mountain","name":"","elevation_m":3254,"main":false,"five_thousander":false},"geometry":{"type":"Point","coordinates":[41.543137,43.326551]}},{"type":"Feature","properties":{"id":"rock-0262","category":"rocky_peak","name":"","elevation_m":3777,"main":false,"five_thousander":false},"geometry":{"type":"Point","coordinates":[43.434545,42.984268]}},{"type":"Feature","properties":{"id":"rock-0263","category":"rocky_peak","name":"","elevation_m":3688,"main":false,"five_thousander":false},"geometry":{"type":"Point","coordinates":[43.43698,42.988906]}},{"type":"Feature","properties":{"id":"rock-0264","category":"rounded_mountain","name":"","elevation_m":3236,"main":false,"five_thousander":false},"geometry":{"type":"Point","coordinates":[41.565968,43.330001]}},{"type":"Feature","properties":{"id":"rock-0265","category":"ridge","name":"","elevation_m":3697,"main":false,"five_thousander":false},"geometry":{"type":"Point","coordinates":[43.536748,42.944188]}},{"type":"Feature","properties":{"id":"rock-0266","category":"rocky_peak","name":"","elevation_m":3849,"main":false,"five_thousander":false},"geometry":{"type":"Point","coordinates":[43.544934,42.945028]}},{"type":"Feature","properties":{"id":"rock-0267","category":"ridge","name":"","elevation_m":3755,"main":false,"five_thousander":false},"geometry":{"type":"Point","coordinates":[43.57726,42.950549]}},{"type":"Feature","properties":{"id":"rock-0268","category":"rocky_ridge","name":"","elevation_m":3956,"main":false,"five_thousander":false},"geometry":{"type":"Point","coordinates":[43.582002,42.964659]}},{"type":"Feature","properties":{"id":"rock-0269","category":"massif","name":"","elevation_m":3914,"main":false,"five_thousander":false},"geometry":{"type":"Point","coordinates":[43.430436,42.971834]}},{"type":"Feature","properties":{"id":"rock-0270","category":"rocky_peak","name":"","elevation_m":3762,"main":false,"five_thousander":false},"geometry":{"type":"Point","coordinates":[43.424052,42.973671]}},{"type":"Feature","properties":{"id":"rock-0271","category":"rocky_peak","name":"","elevation_m":3842,"main":false,"five_thousander":false},"geometry":{"type":"Point","coordinates":[43.409579,42.980689]}},{"type":"Feature","properties":{"id":"rock-0272","category":"rocky_ridge","name":"","elevation_m":3931,"main":false,"five_thousander":false},"geometry":{"type":"Point","coordinates":[43.405513,42.985312]}},{"type":"Feature","properties":{"id":"rock-0273","category":"rounded_mountain","name":"","elevation_m":3802,"main":false,"five_thousander":false},"geometry":{"type":"Point","coordinates":[43.516706,42.990829]}},{"type":"Feature","properties":{"id":"rock-0274","category":"steep_mountain","name":"","elevation_m":3543,"main":false,"five_thousander":false},"geometry":{"type":"Point","coordinates":[43.503445,42.994235]}},{"type":"Feature","properties":{"id":"rock-0275","category":"steep_mountain","name":"","elevation_m":3820,"main":false,"five_thousander":false},"geometry":{"type":"Point","coordinates":[43.521684,42.999147]}},{"type":"Feature","properties":{"id":"rock-0276","category":"ridge","name":"","elevation_m":3809,"main":false,"five_thousander":false},"geometry":{"type":"Point","coordinates":[43.396575,43.023498]}},{"type":"Feature","properties":{"id":"rock-0277","category":"rocky_peak","name":"","elevation_m":3847,"main":false,"five_thousander":false},"geometry":{"type":"Point","coordinates":[43.399343,43.02793]}},{"type":"Feature","properties":{"id":"rock-0278","category":"steep_mountain","name":"","elevation_m":3519,"main":false,"five_thousander":false},"geometry":{"type":"Point","coordinates":[43.049626,42.977463]}},{"type":"Feature","properties":{"id":"rock-0279","category":"rocky_peak","name":"","elevation_m":3638,"main":false,"five_thousander":false},"geometry":{"type":"Point","coordinates":[42.196716,43.226834]}},{"type":"Feature","properties":{"id":"rock-0280","category":"rocky_peak","name":"","elevation_m":3387,"main":false,"five_thousander":false},"geometry":{"type":"Point","coordinates":[43.176076,42.920685]}},{"type":"Feature","properties":{"id":"rock-0281","category":"rocky_peak","name":"","elevation_m":3481,"main":false,"five_thousander":false},"geometry":{"type":"Point","coordinates":[43.182181,42.924409]}},{"type":"Feature","properties":{"id":"rock-0282","category":"rocky_peak","name":"","elevation_m":3993,"main":false,"five_thousander":false},"geometry":{"type":"Point","coordinates":[43.235128,42.932312]}},{"type":"Feature","properties":{"id":"rock-0283","category":"steep_mountain","name":"","elevation_m":3343,"main":false,"five_thousander":false},"geometry":{"type":"Point","coordinates":[43.147184,42.949426]}},{"type":"Feature","properties":{"id":"rock-0284","category":"rocky_peak","name":"","elevation_m":3598,"main":false,"five_thousander":false},"geometry":{"type":"Point","coordinates":[43.120415,42.971991]}},{"type":"Feature","properties":{"id":"rock-0285","category":"steep_mountain","name":"","elevation_m":3306,"main":false,"five_thousander":false},"geometry":{"type":"Point","coordinates":[43.304307,42.903382]}},{"type":"Feature","properties":{"id":"rock-0286","category":"rocky_ridge","name":"","elevation_m":3254,"main":false,"five_thousander":false},"geometry":{"type":"Point","coordinates":[42.1747,43.169293]}},{"type":"Feature","properties":{"id":"rock-0287","category":"rounded_mountain","name":"","elevation_m":3300,"main":false,"five_thousander":false},"geometry":{"type":"Point","coordinates":[42.148447,43.175279]}},{"type":"Feature","properties":{"id":"rock-0288","category":"rocky_ridge","name":"","elevation_m":3412,"main":false,"five_thousander":false},"geometry":{"type":"Point","coordinates":[42.463982,43.189901]}},{"type":"Feature","properties":{"id":"rock-0289","category":"ridge","name":"","elevation_m":3344,"main":false,"five_thousander":false},"geometry":{"type":"Point","coordinates":[42.137332,43.194711]}},{"type":"Feature","properties":{"id":"rock-0290","category":"ridge","name":"","elevation_m":3440,"main":false,"five_thousander":false},"geometry":{"type":"Point","coordinates":[42.420005,43.221542]}},{"type":"Feature","properties":{"id":"rock-0291","category":"ridge","name":"","elevation_m":3416,"main":false,"five_thousander":false},"geometry":{"type":"Point","coordinates":[42.363399,43.245414]}},{"type":"Feature","properties":{"id":"rock-0292","category":"rocky_peak","name":"","elevation_m":3394,"main":false,"five_thousander":false},"geometry":{"type":"Point","coordinates":[42.025988,43.16517]}},{"type":"Feature","properties":{"id":"rock-0293","category":"rocky_peak","name":"","elevation_m":3847,"main":false,"five_thousander":false},"geometry":{"type":"Point","coordinates":[42.816457,43.273104]}},{"type":"Feature","properties":{"id":"rock-0294","category":"rounded_mountain","name":"","elevation_m":3907,"main":false,"five_thousander":false},"geometry":{"type":"Point","coordinates":[42.826756,43.281408]}},{"type":"Feature","properties":{"id":"rock-0295","category":"ridge","name":"","elevation_m":3524,"main":false,"five_thousander":false},"geometry":{"type":"Point","coordinates":[42.853557,43.293388]}},{"type":"Feature","properties":{"id":"rock-0296","category":"steep_mountain","name":"","elevation_m":3558,"main":false,"five_thousander":false},"geometry":{"type":"Point","coordinates":[42.990661,43.305865]}},{"type":"Feature","properties":{"id":"rock-0297","category":"rounded_mountain","name":"","elevation_m":3375,"main":false,"five_thousander":false},"geometry":{"type":"Point","coordinates":[42.990607,43.312587]}},{"type":"Feature","properties":{"id":"rock-0298","category":"rocky_peak","name":"","elevation_m":3995,"main":false,"five_thousander":false},"geometry":{"type":"Point","coordinates":[42.924271,43.221893]}},{"type":"Feature","properties":{"id":"rock-0299","category":"rocky_ridge","name":"","elevation_m":3939,"main":false,"five_thousander":false},"geometry":{"type":"Point","coordinates":[42.916009,43.226365]}},{"type":"Feature","properties":{"id":"rock-0300","category":"rocky_ridge","name":"","elevation_m":3740,"main":false,"five_thousander":false},"geometry":{"type":"Point","coordinates":[42.745088,43.240334]}},{"type":"Feature","properties":{"id":"rock-0301","category":"steep_mountain","name":"","elevation_m":3908,"main":false,"five_thousander":false},"geometry":{"type":"Point","coordinates":[43.250953,43.00959]}},{"type":"Feature","properties":{"id":"rock-0302","category":"ridge","name":"","elevation_m":3803,"main":false,"five_thousander":false},"geometry":{"type":"Point","coordinates":[43.227242,43.002748]}},{"type":"Feature","properties":{"id":"rock-0303","category":"steep_mountain","name":"","elevation_m":3810,"main":false,"five_thousander":false},"geometry":{"type":"Point","coordinates":[43.228358,43.011457]}},{"type":"Feature","properties":{"id":"rock-0304","category":"rocky_peak","name":"","elevation_m":3684,"main":false,"five_thousander":false},"geometry":{"type":"Point","coordinates":[43.281487,43.062539]}},{"type":"Feature","properties":{"id":"rock-0305","category":"isolated_peak","name":"","elevation_m":3581,"main":false,"five_thousander":false},"geometry":{"type":"Point","coordinates":[43.060849,43.067618]}},{"type":"Feature","properties":{"id":"rock-0306","category":"ridge","name":"","elevation_m":3466,"main":false,"five_thousander":false},"geometry":{"type":"Point","coordinates":[43.293654,43.071208]}},{"type":"Feature","properties":{"id":"rock-0307","category":"steep_mountain","name":"","elevation_m":3501,"main":false,"five_thousander":false},"geometry":{"type":"Point","coordinates":[42.910548,43.080541]}},{"type":"Feature","properties":{"id":"rock-0308","category":"rocky_peak","name":"","elevation_m":3757,"main":false,"five_thousander":false},"geometry":{"type":"Point","coordinates":[42.93339,43.092616]}},{"type":"Feature","properties":{"id":"rock-0309","category":"steep_mountain","name":"","elevation_m":3712,"main":false,"five_thousander":false},"geometry":{"type":"Point","coordinates":[43.09723,43.107218]}},{"type":"Feature","properties":{"id":"rock-0310","category":"rocky_peak","name":"","elevation_m":3996,"main":false,"five_thousander":false},"geometry":{"type":"Point","coordinates":[42.823066,43.114205]}},{"type":"Feature","properties":{"id":"rock-0311","category":"rocky_peak","name":"","elevation_m":3870,"main":false,"five_thousander":false},"geometry":{"type":"Point","coordinates":[42.633669,43.117087]}},{"type":"Feature","properties":{"id":"rock-0312","category":"rocky_ridge","name":"","elevation_m":3764,"main":false,"five_thousander":false},"geometry":{"type":"Point","coordinates":[43.052319,43.117345]}},{"type":"Feature","properties":{"id":"rock-0313","category":"rocky_peak","name":"","elevation_m":3578,"main":false,"five_thousander":false},"geometry":{"type":"Point","coordinates":[43.220462,43.126907]}},{"type":"Feature","properties":{"id":"rock-0314","category":"rocky_peak","name":"","elevation_m":3415,"main":false,"five_thousander":false},"geometry":{"type":"Point","coordinates":[42.791448,43.139364]}},{"type":"Feature","properties":{"id":"rock-0315","category":"steep_mountain","name":"","elevation_m":3937,"main":false,"five_thousander":false},"geometry":{"type":"Point","coordinates":[43.073852,43.153931]}},{"type":"Feature","properties":{"id":"rock-0316","category":"steep_mountain","name":"","elevation_m":3591,"main":false,"five_thousander":false},"geometry":{"type":"Point","coordinates":[42.979417,43.16362]}},{"type":"Feature","properties":{"id":"rock-0317","category":"rocky_ridge","name":"","elevation_m":3726,"main":false,"five_thousander":false},"geometry":{"type":"Point","coordinates":[42.97564,43.164356]}},{"type":"Feature","properties":{"id":"rock-0318","category":"rocky_ridge","name":"","elevation_m":3618,"main":false,"five_thousander":false},"geometry":{"type":"Point","coordinates":[42.920827,43.168245]}},{"type":"Feature","properties":{"id":"rock-0319","category":"ridge","name":"","elevation_m":3508,"main":false,"five_thousander":false},"geometry":{"type":"Point","coordinates":[43.09384,43.168722]}},{"type":"Feature","properties":{"id":"rock-0320","category":"ridge","name":"","elevation_m":3644,"main":false,"five_thousander":false},"geometry":{"type":"Point","coordinates":[42.959332,43.177478]}},{"type":"Feature","properties":{"id":"rock-0321","category":"isolated_peak","name":"","elevation_m":3489,"main":false,"five_thousander":false},"geometry":{"type":"Point","coordinates":[43.088078,43.182524]}},{"type":"Feature","properties":{"id":"rock-0322","category":"rocky_peak","name":"","elevation_m":3966,"main":false,"five_thousander":false},"geometry":{"type":"Point","coordinates":[43.165444,42.965774]}},{"type":"Feature","properties":{"id":"rock-0323","category":"rounded_mountain","name":"","elevation_m":3628,"main":false,"five_thousander":false},"geometry":{"type":"Point","coordinates":[42.895732,43.158995]}},{"type":"Feature","properties":{"id":"rock-0324","category":"rocky_peak","name":"","elevation_m":3948,"main":false,"five_thousander":false},"geometry":{"type":"Point","coordinates":[42.994319,43.019027]}},{"type":"Feature","properties":{"id":"rock-0325","category":"rocky_ridge","name":"","elevation_m":3350,"main":false,"five_thousander":false},"geometry":{"type":"Point","coordinates":[41.887522,43.266644]}},{"type":"Feature","properties":{"id":"rock-0326","category":"ridge","name":"","elevation_m":3442,"main":false,"five_thousander":false},"geometry":{"type":"Point","coordinates":[41.833234,43.323742]}},{"type":"Feature","properties":{"id":"rock-0327","category":"rocky_ridge","name":"","elevation_m":3641,"main":false,"five_thousander":false},"geometry":{"type":"Point","coordinates":[42.081606,43.252291]}},{"type":"Feature","properties":{"id":"rock-0328","category":"rocky_peak","name":"","elevation_m":3558,"main":false,"five_thousander":false},"geometry":{"type":"Point","coordinates":[42.162781,43.232236]}},{"type":"Feature","properties":{"id":"rock-0329","category":"rocky_peak","name":"","elevation_m":3742,"main":false,"five_thousander":false},"geometry":{"type":"Point","coordinates":[42.098365,43.216499]}},{"type":"Feature","properties":{"id":"rock-0330","category":"rocky_peak","name":"","elevation_m":3497,"main":false,"five_thousander":false},"geometry":{"type":"Point","coordinates":[42.229804,43.258737]}},{"type":"Feature","properties":{"id":"rock-0331","category":"rocky_peak","name":"","elevation_m":3422,"main":false,"five_thousander":false},"geometry":{"type":"Point","coordinates":[42.05222,43.257971]}},{"type":"Feature","properties":{"id":"rock-0332","category":"rounded_mountain","name":"","elevation_m":3480,"main":false,"five_thousander":false},"geometry":{"type":"Point","coordinates":[42.093526,43.253814]}},{"type":"Feature","properties":{"id":"rock-0333","category":"rocky_ridge","name":"","elevation_m":3586,"main":false,"five_thousander":false},"geometry":{"type":"Point","coordinates":[42.093998,43.23945]}},{"type":"Feature","properties":{"id":"rock-0334","category":"massif","name":"","elevation_m":3237,"main":false,"five_thousander":false},"geometry":{"type":"Point","coordinates":[42.108589,43.208492]}},{"type":"Feature","properties":{"id":"rock-0335","category":"rocky_peak","name":"","elevation_m":3633,"main":false,"five_thousander":false},"geometry":{"type":"Point","coordinates":[42.091938,43.203768]}},{"type":"Feature","properties":{"id":"rock-0336","category":"rocky_peak","name":"","elevation_m":3405,"main":false,"five_thousander":false},"geometry":{"type":"Point","coordinates":[42.073345,43.212386]}},{"type":"Feature","properties":{"id":"rock-0337","category":"rocky_peak","name":"","elevation_m":3771,"main":false,"five_thousander":false},"geometry":{"type":"Point","coordinates":[42.165281,43.222988]}},{"type":"Feature","properties":{"id":"rock-0338","category":"rocky_ridge","name":"","elevation_m":3264,"main":false,"five_thousander":false},"geometry":{"type":"Point","coordinates":[42.213002,43.299049]}},{"type":"Feature","properties":{"id":"rock-0339","category":"rocky_ridge","name":"","elevation_m":3330,"main":false,"five_thousander":false},"geometry":{"type":"Point","coordinates":[42.213163,43.306154]}},{"type":"Feature","properties":{"id":"rock-0340","category":"ridge","name":"","elevation_m":3309,"main":false,"five_thousander":false},"geometry":{"type":"Point","coordinates":[42.220974,43.248297]}},{"type":"Feature","properties":{"id":"rock-0341","category":"steep_mountain","name":"","elevation_m":3256,"main":false,"five_thousander":false},"geometry":{"type":"Point","coordinates":[42.200278,43.211361]}},{"type":"Feature","properties":{"id":"rock-0342","category":"rocky_ridge","name":"","elevation_m":3428,"main":false,"five_thousander":false},"geometry":{"type":"Point","coordinates":[42.219021,43.236574]}},{"type":"Feature","properties":{"id":"rock-0343","category":"rocky_peak","name":"","elevation_m":3437,"main":false,"five_thousander":false},"geometry":{"type":"Point","coordinates":[42.203572,43.228664]}},{"type":"Feature","properties":{"id":"rock-0344","category":"rounded_mountain","name":"","elevation_m":3503,"main":false,"five_thousander":false},"geometry":{"type":"Point","coordinates":[42.250146,43.23233]}},{"type":"Feature","properties":{"id":"rock-0345","category":"rocky_peak","name":"","elevation_m":3598,"main":false,"five_thousander":false},"geometry":{"type":"Point","coordinates":[42.221167,43.281923]}},{"type":"Feature","properties":{"id":"rock-0346","category":"rocky_peak","name":"","elevation_m":3420,"main":false,"five_thousander":false},"geometry":{"type":"Point","coordinates":[42.180569,43.214982]}},{"type":"Feature","properties":{"id":"rock-0347","category":"ridge","name":"","elevation_m":3401,"main":false,"five_thousander":false},"geometry":{"type":"Point","coordinates":[42.073195,43.354876]}},{"type":"Feature","properties":{"id":"rock-0348","category":"rocky_ridge","name":"","elevation_m":3213,"main":false,"five_thousander":false},"geometry":{"type":"Point","coordinates":[42.155067,43.314195]}},{"type":"Feature","properties":{"id":"rock-0349","category":"rocky_peak","name":"","elevation_m":3229,"main":false,"five_thousander":false},"geometry":{"type":"Point","coordinates":[42.235136,43.266308]}},{"type":"Feature","properties":{"id":"rock-0350","category":"rounded_mountain","name":"","elevation_m":3222,"main":false,"five_thousander":false},"geometry":{"type":"Point","coordinates":[42.053111,43.317802]}},{"type":"Feature","properties":{"id":"rock-0351","category":"steep_mountain","name":"","elevation_m":3276,"main":false,"five_thousander":false},"geometry":{"type":"Point","coordinates":[42.043176,43.344492]}},{"type":"Feature","properties":{"id":"rock-0352","category":"ridge","name":"","elevation_m":3284,"main":false,"five_thousander":false},"geometry":{"type":"Point","coordinates":[42.07828,43.383546]}},{"type":"Feature","properties":{"id":"rock-0353","category":"rocky_peak","name":"","elevation_m":3299,"main":false,"five_thousander":false},"geometry":{"type":"Point","coordinates":[42.031975,43.381753]}},{"type":"Feature","properties":{"id":"rock-0354","category":"rocky_ridge","name":"","elevation_m":3239,"main":false,"five_thousander":false},"geometry":{"type":"Point","coordinates":[42.086402,43.276213]}},{"type":"Feature","properties":{"id":"rock-0355","category":"steep_mountain","name":"","elevation_m":3305,"main":false,"five_thousander":false},"geometry":{"type":"Point","coordinates":[42.103418,43.313836]}},{"type":"Feature","properties":{"id":"rock-0356","category":"ridge","name":"","elevation_m":3266,"main":false,"five_thousander":false},"geometry":{"type":"Point","coordinates":[42.098826,43.334855]}},{"type":"Feature","properties":{"id":"rock-0357","category":"rocky_peak","name":"","elevation_m":3334,"main":false,"five_thousander":false},"geometry":{"type":"Point","coordinates":[42.114211,43.353355]}},{"type":"Feature","properties":{"id":"rock-0358","category":"rounded_mountain","name":"","elevation_m":3341,"main":false,"five_thousander":false},"geometry":{"type":"Point","coordinates":[42.063174,43.336189]}},{"type":"Feature","properties":{"id":"rock-0359","category":"ridge","name":"","elevation_m":3336,"main":false,"five_thousander":false},"geometry":{"type":"Point","coordinates":[42.047832,43.342884]}},{"type":"Feature","properties":{"id":"rock-0360","category":"ridge","name":"","elevation_m":3368,"main":false,"five_thousander":false},"geometry":{"type":"Point","coordinates":[42.124457,43.314359]}},{"type":"Feature","properties":{"id":"rock-0361","category":"rocky_ridge","name":"","elevation_m":3376,"main":false,"five_thousander":false},"geometry":{"type":"Point","coordinates":[42.130487,43.323437]}},{"type":"Feature","properties":{"id":"rock-0362","category":"rounded_mountain","name":"","elevation_m":3403,"main":false,"five_thousander":false},"geometry":{"type":"Point","coordinates":[42.061383,43.332834]}},{"type":"Feature","properties":{"id":"rock-0363","category":"rocky_ridge","name":"","elevation_m":3384,"main":false,"five_thousander":false},"geometry":{"type":"Point","coordinates":[42.149048,43.295551]}},{"type":"Feature","properties":{"id":"rock-0364","category":"rocky_ridge","name":"","elevation_m":3413,"main":false,"five_thousander":false},"geometry":{"type":"Point","coordinates":[42.160002,43.244898]}},{"type":"Feature","properties":{"id":"rock-0365","category":"rounded_mountain","name":"","elevation_m":3443,"main":false,"five_thousander":false},"geometry":{"type":"Point","coordinates":[42.080576,43.317528]}},{"type":"Feature","properties":{"id":"rock-0366","category":"rocky_peak","name":"","elevation_m":3473,"main":false,"five_thousander":false},"geometry":{"type":"Point","coordinates":[42.121528,43.368402]}},{"type":"Feature","properties":{"id":"rock-0367","category":"rocky_ridge","name":"","elevation_m":3475,"main":false,"five_thousander":false},"geometry":{"type":"Point","coordinates":[42.130337,43.362973]}},{"type":"Feature","properties":{"id":"rock-0368","category":"steep_mountain","name":"","elevation_m":3494,"main":false,"five_thousander":false},"geometry":{"type":"Point","coordinates":[42.068775,43.322914]}},{"type":"Feature","properties":{"id":"rock-0369","category":"rounded_mountain","name":"","elevation_m":3482,"main":false,"five_thousander":false},"geometry":{"type":"Point","coordinates":[42.098504,43.271167]}},{"type":"Feature","properties":{"id":"rock-0370","category":"rocky_peak","name":"","elevation_m":3514,"main":false,"five_thousander":false},"geometry":{"type":"Point","coordinates":[42.107999,43.274284]}},{"type":"Feature","properties":{"id":"rock-0371","category":"rocky_peak","name":"","elevation_m":3483,"main":false,"five_thousander":false},"geometry":{"type":"Point","coordinates":[42.061168,43.368136]}},{"type":"Feature","properties":{"id":"rock-0372","category":"rocky_ridge","name":"","elevation_m":3616,"main":false,"five_thousander":false},"geometry":{"type":"Point","coordinates":[42.118031,43.290475]}},{"type":"Feature","properties":{"id":"rock-0373","category":"rocky_ridge","name":"","elevation_m":3621,"main":false,"five_thousander":false},"geometry":{"type":"Point","coordinates":[42.222948,43.26523]}},{"type":"Feature","properties":{"id":"rock-0374","category":"rocky_peak","name":"","elevation_m":3455,"main":false,"five_thousander":false},"geometry":{"type":"Point","coordinates":[42.304981,43.240013]}},{"type":"Feature","properties":{"id":"rock-0375","category":"rocky_peak","name":"","elevation_m":3225,"main":false,"five_thousander":false},"geometry":{"type":"Point","coordinates":[42.305753,43.255166]}},{"type":"Feature","properties":{"id":"rock-0376","category":"rounded_mountain","name":"","elevation_m":3254,"main":false,"five_thousander":false},"geometry":{"type":"Point","coordinates":[42.372079,43.39029]}},{"type":"Feature","properties":{"id":"rock-0377","category":"rounded_mountain","name":"","elevation_m":3318,"main":false,"five_thousander":false},"geometry":{"type":"Point","coordinates":[42.36385,43.413099]}},{"type":"Feature","properties":{"id":"rock-0378","category":"steep_mountain","name":"","elevation_m":3334,"main":false,"five_thousander":false},"geometry":{"type":"Point","coordinates":[42.283287,43.277432]}},{"type":"Feature","properties":{"id":"rock-0379","category":"ridge","name":"","elevation_m":3319,"main":false,"five_thousander":false},"geometry":{"type":"Point","coordinates":[42.398869,43.246469]}},{"type":"Feature","properties":{"id":"rock-0380","category":"rounded_mountain","name":"","elevation_m":3317,"main":false,"five_thousander":false},"geometry":{"type":"Point","coordinates":[42.43127,43.253189]}},{"type":"Feature","properties":{"id":"rock-0381","category":"steep_mountain","name":"","elevation_m":3386,"main":false,"five_thousander":false},"geometry":{"type":"Point","coordinates":[42.298704,43.338398]}},{"type":"Feature","properties":{"id":"rock-0382","category":"rounded_mountain","name":"","elevation_m":3380,"main":false,"five_thousander":false},"geometry":{"type":"Point","coordinates":[42.259244,43.362349]}},{"type":"Feature","properties":{"id":"rock-0383","category":"ridge","name":"","elevation_m":3407,"main":false,"five_thousander":false},"geometry":{"type":"Point","coordinates":[42.391069,43.406435]}},{"type":"Feature","properties":{"id":"rock-0384","category":"rocky_peak","name":"","elevation_m":3425,"main":false,"five_thousander":false},"geometry":{"type":"Point","coordinates":[42.380823,43.289171]}},{"type":"Feature","properties":{"id":"rock-0385","category":"rounded_mountain","name":"","elevation_m":3457,"main":false,"five_thousander":false},"geometry":{"type":"Point","coordinates":[42.366618,43.419442]}},{"type":"Feature","properties":{"id":"rock-0386","category":"ridge","name":"","elevation_m":3451,"main":false,"five_thousander":false},"geometry":{"type":"Point","coordinates":[42.338401,43.316381]}},{"type":"Feature","properties":{"id":"rock-0387","category":"rounded_hill","name":"","elevation_m":3527,"main":false,"five_thousander":false},"geometry":{"type":"Point","coordinates":[42.519761,43.316397]}},{"type":"Feature","properties":{"id":"rock-0388","category":"rocky_peak","name":"","elevation_m":3527,"main":false,"five_thousander":false},"geometry":{"type":"Point","coordinates":[42.350847,43.265722]}},{"type":"Feature","properties":{"id":"rock-0389","category":"rocky_peak","name":"","elevation_m":3501,"main":false,"five_thousander":false},"geometry":{"type":"Point","coordinates":[42.428738,43.228351]}},{"type":"Feature","properties":{"id":"rock-0390","category":"ridge","name":"","elevation_m":3653,"main":false,"five_thousander":false},"geometry":{"type":"Point","coordinates":[42.561904,43.356046]}},{"type":"Feature","properties":{"id":"rock-0391","category":"steep_mountain","name":"","elevation_m":3810,"main":false,"five_thousander":false},"geometry":{"type":"Point","coordinates":[42.545822,43.326575]}},{"type":"Feature","properties":{"id":"rock-0392","category":"rounded_mountain","name":"","elevation_m":3747,"main":false,"five_thousander":false},"geometry":{"type":"Point","coordinates":[42.539771,43.332834]}},{"type":"Feature","properties":{"id":"rock-0393","category":"steep_mountain","name":"","elevation_m":3295,"main":false,"five_thousander":false},"geometry":{"type":"Point","coordinates":[42.335773,43.345553]}},{"type":"Feature","properties":{"id":"rock-0394","category":"rocky_peak","name":"","elevation_m":3269,"main":false,"five_thousander":false},"geometry":{"type":"Point","coordinates":[42.283823,43.293927]}},{"type":"Feature","properties":{"id":"rock-0395","category":"rounded_mountain","name":"","elevation_m":3314,"main":false,"five_thousander":false},"geometry":{"type":"Point","coordinates":[42.714372,43.38399]}},{"type":"Feature","properties":{"id":"rock-0396","category":"ridge","name":"","elevation_m":3318,"main":false,"five_thousander":false},"geometry":{"type":"Point","coordinates":[42.462941,43.211987]}},{"type":"Feature","properties":{"id":"rock-0397","category":"rounded_mountain","name":"","elevation_m":3372,"main":false,"five_thousander":false},"geometry":{"type":"Point","coordinates":[42.380619,43.386719]}},{"type":"Feature","properties":{"id":"rock-0398","category":"ridge","name":"","elevation_m":3368,"main":false,"five_thousander":false},"geometry":{"type":"Point","coordinates":[42.630419,43.396979]}},{"type":"Feature","properties":{"id":"rock-0399","category":"rounded_mountain","name":"","elevation_m":3366,"main":false,"five_thousander":false},"geometry":{"type":"Point","coordinates":[42.63604,43.37847]}},{"type":"Feature","properties":{"id":"rock-0400","category":"rounded_mountain","name":"","elevation_m":3411,"main":false,"five_thousander":false},"geometry":{"type":"Point","coordinates":[42.609648,43.310073]}},{"type":"Feature","properties":{"id":"rock-0401","category":"isolated_peak","name":"","elevation_m":3438,"main":false,"five_thousander":false},"geometry":{"type":"Point","coordinates":[42.636191,43.288195]}},{"type":"Feature","properties":{"id":"rock-0402","category":"ridge","name":"","elevation_m":3434,"main":false,"five_thousander":false},"geometry":{"type":"Point","coordinates":[42.686648,43.334871]}},{"type":"Feature","properties":{"id":"rock-0403","category":"ridge","name":"","elevation_m":3435,"main":false,"five_thousander":false},"geometry":{"type":"Point","coordinates":[42.658088,43.347894]}},{"type":"Feature","properties":{"id":"rock-0404","category":"steep_mountain","name":"","elevation_m":3465,"main":false,"five_thousander":false},"geometry":{"type":"Point","coordinates":[42.584499,43.389261]}},{"type":"Feature","properties":{"id":"rock-0405","category":"ridge","name":"","elevation_m":3470,"main":false,"five_thousander":false},"geometry":{"type":"Point","coordinates":[42.569661,43.31044]}},{"type":"Feature","properties":{"id":"rock-0406","category":"rounded_mountain","name":"","elevation_m":3514,"main":false,"five_thousander":false},"geometry":{"type":"Point","coordinates":[42.341512,43.378142]}},{"type":"Feature","properties":{"id":"rock-0407","category":"rounded_mountain","name":"","elevation_m":3509,"main":false,"five_thousander":false},"geometry":{"type":"Point","coordinates":[42.672304,43.335042]}},{"type":"Feature","properties":{"id":"rock-0408","category":"ridge","name":"","elevation_m":3518,"main":false,"five_thousander":false},"geometry":{"type":"Point","coordinates":[42.55846,43.313524]}},{"type":"Feature","properties":{"id":"rock-0409","category":"rounded_mountain","name":"","elevation_m":3536,"main":false,"five_thousander":false},"geometry":{"type":"Point","coordinates":[42.667315,43.3402]}},{"type":"Feature","properties":{"id":"rock-0410","category":"rounded_mountain","name":"","elevation_m":3546,"main":false,"five_thousander":false},"geometry":{"type":"Point","coordinates":[42.605442,43.341784]}},{"type":"Feature","properties":{"id":"rock-0411","category":"rocky_peak","name":"","elevation_m":3493,"main":false,"five_thousander":false},"geometry":{"type":"Point","coordinates":[42.445936,43.223207]}},{"type":"Feature","properties":{"id":"rock-0412","category":"steep_mountain","name":"","elevation_m":3608,"main":false,"five_thousander":false},"geometry":{"type":"Point","coordinates":[42.65503,43.329353]}},{"type":"Feature","properties":{"id":"rock-0413","category":"rounded_mountain","name":"","elevation_m":3639,"main":false,"five_thousander":false},"geometry":{"type":"Point","coordinates":[42.390951,43.385581]}},{"type":"Feature","properties":{"id":"rock-0414","category":"ridge","name":"","elevation_m":3638,"main":false,"five_thousander":false},"geometry":{"type":"Point","coordinates":[42.547592,43.318606]}},{"type":"Feature","properties":{"id":"rock-0415","category":"rocky_peak","name":"","elevation_m":3718,"main":false,"five_thousander":false},"geometry":{"type":"Point","coordinates":[42.486706,43.205614]}},{"type":"Feature","properties":{"id":"rock-0416","category":"rounded_mountain","name":"","elevation_m":3653,"main":false,"five_thousander":false},"geometry":{"type":"Point","coordinates":[42.606697,43.334067]}},{"type":"Feature","properties":{"id":"rock-0417","category":"rounded_mountain","name":"","elevation_m":3771,"main":false,"five_thousander":false},"geometry":{"type":"Point","coordinates":[42.622833,43.312579]}},{"type":"Feature","properties":{"id":"rock-0418","category":"rounded_mountain","name":"","elevation_m":3704,"main":false,"five_thousander":false},"geometry":{"type":"Point","coordinates":[42.531906,43.290709]}},{"type":"Feature","properties":{"id":"rock-0419","category":"ridge","name":"","elevation_m":3747,"main":false,"five_thousander":false},"geometry":{"type":"Point","coordinates":[42.635858,43.321978]}},{"type":"Feature","properties":{"id":"rock-0420","category":"rocky_peak","name":"","elevation_m":3726,"main":false,"five_thousander":false},"geometry":{"type":"Point","coordinates":[42.62705,43.329431]}},{"type":"Feature","properties":{"id":"rock-0421","category":"ridge","name":"","elevation_m":3268,"main":false,"five_thousander":false},"geometry":{"type":"Point","coordinates":[42.700521,43.334402]}},{"type":"Feature","properties":{"id":"rock-0422","category":"ridge","name":"","elevation_m":3776,"main":false,"five_thousander":false},"geometry":{"type":"Point","coordinates":[42.623059,43.327543]}},{"type":"Feature","properties":{"id":"rock-0423","category":"ridge","name":"","elevation_m":3318,"main":false,"five_thousander":false},"geometry":{"type":"Point","coordinates":[41.54819,43.351186]}},{"type":"Feature","properties":{"id":"rock-0424","category":"ridge","name":"","elevation_m":3214,"main":false,"five_thousander":false},"geometry":{"type":"Point","coordinates":[42.47691,43.443369]}},{"type":"Feature","properties":{"id":"rock-0425","category":"rocky_ridge","name":"","elevation_m":3205,"main":false,"five_thousander":false},"geometry":{"type":"Point","coordinates":[42.487017,43.443619]}},{"type":"Feature","properties":{"id":"rock-0426","category":"rounded_hill","name":"","elevation_m":3247,"main":false,"five_thousander":false},"geometry":{"type":"Point","coordinates":[42.351823,43.436265]}},{"type":"Feature","properties":{"id":"rock-0427","category":"ridge","name":"","elevation_m":3242,"main":false,"five_thousander":false},"geometry":{"type":"Point","coordinates":[42.469218,43.441975]}},{"type":"Feature","properties":{"id":"rock-0428","category":"ridge","name":"","elevation_m":3269,"main":false,"five_thousander":false},"geometry":{"type":"Point","coordinates":[42.349259,43.443798]}},{"type":"Feature","properties":{"id":"rock-0429","category":"rounded_mountain","name":"","elevation_m":3373,"main":false,"five_thousander":false},"geometry":{"type":"Point","coordinates":[42.405692,43.447957]}},{"type":"Feature","properties":{"id":"rock-0430","category":"ridge","name":"","elevation_m":3451,"main":false,"five_thousander":false},"geometry":{"type":"Point","coordinates":[42.439317,43.438805]}},{"type":"Feature","properties":{"id":"rock-0431","category":"rocky_ridge","name":"","elevation_m":3209,"main":false,"five_thousander":false},"geometry":{"type":"Point","coordinates":[41.913271,43.26187]}},{"type":"Feature","properties":{"id":"rock-0432","category":"ridge","name":"","elevation_m":3535,"main":false,"five_thousander":false},"geometry":{"type":"Point","coordinates":[41.890762,43.281618]}},{"type":"Feature","properties":{"id":"rock-0433","category":"rounded_mountain","name":"","elevation_m":3269,"main":false,"five_thousander":false},"geometry":{"type":"Point","coordinates":[42.250532,43.387827]}},{"type":"Feature","properties":{"id":"rock-0434","category":"steep_mountain","name":"","elevation_m":3545,"main":false,"five_thousander":false},"geometry":{"type":"Point","coordinates":[42.803957,43.3773]}},{"type":"Feature","properties":{"id":"rock-0435","category":"ridge","name":"","elevation_m":3588,"main":false,"five_thousander":false},"geometry":{"type":"Point","coordinates":[42.81032,43.382181]}},{"type":"Feature","properties":{"id":"rock-0436","category":"steep_mountain","name":"","elevation_m":3530,"main":false,"five_thousander":false},"geometry":{"type":"Point","coordinates":[42.791544,43.377097]}},{"type":"Feature","properties":{"id":"rock-0437","category":"massif","name":"","elevation_m":3211,"main":false,"five_thousander":false},"geometry":{"type":"Point","coordinates":[42.815791,43.370429]}},{"type":"Feature","properties":{"id":"rock-0438","category":"rounded_mountain","name":"","elevation_m":3325,"main":false,"five_thousander":false},"geometry":{"type":"Point","coordinates":[42.807766,43.394836]}},{"type":"Feature","properties":{"id":"rock-0439","category":"ridge","name":"","elevation_m":3218,"main":false,"five_thousander":false},"geometry":{"type":"Point","coordinates":[42.585948,43.39871]}},{"type":"Feature","properties":{"id":"rock-0440","category":"rocky_peak","name":"","elevation_m":3232,"main":false,"five_thousander":false},"geometry":{"type":"Point","coordinates":[42.834374,43.385784]}},{"type":"Feature","properties":{"id":"rock-0441","category":"ridge","name":"","elevation_m":3258,"main":false,"five_thousander":false},"geometry":{"type":"Point","coordinates":[42.779174,43.357286]}},{"type":"Feature","properties":{"id":"rock-0442","category":"plateau","name":"","elevation_m":3282,"main":false,"five_thousander":false},"geometry":{"type":"Point","coordinates":[42.660191,43.449507]}},{"type":"Feature","properties":{"id":"rock-0443","category":"steep_mountain","name":"","elevation_m":3277,"main":false,"five_thousander":false},"geometry":{"type":"Point","coordinates":[42.76734,43.40182]}},{"type":"Feature","properties":{"id":"rock-0444","category":"rounded_mountain","name":"","elevation_m":3274,"main":false,"five_thousander":false},"geometry":{"type":"Point","coordinates":[42.67651,43.450333]}},{"type":"Feature","properties":{"id":"rock-0445","category":"rounded_mountain","name":"","elevation_m":3293,"main":false,"five_thousander":false},"geometry":{"type":"Point","coordinates":[42.579435,43.407456]}},{"type":"Feature","properties":{"id":"rock-0446","category":"steep_mountain","name":"","elevation_m":3320,"main":false,"five_thousander":false},"geometry":{"type":"Point","coordinates":[42.761997,43.38233]}},{"type":"Feature","properties":{"id":"rock-0447","category":"ridge","name":"","elevation_m":3349,"main":false,"five_thousander":false},"geometry":{"type":"Point","coordinates":[42.622619,43.401353]}},{"type":"Feature","properties":{"id":"rock-0448","category":"rocky_peak","name":"","elevation_m":3338,"main":false,"five_thousander":false},"geometry":{"type":"Point","coordinates":[42.247356,43.39284]}},{"type":"Feature","properties":{"id":"rock-0449","category":"rocky_peak","name":"","elevation_m":3368,"main":false,"five_thousander":false},"geometry":{"type":"Point","coordinates":[42.806726,43.389066]}},{"type":"Feature","properties":{"id":"rock-0450","category":"rocky_ridge","name":"","elevation_m":3485,"main":false,"five_thousander":false},"geometry":{"type":"Point","coordinates":[42.740968,43.389183]}},{"type":"Feature","properties":{"id":"rock-0451","category":"rounded_mountain","name":"","elevation_m":3432,"main":false,"five_thousander":false},"geometry":{"type":"Point","coordinates":[42.684642,43.443549]}},{"type":"Feature","properties":{"id":"rock-0452","category":"isolated_peak","name":"","elevation_m":3414,"main":false,"five_thousander":false},"geometry":{"type":"Point","coordinates":[42.731098,43.403941]}},{"type":"Feature","properties":{"id":"rock-0453","category":"steep_mountain","name":"","elevation_m":3433,"main":false,"five_thousander":false},"geometry":{"type":"Point","coordinates":[42.787424,43.365422]}},{"type":"Feature","properties":{"id":"rock-0454","category":"steep_mountain","name":"","elevation_m":3442,"main":false,"five_thousander":false},"geometry":{"type":"Point","coordinates":[42.825673,43.380895]}},{"type":"Feature","properties":{"id":"rock-0455","category":"steep_mountain","name":"","elevation_m":3430,"main":false,"five_thousander":false},"geometry":{"type":"Point","coordinates":[42.642456,43.409436]}},{"type":"Feature","properties":{"id":"rock-0456","category":"rounded_mountain","name":"","elevation_m":3532,"main":false,"five_thousander":false},"geometry":{"type":"Point","coordinates":[42.814204,43.393393]}},{"type":"Feature","properties":{"id":"rock-0457","category":"rocky_peak","name":"","elevation_m":3535,"main":false,"five_thousander":false},"geometry":{"type":"Point","coordinates":[42.769775,43.388567]}},{"type":"Feature","properties":{"id":"rock-0458","category":"rocky_ridge","name":"","elevation_m":3662,"main":false,"five_thousander":false},"geometry":{"type":"Point","coordinates":[42.667261,43.40009]}},{"type":"Feature","properties":{"id":"rock-0459","category":"steep_mountain","name":"","elevation_m":3473,"main":false,"five_thousander":false},"geometry":{"type":"Point","coordinates":[42.53962,43.154354]}},{"type":"Feature","properties":{"id":"rock-0460","category":"rocky_ridge","name":"","elevation_m":3710,"main":false,"five_thousander":false},"geometry":{"type":"Point","coordinates":[42.525426,43.157938]}},{"type":"Feature","properties":{"id":"rock-0461","category":"rocky_ridge","name":"","elevation_m":3689,"main":false,"five_thousander":false},"geometry":{"type":"Point","coordinates":[42.519987,43.15995]}},{"type":"Feature","properties":{"id":"rock-0462","category":"rocky_peak","name":"","elevation_m":3769,"main":false,"five_thousander":false},"geometry":{"type":"Point","coordinates":[42.476374,43.165365]}},{"type":"Feature","properties":{"id":"rock-0463","category":"rounded_mountain","name":"","elevation_m":3785,"main":false,"five_thousander":false},"geometry":{"type":"Point","coordinates":[42.505696,43.184808]}},{"type":"Feature","properties":{"id":"rock-0464","category":"steep_mountain","name":"","elevation_m":3216,"main":false,"five_thousander":false},"geometry":{"type":"Point","coordinates":[42.402774,43.193921]}},{"type":"Feature","properties":{"id":"rock-0465","category":"rocky_peak","name":"","elevation_m":3372,"main":false,"five_thousander":false},"geometry":{"type":"Point","coordinates":[42.178938,43.214497]}},{"type":"Feature","properties":{"id":"rock-0466","category":"rocky_ridge","name":"","elevation_m":3552,"main":false,"five_thousander":false},"geometry":{"type":"Point","coordinates":[43.328383,43.08623]}},{"type":"Feature","properties":{"id":"rock-0467","category":"rounded_mountain","name":"","elevation_m":3391,"main":false,"five_thousander":false},"geometry":{"type":"Point","coordinates":[43.33791,43.082117]}},{"type":"Feature","properties":{"id":"rock-0468","category":"rounded_mountain","name":"","elevation_m":3303,"main":false,"five_thousander":false},"geometry":{"type":"Point","coordinates":[43.337052,43.091159]}},{"type":"Feature","properties":{"id":"rock-0469","category":"ridge","name":"","elevation_m":3598,"main":false,"five_thousander":false},"geometry":{"type":"Point","coordinates":[43.287635,43.067195]}},{"type":"Feature","properties":{"id":"rock-0470","category":"rounded_mountain","name":"","elevation_m":3420,"main":false,"five_thousander":false},"geometry":{"type":"Point","coordinates":[42.093408,43.263738]}},{"type":"Feature","properties":{"id":"rock-0471","category":"ridge","name":"","elevation_m":3364,"main":false,"five_thousander":false},"geometry":{"type":"Point","coordinates":[42.684803,43.240935]}},{"type":"Feature","properties":{"id":"rock-0472","category":"rocky_peak","name":"","elevation_m":3237,"main":false,"five_thousander":false},"geometry":{"type":"Point","coordinates":[42.723845,43.259831]}},{"type":"Feature","properties":{"id":"rock-0473","category":"ridge","name":"","elevation_m":3631,"main":false,"five_thousander":false},"geometry":{"type":"Point","coordinates":[42.776481,43.204785]}},{"type":"Feature","properties":{"id":"rock-0474","category":"ridge","name":"","elevation_m":3623,"main":false,"five_thousander":false},"geometry":{"type":"Point","coordinates":[42.936695,43.246445]}},{"type":"Feature","properties":{"id":"rock-0475","category":"rounded_mountain","name":"","elevation_m":3361,"main":false,"five_thousander":false},"geometry":{"type":"Point","coordinates":[42.989534,43.266464]}},{"type":"Feature","properties":{"id":"rock-0476","category":"ridge","name":"","elevation_m":3769,"main":false,"five_thousander":false},"geometry":{"type":"Point","coordinates":[42.969739,43.26748]}},{"type":"Feature","properties":{"id":"rock-0477","category":"rounded_mountain","name":"","elevation_m":3710,"main":false,"five_thousander":false},"geometry":{"type":"Point","coordinates":[43.00876,43.268495]}},{"type":"Feature","properties":{"id":"rock-0478","category":"rounded_mountain","name":"","elevation_m":3945,"main":false,"five_thousander":false},"geometry":{"type":"Point","coordinates":[42.948689,43.277041]}},{"type":"Feature","properties":{"id":"rock-0479","category":"isolated_peak","name":"","elevation_m":3632,"main":false,"five_thousander":false},"geometry":{"type":"Point","coordinates":[43.019918,43.278135]}},{"type":"Feature","properties":{"id":"rock-0480","category":"rocky_peak","name":"","elevation_m":3604,"main":false,"five_thousander":false},"geometry":{"type":"Point","coordinates":[43.034542,43.292458]}},{"type":"Feature","properties":{"id":"rock-0481","category":"isolated_peak","name":"","elevation_m":3637,"main":false,"five_thousander":false},"geometry":{"type":"Point","coordinates":[43.051085,43.294903]}},{"type":"Feature","properties":{"id":"rock-0482","category":"rocky_peak","name":"","elevation_m":3959,"main":false,"five_thousander":false},"geometry":{"type":"Point","coordinates":[42.94899,43.299338]}},{"type":"Feature","properties":{"id":"rock-0483","category":"steep_mountain","name":"","elevation_m":3827,"main":false,"five_thousander":false},"geometry":{"type":"Point","coordinates":[42.946136,43.302906]}},{"type":"Feature","properties":{"id":"rock-0484","category":"ridge","name":"","elevation_m":3796,"main":false,"five_thousander":false},"geometry":{"type":"Point","coordinates":[42.94399,43.310136]}},{"type":"Feature","properties":{"id":"rock-0485","category":"steep_mountain","name":"","elevation_m":3795,"main":false,"five_thousander":false},"geometry":{"type":"Point","coordinates":[42.905045,43.310667]}},{"type":"Feature","properties":{"id":"rock-0486","category":"steep_mountain","name":"","elevation_m":3710,"main":false,"five_thousander":false},"geometry":{"type":"Point","coordinates":[42.94325,43.314]}},{"type":"Feature","properties":{"id":"rock-0487","category":"steep_mountain","name":"","elevation_m":3366,"main":false,"five_thousander":false},"geometry":{"type":"Point","coordinates":[42.896826,43.318465]}},{"type":"Feature","properties":{"id":"rock-0488","category":"ridge","name":"","elevation_m":3772,"main":false,"five_thousander":false},"geometry":{"type":"Point","coordinates":[42.956747,43.260894]}},{"type":"Feature","properties":{"id":"rock-0489","category":"rocky_ridge","name":"","elevation_m":3964,"main":false,"five_thousander":false},"geometry":{"type":"Point","coordinates":[42.952058,43.275135]}},{"type":"Feature","properties":{"id":"rock-0490","category":"steep_mountain","name":"","elevation_m":3693,"main":false,"five_thousander":false},"geometry":{"type":"Point","coordinates":[42.970362,43.30275]}},{"type":"Feature","properties":{"id":"rock-0491","category":"steep_mountain","name":"","elevation_m":3535,"main":false,"five_thousander":false},"geometry":{"type":"Point","coordinates":[42.940718,43.319371]}},{"type":"Feature","properties":{"id":"rock-0492","category":"rocky_peak","name":"","elevation_m":3584,"main":false,"five_thousander":false},"geometry":{"type":"Point","coordinates":[42.683923,43.185293]}},{"type":"Feature","properties":{"id":"rock-0493","category":"steep_mountain","name":"","elevation_m":3250,"main":false,"five_thousander":false},"geometry":{"type":"Point","coordinates":[42.587181,43.184581]}},{"type":"Feature","properties":{"id":"rock-0494","category":"rocky_ridge","name":"","elevation_m":3442,"main":false,"five_thousander":false},"geometry":{"type":"Point","coordinates":[42.676499,43.196072]}},{"type":"Feature","properties":{"id":"rock-0495","category":"isolated_peak","name":"","elevation_m":3351,"main":false,"five_thousander":false},"geometry":{"type":"Point","coordinates":[42.670244,43.202697]}},{"type":"Feature","properties":{"id":"rock-0496","category":"rounded_mountain","name":"","elevation_m":3203,"main":false,"five_thousander":false},"geometry":{"type":"Point","coordinates":[42.616128,43.223113]}},{"type":"Feature","properties":{"id":"rock-0497","category":"steep_mountain","name":"","elevation_m":3970,"main":false,"five_thousander":false},"geometry":{"type":"Point","coordinates":[42.932993,43.159731]}},{"type":"Feature","properties":{"id":"rock-0498","category":"rocky_peak","name":"","elevation_m":3666,"main":false,"five_thousander":false},"geometry":{"type":"Point","coordinates":[42.541476,43.179465]}},{"type":"Feature","properties":{"id":"rock-0499","category":"rocky_peak","name":"","elevation_m":3630,"main":false,"five_thousander":false},"geometry":{"type":"Point","coordinates":[42.483165,43.205254]}},{"type":"Feature","properties":{"id":"rock-0500","category":"ridge","name":"","elevation_m":3339,"main":false,"five_thousander":false},"geometry":{"type":"Point","coordinates":[43.073959,43.293606]}},{"type":"Feature","properties":{"id":"rock-0501","category":"rocky_peak","name":"","elevation_m":3916,"main":false,"five_thousander":false},"geometry":{"type":"Point","coordinates":[42.512873,43.163996]}},{"type":"Feature","properties":{"id":"rock-0502","category":"rocky_peak","name":"","elevation_m":3359,"main":false,"five_thousander":false},"geometry":{"type":"Point","coordinates":[41.153551,43.403083]}},{"type":"Feature","properties":{"id":"rock-0503","category":"rocky_ridge","name":"","elevation_m":3387,"main":false,"five_thousander":false},"geometry":{"type":"Point","coordinates":[41.280409,43.416466]}},{"type":"Feature","properties":{"id":"rock-0504","category":"rocky_peak","name":"","elevation_m":3255,"main":false,"five_thousander":false},"geometry":{"type":"Point","coordinates":[41.32282,43.361631]}},{"type":"Feature","properties":{"id":"rock-0505","category":"rocky_ridge","name":"","elevation_m":3269,"main":false,"five_thousander":false},"geometry":{"type":"Point","coordinates":[41.434464,43.308473]}},{"type":"Feature","properties":{"id":"rock-0506","category":"rocky_peak","name":"","elevation_m":3255,"main":false,"five_thousander":false},"geometry":{"type":"Point","coordinates":[41.436621,43.327347]}},{"type":"Feature","properties":{"id":"rock-0507","category":"rocky_peak","name":"","elevation_m":3224,"main":false,"five_thousander":false},"geometry":{"type":"Point","coordinates":[41.432662,43.358067]}},{"type":"Feature","properties":{"id":"rock-0508","category":"rocky_peak","name":"","elevation_m":3377,"main":false,"five_thousander":false},"geometry":{"type":"Point","coordinates":[41.395926,43.352075]}},{"type":"Feature","properties":{"id":"rock-0509","category":"rocky_peak","name":"","elevation_m":3442,"main":false,"five_thousander":false},"geometry":{"type":"Point","coordinates":[41.413468,43.323898]}},{"type":"Feature","properties":{"id":"rock-0510","category":"rocky_ridge","name":"","elevation_m":3619,"main":false,"five_thousander":false},"geometry":{"type":"Point","coordinates":[41.409327,43.338757]}},{"type":"Feature","properties":{"id":"rock-0511","category":"rocky_ridge","name":"","elevation_m":3267,"main":false,"five_thousander":false},"geometry":{"type":"Point","coordinates":[42.409136,43.196197]}},{"type":"Feature","properties":{"id":"rock-0512","category":"rocky_peak","name":"","elevation_m":3811,"main":false,"five_thousander":false},"geometry":{"type":"Point","coordinates":[43.303825,43.08844]}},{"type":"Feature","properties":{"id":"rock-0513","category":"rocky_ridge","name":"","elevation_m":3609,"main":false,"five_thousander":false},"geometry":{"type":"Point","coordinates":[43.296947,43.094402]}},{"type":"Feature","properties":{"id":"rock-0514","category":"rocky_peak","name":"","elevation_m":3652,"main":false,"five_thousander":false},"geometry":{"type":"Point","coordinates":[43.297795,43.100552]}},{"type":"Feature","properties":{"id":"rock-0515","category":"ridge","name":"","elevation_m":3221,"main":false,"five_thousander":false},"geometry":{"type":"Point","coordinates":[43.384656,43.10508]}},{"type":"Feature","properties":{"id":"rock-0516","category":"rocky_peak","name":"","elevation_m":3371,"main":false,"five_thousander":false},"geometry":{"type":"Point","coordinates":[41.26173,43.419832]}},{"type":"Feature","properties":{"id":"rock-0517","category":"rounded_mountain","name":"","elevation_m":3212,"main":false,"five_thousander":false},"geometry":{"type":"Point","coordinates":[41.933506,43.334871]}},{"type":"Feature","properties":{"id":"rock-0518","category":"rocky_ridge","name":"","elevation_m":3473,"main":false,"five_thousander":false},"geometry":{"type":"Point","coordinates":[41.813879,43.172016]}},{"type":"Feature","properties":{"id":"rock-0519","category":"steep_mountain","name":"","elevation_m":3245,"main":false,"five_thousander":false},"geometry":{"type":"Point","coordinates":[41.829886,43.490938]}},{"type":"Feature","properties":{"id":"rock-0520","category":"rocky_ridge","name":"","elevation_m":3609,"main":false,"five_thousander":false},"geometry":{"type":"Point","coordinates":[41.88338,43.419349]}},{"type":"Feature","properties":{"id":"rock-0521","category":"rocky_ridge","name":"","elevation_m":3769,"main":false,"five_thousander":false},"geometry":{"type":"Point","coordinates":[41.894023,43.411353]}},{"type":"Feature","properties":{"id":"rock-0522","category":"ridge","name":"","elevation_m":3339,"main":false,"five_thousander":false},"geometry":{"type":"Point","coordinates":[41.804931,43.400238]}},{"type":"Feature","properties":{"id":"rock-0523","category":"rocky_peak","name":"","elevation_m":3662,"main":false,"five_thousander":false},"geometry":{"type":"Point","coordinates":[41.838394,43.355913]}},{"type":"Feature","properties":{"id":"rock-0524","category":"steep_mountain","name":"","elevation_m":3214,"main":false,"five_thousander":false},"geometry":{"type":"Point","coordinates":[41.754527,43.328549]}},{"type":"Feature","properties":{"id":"rock-0525","category":"steep_mountain","name":"","elevation_m":3278,"main":false,"five_thousander":false},"geometry":{"type":"Point","coordinates":[41.832011,43.230493]}},{"type":"Feature","properties":{"id":"rock-0526","category":"steep_mountain","name":"","elevation_m":3233,"main":false,"five_thousander":false},"geometry":{"type":"Point","coordinates":[42.209194,43.21671]}},{"type":"Feature","properties":{"id":"rock-0527","category":"rocky_peak","name":"","elevation_m":3593,"main":false,"five_thousander":false},"geometry":{"type":"Point","coordinates":[42.105682,43.233846]}},{"type":"Feature","properties":{"id":"rock-0528","category":"steep_mountain","name":"","elevation_m":3377,"main":false,"five_thousander":false},"geometry":{"type":"Point","coordinates":[41.93858,43.37032]}},{"type":"Feature","properties":{"id":"rock-0529","category":"rounded_mountain","name":"","elevation_m":3274,"main":false,"five_thousander":false},"geometry":{"type":"Point","coordinates":[41.923839,43.352598]}},{"type":"Feature","properties":{"id":"rock-0530","category":"rocky_peak","name":"","elevation_m":3385,"main":false,"five_thousander":false},"geometry":{"type":"Point","coordinates":[41.931027,43.331257]}},{"type":"Feature","properties":{"id":"rock-0531","category":"rocky_peak","name":"","elevation_m":3277,"main":false,"five_thousander":false},"geometry":{"type":"Point","coordinates":[41.894935,43.332483]}},{"type":"Feature","properties":{"id":"rock-0532","category":"ridge","name":"","elevation_m":3502,"main":false,"five_thousander":false},"geometry":{"type":"Point","coordinates":[41.89221,43.442848]}},{"type":"Feature","properties":{"id":"rock-0533","category":"steep_mountain","name":"","elevation_m":3527,"main":false,"five_thousander":false},"geometry":{"type":"Point","coordinates":[41.821636,43.379421]}},{"type":"Feature","properties":{"id":"rock-0534","category":"rounded_mountain","name":"","elevation_m":3453,"main":false,"five_thousander":false},"geometry":{"type":"Point","coordinates":[41.871257,43.365875]}},{"type":"Feature","properties":{"id":"rock-0535","category":"massif","name":"","elevation_m":3412,"main":false,"five_thousander":false},"geometry":{"type":"Point","coordinates":[41.866751,43.355141]}},{"type":"Feature","properties":{"id":"rock-0536","category":"rocky_peak","name":"","elevation_m":3371,"main":false,"five_thousander":false},"geometry":{"type":"Point","coordinates":[41.873821,43.377347]}},{"type":"Feature","properties":{"id":"rock-0537","category":"ridge","name":"","elevation_m":3409,"main":false,"five_thousander":false},"geometry":{"type":"Point","coordinates":[43.375965,42.924102]}},{"type":"Feature","properties":{"id":"rock-0538","category":"rounded_mountain","name":"","elevation_m":3304,"main":false,"five_thousander":false},"geometry":{"type":"Point","coordinates":[43.362232,42.930089]}},{"type":"Feature","properties":{"id":"rock-0539","category":"steep_mountain","name":"","elevation_m":3695,"main":false,"five_thousander":false},"geometry":{"type":"Point","coordinates":[43.269385,42.955402]}},{"type":"Feature","properties":{"id":"rock-0540","category":"rounded_mountain","name":"","elevation_m":3226,"main":false,"five_thousander":false},"geometry":{"type":"Point","coordinates":[41.881031,43.377573]}},{"type":"Feature","properties":{"id":"rock-0541","category":"ridge","name":"","elevation_m":3428,"main":false,"five_thousander":false},"geometry":{"type":"Point","coordinates":[41.553812,43.363098]}},{"type":"Feature","properties":{"id":"rock-0542","category":"ridge","name":"","elevation_m":3509,"main":false,"five_thousander":false},"geometry":{"type":"Point","coordinates":[42.061039,43.220103]}},{"type":"Feature","properties":{"id":"rock-0543","category":"ridge","name":"","elevation_m":3265,"main":false,"five_thousander":false},"geometry":{"type":"Point","coordinates":[42.094524,43.332428]}},{"type":"Feature","properties":{"id":"rock-0544","category":"steep_mountain","name":"","elevation_m":3305,"main":false,"five_thousander":false},"geometry":{"type":"Point","coordinates":[42.050042,43.370266]}},{"type":"Feature","properties":{"id":"rock-0545","category":"rocky_ridge","name":"","elevation_m":3212,"main":false,"five_thousander":false},"geometry":{"type":"Point","coordinates":[42.085834,43.377261]}},{"type":"Feature","properties":{"id":"rock-0546","category":"massif","name":"","elevation_m":3348,"main":false,"five_thousander":false},"geometry":{"type":"Point","coordinates":[41.96905,43.258721]}},{"type":"Feature","properties":{"id":"rock-0547","category":"rocky_peak","name":"","elevation_m":3505,"main":false,"five_thousander":false},"geometry":{"type":"Point","coordinates":[41.952496,43.235058]}},{"type":"Feature","properties":{"id":"rock-0548","category":"steep_mountain","name":"","elevation_m":3220,"main":false,"five_thousander":false},"geometry":{"type":"Point","coordinates":[42.903864,43.085901]}},{"type":"Feature","properties":{"id":"rock-0549","category":"rocky_ridge","name":"","elevation_m":3669,"main":false,"five_thousander":false},"geometry":{"type":"Point","coordinates":[42.918123,43.087539]}},{"type":"Feature","properties":{"id":"rock-0550","category":"rocky_peak","name":"","elevation_m":3526,"main":false,"five_thousander":false},"geometry":{"type":"Point","coordinates":[42.183069,43.216467]}},{"type":"Feature","properties":{"id":"rock-0551","category":"rocky_peak","name":"","elevation_m":3385,"main":false,"five_thousander":false},"geometry":{"type":"Point","coordinates":[42.16056,43.250087]}},{"type":"Feature","properties":{"id":"rock-0552","category":"plateau","name":"","elevation_m":3212,"main":false,"five_thousander":false},"geometry":{"type":"Point","coordinates":[43.052298,42.987854]}},{"type":"Feature","properties":{"id":"rock-0553","category":"steep_mountain","name":"","elevation_m":3699,"main":false,"five_thousander":false},"geometry":{"type":"Point","coordinates":[42.956597,43.047918]}},{"type":"Feature","properties":{"id":"rock-0554","category":"rounded_mountain","name":"","elevation_m":3346,"main":false,"five_thousander":false},"geometry":{"type":"Point","coordinates":[43.065505,42.97353]}},{"type":"Feature","properties":{"id":"rock-0555","category":"rounded_mountain","name":"","elevation_m":3540,"main":false,"five_thousander":false},"geometry":{"type":"Point","coordinates":[43.064733,42.982329]}},{"type":"Feature","properties":{"id":"rock-0556","category":"steep_mountain","name":"","elevation_m":3380,"main":false,"five_thousander":false},"geometry":{"type":"Point","coordinates":[43.207641,42.923238]}},{"type":"Feature","properties":{"id":"rock-0557","category":"rocky_peak","name":"","elevation_m":3590,"main":false,"five_thousander":false},"geometry":{"type":"Point","coordinates":[43.177471,42.928502]}},{"type":"Feature","properties":{"id":"rock-0558","category":"plateau","name":"","elevation_m":3494,"main":false,"five_thousander":false},"geometry":{"type":"Point","coordinates":[43.251253,42.934166]}},{"type":"Feature","properties":{"id":"rock-0559","category":"rocky_peak","name":"","elevation_m":3638,"main":false,"five_thousander":false},"geometry":{"type":"Point","coordinates":[43.192341,42.948271]}},{"type":"Feature","properties":{"id":"rock-0560","category":"rounded_mountain","name":"","elevation_m":3284,"main":false,"five_thousander":false},"geometry":{"type":"Point","coordinates":[43.360752,42.883339]}},{"type":"Feature","properties":{"id":"rock-0561","category":"steep_mountain","name":"","elevation_m":3321,"main":false,"five_thousander":false},"geometry":{"type":"Point","coordinates":[43.329574,42.884903]}},{"type":"Feature","properties":{"id":"rock-0562","category":"steep_mountain","name":"","elevation_m":3231,"main":false,"five_thousander":false},"geometry":{"type":"Point","coordinates":[41.106194,43.403964]}},{"type":"Feature","properties":{"id":"rock-0563","category":"rocky_ridge","name":"","elevation_m":3386,"main":false,"five_thousander":false},"geometry":{"type":"Point","coordinates":[41.203762,43.381597]}},{"type":"Feature","properties":{"id":"rock-0564","category":"rocky_ridge","name":"","elevation_m":3285,"main":false,"five_thousander":false},"geometry":{"type":"Point","coordinates":[41.226615,43.374843]}},{"type":"Feature","properties":{"id":"rock-0565","category":"rocky_peak","name":"","elevation_m":3358,"main":false,"five_thousander":false},"geometry":{"type":"Point","coordinates":[41.23125,43.369665]}},{"type":"Feature","properties":{"id":"rock-0566","category":"rocky_ridge","name":"","elevation_m":3308,"main":false,"five_thousander":false},"geometry":{"type":"Point","coordinates":[41.266011,43.361928]}},{"type":"Feature","properties":{"id":"rock-0567","category":"rocky_peak","name":"","elevation_m":3377,"main":false,"five_thousander":false},"geometry":{"type":"Point","coordinates":[41.416022,43.329704]}},{"type":"Feature","properties":{"id":"rock-0568","category":"rounded_mountain","name":"","elevation_m":3392,"main":false,"five_thousander":false},"geometry":{"type":"Point","coordinates":[41.422985,43.315553]}},{"type":"Feature","properties":{"id":"rock-0569","category":"rocky_peak","name":"","elevation_m":3583,"main":false,"five_thousander":false},"geometry":{"type":"Point","coordinates":[41.455472,43.308785]}},{"type":"Feature","properties":{"id":"rock-0570","category":"rocky_peak","name":"","elevation_m":3343,"main":false,"five_thousander":false},"geometry":{"type":"Point","coordinates":[41.467413,43.305131]}},{"type":"Feature","properties":{"id":"rock-0571","category":"rocky_peak","name":"","elevation_m":3420,"main":false,"five_thousander":false},"geometry":{"type":"Point","coordinates":[41.472294,43.298549]}},{"type":"Feature","properties":{"id":"rock-0572","category":"rocky_ridge","name":"","elevation_m":3453,"main":false,"five_thousander":false},"geometry":{"type":"Point","coordinates":[41.495994,43.282634]}},{"type":"Feature","properties":{"id":"rock-0573","category":"rocky_peak","name":"","elevation_m":3769,"main":false,"five_thousander":false},"geometry":{"type":"Point","coordinates":[41.505618,43.281861]}},{"type":"Feature","properties":{"id":"rock-0574","category":"rocky_peak","name":"","elevation_m":3729,"main":false,"five_thousander":false},"geometry":{"type":"Point","coordinates":[41.511358,43.276229]}},{"type":"Feature","properties":{"id":"rock-0575","category":"rocky_ridge","name":"","elevation_m":3333,"main":false,"five_thousander":false},"geometry":{"type":"Point","coordinates":[41.5267,43.271003]}},{"type":"Feature","properties":{"id":"rock-0576","category":"rocky_peak","name":"","elevation_m":3497,"main":false,"five_thousander":false},"geometry":{"type":"Point","coordinates":[41.545862,43.268652]}},{"type":"Feature","properties":{"id":"rock-0577","category":"rocky_ridge","name":"","elevation_m":3472,"main":false,"five_thousander":false},"geometry":{"type":"Point","coordinates":[41.550636,43.261472]}},{"type":"Feature","properties":{"id":"rock-0578","category":"rocky_peak","name":"","elevation_m":3503,"main":false,"five_thousander":false},"geometry":{"type":"Point","coordinates":[41.642625,43.230024]}},{"type":"Feature","properties":{"id":"rock-0579","category":"rocky_peak","name":"","elevation_m":3384,"main":false,"five_thousander":false},"geometry":{"type":"Point","coordinates":[41.64549,43.231126]}},{"type":"Feature","properties":{"id":"rock-0580","category":"rocky_peak","name":"","elevation_m":3777,"main":false,"five_thousander":false},"geometry":{"type":"Point","coordinates":[41.658804,43.238223]}},{"type":"Feature","properties":{"id":"rock-0581","category":"rocky_ridge","name":"","elevation_m":3232,"main":false,"five_thousander":false},"geometry":{"type":"Point","coordinates":[41.670123,43.230024]}},{"type":"Feature","properties":{"id":"rock-0582","category":"rocky_peak","name":"","elevation_m":3492,"main":false,"five_thousander":false},"geometry":{"type":"Point","coordinates":[41.716805,43.235105]}},{"type":"Feature","properties":{"id":"rock-0583","category":"rocky_peak","name":"","elevation_m":3352,"main":false,"five_thousander":false},"geometry":{"type":"Point","coordinates":[41.773152,43.218258]}},{"type":"Feature","properties":{"id":"rock-0584","category":"rocky_ridge","name":"","elevation_m":3428,"main":false,"five_thousander":false},"geometry":{"type":"Point","coordinates":[41.783355,43.221143]}},{"type":"Feature","properties":{"id":"rock-0585","category":"rocky_ridge","name":"","elevation_m":3248,"main":false,"five_thousander":false},"geometry":{"type":"Point","coordinates":[41.803944,43.20204]}},{"type":"Feature","properties":{"id":"rock-0586","category":"rocky_peak","name":"","elevation_m":3233,"main":false,"five_thousander":false},"geometry":{"type":"Point","coordinates":[41.985358,43.215341]}},{"type":"Feature","properties":{"id":"rock-0587","category":"rocky_peak","name":"","elevation_m":3368,"main":false,"five_thousander":false},"geometry":{"type":"Point","coordinates":[42.013328,43.216772]}},{"type":"Feature","properties":{"id":"rock-0588","category":"rocky_peak","name":"","elevation_m":3357,"main":false,"five_thousander":false},"geometry":{"type":"Point","coordinates":[42.019143,43.217093]}},{"type":"Feature","properties":{"id":"rock-0589","category":"rocky_peak","name":"","elevation_m":3486,"main":false,"five_thousander":false},"geometry":{"type":"Point","coordinates":[42.02439,43.210533]}},{"type":"Feature","properties":{"id":"rock-0590","category":"rocky_ridge","name":"","elevation_m":3329,"main":false,"five_thousander":false},"geometry":{"type":"Point","coordinates":[42.028499,43.204636]}},{"type":"Feature","properties":{"id":"rock-0591","category":"rocky_ridge","name":"","elevation_m":3540,"main":false,"five_thousander":false},"geometry":{"type":"Point","coordinates":[42.033391,43.202141]}},{"type":"Feature","properties":{"id":"rock-0592","category":"rounded_mountain","name":"","elevation_m":3399,"main":false,"five_thousander":false},"geometry":{"type":"Point","coordinates":[42.040375,43.186819]}},{"type":"Feature","properties":{"id":"rock-0593","category":"rocky_peak","name":"","elevation_m":3546,"main":false,"five_thousander":false},"geometry":{"type":"Point","coordinates":[42.070684,43.197488]}},{"type":"Feature","properties":{"id":"rock-0594","category":"rocky_ridge","name":"","elevation_m":3876,"main":false,"five_thousander":false},"geometry":{"type":"Point","coordinates":[42.080694,43.204691]}},{"type":"Feature","properties":{"id":"rock-0595","category":"rocky_ridge","name":"","elevation_m":3796,"main":false,"five_thousander":false},"geometry":{"type":"Point","coordinates":[42.095414,43.213973]}},{"type":"Feature","properties":{"id":"rock-0596","category":"rocky_ridge","name":"","elevation_m":3334,"main":false,"five_thousander":false},"geometry":{"type":"Point","coordinates":[42.116539,43.21011]}},{"type":"Feature","properties":{"id":"rock-0597","category":"rocky_peak","name":"","elevation_m":3270,"main":false,"five_thousander":false},"geometry":{"type":"Point","coordinates":[42.131581,43.21108]}},{"type":"Feature","properties":{"id":"rock-0598","category":"rocky_ridge","name":"","elevation_m":3732,"main":false,"five_thousander":false},"geometry":{"type":"Point","coordinates":[42.135304,43.216983]}},{"type":"Feature","properties":{"id":"rock-0599","category":"rocky_peak","name":"","elevation_m":3623,"main":false,"five_thousander":false},"geometry":{"type":"Point","coordinates":[42.171943,43.221229]}},{"type":"Feature","properties":{"id":"rock-0600","category":"rocky_peak","name":"","elevation_m":3602,"main":false,"five_thousander":false},"geometry":{"type":"Point","coordinates":[42.187039,43.217804]}},{"type":"Feature","properties":{"id":"rock-0601","category":"rocky_ridge","name":"","elevation_m":3820,"main":false,"five_thousander":false},"geometry":{"type":"Point","coordinates":[42.193229,43.219087]}},{"type":"Feature","properties":{"id":"rock-0602","category":"rocky_ridge","name":"","elevation_m":3406,"main":false,"five_thousander":false},"geometry":{"type":"Point","coordinates":[42.216189,43.230985]}},{"type":"Feature","properties":{"id":"rock-0603","category":"rocky_ridge","name":"","elevation_m":3359,"main":false,"five_thousander":false},"geometry":{"type":"Point","coordinates":[42.231499,43.227358]}},{"type":"Feature","properties":{"id":"rock-0604","category":"rounded_mountain","name":"","elevation_m":3586,"main":false,"five_thousander":false},"geometry":{"type":"Point","coordinates":[42.246412,43.228093]}},{"type":"Feature","properties":{"id":"rock-0605","category":"steep_mountain","name":"","elevation_m":3238,"main":false,"five_thousander":false},"geometry":{"type":"Point","coordinates":[42.341062,43.220431]}},{"type":"Feature","properties":{"id":"rock-0606","category":"rocky_ridge","name":"","elevation_m":3462,"main":false,"five_thousander":false},"geometry":{"type":"Point","coordinates":[42.342263,43.224505]}},{"type":"Feature","properties":{"id":"rock-0607","category":"ridge","name":"","elevation_m":3335,"main":false,"five_thousander":false},"geometry":{"type":"Point","coordinates":[42.350106,43.234042]}},{"type":"Feature","properties":{"id":"rock-0608","category":"rounded_mountain","name":"","elevation_m":3427,"main":false,"five_thousander":false},"geometry":{"type":"Point","coordinates":[42.358207,43.246852]}},{"type":"Feature","properties":{"id":"rock-0609","category":"rounded_mountain","name":"","elevation_m":3426,"main":false,"five_thousander":false},"geometry":{"type":"Point","coordinates":[42.376016,43.247125]}},{"type":"Feature","properties":{"id":"rock-0610","category":"ridge","name":"","elevation_m":3356,"main":false,"five_thousander":false},"geometry":{"type":"Point","coordinates":[42.380426,43.244327]}},{"type":"Feature","properties":{"id":"rock-0611","category":"rounded_mountain","name":"","elevation_m":3357,"main":false,"five_thousander":false},"geometry":{"type":"Point","coordinates":[42.394427,43.246539]}},{"type":"Feature","properties":{"id":"rock-0612","category":"rounded_mountain","name":"","elevation_m":3423,"main":false,"five_thousander":false},"geometry":{"type":"Point","coordinates":[42.407033,43.248516]}},{"type":"Feature","properties":{"id":"rock-0613","category":"ridge","name":"","elevation_m":3337,"main":false,"five_thousander":false},"geometry":{"type":"Point","coordinates":[42.429854,43.253158]}},{"type":"Feature","properties":{"id":"rock-0614","category":"rocky_ridge","name":"","elevation_m":3657,"main":false,"five_thousander":false},"geometry":{"type":"Point","coordinates":[42.444413,43.228922]}},{"type":"Feature","properties":{"id":"rock-0615","category":"rocky_peak","name":"","elevation_m":3411,"main":false,"five_thousander":false},"geometry":{"type":"Point","coordinates":[42.571034,43.174544]}},{"type":"Feature","properties":{"id":"rock-0616","category":"rocky_peak","name":"","elevation_m":3917,"main":false,"five_thousander":false},"geometry":{"type":"Point","coordinates":[42.603275,43.162806]}},{"type":"Feature","properties":{"id":"rock-0617","category":"rocky_ridge","name":"","elevation_m":3975,"main":false,"five_thousander":false},"geometry":{"type":"Point","coordinates":[42.634871,43.154135]}},{"type":"Feature","properties":{"id":"rock-0618","category":"rocky_peak","name":"","elevation_m":3806,"main":false,"five_thousander":false},"geometry":{"type":"Point","coordinates":[42.65134,43.145407]}},{"type":"Feature","properties":{"id":"rock-0619","category":"rounded_mountain","name":"","elevation_m":3765,"main":false,"five_thousander":false},"geometry":{"type":"Point","coordinates":[42.874392,43.162689]}},{"type":"Feature","properties":{"id":"rock-0620","category":"rocky_ridge","name":"","elevation_m":3868,"main":false,"five_thousander":false},"geometry":{"type":"Point","coordinates":[42.963527,43.125137]}},{"type":"Feature","properties":{"id":"rock-0621","category":"rocky_ridge","name":"","elevation_m":3881,"main":false,"five_thousander":false},"geometry":{"type":"Point","coordinates":[43.014854,43.104171]}},{"type":"Feature","properties":{"id":"rock-0622","category":"rocky_ridge","name":"","elevation_m":3872,"main":false,"five_thousander":false},"geometry":{"type":"Point","coordinates":[43.161678,42.967085]}},{"type":"Feature","properties":{"id":"rock-0623","category":"rocky_peak","name":"","elevation_m":3894,"main":false,"five_thousander":false},"geometry":{"type":"Point","coordinates":[43.204916,42.930536]}},{"type":"Feature","properties":{"id":"rock-0624","category":"rocky_ridge","name":"","elevation_m":3742,"main":false,"five_thousander":false},"geometry":{"type":"Point","coordinates":[43.238336,42.924157]}},{"type":"Feature","properties":{"id":"rock-0625","category":"steep_mountain","name":"","elevation_m":3446,"main":false,"five_thousander":false},"geometry":{"type":"Point","coordinates":[43.251908,42.92239]}},{"type":"Feature","properties":{"id":"rock-0626","category":"isolated_peak","name":"","elevation_m":3451,"main":false,"five_thousander":false},"geometry":{"type":"Point","coordinates":[43.27329,42.922413]}},{"type":"Feature","properties":{"id":"rock-0627","category":"rounded_mountain","name":"","elevation_m":3487,"main":false,"five_thousander":false},"geometry":{"type":"Point","coordinates":[43.300391,42.907335]}},{"type":"Feature","properties":{"id":"rock-0628","category":"isolated_peak","name":"","elevation_m":3680,"main":false,"five_thousander":false},"geometry":{"type":"Point","coordinates":[43.317547,42.914816]}},{"type":"Feature","properties":{"id":"rock-0629","category":"rocky_ridge","name":"","elevation_m":3802,"main":false,"five_thousander":false},"geometry":{"type":"Point","coordinates":[42.531112,43.157422]}},{"type":"Feature","properties":{"id":"rock-0630","category":"ridge","name":"","elevation_m":3371,"main":false,"five_thousander":false},"geometry":{"type":"Point","coordinates":[42.209237,43.243655]}},{"type":"Feature","properties":{"id":"rock-0631","category":"rocky_ridge","name":"","elevation_m":3404,"main":false,"five_thousander":false},"geometry":{"type":"Point","coordinates":[43.287592,42.959987]}},{"type":"Feature","properties":{"id":"rock-0632","category":"rocky_peak","name":"","elevation_m":3239,"main":false,"five_thousander":false},"geometry":{"type":"Point","coordinates":[43.297452,42.963403]}},{"type":"Feature","properties":{"id":"rock-0633","category":"rocky_ridge","name":"","elevation_m":3913,"main":false,"five_thousander":false},"geometry":{"type":"Point","coordinates":[43.261017,43.045417]}},{"type":"Feature","properties":{"id":"rock-0634","category":"rocky_ridge","name":"","elevation_m":3332,"main":false,"five_thousander":false},"geometry":{"type":"Point","coordinates":[43.306367,43.051823]}},{"type":"Feature","properties":{"id":"rock-0635","category":"rounded_mountain","name":"","elevation_m":3478,"main":false,"five_thousander":false},"geometry":{"type":"Point","coordinates":[43.295692,43.076223]}},{"type":"Feature","properties":{"id":"rock-0636","category":"steep_mountain","name":"","elevation_m":3660,"main":false,"five_thousander":false},"geometry":{"type":"Point","coordinates":[43.295467,43.080957]}},{"type":"Feature","properties":{"id":"rock-0637","category":"steep_mountain","name":"","elevation_m":3663,"main":false,"five_thousander":false},"geometry":{"type":"Point","coordinates":[43.294469,43.083825]}},{"type":"Feature","properties":{"id":"rock-0638","category":"ridge","name":"","elevation_m":3685,"main":false,"five_thousander":false},"geometry":{"type":"Point","coordinates":[43.316324,43.086653]}},{"type":"Feature","properties":{"id":"rock-0639","category":"rocky_ridge","name":"","elevation_m":3407,"main":false,"five_thousander":false},"geometry":{"type":"Point","coordinates":[43.347909,43.090806]}},{"type":"Feature","properties":{"id":"rock-0640","category":"steep_mountain","name":"","elevation_m":3636,"main":false,"five_thousander":false},"geometry":{"type":"Point","coordinates":[43.29772,43.106302]}},{"type":"Feature","properties":{"id":"rock-0641","category":"isolated_peak","name":"","elevation_m":3462,"main":false,"five_thousander":false},"geometry":{"type":"Point","coordinates":[43.364239,43.113288]}},{"type":"Feature","properties":{"id":"rock-0642","category":"rocky_ridge","name":"","elevation_m":3692,"main":false,"five_thousander":false},"geometry":{"type":"Point","coordinates":[41.920159,43.329002]}},{"type":"Feature","properties":{"id":"rock-0643","category":"rounded_hill","name":"","elevation_m":3654,"main":false,"five_thousander":false},"geometry":{"type":"Point","coordinates":[42.488143,43.185231]}},{"type":"Feature","properties":{"id":"rock-0644","category":"rounded_mountain","name":"","elevation_m":3547,"main":false,"five_thousander":false},"geometry":{"type":"Point","coordinates":[42.485311,43.1593]}},{"type":"Feature","properties":{"id":"rock-0645","category":"rocky_ridge","name":"","elevation_m":3391,"main":false,"five_thousander":false},"geometry":{"type":"Point","coordinates":[43.38237,42.920952]}},{"type":"Feature","properties":{"id":"rock-0646","category":"rounded_mountain","name":"","elevation_m":3717,"main":false,"five_thousander":false},"geometry":{"type":"Point","coordinates":[43.252519,42.941706]}},{"type":"Feature","properties":{"id":"rock-0647","category":"rounded_mountain","name":"","elevation_m":3660,"main":false,"five_thousander":false},"geometry":{"type":"Point","coordinates":[43.427238,42.944973]}},{"type":"Feature","properties":{"id":"rock-0648","category":"rocky_peak","name":"","elevation_m":3686,"main":false,"five_thousander":false},"geometry":{"type":"Point","coordinates":[43.253839,42.952528]}},{"type":"Feature","properties":{"id":"rock-0649","category":"massif","name":"","elevation_m":3790,"main":false,"five_thousander":false},"geometry":{"type":"Point","coordinates":[43.430822,42.954216]}},{"type":"Feature","properties":{"id":"rock-0650","category":"rocky_peak","name":"","elevation_m":3885,"main":false,"five_thousander":false},"geometry":{"type":"Point","coordinates":[43.432088,42.957985]}},{"type":"Feature","properties":{"id":"rock-0651","category":"steep_mountain","name":"","elevation_m":3530,"main":false,"five_thousander":false},"geometry":{"type":"Point","coordinates":[43.253249,42.960631]}},{"type":"Feature","properties":{"id":"rock-0652","category":"rocky_peak","name":"","elevation_m":3972,"main":false,"five_thousander":false},"geometry":{"type":"Point","coordinates":[43.428215,42.962712]}},{"type":"Feature","properties":{"id":"rock-0653","category":"rocky_peak","name":"","elevation_m":3253,"main":false,"five_thousander":false},"geometry":{"type":"Point","coordinates":[43.293836,42.962264]}},{"type":"Feature","properties":{"id":"rock-0654","category":"massif","name":"","elevation_m":3802,"main":false,"five_thousander":false},"geometry":{"type":"Point","coordinates":[43.421692,42.964989]}},{"type":"Feature","properties":{"id":"rock-0655","category":"ridge","name":"","elevation_m":3229,"main":false,"five_thousander":false},"geometry":{"type":"Point","coordinates":[43.357286,42.970115]}},{"type":"Feature","properties":{"id":"rock-0656","category":"rocky_peak","name":"","elevation_m":3552,"main":false,"five_thousander":false},"geometry":{"type":"Point","coordinates":[43.388304,42.975116]}},{"type":"Feature","properties":{"id":"rock-0657","category":"rocky_peak","name":"","elevation_m":3914,"main":false,"five_thousander":false},"geometry":{"type":"Point","coordinates":[43.390181,42.981034]}},{"type":"Feature","properties":{"id":"rock-0658","category":"massif","name":"","elevation_m":3664,"main":false,"five_thousander":false},"geometry":{"type":"Point","coordinates":[43.396726,42.980461]}},{"type":"Feature","properties":{"id":"rock-0659","category":"rocky_peak","name":"","elevation_m":3860,"main":false,"five_thousander":false},"geometry":{"type":"Point","coordinates":[43.382381,42.984692]}},{"type":"Feature","properties":{"id":"rock-0660","category":"massif","name":"","elevation_m":3915,"main":false,"five_thousander":false},"geometry":{"type":"Point","coordinates":[43.458921,42.985264]}},{"type":"Feature","properties":{"id":"rock-0661","category":"rocky_peak","name":"","elevation_m":3973,"main":false,"five_thousander":false},"geometry":{"type":"Point","coordinates":[43.385611,42.986269]}},{"type":"Feature","properties":{"id":"rock-0662","category":"massif","name":"","elevation_m":3797,"main":false,"five_thousander":false},"geometry":{"type":"Point","coordinates":[43.446207,42.987305]}},{"type":"Feature","properties":{"id":"rock-0663","category":"rocky_peak","name":"","elevation_m":3658,"main":false,"five_thousander":false},"geometry":{"type":"Point","coordinates":[43.379645,42.989801]}},{"type":"Feature","properties":{"id":"rock-0664","category":"steep_mountain","name":"","elevation_m":3411,"main":false,"five_thousander":false},"geometry":{"type":"Point","coordinates":[43.250374,43.000528]}},{"type":"Feature","properties":{"id":"rock-0665","category":"rounded_mountain","name":"","elevation_m":3462,"main":false,"five_thousander":false},"geometry":{"type":"Point","coordinates":[42.351587,43.252463]}},{"type":"Feature","properties":{"id":"rock-0666","category":"rocky_peak","name":"","elevation_m":3557,"main":false,"five_thousander":false},"geometry":{"type":"Point","coordinates":[41.48754,43.286679]}},{"type":"Feature","properties":{"id":"rock-0667","category":"isolated_peak","name":"","elevation_m":3345,"main":false,"five_thousander":false},"geometry":{"type":"Point","coordinates":[42.978301,43.236949]}},{"type":"Feature","properties":{"id":"rock-0668","category":"rocky_peak","name":"","elevation_m":3865,"main":false,"five_thousander":false},"geometry":{"type":"Point","coordinates":[43.272604,43.061998]}},{"type":"Feature","properties":{"id":"rock-0669","category":"rocky_peak","name":"","elevation_m":3906,"main":false,"five_thousander":false},"geometry":{"type":"Point","coordinates":[43.262572,43.059231]}},{"type":"Feature","properties":{"id":"rock-0670","category":"rocky_peak","name":"","elevation_m":3582,"main":false,"five_thousander":false},"geometry":{"type":"Point","coordinates":[43.161753,42.98973]}},{"type":"Feature","properties":{"id":"rock-0671","category":"ridge","name":"","elevation_m":3513,"main":false,"five_thousander":false},"geometry":{"type":"Point","coordinates":[42.418674,43.448207]}},{"type":"Feature","properties":{"id":"rock-0672","category":"rounded_mountain","name":"","elevation_m":3396,"main":false,"five_thousander":false},"geometry":{"type":"Point","coordinates":[42.970791,43.31514]}},{"type":"Feature","properties":{"id":"rock-0673","category":"steep_mountain","name":"","elevation_m":3740,"main":false,"five_thousander":false},"geometry":{"type":"Point","coordinates":[43.127754,43.136373]}},{"type":"Feature","properties":{"id":"rock-0674","category":"rocky_peak","name":"","elevation_m":3309,"main":false,"five_thousander":false},"geometry":{"type":"Point","coordinates":[43.217543,42.962649]}},{"type":"Feature","properties":{"id":"rock-0675","category":"steep_mountain","name":"","elevation_m":3373,"main":false,"five_thousander":false},"geometry":{"type":"Point","coordinates":[43.232403,42.949834]}},{"type":"Feature","properties":{"id":"rock-0676","category":"steep_mountain","name":"","elevation_m":3272,"main":false,"five_thousander":false},"geometry":{"type":"Point","coordinates":[43.357651,43.17427]}},{"type":"Feature","properties":{"id":"rock-0677","category":"ridge","name":"","elevation_m":3354,"main":false,"five_thousander":false},"geometry":{"type":"Point","coordinates":[43.349959,43.170209]}},{"type":"Feature","properties":{"id":"rock-0678","category":"isolated_peak","name":"","elevation_m":3405,"main":false,"five_thousander":false},"geometry":{"type":"Point","coordinates":[43.345807,43.1638]}},{"type":"Feature","properties":{"id":"rock-0679","category":"rounded_mountain","name":"","elevation_m":3236,"main":false,"five_thousander":false},"geometry":{"type":"Point","coordinates":[43.335421,43.150166]}},{"type":"Feature","properties":{"id":"rock-0680","category":"isolated_peak","name":"","elevation_m":3581,"main":false,"five_thousander":false},"geometry":{"type":"Point","coordinates":[43.249258,43.115873]}},{"type":"Feature","properties":{"id":"rock-0681","category":"rocky_ridge","name":"","elevation_m":3618,"main":false,"five_thousander":false},"geometry":{"type":"Point","coordinates":[42.217927,43.267847]}},{"type":"Feature","properties":{"id":"rock-0682","category":"rounded_mountain","name":"","elevation_m":3367,"main":false,"five_thousander":false},"geometry":{"type":"Point","coordinates":[42.209569,43.259112]}},{"type":"Feature","properties":{"id":"rock-0683","category":"ridge","name":"","elevation_m":3272,"main":false,"five_thousander":false},"geometry":{"type":"Point","coordinates":[42.258546,43.244226]}},{"type":"Feature","properties":{"id":"rock-0684","category":"ridge","name":"","elevation_m":3270,"main":false,"five_thousander":false},"geometry":{"type":"Point","coordinates":[42.302105,43.248844]}},{"type":"Feature","properties":{"id":"rock-0685","category":"rocky_peak","name":"","elevation_m":3821,"main":false,"five_thousander":false},"geometry":{"type":"Point","coordinates":[42.086381,43.209829]}},{"type":"Feature","properties":{"id":"rock-0686","category":"massif","name":"","elevation_m":3356,"main":false,"five_thousander":false},"geometry":{"type":"Point","coordinates":[41.968482,43.26037]}},{"type":"Feature","properties":{"id":"rock-0687","category":"rocky_ridge","name":"","elevation_m":3395,"main":false,"five_thousander":false},"geometry":{"type":"Point","coordinates":[41.880902,43.281126]}},{"type":"Feature","properties":{"id":"rock-0688","category":"rocky_peak","name":"","elevation_m":3644,"main":false,"five_thousander":false},"geometry":{"type":"Point","coordinates":[41.886663,43.29217]}},{"type":"Feature","properties":{"id":"rock-0689","category":"rocky_ridge","name":"","elevation_m":3329,"main":false,"five_thousander":false},"geometry":{"type":"Point","coordinates":[41.80476,43.185755]}},{"type":"Feature","properties":{"id":"rock-0690","category":"rocky_ridge","name":"","elevation_m":3242,"main":false,"five_thousander":false},"geometry":{"type":"Point","coordinates":[41.952163,43.489553]}},{"type":"Feature","properties":{"id":"rock-0691","category":"rocky_ridge","name":"","elevation_m":3329,"main":false,"five_thousander":false},"geometry":{"type":"Point","coordinates":[41.802185,43.196565]}},{"type":"Feature","properties":{"id":"rock-0692","category":"rocky_ridge","name":"","elevation_m":3321,"main":false,"five_thousander":false},"geometry":{"type":"Point","coordinates":[41.803644,43.189916]}},{"type":"Feature","properties":{"id":"rock-0693","category":"rocky_peak","name":"","elevation_m":3211,"main":false,"five_thousander":false},"geometry":{"type":"Point","coordinates":[41.78755,43.224465]}},{"type":"Feature","properties":{"id":"rock-0694","category":"rocky_ridge","name":"","elevation_m":3341,"main":false,"five_thousander":false},"geometry":{"type":"Point","coordinates":[41.641392,43.225325]}},{"type":"Feature","properties":{"id":"rock-0695","category":"rocky_peak","name":"","elevation_m":3691,"main":false,"five_thousander":false},"geometry":{"type":"Point","coordinates":[41.657259,43.243257]}},{"type":"Feature","properties":{"id":"rock-0696","category":"rocky_ridge","name":"","elevation_m":3700,"main":false,"five_thousander":false},"geometry":{"type":"Point","coordinates":[41.652625,43.235339]}},{"type":"Feature","properties":{"id":"rock-0697","category":"rocky_peak","name":"","elevation_m":3361,"main":false,"five_thousander":false},"geometry":{"type":"Point","coordinates":[41.505275,43.297839]}},{"type":"Feature","properties":{"id":"rock-0698","category":"rocky_peak","name":"","elevation_m":3356,"main":false,"five_thousander":false},"geometry":{"type":"Point","coordinates":[41.608315,43.212175]}},{"type":"Feature","properties":{"id":"rock-0699","category":"rocky_peak","name":"","elevation_m":3233,"main":false,"five_thousander":false},"geometry":{"type":"Point","coordinates":[41.612531,43.21678]}},{"type":"Feature","properties":{"id":"rock-0700","category":"rounded_mountain","name":"","elevation_m":3412,"main":false,"five_thousander":false},"geometry":{"type":"Point","coordinates":[41.556301,43.385059]}},{"type":"Feature","properties":{"id":"rock-0701","category":"rocky_peak","name":"","elevation_m":3202,"main":false,"five_thousander":false},"geometry":{"type":"Point","coordinates":[41.467134,43.32012]}},{"type":"Feature","properties":{"id":"rock-0702","category":"rocky_peak","name":"","elevation_m":3314,"main":false,"five_thousander":false},"geometry":{"type":"Point","coordinates":[41.461158,43.314195]}},{"type":"Feature","properties":{"id":"rock-0703","category":"rounded_mountain","name":"","elevation_m":3231,"main":false,"five_thousander":false},"geometry":{"type":"Point","coordinates":[41.427534,43.320245]}},{"type":"Feature","properties":{"id":"rock-0704","category":"rocky_ridge","name":"","elevation_m":3249,"main":false,"five_thousander":false},"geometry":{"type":"Point","coordinates":[41.433842,43.324514]}},{"type":"Feature","properties":{"id":"rock-0705","category":"rocky_peak","name":"","elevation_m":3493,"main":false,"five_thousander":false},"geometry":{"type":"Point","coordinates":[41.421515,43.349173]}},{"type":"Feature","properties":{"id":"rock-0706","category":"rocky_ridge","name":"","elevation_m":3354,"main":false,"five_thousander":false},"geometry":{"type":"Point","coordinates":[41.412932,43.355352]}},{"type":"Feature","properties":{"id":"rock-0707","category":"rocky_ridge","name":"","elevation_m":3584,"main":false,"five_thousander":false},"geometry":{"type":"Point","coordinates":[41.429304,43.350632]}},{"type":"Feature","properties":{"id":"rock-0708","category":"rocky_ridge","name":"","elevation_m":3617,"main":false,"five_thousander":false},"geometry":{"type":"Point","coordinates":[41.425581,43.348502]}},{"type":"Feature","properties":{"id":"rock-0709","category":"rocky_peak","name":"","elevation_m":3622,"main":false,"five_thousander":false},"geometry":{"type":"Point","coordinates":[41.159806,43.408984]}},{"type":"Feature","properties":{"id":"rock-0710","category":"ridge","name":"","elevation_m":3759,"main":false,"five_thousander":false},"geometry":{"type":"Point","coordinates":[42.562054,43.340247]}},{"type":"Feature","properties":{"id":"rock-0711","category":"rocky_peak","name":"","elevation_m":3271,"main":false,"five_thousander":false},"geometry":{"type":"Point","coordinates":[41.278564,43.372371]}},{"type":"Feature","properties":{"id":"rock-0712","category":"steep_mountain","name":"","elevation_m":3771,"main":false,"five_thousander":false},"geometry":{"type":"Point","coordinates":[42.576066,43.337282]}},{"type":"Feature","properties":{"id":"rock-0713","category":"rocky_peak","name":"","elevation_m":3517,"main":false,"five_thousander":false},"geometry":{"type":"Point","coordinates":[41.940683,43.22531]}},{"type":"Feature","properties":{"id":"rock-0714","category":"rocky_ridge","name":"","elevation_m":3339,"main":false,"five_thousander":false},"geometry":{"type":"Point","coordinates":[42.251401,43.381059]}},{"type":"Feature","properties":{"id":"rock-0715","category":"rocky_peak","name":"","elevation_m":3663,"main":false,"five_thousander":false},"geometry":{"type":"Point","coordinates":[41.578821,43.255909]}},{"type":"Feature","properties":{"id":"rock-0716","category":"steep_mountain","name":"","elevation_m":3245,"main":false,"five_thousander":false},"geometry":{"type":"Point","coordinates":[42.245071,43.3555]}},{"type":"Feature","properties":{"id":"rock-0717","category":"ridge","name":"","elevation_m":3292,"main":false,"five_thousander":false},"geometry":{"type":"Point","coordinates":[42.296044,43.26737]}},{"type":"Feature","properties":{"id":"rock-0718","category":"rounded_mountain","name":"","elevation_m":3213,"main":false,"five_thousander":false},"geometry":{"type":"Point","coordinates":[42.328992,43.319972]}},{"type":"Feature","properties":{"id":"rock-0719","category":"isolated_peak","name":"","elevation_m":3258,"main":false,"five_thousander":false},"geometry":{"type":"Point","coordinates":[42.372165,43.294442]}},{"type":"Feature","properties":{"id":"rock-0720","category":"ridge","name":"","elevation_m":3253,"main":false,"five_thousander":false},"geometry":{"type":"Point","coordinates":[42.338272,43.390493]}},{"type":"Feature","properties":{"id":"rock-0721","category":"ridge","name":"","elevation_m":3575,"main":false,"five_thousander":false},"geometry":{"type":"Point","coordinates":[42.359666,43.315311]}},{"type":"Feature","properties":{"id":"rock-0722","category":"rocky_ridge","name":"","elevation_m":3906,"main":false,"five_thousander":false},"geometry":{"type":"Point","coordinates":[42.52401,43.333848]}},{"type":"Feature","properties":{"id":"rock-0723","category":"rocky_peak","name":"","elevation_m":3403,"main":false,"five_thousander":false},"geometry":{"type":"Point","coordinates":[42.267612,43.354829]}},{"type":"Feature","properties":{"id":"rock-0724","category":"rocky_peak","name":"","elevation_m":3444,"main":false,"five_thousander":false},"geometry":{"type":"Point","coordinates":[42.297535,43.369166]}},{"type":"Feature","properties":{"id":"rock-0725","category":"ridge","name":"","elevation_m":3344,"main":false,"five_thousander":false},"geometry":{"type":"Point","coordinates":[42.35414,43.424632]}},{"type":"Feature","properties":{"id":"rock-0726","category":"rounded_mountain","name":"","elevation_m":3523,"main":false,"five_thousander":false},"geometry":{"type":"Point","coordinates":[42.378194,43.415289]}},{"type":"Feature","properties":{"id":"rock-0727","category":"ridge","name":"","elevation_m":3485,"main":false,"five_thousander":false},"geometry":{"type":"Point","coordinates":[42.347252,43.320776]}},{"type":"Feature","properties":{"id":"rock-0728","category":"rocky_peak","name":"","elevation_m":3476,"main":false,"five_thousander":false},"geometry":{"type":"Point","coordinates":[42.288115,43.286344]}},{"type":"Feature","properties":{"id":"rock-0729","category":"rocky_peak","name":"","elevation_m":3407,"main":false,"five_thousander":false},"geometry":{"type":"Point","coordinates":[42.338047,43.279166]}},{"type":"Feature","properties":{"id":"rock-0730","category":"rocky_peak","name":"","elevation_m":3478,"main":false,"five_thousander":false},"geometry":{"type":"Point","coordinates":[41.8292,43.214075]}},{"type":"Feature","properties":{"id":"rock-0731","category":"isolated_peak","name":"","elevation_m":3497,"main":false,"five_thousander":false},"geometry":{"type":"Point","coordinates":[43.190882,42.998974]}},{"type":"Feature","properties":{"id":"rock-0732","category":"steep_mountain","name":"","elevation_m":3625,"main":false,"five_thousander":false},"geometry":{"type":"Point","coordinates":[42.579038,43.384178]}},{"type":"Feature","properties":{"id":"rock-0733","category":"rounded_mountain","name":"","elevation_m":3567,"main":false,"five_thousander":false},"geometry":{"type":"Point","coordinates":[42.555639,43.274729]}},{"type":"Feature","properties":{"id":"rock-0734","category":"ridge","name":"","elevation_m":3285,"main":false,"five_thousander":false},"geometry":{"type":"Point","coordinates":[42.214934,43.301915]}},{"type":"Feature","properties":{"id":"rock-0735","category":"rounded_mountain","name":"","elevation_m":3428,"main":false,"five_thousander":false},"geometry":{"type":"Point","coordinates":[42.214633,43.254369]}},{"type":"Feature","properties":{"id":"rock-0736","category":"rocky_ridge","name":"","elevation_m":3647,"main":false,"five_thousander":false},"geometry":{"type":"Point","coordinates":[42.301419,43.35245]}},{"type":"Feature","properties":{"id":"rock-0737","category":"steep_mountain","name":"","elevation_m":3364,"main":false,"five_thousander":false},"geometry":{"type":"Point","coordinates":[41.59162,43.243483]}},{"type":"Feature","properties":{"id":"rock-0738","category":"rocky_peak","name":"","elevation_m":3403,"main":false,"five_thousander":false},"geometry":{"type":"Point","coordinates":[41.682955,43.207154]}},{"type":"Feature","properties":{"id":"rock-0739","category":"rocky_peak","name":"","elevation_m":3616,"main":false,"five_thousander":false},"geometry":{"type":"Point","coordinates":[41.828674,43.221893]}},{"type":"Feature","properties":{"id":"rock-0740","category":"rocky_peak","name":"","elevation_m":3309,"main":false,"five_thousander":false},"geometry":{"type":"Point","coordinates":[41.778023,43.236652]}},{"type":"Feature","properties":{"id":"rock-0741","category":"rounded_mountain","name":"","elevation_m":3234,"main":false,"five_thousander":false},"geometry":{"type":"Point","coordinates":[41.713328,43.281806]}},{"type":"Feature","properties":{"id":"rock-0742","category":"rocky_peak","name":"","elevation_m":3362,"main":false,"five_thousander":false},"geometry":{"type":"Point","coordinates":[41.912166,43.48735]}},{"type":"Feature","properties":{"id":"rock-0743","category":"isolated_peak","name":"","elevation_m":3480,"main":false,"five_thousander":false},"geometry":{"type":"Point","coordinates":[41.777744,43.370086]}},{"type":"Feature","properties":{"id":"rock-0744","category":"rounded_mountain","name":"","elevation_m":3313,"main":false,"five_thousander":false},"geometry":{"type":"Point","coordinates":[41.842171,43.316623]}},{"type":"Feature","properties":{"id":"rock-0745","category":"rocky_ridge","name":"","elevation_m":3627,"main":false,"five_thousander":false},"geometry":{"type":"Point","coordinates":[42.304455,43.342783]}},{"type":"Feature","properties":{"id":"rock-0746","category":"rocky_peak","name":"","elevation_m":3217,"main":false,"five_thousander":false},"geometry":{"type":"Point","coordinates":[41.117395,43.649274]}},{"type":"Feature","properties":{"id":"rock-0747","category":"rocky_ridge","name":"","elevation_m":3236,"main":false,"five_thousander":false},"geometry":{"type":"Point","coordinates":[41.480856,43.293435]}},{"type":"Feature","properties":{"id":"rock-0748","category":"rocky_peak","name":"","elevation_m":3459,"main":false,"five_thousander":false},"geometry":{"type":"Point","coordinates":[41.416311,43.350156]}},{"type":"Feature","properties":{"id":"rock-0749","category":"rocky_peak","name":"","elevation_m":3200,"main":false,"five_thousander":false},"geometry":{"type":"Point","coordinates":[41.705153,43.223551]}},{"type":"Feature","properties":{"id":"rock-0750","category":"rocky_peak","name":"","elevation_m":3756,"main":false,"five_thousander":false},"geometry":{"type":"Point","coordinates":[41.588842,43.234729]}},{"type":"Feature","properties":{"id":"rock-0751","category":"rocky_ridge","name":"","elevation_m":3685,"main":false,"five_thousander":false},"geometry":{"type":"Point","coordinates":[41.561826,43.249345]}},{"type":"Feature","properties":{"id":"rock-0752","category":"rounded_mountain","name":"","elevation_m":3374,"main":false,"five_thousander":false},"geometry":{"type":"Point","coordinates":[42.038455,43.191888]}},{"type":"Feature","properties":{"id":"rock-0753","category":"rounded_mountain","name":"","elevation_m":3304,"main":false,"five_thousander":false},"geometry":{"type":"Point","coordinates":[42.288973,43.378711]}},{"type":"Feature","properties":{"id":"rock-0754","category":"rocky_ridge","name":"","elevation_m":3330,"main":false,"five_thousander":false},"geometry":{"type":"Point","coordinates":[42.048959,43.276252]}},{"type":"Feature","properties":{"id":"rock-0755","category":"ridge","name":"","elevation_m":3504,"main":false,"five_thousander":false},"geometry":{"type":"Point","coordinates":[42.540275,43.271331]}},{"type":"Feature","properties":{"id":"rock-0756","category":"rounded_mountain","name":"","elevation_m":3404,"main":false,"five_thousander":false},"geometry":{"type":"Point","coordinates":[43.30052,43.145838]}},{"type":"Feature","properties":{"id":"rock-0757","category":"massif","name":"","elevation_m":3419,"main":false,"five_thousander":false},"geometry":{"type":"Point","coordinates":[43.369882,42.978703]}},{"type":"Feature","properties":{"id":"rock-0758","category":"rocky_peak","name":"","elevation_m":3536,"main":false,"five_thousander":false},"geometry":{"type":"Point","coordinates":[42.048991,43.18922]}},{"type":"Feature","properties":{"id":"rock-0759","category":"rocky_peak","name":"","elevation_m":3283,"main":false,"five_thousander":false},"geometry":{"type":"Point","coordinates":[42.041931,43.375046]}},{"type":"Feature","properties":{"id":"rock-0760","category":"rocky_peak","name":"","elevation_m":3252,"main":false,"five_thousander":false},"geometry":{"type":"Point","coordinates":[42.113889,43.346427]}},{"type":"Feature","properties":{"id":"rock-0761","category":"rocky_peak","name":"","elevation_m":3552,"main":false,"five_thousander":false},"geometry":{"type":"Point","coordinates":[41.411151,43.345553]}},{"type":"Feature","properties":{"id":"rock-0762","category":"ridge","name":"","elevation_m":3479,"main":false,"five_thousander":false},"geometry":{"type":"Point","coordinates":[42.754358,43.38594]}},{"type":"Feature","properties":{"id":"rock-0763","category":"rocky_peak","name":"","elevation_m":3358,"main":false,"five_thousander":false},"geometry":{"type":"Point","coordinates":[41.322852,43.348143]}},{"type":"Feature","properties":{"id":"rock-0764","category":"rocky_peak","name":"","elevation_m":3688,"main":false,"five_thousander":false},"geometry":{"type":"Point","coordinates":[41.785394,43.228632]}},{"type":"Feature","properties":{"id":"rock-0765","category":"rounded_mountain","name":"","elevation_m":3217,"main":false,"five_thousander":false},"geometry":{"type":"Point","coordinates":[41.630555,43.49978]}},{"type":"Feature","properties":{"id":"rock-0766","category":"rocky_peak","name":"","elevation_m":3419,"main":false,"five_thousander":false},"geometry":{"type":"Point","coordinates":[41.604602,43.430367]}},{"type":"Feature","properties":{"id":"rock-0767","category":"rounded_mountain","name":"","elevation_m":3226,"main":false,"five_thousander":false},"geometry":{"type":"Point","coordinates":[41.936563,43.503943]}},{"type":"Feature","properties":{"id":"rock-0768","category":"ridge","name":"","elevation_m":3292,"main":false,"five_thousander":false},"geometry":{"type":"Point","coordinates":[41.890204,43.508472]}},{"type":"Feature","properties":{"id":"rock-0769","category":"rocky_peak","name":"","elevation_m":3399,"main":false,"five_thousander":false},"geometry":{"type":"Point","coordinates":[41.629364,43.506215]}},{"type":"Feature","properties":{"id":"rock-0770","category":"rounded_mountain","name":"","elevation_m":3375,"main":false,"five_thousander":false},"geometry":{"type":"Point","coordinates":[41.862642,43.491623]}},{"type":"Feature","properties":{"id":"rock-0771","category":"steep_mountain","name":"","elevation_m":3901,"main":false,"five_thousander":false},"geometry":{"type":"Point","coordinates":[42.554405,43.345982]}},{"type":"Feature","properties":{"id":"rock-0772","category":"rounded_mountain","name":"","elevation_m":3589,"main":false,"five_thousander":false},"geometry":{"type":"Point","coordinates":[42.348443,43.25905]}},{"type":"Feature","properties":{"id":"rock-0773","category":"rounded_hill","name":"","elevation_m":3208,"main":false,"five_thousander":false},"geometry":{"type":"Point","coordinates":[42.455388,43.457989]}},{"type":"Feature","properties":{"id":"rock-0774","category":"rounded_mountain","name":"","elevation_m":3256,"main":false,"five_thousander":false},"geometry":{"type":"Point","coordinates":[42.69727,43.385183]}},{"type":"Feature","properties":{"id":"rock-0775","category":"rounded_mountain","name":"","elevation_m":3283,"main":false,"five_thousander":false},"geometry":{"type":"Point","coordinates":[42.644838,43.379413]}},{"type":"Feature","properties":{"id":"rock-0776","category":"rocky_ridge","name":"","elevation_m":3785,"main":false,"five_thousander":false},"geometry":{"type":"Point","coordinates":[43.332428,42.893911]}},{"type":"Feature","properties":{"id":"rock-0777","category":"rounded_mountain","name":"","elevation_m":3513,"main":false,"five_thousander":false},"geometry":{"type":"Point","coordinates":[42.34162,43.370609]}},{"type":"Feature","properties":{"id":"rock-0778","category":"steep_mountain","name":"","elevation_m":3341,"main":false,"five_thousander":false},"geometry":{"type":"Point","coordinates":[42.57744,43.307778]}},{"type":"Feature","properties":{"id":"rock-0779","category":"rocky_ridge","name":"","elevation_m":3400,"main":false,"five_thousander":false},"geometry":{"type":"Point","coordinates":[42.279768,43.288054]}},{"type":"Feature","properties":{"id":"rock-0780","category":"ridge","name":"","elevation_m":3347,"main":false,"five_thousander":false},"geometry":{"type":"Point","coordinates":[42.268052,43.239232]}},{"type":"Feature","properties":{"id":"rock-0781","category":"rocky_peak","name":"","elevation_m":3433,"main":false,"five_thousander":false},"geometry":{"type":"Point","coordinates":[41.855807,43.220502]}},{"type":"Feature","properties":{"id":"rock-0782","category":"rocky_ridge","name":"","elevation_m":3636,"main":false,"five_thousander":false},"geometry":{"type":"Point","coordinates":[42.569286,43.377136]}},{"type":"Feature","properties":{"id":"rock-0783","category":"ridge","name":"","elevation_m":3221,"main":false,"five_thousander":false},"geometry":{"type":"Point","coordinates":[42.088537,43.327535]}},{"type":"Feature","properties":{"id":"rock-0784","category":"steep_mountain","name":"","elevation_m":3266,"main":false,"five_thousander":false},"geometry":{"type":"Point","coordinates":[42.569833,43.417674]}},{"type":"Feature","properties":{"id":"rock-0785","category":"rounded_mountain","name":"","elevation_m":3268,"main":false,"five_thousander":false},"geometry":{"type":"Point","coordinates":[42.203615,43.257206]}},{"type":"Feature","properties":{"id":"rock-0786","category":"rocky_peak","name":"","elevation_m":3485,"main":false,"five_thousander":false},"geometry":{"type":"Point","coordinates":[43.398228,43.176703]}},{"type":"Feature","properties":{"id":"rock-0787","category":"rocky_peak","name":"","elevation_m":3758,"main":false,"five_thousander":false},"geometry":{"type":"Point","coordinates":[42.153125,43.237817]}},{"type":"Feature","properties":{"id":"rock-0788","category":"rocky_peak","name":"","elevation_m":3676,"main":false,"five_thousander":false},"geometry":{"type":"Point","coordinates":[41.594646,43.417432]}},{"type":"Feature","properties":{"id":"rock-0789","category":"ridge","name":"","elevation_m":3390,"main":false,"five_thousander":false},"geometry":{"type":"Point","coordinates":[41.106817,43.406583]}},{"type":"Feature","properties":{"id":"rock-0790","category":"isolated_peak","name":"","elevation_m":3285,"main":false,"five_thousander":false},"geometry":{"type":"Point","coordinates":[43.290703,43.267566]}},{"type":"Feature","properties":{"id":"rock-0791","category":"rocky_ridge","name":"","elevation_m":3737,"main":false,"five_thousander":false},"geometry":{"type":"Point","coordinates":[42.46425,43.245297]}},{"type":"Feature","properties":{"id":"rock-0792","category":"rocky_ridge","name":"","elevation_m":3783,"main":false,"five_thousander":false},"geometry":{"type":"Point","coordinates":[42.446365,43.243343]}},{"type":"Feature","properties":{"id":"rock-0793","category":"ridge","name":"","elevation_m":3476,"main":false,"five_thousander":false},"geometry":{"type":"Point","coordinates":[42.413771,43.256979]}},{"type":"Feature","properties":{"id":"rock-0794","category":"ridge","name":"","elevation_m":3309,"main":false,"five_thousander":false},"geometry":{"type":"Point","coordinates":[43.540342,43.060822]}},{"type":"Feature","properties":{"id":"rock-0795","category":"steep_mountain","name":"","elevation_m":3537,"main":false,"five_thousander":false},"geometry":{"type":"Point","coordinates":[43.537638,43.049816]}},{"type":"Feature","properties":{"id":"rock-0796","category":"steep_mountain","name":"","elevation_m":3765,"main":false,"five_thousander":false},"geometry":{"type":"Point","coordinates":[43.532832,43.043912]}},{"type":"Feature","properties":{"id":"rock-0797","category":"steep_mountain","name":"","elevation_m":3907,"main":false,"five_thousander":false},"geometry":{"type":"Point","coordinates":[43.527499,43.032518]}},{"type":"Feature","properties":{"id":"rock-0798","category":"steep_mountain","name":"","elevation_m":3913,"main":false,"five_thousander":false},"geometry":{"type":"Point","coordinates":[43.525804,43.02251]}},{"type":"Feature","properties":{"id":"rock-0799","category":"ridge","name":"","elevation_m":3885,"main":false,"five_thousander":false},"geometry":{"type":"Point","coordinates":[43.52839,43.012516]}},{"type":"Feature","properties":{"id":"rock-0800","category":"rocky_ridge","name":"","elevation_m":3665,"main":false,"five_thousander":false},"geometry":{"type":"Point","coordinates":[43.619156,43.005832]}},{"type":"Feature","properties":{"id":"rock-0801","category":"rocky_peak","name":"","elevation_m":3593,"main":false,"five_thousander":false},"geometry":{"type":"Point","coordinates":[43.380075,43.038658]}},{"type":"Feature","properties":{"id":"rock-0802","category":"rocky_ridge","name":"","elevation_m":3892,"main":false,"five_thousander":false},"geometry":{"type":"Point","coordinates":[43.398442,43.018455]}},{"type":"Feature","properties":{"id":"rock-0803","category":"steep_mountain","name":"","elevation_m":3760,"main":false,"five_thousander":false},"geometry":{"type":"Point","coordinates":[43.612558,42.995059]}},{"type":"Feature","properties":{"id":"rock-0804","category":"rocky_peak","name":"","elevation_m":3215,"main":false,"five_thousander":false},"geometry":{"type":"Point","coordinates":[41.289196,43.419045]}},{"type":"Feature","properties":{"id":"rock-0805","category":"rocky_peak","name":"","elevation_m":3633,"main":false,"five_thousander":false},"geometry":{"type":"Point","coordinates":[41.269391,43.421469]}},{"type":"Feature","properties":{"id":"rock-0806","category":"rocky_peak","name":"","elevation_m":3429,"main":false,"five_thousander":false},"geometry":{"type":"Point","coordinates":[41.250658,43.391912]}},{"type":"Feature","properties":{"id":"rock-0807","category":"rounded_mountain","name":"","elevation_m":3221,"main":false,"five_thousander":false},"geometry":{"type":"Point","coordinates":[41.36698,43.371404]}},{"type":"Feature","properties":{"id":"rock-0808","category":"isolated_peak","name":"","elevation_m":3548,"main":false,"five_thousander":false},"geometry":{"type":"Point","coordinates":[41.911147,43.43124]}},{"type":"Feature","properties":{"id":"rock-0809","category":"rounded_hill","name":"","elevation_m":3608,"main":false,"five_thousander":false},"geometry":{"type":"Point","coordinates":[43.016281,43.249337]}},{"type":"Feature","properties":{"id":"rock-0810","category":"rounded_hill","name":"","elevation_m":3672,"main":false,"five_thousander":false},"geometry":{"type":"Point","coordinates":[43.019071,43.255674]}},{"type":"Feature","properties":{"id":"rock-0811","category":"rounded_mountain","name":"","elevation_m":3840,"main":false,"five_thousander":false},"geometry":{"type":"Point","coordinates":[43.08516,43.130039]}},{"type":"Feature","properties":{"id":"rock-0812","category":"rounded_mountain","name":"","elevation_m":3704,"main":false,"five_thousander":false},"geometry":{"type":"Point","coordinates":[42.402828,43.392832]}},{"type":"Feature","properties":{"id":"rock-0813","category":"rocky_ridge","name":"","elevation_m":3735,"main":false,"five_thousander":false},"geometry":{"type":"Point","coordinates":[43.556607,42.944902]}},{"type":"Feature","properties":{"id":"rock-0814","category":"rounded_mountain","name":"","elevation_m":3623,"main":false,"five_thousander":false},"geometry":{"type":"Point","coordinates":[43.610659,42.989911]}},{"type":"Feature","properties":{"id":"rock-0815","category":"ridge","name":"","elevation_m":3459,"main":false,"five_thousander":false},"geometry":{"type":"Point","coordinates":[43.618265,43.01749]}},{"type":"Feature","properties":{"id":"rock-0816","category":"rounded_mountain","name":"","elevation_m":3694,"main":false,"five_thousander":false},"geometry":{"type":"Point","coordinates":[43.567657,42.942012]}},{"type":"Feature","properties":{"id":"rock-0817","category":"rounded_mountain","name":"","elevation_m":3453,"main":false,"five_thousander":false},"geometry":{"type":"Point","coordinates":[42.418052,43.416808]}},{"type":"Feature","properties":{"id":"rock-0818","category":"rounded_hill","name":"","elevation_m":3203,"main":false,"five_thousander":false},"geometry":{"type":"Point","coordinates":[41.217946,43.45147]}},{"type":"Feature","properties":{"id":"rock-0819","category":"steep_mountain","name":"","elevation_m":3396,"main":false,"five_thousander":false},"geometry":{"type":"Point","coordinates":[41.891363,43.487038]}},{"type":"Feature","properties":{"id":"rock-0820","category":"rocky_peak","name":"","elevation_m":3424,"main":false,"five_thousander":false},"geometry":{"type":"Point","coordinates":[41.879936,43.248329]}},{"type":"Feature","properties":{"id":"rock-0821","category":"rocky_peak","name":"","elevation_m":3290,"main":false,"five_thousander":false},"geometry":{"type":"Point","coordinates":[41.240165,43.428466]}},{"type":"Feature","properties":{"id":"rock-0822","category":"ridge","name":"","elevation_m":3780,"main":false,"five_thousander":false},"geometry":{"type":"Point","coordinates":[42.529181,43.294098]}},{"type":"Feature","properties":{"id":"rock-0823","category":"rocky_ridge","name":"","elevation_m":3749,"main":false,"five_thousander":false},"geometry":{"type":"Point","coordinates":[42.546583,43.278846]}},{"type":"Feature","properties":{"id":"rock-0824","category":"steep_mountain","name":"","elevation_m":3478,"main":false,"five_thousander":false},"geometry":{"type":"Point","coordinates":[42.58745,43.274503]}},{"type":"Feature","properties":{"id":"rock-0825","category":"ridge","name":"","elevation_m":3715,"main":false,"five_thousander":false},"geometry":{"type":"Point","coordinates":[42.39727,43.290373]}},{"type":"Feature","properties":{"id":"rock-0826","category":"rounded_hill","name":"","elevation_m":3534,"main":false,"five_thousander":false},"geometry":{"type":"Point","coordinates":[42.53328,43.36426]}},{"type":"Feature","properties":{"id":"rock-0827","category":"rocky_peak","name":"","elevation_m":3979,"main":false,"five_thousander":false},"geometry":{"type":"Point","coordinates":[42.642392,43.149986]}},{"type":"Feature","properties":{"id":"rock-0828","category":"ridge","name":"","elevation_m":3813,"main":false,"five_thousander":false},"geometry":{"type":"Point","coordinates":[42.60807,43.148476]}},{"type":"Feature","properties":{"id":"rock-0829","category":"rocky_peak","name":"","elevation_m":3983,"main":false,"five_thousander":false},"geometry":{"type":"Point","coordinates":[42.790729,43.182704]}},{"type":"Feature","properties":{"id":"rock-0830","category":"rounded_mountain","name":"","elevation_m":3699,"main":false,"five_thousander":false},"geometry":{"type":"Point","coordinates":[42.775097,43.188743]}},{"type":"Feature","properties":{"id":"rock-0831","category":"rocky_peak","name":"","elevation_m":3726,"main":false,"five_thousander":false},"geometry":{"type":"Point","coordinates":[42.780204,43.2001]}},{"type":"Feature","properties":{"id":"rock-0832","category":"rocky_peak","name":"","elevation_m":3888,"main":false,"five_thousander":false},"geometry":{"type":"Point","coordinates":[42.796898,43.17319]}},{"type":"Feature","properties":{"id":"rock-0833","category":"rocky_peak","name":"","elevation_m":3936,"main":false,"five_thousander":false},"geometry":{"type":"Point","coordinates":[42.587514,43.336377]}},{"type":"Feature","properties":{"id":"rock-0834","category":"rounded_mountain","name":"","elevation_m":3387,"main":false,"five_thousander":false},"geometry":{"type":"Point","coordinates":[42.632242,43.335034]}},{"type":"Feature","properties":{"id":"rock-0835","category":"steep_mountain","name":"","elevation_m":3696,"main":false,"five_thousander":false},"geometry":{"type":"Point","coordinates":[42.603199,43.346333]}},{"type":"Feature","properties":{"id":"rock-0836","category":"rocky_peak","name":"","elevation_m":3984,"main":false,"five_thousander":false},"geometry":{"type":"Point","coordinates":[42.620527,43.321306]}},{"type":"Feature","properties":{"id":"rock-0837","category":"ridge","name":"","elevation_m":3375,"main":false,"five_thousander":false},"geometry":{"type":"Point","coordinates":[42.641008,43.340934]}},{"type":"Feature","properties":{"id":"rock-0838","category":"steep_mountain","name":"","elevation_m":3639,"main":false,"five_thousander":false},"geometry":{"type":"Point","coordinates":[42.634453,43.293505]}},{"type":"Feature","properties":{"id":"rock-0839","category":"rocky_peak","name":"","elevation_m":3781,"main":false,"five_thousander":false},"geometry":{"type":"Point","coordinates":[42.643368,43.320744]}},{"type":"Feature","properties":{"id":"rock-0840","category":"ridge","name":"","elevation_m":3865,"main":false,"five_thousander":false},"geometry":{"type":"Point","coordinates":[42.6484,43.322938]}},{"type":"Feature","properties":{"id":"rock-0841","category":"steep_mountain","name":"","elevation_m":3967,"main":false,"five_thousander":false},"geometry":{"type":"Point","coordinates":[42.628208,43.314554]}},{"type":"Feature","properties":{"id":"rock-0842","category":"steep_mountain","name":"","elevation_m":3710,"main":false,"five_thousander":false},"geometry":{"type":"Point","coordinates":[42.63471,43.302289]}},{"type":"Feature","properties":{"id":"rock-0843","category":"ridge","name":"","elevation_m":3525,"main":false,"five_thousander":false},"geometry":{"type":"Point","coordinates":[42.676864,43.318528]}},{"type":"Feature","properties":{"id":"rock-0844","category":"steep_mountain","name":"","elevation_m":3787,"main":false,"five_thousander":false},"geometry":{"type":"Point","coordinates":[42.659998,43.317544]}},{"type":"Feature","properties":{"id":"rock-0845","category":"rounded_mountain","name":"","elevation_m":3685,"main":false,"five_thousander":false},"geometry":{"type":"Point","coordinates":[42.516843,43.311244]}},{"type":"Feature","properties":{"id":"rock-0846","category":"rocky_ridge","name":"","elevation_m":3634,"main":false,"five_thousander":false},"geometry":{"type":"Point","coordinates":[42.415981,43.274721]}},{"type":"Feature","properties":{"id":"rock-0847","category":"ridge","name":"","elevation_m":3521,"main":false,"five_thousander":false},"geometry":{"type":"Point","coordinates":[42.412999,43.267292]}},{"type":"Feature","properties":{"id":"rock-0848","category":"rocky_peak","name":"","elevation_m":3389,"main":false,"five_thousander":false},"geometry":{"type":"Point","coordinates":[42.464561,43.2534]}},{"type":"Feature","properties":{"id":"rock-0849","category":"rocky_ridge","name":"","elevation_m":3435,"main":false,"five_thousander":false},"geometry":{"type":"Point","coordinates":[42.483176,43.241279]}},{"type":"Feature","properties":{"id":"rock-0850","category":"rocky_peak","name":"","elevation_m":3714,"main":false,"five_thousander":false},"geometry":{"type":"Point","coordinates":[42.524428,43.21029]}},{"type":"Feature","properties":{"id":"rock-0851","category":"steep_mountain","name":"","elevation_m":3684,"main":false,"five_thousander":false},"geometry":{"type":"Point","coordinates":[42.537947,43.211025]}},{"type":"Feature","properties":{"id":"rock-0852","category":"rounded_mountain","name":"","elevation_m":3530,"main":false,"five_thousander":false},"geometry":{"type":"Point","coordinates":[42.561625,43.211056]}},{"type":"Feature","properties":{"id":"rock-0853","category":"ridge","name":"","elevation_m":3334,"main":false,"five_thousander":false},"geometry":{"type":"Point","coordinates":[42.547753,43.224598]}},{"type":"Feature","properties":{"id":"rock-0854","category":"rocky_ridge","name":"","elevation_m":3726,"main":false,"five_thousander":false},"geometry":{"type":"Point","coordinates":[42.543354,43.211948]}},{"type":"Feature","properties":{"id":"rock-0855","category":"ridge","name":"","elevation_m":3554,"main":false,"five_thousander":false},"geometry":{"type":"Point","coordinates":[42.556679,43.211791]}},{"type":"Feature","properties":{"id":"rock-0856","category":"steep_mountain","name":"","elevation_m":3365,"main":false,"five_thousander":false},"geometry":{"type":"Point","coordinates":[42.538172,43.219868]}},{"type":"Feature","properties":{"id":"rock-0857","category":"ridge","name":"","elevation_m":3680,"main":false,"five_thousander":false},"geometry":{"type":"Point","coordinates":[42.543247,43.176594]}},{"type":"Feature","properties":{"id":"rock-0858","category":"ridge","name":"","elevation_m":3329,"main":false,"five_thousander":false},"geometry":{"type":"Point","coordinates":[42.558342,43.186115]}},{"type":"Feature","properties":{"id":"rock-0859","category":"rocky_peak","name":"","elevation_m":3760,"main":false,"five_thousander":false},"geometry":{"type":"Point","coordinates":[42.540318,43.180889]}},{"type":"Feature","properties":{"id":"rock-0860","category":"rounded_mountain","name":"","elevation_m":3714,"main":false,"five_thousander":false},"geometry":{"type":"Point","coordinates":[42.597824,43.169998]}},{"type":"Feature","properties":{"id":"rock-0861","category":"rocky_peak","name":"","elevation_m":3880,"main":false,"five_thousander":false},"geometry":{"type":"Point","coordinates":[42.598704,43.163385]}},{"type":"Feature","properties":{"id":"rock-0862","category":"rocky_peak","name":"","elevation_m":3780,"main":false,"five_thousander":false},"geometry":{"type":"Point","coordinates":[42.590121,43.169966]}},{"type":"Feature","properties":{"id":"rock-0863","category":"rocky_peak","name":"","elevation_m":3807,"main":false,"five_thousander":false},"geometry":{"type":"Point","coordinates":[42.593179,43.171868]}},{"type":"Feature","properties":{"id":"rock-0864","category":"rocky_peak","name":"","elevation_m":3836,"main":false,"five_thousander":false},"geometry":{"type":"Point","coordinates":[42.612137,43.164911]}},{"type":"Feature","properties":{"id":"rock-0865","category":"steep_mountain","name":"","elevation_m":3470,"main":false,"five_thousander":false},"geometry":{"type":"Point","coordinates":[42.622318,43.201266]}},{"type":"Feature","properties":{"id":"rock-0866","category":"ridge","name":"","elevation_m":3403,"main":false,"five_thousander":false},"geometry":{"type":"Point","coordinates":[42.621975,43.216702]}},{"type":"Feature","properties":{"id":"rock-0867","category":"ridge","name":"","elevation_m":3390,"main":false,"five_thousander":false},"geometry":{"type":"Point","coordinates":[42.621546,43.20936]}},{"type":"Feature","properties":{"id":"rock-0868","category":"rocky_peak","name":"","elevation_m":3977,"main":false,"five_thousander":false},"geometry":{"type":"Point","coordinates":[42.672336,43.175209]}},{"type":"Feature","properties":{"id":"rock-0869","category":"rocky_peak","name":"","elevation_m":3531,"main":false,"five_thousander":false},"geometry":{"type":"Point","coordinates":[42.654816,43.173339]}},{"type":"Feature","properties":{"id":"rock-0870","category":"rocky_ridge","name":"","elevation_m":3505,"main":false,"five_thousander":false},"geometry":{"type":"Point","coordinates":[42.62455,43.194492]}},{"type":"Feature","properties":{"id":"rock-0871","category":"ridge","name":"","elevation_m":3389,"main":false,"five_thousander":false},"geometry":{"type":"Point","coordinates":[42.619861,43.198262]}},{"type":"Feature","properties":{"id":"rock-0872","category":"rocky_peak","name":"","elevation_m":3667,"main":false,"five_thousander":false},"geometry":{"type":"Point","coordinates":[42.664955,43.177955]}},{"type":"Feature","properties":{"id":"rock-0873","category":"rocky_ridge","name":"","elevation_m":3943,"main":false,"five_thousander":false},"geometry":{"type":"Point","coordinates":[42.704855,43.190034]}},{"type":"Feature","properties":{"id":"rock-0874","category":"rocky_peak","name":"","elevation_m":3999,"main":false,"five_thousander":false},"geometry":{"type":"Point","coordinates":[42.74084,43.176359]}},{"type":"Feature","properties":{"id":"rock-0875","category":"rocky_peak","name":"","elevation_m":3722,"main":false,"five_thousander":false},"geometry":{"type":"Point","coordinates":[42.755109,43.17107]}},{"type":"Feature","properties":{"id":"rock-0876","category":"rocky_peak","name":"","elevation_m":3715,"main":false,"five_thousander":false},"geometry":{"type":"Point","coordinates":[42.708857,43.195009]}},{"type":"Feature","properties":{"id":"rock-0877","category":"rocky_peak","name":"","elevation_m":3899,"main":false,"five_thousander":false},"geometry":{"type":"Point","coordinates":[42.742642,43.174512]}},{"type":"Feature","properties":{"id":"rock-0878","category":"rocky_peak","name":"","elevation_m":3812,"main":false,"five_thousander":false},"geometry":{"type":"Point","coordinates":[42.747813,43.185919]}},{"type":"Feature","properties":{"id":"rock-0879","category":"rocky_peak","name":"","elevation_m":3815,"main":false,"five_thousander":false},"geometry":{"type":"Point","coordinates":[42.772382,43.219188]}},{"type":"Feature","properties":{"id":"rock-0880","category":"rocky_ridge","name":"","elevation_m":3698,"main":false,"five_thousander":false},"geometry":{"type":"Point","coordinates":[42.768778,43.210822]}},{"type":"Feature","properties":{"id":"rock-0881","category":"rounded_mountain","name":"","elevation_m":3640,"main":false,"five_thousander":false},"geometry":{"type":"Point","coordinates":[42.772747,43.195845]}},{"type":"Feature","properties":{"id":"rock-0882","category":"rocky_ridge","name":"","elevation_m":3816,"main":false,"five_thousander":false},"geometry":{"type":"Point","coordinates":[42.754337,43.225771]}},{"type":"Feature","properties":{"id":"rock-0883","category":"rocky_ridge","name":"","elevation_m":3807,"main":false,"five_thousander":false},"geometry":{"type":"Point","coordinates":[42.721249,43.253127]}},{"type":"Feature","properties":{"id":"rock-0884","category":"steep_mountain","name":"","elevation_m":3850,"main":false,"five_thousander":false},"geometry":{"type":"Point","coordinates":[42.712097,43.241295]}},{"type":"Feature","properties":{"id":"rock-0885","category":"rocky_peak","name":"","elevation_m":3988,"main":false,"five_thousander":false},"geometry":{"type":"Point","coordinates":[42.730551,43.239951]}},{"type":"Feature","properties":{"id":"rock-0886","category":"rocky_peak","name":"","elevation_m":3967,"main":false,"five_thousander":false},"geometry":{"type":"Point","coordinates":[42.729703,43.244366]}},{"type":"Feature","properties":{"id":"rock-0887","category":"rocky_ridge","name":"","elevation_m":3898,"main":false,"five_thousander":false},"geometry":{"type":"Point","coordinates":[42.738072,43.236082]}},{"type":"Feature","properties":{"id":"rock-0888","category":"rocky_peak","name":"","elevation_m":3808,"main":false,"five_thousander":false},"geometry":{"type":"Point","coordinates":[42.716507,43.249532]}},{"type":"Feature","properties":{"id":"rock-0889","category":"rocky_ridge","name":"","elevation_m":3778,"main":false,"five_thousander":false},"geometry":{"type":"Point","coordinates":[42.719672,43.250923]}},{"type":"Feature","properties":{"id":"rock-0890","category":"steep_mountain","name":"","elevation_m":3776,"main":false,"five_thousander":false},"geometry":{"type":"Point","coordinates":[42.744434,43.229633]}},{"type":"Feature","properties":{"id":"rock-0891","category":"rocky_ridge","name":"","elevation_m":3910,"main":false,"five_thousander":false},"geometry":{"type":"Point","coordinates":[42.712505,43.246672]}},{"type":"Feature","properties":{"id":"rock-0892","category":"rocky_peak","name":"","elevation_m":3937,"main":false,"five_thousander":false},"geometry":{"type":"Point","coordinates":[42.731549,43.245218]}},{"type":"Feature","properties":{"id":"rock-0893","category":"rounded_mountain","name":"","elevation_m":3637,"main":false,"five_thousander":false},"geometry":{"type":"Point","coordinates":[42.75438,43.24471]}},{"type":"Feature","properties":{"id":"rock-0894","category":"rounded_mountain","name":"","elevation_m":3650,"main":false,"five_thousander":false},"geometry":{"type":"Point","coordinates":[42.877525,43.169693]}},{"type":"Feature","properties":{"id":"rock-0895","category":"rounded_mountain","name":"","elevation_m":3643,"main":false,"five_thousander":false},"geometry":{"type":"Point","coordinates":[42.848579,43.16801]}},{"type":"Feature","properties":{"id":"rock-0896","category":"ridge","name":"","elevation_m":3403,"main":false,"five_thousander":false},"geometry":{"type":"Point","coordinates":[42.256122,43.35887]}},{"type":"Feature","properties":{"id":"rock-0897","category":"steep_mountain","name":"","elevation_m":3637,"main":false,"five_thousander":false},"geometry":{"type":"Point","coordinates":[42.340815,43.336424]}},{"type":"Feature","properties":{"id":"rock-0898","category":"rocky_ridge","name":"","elevation_m":3489,"main":false,"five_thousander":false},"geometry":{"type":"Point","coordinates":[42.248011,43.375148]}},{"type":"Feature","properties":{"id":"rock-0899","category":"steep_mountain","name":"","elevation_m":3500,"main":false,"five_thousander":false},"geometry":{"type":"Point","coordinates":[42.330698,43.33679]}},{"type":"Feature","properties":{"id":"rock-0900","category":"rocky_peak","name":"","elevation_m":3578,"main":false,"five_thousander":false},"geometry":{"type":"Point","coordinates":[42.299788,43.357208]}},{"type":"Feature","properties":{"id":"rock-0901","category":"rounded_mountain","name":"","elevation_m":3265,"main":false,"five_thousander":false},"geometry":{"type":"Point","coordinates":[42.25624,43.227038]}},{"type":"Feature","properties":{"id":"rock-0902","category":"rounded_mountain","name":"","elevation_m":3609,"main":false,"five_thousander":false},"geometry":{"type":"Point","coordinates":[42.410198,43.413169]}},{"type":"Feature","properties":{"id":"rock-0903","category":"ridge","name":"","elevation_m":3685,"main":false,"five_thousander":false},"geometry":{"type":"Point","coordinates":[42.407988,43.398562]}},{"type":"Feature","properties":{"id":"rock-0904","category":"plateau","name":"","elevation_m":3459,"main":false,"five_thousander":false},"geometry":{"type":"Point","coordinates":[42.482897,43.400589]}},{"type":"Feature","properties":{"id":"rock-0905","category":"ridge","name":"","elevation_m":3441,"main":false,"five_thousander":false},"geometry":{"type":"Point","coordinates":[42.4563,43.443377]}},{"type":"Feature","properties":{"id":"rock-0906","category":"rounded_mountain","name":"","elevation_m":3620,"main":false,"five_thousander":false},"geometry":{"type":"Point","coordinates":[42.416818,43.439576]}},{"type":"Feature","properties":{"id":"rock-0907","category":"ridge","name":"","elevation_m":3540,"main":false,"five_thousander":false},"geometry":{"type":"Point","coordinates":[42.419715,43.449702]}},{"type":"Feature","properties":{"id":"rock-0908","category":"steep_mountain","name":"","elevation_m":3910,"main":false,"five_thousander":false},"geometry":{"type":"Point","coordinates":[42.583287,43.375631]}},{"type":"Feature","properties":{"id":"rock-0909","category":"rocky_peak","name":"","elevation_m":3649,"main":false,"five_thousander":false},"geometry":{"type":"Point","coordinates":[42.613961,43.379405]}},{"type":"Feature","properties":{"id":"rock-0910","category":"ridge","name":"","elevation_m":3546,"main":false,"five_thousander":false},"geometry":{"type":"Point","coordinates":[42.653314,43.399264]}},{"type":"Feature","properties":{"id":"rock-0911","category":"rocky_peak","name":"","elevation_m":3643,"main":false,"five_thousander":false},"geometry":{"type":"Point","coordinates":[42.67475,43.401329]}},{"type":"Feature","properties":{"id":"rock-0912","category":"rocky_peak","name":"","elevation_m":3619,"main":false,"five_thousander":false},"geometry":{"type":"Point","coordinates":[42.668667,43.406295]}},{"type":"Feature","properties":{"id":"rock-0913","category":"steep_mountain","name":"","elevation_m":3328,"main":false,"five_thousander":false},"geometry":{"type":"Point","coordinates":[42.574478,43.416637]}},{"type":"Feature","properties":{"id":"hill-0001","category":"steep_mountain","name":"","elevation_m":1478,"main":false,"five_thousander":false},"geometry":{"type":"Point","coordinates":[41.646917,43.17247]}},{"type":"Feature","properties":{"id":"hill-0002","category":"rounded_hill","name":"","elevation_m":1418,"main":false,"five_thousander":false},"geometry":{"type":"Point","coordinates":[42.093065,43.665885]}},{"type":"Feature","properties":{"id":"hill-0003","category":"plateau","name":"","elevation_m":1477,"main":false,"five_thousander":false},"geometry":{"type":"Point","coordinates":[42.81901,43.854738]}},{"type":"Feature","properties":{"id":"hill-0004","category":"plateau","name":"","elevation_m":831,"main":false,"five_thousander":false},"geometry":{"type":"Point","coordinates":[42.714468,43.900451]}},{"type":"Feature","properties":{"id":"hill-0005","category":"rounded_hill","name":"","elevation_m":1319,"main":false,"five_thousander":false},"geometry":{"type":"Point","coordinates":[42.875454,43.786711]}},{"type":"Feature","properties":{"id":"hill-0006","category":"rounded_hill","name":"","elevation_m":1618,"main":false,"five_thousander":false},"geometry":{"type":"Point","coordinates":[41.27983,43.550166]}},{"type":"Feature","properties":{"id":"hill-0007","category":"plateau","name":"","elevation_m":1606,"main":false,"five_thousander":false},"geometry":{"type":"Point","coordinates":[42.664461,43.818032]}},{"type":"Feature","properties":{"id":"hill-0008","category":"plateau","name":"","elevation_m":1695,"main":false,"five_thousander":false},"geometry":{"type":"Point","coordinates":[41.285602,43.97116]}},{"type":"Feature","properties":{"id":"hill-0009","category":"plateau","name":"","elevation_m":1374,"main":false,"five_thousander":false},"geometry":{"type":"Point","coordinates":[42.924711,43.840037]}},{"type":"Feature","properties":{"id":"hill-0010","category":"plateau","name":"","elevation_m":1279,"main":false,"five_thousander":false},"geometry":{"type":"Point","coordinates":[42.784613,43.928159]}},{"type":"Feature","properties":{"id":"hill-0011","category":"plateau","name":"","elevation_m":861,"main":false,"five_thousander":false},"geometry":{"type":"Point","coordinates":[42.70757,43.891305]}},{"type":"Feature","properties":{"id":"hill-0012","category":"rounded_hill","name":"","elevation_m":1210,"main":false,"five_thousander":false},"geometry":{"type":"Point","coordinates":[43.70003,43.171359]}},{"type":"Feature","properties":{"id":"hill-0013","category":"rounded_hill","name":"","elevation_m":1149,"main":false,"five_thousander":false},"geometry":{"type":"Point","coordinates":[43.666492,43.200116]}},{"type":"Feature","properties":{"id":"hill-0014","category":"rounded_mountain","name":"","elevation_m":1662,"main":false,"five_thousander":false},"geometry":{"type":"Point","coordinates":[41.769934,43.474186]}},{"type":"Feature","properties":{"id":"hill-0015","category":"rounded_hill","name":"","elevation_m":1117,"main":false,"five_thousander":false},"geometry":{"type":"Point","coordinates":[40.921304,43.811522]}},{"type":"Feature","properties":{"id":"hill-0016","category":"rounded_mountain","name":"","elevation_m":1528,"main":false,"five_thousander":false},"geometry":{"type":"Point","coordinates":[41.978921,43.672621]}},{"type":"Feature","properties":{"id":"hill-0017","category":"plateau","name":"","elevation_m":1300,"main":false,"five_thousander":false},"geometry":{"type":"Point","coordinates":[42.767458,43.885313]}},{"type":"Feature","properties":{"id":"hill-0018","category":"rounded_mountain","name":"","elevation_m":1490,"main":false,"five_thousander":false},"geometry":{"type":"Point","coordinates":[40.819874,43.697487]}},{"type":"Feature","properties":{"id":"hill-0019","category":"rounded_mountain","name":"","elevation_m":1629,"main":false,"five_thousander":false},"geometry":{"type":"Point","coordinates":[40.818715,43.708865]}},{"type":"Feature","properties":{"id":"hill-0020","category":"steep_mountain","name":"","elevation_m":1660,"main":false,"five_thousander":false},"geometry":{"type":"Point","coordinates":[40.839583,43.700303]}},{"type":"Feature","properties":{"id":"hill-0021","category":"steep_mountain","name":"","elevation_m":1724,"main":false,"five_thousander":false},"geometry":{"type":"Point","coordinates":[40.856384,43.728406]}},{"type":"Feature","properties":{"id":"hill-0022","category":"rounded_mountain","name":"","elevation_m":1757,"main":false,"five_thousander":false},"geometry":{"type":"Point","coordinates":[40.822535,43.731631]}},{"type":"Feature","properties":{"id":"hill-0023","category":"rounded_mountain","name":"","elevation_m":1611,"main":false,"five_thousander":false},"geometry":{"type":"Point","coordinates":[40.822181,43.723514]}},{"type":"Feature","properties":{"id":"hill-0024","category":"plateau","name":"","elevation_m":1724,"main":false,"five_thousander":false},"geometry":{"type":"Point","coordinates":[40.907131,43.886743]}},{"type":"Feature","properties":{"id":"hill-0025","category":"plateau","name":"","elevation_m":1011,"main":false,"five_thousander":false},"geometry":{"type":"Point","coordinates":[40.941281,43.955452]}},{"type":"Feature","properties":{"id":"hill-0026","category":"rounded_hill","name":"","elevation_m":1759,"main":false,"five_thousander":false},"geometry":{"type":"Point","coordinates":[40.839304,43.886558]}},{"type":"Feature","properties":{"id":"hill-0027","category":"rounded_hill","name":"","elevation_m":1732,"main":false,"five_thousander":false},"geometry":{"type":"Point","coordinates":[40.813898,43.911907]}},{"type":"Feature","properties":{"id":"hill-0028","category":"rounded_hill","name":"","elevation_m":964,"main":false,"five_thousander":false},"geometry":{"type":"Point","coordinates":[43.022676,43.969253]}},{"type":"Feature","properties":{"id":"hill-0029","category":"rounded_mountain","name":"","elevation_m":1167,"main":false,"five_thousander":false},"geometry":{"type":"Point","coordinates":[42.986273,43.924558]}},{"type":"Feature","properties":{"id":"hill-0030","category":"plateau","name":"","elevation_m":1141,"main":false,"five_thousander":false},"geometry":{"type":"Point","coordinates":[41.267309,44.047144]}},{"type":"Feature","properties":{"id":"hill-0031","category":"plateau","name":"","elevation_m":934,"main":false,"five_thousander":false},"geometry":{"type":"Point","coordinates":[41.238159,43.93767]}},{"type":"Feature","properties":{"id":"hill-0032","category":"plateau","name":"","elevation_m":1044,"main":false,"five_thousander":false},"geometry":{"type":"Point","coordinates":[41.253158,43.949026]}},{"type":"Feature","properties":{"id":"hill-0033","category":"rounded_hill","name":"","elevation_m":1006,"main":false,"five_thousander":false},"geometry":{"type":"Point","coordinates":[41.240927,43.951011]}},{"type":"Feature","properties":{"id":"hill-0034","category":"rounded_hill","name":"","elevation_m":982,"main":false,"five_thousander":false},"geometry":{"type":"Point","coordinates":[41.232355,43.956866]}},{"type":"Feature","properties":{"id":"hill-0035","category":"plateau","name":"","elevation_m":927,"main":false,"five_thousander":false},"geometry":{"type":"Point","coordinates":[41.222109,43.973878]}},{"type":"Feature","properties":{"id":"hill-0036","category":"rounded_mountain","name":"","elevation_m":1284,"main":false,"five_thousander":false},"geometry":{"type":"Point","coordinates":[41.259863,44.001698]}},{"type":"Feature","properties":{"id":"hill-0037","category":"plateau","name":"","elevation_m":876,"main":false,"five_thousander":false},"geometry":{"type":"Point","coordinates":[41.235541,44.002879]}},{"type":"Feature","properties":{"id":"hill-0038","category":"plateau","name":"","elevation_m":1448,"main":false,"five_thousander":false},"geometry":{"type":"Point","coordinates":[41.269734,44.005148]}},{"type":"Feature","properties":{"id":"hill-0039","category":"plateau","name":"","elevation_m":1406,"main":false,"five_thousander":false},"geometry":{"type":"Point","coordinates":[41.291846,44.008875]}},{"type":"Feature","properties":{"id":"hill-0040","category":"rounded_mountain","name":"","elevation_m":1151,"main":false,"five_thousander":false},"geometry":{"type":"Point","coordinates":[41.262417,44.012185]}},{"type":"Feature","properties":{"id":"hill-0041","category":"plateau","name":"","elevation_m":920,"main":false,"five_thousander":false},"geometry":{"type":"Point","coordinates":[41.243041,44.012787]}},{"type":"Feature","properties":{"id":"hill-0042","category":"plateau","name":"","elevation_m":1028,"main":false,"five_thousander":false},"geometry":{"type":"Point","coordinates":[41.243169,43.98992]}},{"type":"Feature","properties":{"id":"hill-0043","category":"plateau","name":"","elevation_m":1379,"main":false,"five_thousander":false},"geometry":{"type":"Point","coordinates":[41.2894,44.008867]}},{"type":"Feature","properties":{"id":"hill-0044","category":"plateau","name":"","elevation_m":1474,"main":false,"five_thousander":false},"geometry":{"type":"Point","coordinates":[41.297168,43.998634]}},{"type":"Feature","properties":{"id":"hill-0045","category":"plateau","name":"","elevation_m":1573,"main":false,"five_thousander":false},"geometry":{"type":"Point","coordinates":[41.276869,43.990545]}},{"type":"Feature","properties":{"id":"hill-0046","category":"plateau","name":"","elevation_m":1610,"main":false,"five_thousander":false},"geometry":{"type":"Point","coordinates":[41.301019,43.98149]}},{"type":"Feature","properties":{"id":"hill-0047","category":"plateau","name":"","elevation_m":1144,"main":false,"five_thousander":false},"geometry":{"type":"Point","coordinates":[41.322842,43.907911]}},{"type":"Feature","properties":{"id":"hill-0048","category":"rounded_hill","name":"","elevation_m":1126,"main":false,"five_thousander":false},"geometry":{"type":"Point","coordinates":[41.269755,43.878222]}},{"type":"Feature","properties":{"id":"hill-0049","category":"rounded_hill","name":"","elevation_m":1215,"main":false,"five_thousander":false},"geometry":{"type":"Point","coordinates":[41.301019,43.885166]}},{"type":"Feature","properties":{"id":"hill-0050","category":"plateau","name":"","elevation_m":1020,"main":false,"five_thousander":false},"geometry":{"type":"Point","coordinates":[41.256891,43.892341]}},{"type":"Feature","properties":{"id":"hill-0051","category":"plateau","name":"","elevation_m":1192,"main":false,"five_thousander":false},"geometry":{"type":"Point","coordinates":[41.323711,43.894305]}},{"type":"Feature","properties":{"id":"hill-0052","category":"plateau","name":"","elevation_m":1121,"main":false,"five_thousander":false},"geometry":{"type":"Point","coordinates":[41.308883,43.902809]}},{"type":"Feature","properties":{"id":"hill-0053","category":"plateau","name":"","elevation_m":1009,"main":false,"five_thousander":false},"geometry":{"type":"Point","coordinates":[41.264981,43.918221]}},{"type":"Feature","properties":{"id":"hill-0054","category":"plateau","name":"","elevation_m":947,"main":false,"five_thousander":false},"geometry":{"type":"Point","coordinates":[41.239736,43.923693]}},{"type":"Feature","properties":{"id":"hill-0055","category":"plateau","name":"","elevation_m":1065,"main":false,"five_thousander":false},"geometry":{"type":"Point","coordinates":[41.452789,43.933645]}},{"type":"Feature","properties":{"id":"hill-0056","category":"plateau","name":"","elevation_m":996,"main":false,"five_thousander":false},"geometry":{"type":"Point","coordinates":[41.480556,43.938551]}},{"type":"Feature","properties":{"id":"hill-0057","category":"rounded_hill","name":"","elevation_m":1112,"main":false,"five_thousander":false},"geometry":{"type":"Point","coordinates":[41.259971,43.939416]}},{"type":"Feature","properties":{"id":"hill-0058","category":"plateau","name":"","elevation_m":1239,"main":false,"five_thousander":false},"geometry":{"type":"Point","coordinates":[41.359749,43.939424]}},{"type":"Feature","properties":{"id":"hill-0059","category":"plateau","name":"","elevation_m":1111,"main":false,"five_thousander":false},"geometry":{"type":"Point","coordinates":[41.292254,43.942645]}},{"type":"Feature","properties":{"id":"hill-0060","category":"plateau","name":"","elevation_m":1644,"main":false,"five_thousander":false},"geometry":{"type":"Point","coordinates":[41.418264,43.951158]}},{"type":"Feature","properties":{"id":"hill-0061","category":"rounded_hill","name":"","elevation_m":1618,"main":false,"five_thousander":false},"geometry":{"type":"Point","coordinates":[41.436138,43.95183]}},{"type":"Feature","properties":{"id":"hill-0062","category":"plateau","name":"","elevation_m":1443,"main":false,"five_thousander":false},"geometry":{"type":"Point","coordinates":[41.487379,43.963168]}},{"type":"Feature","properties":{"id":"hill-0063","category":"plateau","name":"","elevation_m":1551,"main":false,"five_thousander":false},"geometry":{"type":"Point","coordinates":[41.404424,43.967662]}},{"type":"Feature","properties":{"id":"hill-0064","category":"plateau","name":"","elevation_m":1347,"main":false,"five_thousander":false},"geometry":{"type":"Point","coordinates":[41.425538,43.991433]}},{"type":"Feature","properties":{"id":"hill-0065","category":"plateau","name":"","elevation_m":1184,"main":false,"five_thousander":false},"geometry":{"type":"Point","coordinates":[41.492969,43.999823]}},{"type":"Feature","properties":{"id":"hill-0066","category":"plateau","name":"","elevation_m":1142,"main":false,"five_thousander":false},"geometry":{"type":"Point","coordinates":[41.486735,44.005688]}},{"type":"Feature","properties":{"id":"hill-0067","category":"plateau","name":"","elevation_m":811,"main":false,"five_thousander":false},"geometry":{"type":"Point","coordinates":[41.276515,44.07604]}},{"type":"Feature","properties":{"id":"hill-0068","category":"plateau","name":"","elevation_m":963,"main":false,"five_thousander":false},"geometry":{"type":"Point","coordinates":[41.226969,44.081111]}},{"type":"Feature","properties":{"id":"hill-0069","category":"plateau","name":"","elevation_m":1012,"main":false,"five_thousander":false},"geometry":{"type":"Point","coordinates":[41.185255,44.071985]}},{"type":"Feature","properties":{"id":"hill-0070","category":"plateau","name":"","elevation_m":1031,"main":false,"five_thousander":false},"geometry":{"type":"Point","coordinates":[41.11378,44.080079]}},{"type":"Feature","properties":{"id":"hill-0071","category":"plateau","name":"","elevation_m":1045,"main":false,"five_thousander":false},"geometry":{"type":"Point","coordinates":[41.214641,44.068447]}},{"type":"Feature","properties":{"id":"hill-0072","category":"plateau","name":"","elevation_m":1222,"main":false,"five_thousander":false},"geometry":{"type":"Point","coordinates":[41.205758,44.045949]}},{"type":"Feature","properties":{"id":"hill-0073","category":"plateau","name":"","elevation_m":1466,"main":false,"five_thousander":false},"geometry":{"type":"Point","coordinates":[41.181575,44.023156]}},{"type":"Feature","properties":{"id":"hill-0074","category":"plateau","name":"","elevation_m":1548,"main":false,"five_thousander":false},"geometry":{"type":"Point","coordinates":[41.137758,44.01504]}},{"type":"Feature","properties":{"id":"hill-0075","category":"plateau","name":"","elevation_m":905,"main":false,"five_thousander":false},"geometry":{"type":"Point","coordinates":[41.195608,44.081027]}},{"type":"Feature","properties":{"id":"hill-0076","category":"plateau","name":"","elevation_m":923,"main":false,"five_thousander":false},"geometry":{"type":"Point","coordinates":[41.206616,44.079177]}},{"type":"Feature","properties":{"id":"hill-0077","category":"plateau","name":"","elevation_m":968,"main":false,"five_thousander":false},"geometry":{"type":"Point","coordinates":[41.144936,44.080086]}},{"type":"Feature","properties":{"id":"hill-0078","category":"plateau","name":"","elevation_m":976,"main":false,"five_thousander":false},"geometry":{"type":"Point","coordinates":[41.172498,44.081504]}},{"type":"Feature","properties":{"id":"hill-0079","category":"plateau","name":"","elevation_m":1197,"main":false,"five_thousander":false},"geometry":{"type":"Point","coordinates":[41.336145,43.970009]}},{"type":"Feature","properties":{"id":"hill-0080","category":"plateau","name":"","elevation_m":1258,"main":false,"five_thousander":false},"geometry":{"type":"Point","coordinates":[41.438617,44.001451]}},{"type":"Feature","properties":{"id":"hill-0081","category":"rounded_hill","name":"","elevation_m":1264,"main":false,"five_thousander":false},"geometry":{"type":"Point","coordinates":[41.322691,43.965314]}},{"type":"Feature","properties":{"id":"hill-0082","category":"plateau","name":"","elevation_m":1502,"main":false,"five_thousander":false},"geometry":{"type":"Point","coordinates":[41.390841,43.975036]}},{"type":"Feature","properties":{"id":"hill-0083","category":"plateau","name":"","elevation_m":1528,"main":false,"five_thousander":false},"geometry":{"type":"Point","coordinates":[41.364588,43.980849]}},{"type":"Feature","properties":{"id":"hill-0084","category":"plateau","name":"","elevation_m":1588,"main":false,"five_thousander":false},"geometry":{"type":"Point","coordinates":[41.38965,43.964573]}},{"type":"Feature","properties":{"id":"hill-0085","category":"plateau","name":"","elevation_m":1109,"main":false,"five_thousander":false},"geometry":{"type":"Point","coordinates":[41.127266,44.069966]}},{"type":"Feature","properties":{"id":"hill-0086","category":"plateau","name":"","elevation_m":1103,"main":false,"five_thousander":false},"geometry":{"type":"Point","coordinates":[41.10068,44.07705]}},{"type":"Feature","properties":{"id":"hill-0087","category":"plateau","name":"","elevation_m":1353,"main":false,"five_thousander":false},"geometry":{"type":"Point","coordinates":[41.101238,44.054354]}},{"type":"Feature","properties":{"id":"hill-0088","category":"plateau","name":"","elevation_m":874,"main":false,"five_thousander":false},"geometry":{"type":"Point","coordinates":[41.670445,44.096986]}},{"type":"Feature","properties":{"id":"hill-0089","category":"plateau","name":"","elevation_m":995,"main":false,"five_thousander":false},"geometry":{"type":"Point","coordinates":[41.599227,44.112094]}},{"type":"Feature","properties":{"id":"hill-0090","category":"rounded_hill","name":"","elevation_m":1225,"main":false,"five_thousander":false},"geometry":{"type":"Point","coordinates":[41.090798,43.970326]}},{"type":"Feature","properties":{"id":"hill-0091","category":"plateau","name":"","elevation_m":1040,"main":false,"five_thousander":false},"geometry":{"type":"Point","coordinates":[41.239854,43.974055]}},{"type":"Feature","properties":{"id":"hill-0092","category":"plateau","name":"","elevation_m":1036,"main":false,"five_thousander":false},"geometry":{"type":"Point","coordinates":[41.129991,43.971214]}},{"type":"Feature","properties":{"id":"hill-0093","category":"plateau","name":"","elevation_m":1055,"main":false,"five_thousander":false},"geometry":{"type":"Point","coordinates":[41.24494,43.9616]}},{"type":"Feature","properties":{"id":"hill-0094","category":"rounded_hill","name":"","elevation_m":1110,"main":false,"five_thousander":false},"geometry":{"type":"Point","coordinates":[41.182036,44.01129]}},{"type":"Feature","properties":{"id":"hill-0095","category":"rounded_hill","name":"","elevation_m":1106,"main":false,"five_thousander":false},"geometry":{"type":"Point","coordinates":[41.273446,43.933606]}},{"type":"Feature","properties":{"id":"hill-0096","category":"plateau","name":"","elevation_m":1118,"main":false,"five_thousander":false},"geometry":{"type":"Point","coordinates":[41.110003,43.993772]}},{"type":"Feature","properties":{"id":"hill-0097","category":"plateau","name":"","elevation_m":1138,"main":false,"five_thousander":false},"geometry":{"type":"Point","coordinates":[41.102471,43.977684]}},{"type":"Feature","properties":{"id":"hill-0098","category":"plateau","name":"","elevation_m":1176,"main":false,"five_thousander":false},"geometry":{"type":"Point","coordinates":[41.271418,43.949358]}},{"type":"Feature","properties":{"id":"hill-0099","category":"ridge","name":"","elevation_m":1176,"main":false,"five_thousander":false},"geometry":{"type":"Point","coordinates":[41.107857,43.967616]}},{"type":"Feature","properties":{"id":"hill-0100","category":"plateau","name":"","elevation_m":1277,"main":false,"five_thousander":false},"geometry":{"type":"Point","coordinates":[41.108007,44.00328]}},{"type":"Feature","properties":{"id":"hill-0101","category":"plateau","name":"","elevation_m":1423,"main":false,"five_thousander":false},"geometry":{"type":"Point","coordinates":[41.362678,43.952757]}},{"type":"Feature","properties":{"id":"hill-0102","category":"plateau","name":"","elevation_m":1524,"main":false,"five_thousander":false},"geometry":{"type":"Point","coordinates":[41.361541,43.983181]}},{"type":"Feature","properties":{"id":"hill-0103","category":"plateau","name":"","elevation_m":1667,"main":false,"five_thousander":false},"geometry":{"type":"Point","coordinates":[41.376207,43.956711]}},{"type":"Feature","properties":{"id":"hill-0104","category":"plateau","name":"","elevation_m":869,"main":false,"five_thousander":false},"geometry":{"type":"Point","coordinates":[41.202786,44.012501]}},{"type":"Feature","properties":{"id":"hill-0105","category":"plateau","name":"","elevation_m":868,"main":false,"five_thousander":false},"geometry":{"type":"Point","coordinates":[41.192518,43.998318]}},{"type":"Feature","properties":{"id":"hill-0106","category":"plateau","name":"","elevation_m":877,"main":false,"five_thousander":false},"geometry":{"type":"Point","coordinates":[41.218632,43.963222]}},{"type":"Feature","properties":{"id":"hill-0107","category":"plateau","name":"","elevation_m":890,"main":false,"five_thousander":false},"geometry":{"type":"Point","coordinates":[41.18827,43.975237]}},{"type":"Feature","properties":{"id":"hill-0108","category":"plateau","name":"","elevation_m":953,"main":false,"five_thousander":false},"geometry":{"type":"Point","coordinates":[41.212023,44.019924]}},{"type":"Feature","properties":{"id":"hill-0109","category":"plateau","name":"","elevation_m":962,"main":false,"five_thousander":false},"geometry":{"type":"Point","coordinates":[41.160654,43.993386]}},{"type":"Feature","properties":{"id":"hill-0110","category":"rounded_hill","name":"","elevation_m":1072,"main":false,"five_thousander":false},"geometry":{"type":"Point","coordinates":[40.941271,43.965399]}},{"type":"Feature","properties":{"id":"hill-0111","category":"plateau","name":"","elevation_m":1106,"main":false,"five_thousander":false},"geometry":{"type":"Point","coordinates":[40.929126,43.976503]}},{"type":"Feature","properties":{"id":"hill-0112","category":"plateau","name":"","elevation_m":1206,"main":false,"five_thousander":false},"geometry":{"type":"Point","coordinates":[40.926765,43.971376]}},{"type":"Feature","properties":{"id":"hill-0113","category":"rounded_hill","name":"","elevation_m":1219,"main":false,"five_thousander":false},"geometry":{"type":"Point","coordinates":[40.907893,43.927703]}},{"type":"Feature","properties":{"id":"hill-0114","category":"rounded_hill","name":"","elevation_m":1287,"main":false,"five_thousander":false},"geometry":{"type":"Point","coordinates":[40.856577,43.901657]}},{"type":"Feature","properties":{"id":"hill-0115","category":"rounded_hill","name":"","elevation_m":1328,"main":false,"five_thousander":false},"geometry":{"type":"Point","coordinates":[40.826343,43.899732]}},{"type":"Feature","properties":{"id":"hill-0116","category":"rounded_hill","name":"","elevation_m":1412,"main":false,"five_thousander":false},"geometry":{"type":"Point","coordinates":[40.876436,43.902113]}},{"type":"Feature","properties":{"id":"hill-0117","category":"rounded_mountain","name":"","elevation_m":1398,"main":false,"five_thousander":false},"geometry":{"type":"Point","coordinates":[40.889944,43.937562]}},{"type":"Feature","properties":{"id":"hill-0118","category":"rounded_hill","name":"","elevation_m":1426,"main":false,"five_thousander":false},"geometry":{"type":"Point","coordinates":[40.868787,43.934873]}},{"type":"Feature","properties":{"id":"hill-0119","category":"ridge","name":"","elevation_m":1480,"main":false,"five_thousander":false},"geometry":{"type":"Point","coordinates":[40.885245,43.912193]}},{"type":"Feature","properties":{"id":"hill-0120","category":"rounded_hill","name":"","elevation_m":1515,"main":false,"five_thousander":false},"geometry":{"type":"Point","coordinates":[40.854871,43.924898]}},{"type":"Feature","properties":{"id":"hill-0121","category":"plateau","name":"","elevation_m":1546,"main":false,"five_thousander":false},"geometry":{"type":"Point","coordinates":[40.897508,43.958619]}},{"type":"Feature","properties":{"id":"hill-0122","category":"rounded_hill","name":"","elevation_m":1559,"main":false,"five_thousander":false},"geometry":{"type":"Point","coordinates":[40.849668,43.912804]}},{"type":"Feature","properties":{"id":"hill-0123","category":"plateau","name":"","elevation_m":1570,"main":false,"five_thousander":false},"geometry":{"type":"Point","coordinates":[40.800712,43.899469]}},{"type":"Feature","properties":{"id":"hill-0124","category":"rounded_hill","name":"","elevation_m":1609,"main":false,"five_thousander":false},"geometry":{"type":"Point","coordinates":[40.843681,43.938435]}},{"type":"Feature","properties":{"id":"hill-0125","category":"ridge","name":"","elevation_m":1613,"main":false,"five_thousander":false},"geometry":{"type":"Point","coordinates":[40.871447,43.904765]}},{"type":"Feature","properties":{"id":"hill-0126","category":"rounded_hill","name":"","elevation_m":1652,"main":false,"five_thousander":false},"geometry":{"type":"Point","coordinates":[40.836965,43.920022]}},{"type":"Feature","properties":{"id":"hill-0127","category":"rounded_hill","name":"","elevation_m":1771,"main":false,"five_thousander":false},"geometry":{"type":"Point","coordinates":[40.820453,43.918925]}},{"type":"Feature","properties":{"id":"hill-0128","category":"plateau","name":"","elevation_m":934,"main":false,"five_thousander":false},"geometry":{"type":"Point","coordinates":[41.016029,44.102603]}},{"type":"Feature","properties":{"id":"hill-0129","category":"plateau","name":"","elevation_m":943,"main":false,"five_thousander":false},"geometry":{"type":"Point","coordinates":[41.007028,44.105107]}},{"type":"Feature","properties":{"id":"hill-0130","category":"rocky_ridge","name":"","elevation_m":1135,"main":false,"five_thousander":false},"geometry":{"type":"Point","coordinates":[41.006899,44.097525]}},{"type":"Feature","properties":{"id":"hill-0131","category":"plateau","name":"","elevation_m":1078,"main":false,"five_thousander":false},"geometry":{"type":"Point","coordinates":[40.924534,43.987913]}},{"type":"Feature","properties":{"id":"hill-0132","category":"plateau","name":"","elevation_m":621,"main":false,"five_thousander":false},"geometry":{"type":"Point","coordinates":[41.713961,44.179865]}},{"type":"Feature","properties":{"id":"hill-0133","category":"plateau","name":"","elevation_m":1058,"main":false,"five_thousander":false},"geometry":{"type":"Point","coordinates":[41.722416,44.088741]}},{"type":"Feature","properties":{"id":"hill-0134","category":"ridge","name":"","elevation_m":1466,"main":false,"five_thousander":false},"geometry":{"type":"Point","coordinates":[41.067506,43.869706]}},{"type":"Feature","properties":{"id":"hill-0135","category":"plateau","name":"","elevation_m":646,"main":false,"five_thousander":false},"geometry":{"type":"Point","coordinates":[41.716611,44.169523]}},{"type":"Feature","properties":{"id":"hill-0136","category":"plateau","name":"","elevation_m":1026,"main":false,"five_thousander":false},"geometry":{"type":"Point","coordinates":[40.991342,44.066242]}},{"type":"Feature","properties":{"id":"hill-0137","category":"plateau","name":"","elevation_m":975,"main":false,"five_thousander":false},"geometry":{"type":"Point","coordinates":[41.012113,44.071176]}},{"type":"Feature","properties":{"id":"hill-0138","category":"plateau","name":"","elevation_m":890,"main":false,"five_thousander":false},"geometry":{"type":"Point","coordinates":[40.979358,44.070143]}},{"type":"Feature","properties":{"id":"hill-0139","category":"plateau","name":"","elevation_m":1093,"main":false,"five_thousander":false},"geometry":{"type":"Point","coordinates":[41.047819,43.95166]}},{"type":"Feature","properties":{"id":"hill-0140","category":"plateau","name":"","elevation_m":1013,"main":false,"five_thousander":false},"geometry":{"type":"Point","coordinates":[41.071787,43.949721]}},{"type":"Feature","properties":{"id":"hill-0141","category":"plateau","name":"","elevation_m":1020,"main":false,"five_thousander":false},"geometry":{"type":"Point","coordinates":[41.043699,43.981428]}},{"type":"Feature","properties":{"id":"hill-0142","category":"plateau","name":"","elevation_m":1032,"main":false,"five_thousander":false},"geometry":{"type":"Point","coordinates":[41.076593,43.957198]}},{"type":"Feature","properties":{"id":"hill-0143","category":"plateau","name":"","elevation_m":1047,"main":false,"five_thousander":false},"geometry":{"type":"Point","coordinates":[41.053945,44.091947]}},{"type":"Feature","properties":{"id":"hill-0144","category":"plateau","name":"","elevation_m":1058,"main":false,"five_thousander":false},"geometry":{"type":"Point","coordinates":[40.993134,43.954332]}},{"type":"Feature","properties":{"id":"hill-0145","category":"plateau","name":"","elevation_m":1112,"main":false,"five_thousander":false},"geometry":{"type":"Point","coordinates":[40.976923,43.927039]}},{"type":"Feature","properties":{"id":"hill-0146","category":"plateau","name":"","elevation_m":1056,"main":false,"five_thousander":false},"geometry":{"type":"Point","coordinates":[41.072087,44.090737]}},{"type":"Feature","properties":{"id":"hill-0147","category":"rounded_hill","name":"","elevation_m":1108,"main":false,"five_thousander":false},"geometry":{"type":"Point","coordinates":[41.027112,43.996118]}},{"type":"Feature","properties":{"id":"hill-0148","category":"plateau","name":"","elevation_m":1125,"main":false,"five_thousander":false},"geometry":{"type":"Point","coordinates":[41.062206,43.983907]}},{"type":"Feature","properties":{"id":"hill-0149","category":"plateau","name":"","elevation_m":1134,"main":false,"five_thousander":false},"geometry":{"type":"Point","coordinates":[40.975517,43.941131]}},{"type":"Feature","properties":{"id":"hill-0150","category":"plateau","name":"","elevation_m":1133,"main":false,"five_thousander":false},"geometry":{"type":"Point","coordinates":[41.105164,43.91571]}},{"type":"Feature","properties":{"id":"hill-0151","category":"plateau","name":"","elevation_m":1146,"main":false,"five_thousander":false},"geometry":{"type":"Point","coordinates":[40.987716,44.012239]}},{"type":"Feature","properties":{"id":"hill-0152","category":"plateau","name":"","elevation_m":1160,"main":false,"five_thousander":false},"geometry":{"type":"Point","coordinates":[41.070231,44.080256]}},{"type":"Feature","properties":{"id":"hill-0153","category":"plateau","name":"","elevation_m":1157,"main":false,"five_thousander":false},"geometry":{"type":"Point","coordinates":[41.072978,43.997638]}},{"type":"Feature","properties":{"id":"hill-0154","category":"plateau","name":"","elevation_m":1183,"main":false,"five_thousander":false},"geometry":{"type":"Point","coordinates":[40.973039,43.920246]}},{"type":"Feature","properties":{"id":"hill-0155","category":"plateau","name":"","elevation_m":1240,"main":false,"five_thousander":false},"geometry":{"type":"Point","coordinates":[40.925993,43.947049]}},{"type":"Feature","properties":{"id":"hill-0156","category":"plateau","name":"","elevation_m":1232,"main":false,"five_thousander":false},"geometry":{"type":"Point","coordinates":[41.038527,43.935159]}},{"type":"Feature","properties":{"id":"hill-0157","category":"rounded_hill","name":"","elevation_m":1234,"main":false,"five_thousander":false},"geometry":{"type":"Point","coordinates":[41.078085,43.925161]}},{"type":"Feature","properties":{"id":"hill-0158","category":"plateau","name":"","elevation_m":1342,"main":false,"five_thousander":false},"geometry":{"type":"Point","coordinates":[40.98454,43.913507]}},{"type":"Feature","properties":{"id":"hill-0159","category":"plateau","name":"","elevation_m":1401,"main":false,"five_thousander":false},"geometry":{"type":"Point","coordinates":[41.030781,43.898689]}},{"type":"Feature","properties":{"id":"hill-0160","category":"plateau","name":"","elevation_m":1403,"main":false,"five_thousander":false},"geometry":{"type":"Point","coordinates":[41.091206,43.909897]}},{"type":"Feature","properties":{"id":"hill-0161","category":"plateau","name":"","elevation_m":1412,"main":false,"five_thousander":false},"geometry":{"type":"Point","coordinates":[41.05991,44.056243]}},{"type":"Feature","properties":{"id":"hill-0162","category":"plateau","name":"","elevation_m":1429,"main":false,"five_thousander":false},"geometry":{"type":"Point","coordinates":[41.081078,43.901286]}},{"type":"Feature","properties":{"id":"hill-0163","category":"plateau","name":"","elevation_m":1459,"main":false,"five_thousander":false},"geometry":{"type":"Point","coordinates":[41.045372,43.913035]}},{"type":"Feature","properties":{"id":"hill-0164","category":"plateau","name":"","elevation_m":1471,"main":false,"five_thousander":false},"geometry":{"type":"Point","coordinates":[41.020267,43.910245]}},{"type":"Feature","properties":{"id":"hill-0165","category":"rounded_hill","name":"","elevation_m":1680,"main":false,"five_thousander":false},"geometry":{"type":"Point","coordinates":[41.00368,43.902461]}},{"type":"Feature","properties":{"id":"hill-0166","category":"rounded_hill","name":"","elevation_m":710,"main":false,"five_thousander":false},"geometry":{"type":"Point","coordinates":[41.040748,44.094466]}},{"type":"Feature","properties":{"id":"hill-0167","category":"plateau","name":"","elevation_m":821,"main":false,"five_thousander":false},"geometry":{"type":"Point","coordinates":[41.040426,44.085974]}},{"type":"Feature","properties":{"id":"hill-0168","category":"plateau","name":"","elevation_m":926,"main":false,"five_thousander":false},"geometry":{"type":"Point","coordinates":[40.989647,43.983798]}},{"type":"Feature","properties":{"id":"hill-0169","category":"plateau","name":"","elevation_m":931,"main":false,"five_thousander":false},"geometry":{"type":"Point","coordinates":[40.982984,43.992853]}},{"type":"Feature","properties":{"id":"hill-0170","category":"rounded_hill","name":"","elevation_m":958,"main":false,"five_thousander":false},"geometry":{"type":"Point","coordinates":[40.974122,44.006475]}},{"type":"Feature","properties":{"id":"hill-0171","category":"plateau","name":"","elevation_m":976,"main":false,"five_thousander":false},"geometry":{"type":"Point","coordinates":[41.04092,43.967616]}},{"type":"Feature","properties":{"id":"hill-0172","category":"plateau","name":"","elevation_m":987,"main":false,"five_thousander":false},"geometry":{"type":"Point","coordinates":[41.030535,43.962395]}},{"type":"Feature","properties":{"id":"hill-0173","category":"rounded_hill","name":"","elevation_m":1014,"main":false,"five_thousander":false},"geometry":{"type":"Point","coordinates":[41.050501,44.095776]}},{"type":"Feature","properties":{"id":"hill-0174","category":"plateau","name":"","elevation_m":981,"main":false,"five_thousander":false},"geometry":{"type":"Point","coordinates":[40.970378,44.012077]}},{"type":"Feature","properties":{"id":"hill-0175","category":"plateau","name":"","elevation_m":1009,"main":false,"five_thousander":false},"geometry":{"type":"Point","coordinates":[41.129969,43.949621]}},{"type":"Feature","properties":{"id":"hill-0176","category":"plateau","name":"","elevation_m":1059,"main":false,"five_thousander":false},"geometry":{"type":"Point","coordinates":[41.1369,43.932741]}},{"type":"Feature","properties":{"id":"hill-0177","category":"plateau","name":"","elevation_m":1095,"main":false,"five_thousander":false},"geometry":{"type":"Point","coordinates":[41.120238,43.866303]}},{"type":"Feature","properties":{"id":"hill-0178","category":"plateau","name":"","elevation_m":1122,"main":false,"five_thousander":false},"geometry":{"type":"Point","coordinates":[41.116322,43.887517]}},{"type":"Feature","properties":{"id":"hill-0179","category":"plateau","name":"","elevation_m":1156,"main":false,"five_thousander":false},"geometry":{"type":"Point","coordinates":[41.146663,43.922116]}},{"type":"Feature","properties":{"id":"hill-0180","category":"rounded_hill","name":"","elevation_m":1189,"main":false,"five_thousander":false},"geometry":{"type":"Point","coordinates":[41.07316,43.894483]}},{"type":"Feature","properties":{"id":"hill-0181","category":"plateau","name":"","elevation_m":1277,"main":false,"five_thousander":false},"geometry":{"type":"Point","coordinates":[41.090745,43.865584]}},{"type":"Feature","properties":{"id":"hill-0182","category":"plateau","name":"","elevation_m":1298,"main":false,"five_thousander":false},"geometry":{"type":"Point","coordinates":[41.089296,43.889411]}},{"type":"Feature","properties":{"id":"hill-0183","category":"rounded_hill","name":"","elevation_m":1544,"main":false,"five_thousander":false},"geometry":{"type":"Point","coordinates":[40.999153,43.892349]}},{"type":"Feature","properties":{"id":"hill-0184","category":"plateau","name":"","elevation_m":1641,"main":false,"five_thousander":false},"geometry":{"type":"Point","coordinates":[40.983049,43.883055]}},{"type":"Feature","properties":{"id":"hill-0185","category":"plateau","name":"","elevation_m":1183,"main":false,"five_thousander":false},"geometry":{"type":"Point","coordinates":[42.758939,43.898596]}},{"type":"Feature","properties":{"id":"hill-0186","category":"plateau","name":"","elevation_m":1620,"main":false,"five_thousander":false},"geometry":{"type":"Point","coordinates":[40.978907,43.890957]}},{"type":"Feature","properties":{"id":"hill-0187","category":"plateau","name":"","elevation_m":1097,"main":false,"five_thousander":false},"geometry":{"type":"Point","coordinates":[40.931121,43.934858]}},{"type":"Feature","properties":{"id":"hill-0188","category":"plateau","name":"","elevation_m":1150,"main":false,"five_thousander":false},"geometry":{"type":"Point","coordinates":[40.949028,43.925254]}},{"type":"Feature","properties":{"id":"hill-0189","category":"rounded_mountain","name":"","elevation_m":1189,"main":false,"five_thousander":false},"geometry":{"type":"Point","coordinates":[40.960239,43.88198]}},{"type":"Feature","properties":{"id":"hill-0190","category":"rounded_hill","name":"","elevation_m":1297,"main":false,"five_thousander":false},"geometry":{"type":"Point","coordinates":[40.923868,43.919102]}},{"type":"Feature","properties":{"id":"hill-0191","category":"plateau","name":"","elevation_m":1310,"main":false,"five_thousander":false},"geometry":{"type":"Point","coordinates":[40.918525,43.955391]}},{"type":"Feature","properties":{"id":"hill-0192","category":"plateau","name":"","elevation_m":1501,"main":false,"five_thousander":false},"geometry":{"type":"Point","coordinates":[40.917442,43.901333]}},{"type":"Feature","properties":{"id":"hill-0193","category":"plateau","name":"","elevation_m":977,"main":false,"five_thousander":false},"geometry":{"type":"Point","coordinates":[41.423575,43.884215]}},{"type":"Feature","properties":{"id":"hill-0194","category":"plateau","name":"","elevation_m":1020,"main":false,"five_thousander":false},"geometry":{"type":"Point","coordinates":[41.197518,43.915246]}},{"type":"Feature","properties":{"id":"hill-0195","category":"plateau","name":"","elevation_m":1010,"main":false,"five_thousander":false},"geometry":{"type":"Point","coordinates":[41.407095,43.865816]}},{"type":"Feature","properties":{"id":"hill-0196","category":"plateau","name":"","elevation_m":1031,"main":false,"five_thousander":false},"geometry":{"type":"Point","coordinates":[41.206595,43.908583]}},{"type":"Feature","properties":{"id":"hill-0197","category":"plateau","name":"","elevation_m":1014,"main":false,"five_thousander":false},"geometry":{"type":"Point","coordinates":[41.422169,43.915941]}},{"type":"Feature","properties":{"id":"hill-0198","category":"rounded_hill","name":"","elevation_m":1037,"main":false,"five_thousander":false},"geometry":{"type":"Point","coordinates":[41.13174,43.882382]}},{"type":"Feature","properties":{"id":"hill-0199","category":"plateau","name":"","elevation_m":1049,"main":false,"five_thousander":false},"geometry":{"type":"Point","coordinates":[41.152607,43.842157]}},{"type":"Feature","properties":{"id":"hill-0200","category":"plateau","name":"","elevation_m":1049,"main":false,"five_thousander":false},"geometry":{"type":"Point","coordinates":[41.121343,43.893694]}},{"type":"Feature","properties":{"id":"hill-0201","category":"plateau","name":"","elevation_m":1046,"main":false,"five_thousander":false},"geometry":{"type":"Point","coordinates":[41.379629,43.885166]}},{"type":"Feature","properties":{"id":"hill-0202","category":"plateau","name":"","elevation_m":1057,"main":false,"five_thousander":false},"geometry":{"type":"Point","coordinates":[41.448272,43.835432]}},{"type":"Feature","properties":{"id":"hill-0203","category":"plateau","name":"","elevation_m":1063,"main":false,"five_thousander":false},"geometry":{"type":"Point","coordinates":[41.397697,43.839317]}},{"type":"Feature","properties":{"id":"hill-0204","category":"plateau","name":"","elevation_m":1087,"main":false,"five_thousander":false},"geometry":{"type":"Point","coordinates":[41.204782,43.848131]}},{"type":"Feature","properties":{"id":"hill-0205","category":"plateau","name":"","elevation_m":1093,"main":false,"five_thousander":false},"geometry":{"type":"Point","coordinates":[41.390283,43.844703]}},{"type":"Feature","properties":{"id":"hill-0206","category":"plateau","name":"","elevation_m":1101,"main":false,"five_thousander":false},"geometry":{"type":"Point","coordinates":[41.366937,43.849717]}},{"type":"Feature","properties":{"id":"hill-0207","category":"plateau","name":"","elevation_m":1098,"main":false,"five_thousander":false},"geometry":{"type":"Point","coordinates":[41.35991,43.88587]}},{"type":"Feature","properties":{"id":"hill-0208","category":"plateau","name":"","elevation_m":1100,"main":false,"five_thousander":false},"geometry":{"type":"Point","coordinates":[41.341499,43.930786]}},{"type":"Feature","properties":{"id":"hill-0209","category":"plateau","name":"","elevation_m":1110,"main":false,"five_thousander":false},"geometry":{"type":"Point","coordinates":[41.317016,43.946068]}},{"type":"Feature","properties":{"id":"hill-0210","category":"plateau","name":"","elevation_m":1124,"main":false,"five_thousander":false},"geometry":{"type":"Point","coordinates":[41.152232,43.83609]}},{"type":"Feature","properties":{"id":"hill-0211","category":"rounded_hill","name":"","elevation_m":1139,"main":false,"five_thousander":false},"geometry":{"type":"Point","coordinates":[41.161319,43.852123]}},{"type":"Feature","properties":{"id":"hill-0212","category":"plateau","name":"","elevation_m":1112,"main":false,"five_thousander":false},"geometry":{"type":"Point","coordinates":[41.396624,43.918229]}},{"type":"Feature","properties":{"id":"hill-0213","category":"rounded_hill","name":"","elevation_m":1129,"main":false,"five_thousander":false},"geometry":{"type":"Point","coordinates":[41.111752,43.835014]}},{"type":"Feature","properties":{"id":"hill-0214","category":"plateau","name":"","elevation_m":1131,"main":false,"five_thousander":false},"geometry":{"type":"Point","coordinates":[41.215811,43.84355]}},{"type":"Feature","properties":{"id":"hill-0215","category":"plateau","name":"","elevation_m":1158,"main":false,"five_thousander":false},"geometry":{"type":"Point","coordinates":[41.250347,43.869111]}},{"type":"Feature","properties":{"id":"hill-0216","category":"plateau","name":"","elevation_m":1131,"main":false,"five_thousander":false},"geometry":{"type":"Point","coordinates":[41.247793,43.877294]}},{"type":"Feature","properties":{"id":"hill-0217","category":"plateau","name":"","elevation_m":1143,"main":false,"five_thousander":false},"geometry":{"type":"Point","coordinates":[41.356047,43.842776]}},{"type":"Feature","properties":{"id":"hill-0218","category":"plateau","name":"","elevation_m":1128,"main":false,"five_thousander":false},"geometry":{"type":"Point","coordinates":[41.242461,43.860881]}},{"type":"Feature","properties":{"id":"hill-0219","category":"plateau","name":"","elevation_m":1152,"main":false,"five_thousander":false},"geometry":{"type":"Point","coordinates":[41.343527,43.905035]}},{"type":"Feature","properties":{"id":"hill-0220","category":"rounded_hill","name":"","elevation_m":1160,"main":false,"five_thousander":false},"geometry":{"type":"Point","coordinates":[40.943556,43.837723]}},{"type":"Feature","properties":{"id":"hill-0221","category":"plateau","name":"","elevation_m":1190,"main":false,"five_thousander":false},"geometry":{"type":"Point","coordinates":[41.242837,43.851945]}},{"type":"Feature","properties":{"id":"hill-0222","category":"plateau","name":"","elevation_m":1203,"main":false,"five_thousander":false},"geometry":{"type":"Point","coordinates":[41.205157,43.836539]}},{"type":"Feature","properties":{"id":"hill-0223","category":"plateau","name":"","elevation_m":1199,"main":false,"five_thousander":false},"geometry":{"type":"Point","coordinates":[41.086518,44.004137]}},{"type":"Feature","properties":{"id":"hill-0224","category":"plateau","name":"","elevation_m":1213,"main":false,"five_thousander":false},"geometry":{"type":"Point","coordinates":[41.28646,43.955962]}},{"type":"Feature","properties":{"id":"hill-0225","category":"plateau","name":"","elevation_m":1226,"main":false,"five_thousander":false},"geometry":{"type":"Point","coordinates":[41.064652,43.852904]}},{"type":"Feature","properties":{"id":"hill-0226","category":"plateau","name":"","elevation_m":1225,"main":false,"five_thousander":false},"geometry":{"type":"Point","coordinates":[41.183925,43.875832]}},{"type":"Feature","properties":{"id":"hill-0227","category":"rounded_hill","name":"","elevation_m":1248,"main":false,"five_thousander":false},"geometry":{"type":"Point","coordinates":[41.337862,43.852301]}},{"type":"Feature","properties":{"id":"hill-0228","category":"plateau","name":"","elevation_m":1270,"main":false,"five_thousander":false},"geometry":{"type":"Point","coordinates":[41.188163,43.867703]}},{"type":"Feature","properties":{"id":"hill-0229","category":"rounded_hill","name":"","elevation_m":1268,"main":false,"five_thousander":false},"geometry":{"type":"Point","coordinates":[41.271354,43.860115]}},{"type":"Feature","properties":{"id":"hill-0230","category":"plateau","name":"","elevation_m":1270,"main":false,"five_thousander":false},"geometry":{"type":"Point","coordinates":[41.182991,43.850197]}},{"type":"Feature","properties":{"id":"hill-0231","category":"plateau","name":"","elevation_m":1275,"main":false,"five_thousander":false},"geometry":{"type":"Point","coordinates":[41.28617,43.836229]}},{"type":"Feature","properties":{"id":"hill-0232","category":"plateau","name":"","elevation_m":1263,"main":false,"five_thousander":false},"geometry":{"type":"Point","coordinates":[41.328903,43.882452]}},{"type":"Feature","properties":{"id":"hill-0233","category":"plateau","name":"","elevation_m":1285,"main":false,"five_thousander":false},"geometry":{"type":"Point","coordinates":[41.17178,43.857871]}},{"type":"Feature","properties":{"id":"hill-0234","category":"plateau","name":"","elevation_m":1284,"main":false,"five_thousander":false},"geometry":{"type":"Point","coordinates":[41.340437,43.872514]}},{"type":"Feature","properties":{"id":"hill-0235","category":"ridge","name":"","elevation_m":1308,"main":false,"five_thousander":false},"geometry":{"type":"Point","coordinates":[41.100605,43.842691]}},{"type":"Feature","properties":{"id":"hill-0236","category":"plateau","name":"","elevation_m":1306,"main":false,"five_thousander":false},"geometry":{"type":"Point","coordinates":[41.301802,43.845477]}},{"type":"Feature","properties":{"id":"hill-0237","category":"plateau","name":"","elevation_m":1315,"main":false,"five_thousander":false},"geometry":{"type":"Point","coordinates":[41.314151,43.87471]}},{"type":"Feature","properties":{"id":"hill-0238","category":"plateau","name":"","elevation_m":1361,"main":false,"five_thousander":false},"geometry":{"type":"Point","coordinates":[41.03842,43.878662]}},{"type":"Feature","properties":{"id":"hill-0239","category":"rounded_hill","name":"","elevation_m":1415,"main":false,"five_thousander":false},"geometry":{"type":"Point","coordinates":[41.045287,43.845221]}},{"type":"Feature","properties":{"id":"hill-0240","category":"plateau","name":"","elevation_m":1441,"main":false,"five_thousander":false},"geometry":{"type":"Point","coordinates":[40.979197,43.863317]}},{"type":"Feature","properties":{"id":"hill-0241","category":"plateau","name":"","elevation_m":1462,"main":false,"five_thousander":false},"geometry":{"type":"Point","coordinates":[40.957267,43.864276]}},{"type":"Feature","properties":{"id":"hill-0242","category":"plateau","name":"","elevation_m":1471,"main":false,"five_thousander":false},"geometry":{"type":"Point","coordinates":[40.963254,43.858428]}},{"type":"Feature","properties":{"id":"hill-0243","category":"rounded_hill","name":"","elevation_m":1516,"main":false,"five_thousander":false},"geometry":{"type":"Point","coordinates":[41.002715,43.872019]}},{"type":"Feature","properties":{"id":"hill-0244","category":"plateau","name":"","elevation_m":1539,"main":false,"five_thousander":false},"geometry":{"type":"Point","coordinates":[40.936968,43.879861]}},{"type":"Feature","properties":{"id":"hill-0245","category":"plateau","name":"","elevation_m":1539,"main":false,"five_thousander":false},"geometry":{"type":"Point","coordinates":[40.970249,43.850104]}},{"type":"Feature","properties":{"id":"hill-0246","category":"rounded_hill","name":"","elevation_m":1662,"main":false,"five_thousander":false},"geometry":{"type":"Point","coordinates":[41.028732,43.845221]}},{"type":"Feature","properties":{"id":"hill-0247","category":"rounded_mountain","name":"","elevation_m":1727,"main":false,"five_thousander":false},"geometry":{"type":"Point","coordinates":[40.991085,43.838868]}},{"type":"Feature","properties":{"id":"hill-0248","category":"rounded_mountain","name":"","elevation_m":1709,"main":false,"five_thousander":false},"geometry":{"type":"Point","coordinates":[40.825635,43.876482]}},{"type":"Feature","properties":{"id":"hill-0249","category":"plateau","name":"","elevation_m":897,"main":false,"five_thousander":false},"geometry":{"type":"Point","coordinates":[41.200297,43.932718]}},{"type":"Feature","properties":{"id":"hill-0250","category":"plateau","name":"","elevation_m":948,"main":false,"five_thousander":false},"geometry":{"type":"Point","coordinates":[41.479225,43.886759]}},{"type":"Feature","properties":{"id":"hill-0251","category":"plateau","name":"","elevation_m":957,"main":false,"five_thousander":false},"geometry":{"type":"Point","coordinates":[41.473142,43.853152]}},{"type":"Feature","properties":{"id":"hill-0252","category":"plateau","name":"","elevation_m":996,"main":false,"five_thousander":false},"geometry":{"type":"Point","coordinates":[41.223525,43.877046]}},{"type":"Feature","properties":{"id":"hill-0253","category":"plateau","name":"","elevation_m":988,"main":false,"five_thousander":false},"geometry":{"type":"Point","coordinates":[41.417137,43.83883]}},{"type":"Feature","properties":{"id":"hill-0254","category":"plateau","name":"","elevation_m":1305,"main":false,"five_thousander":false},"geometry":{"type":"Point","coordinates":[41.082119,44.010403]}},{"type":"Feature","properties":{"id":"hill-0255","category":"rounded_mountain","name":"","elevation_m":1182,"main":false,"five_thousander":false},"geometry":{"type":"Point","coordinates":[40.931979,43.829798]}},{"type":"Feature","properties":{"id":"hill-0256","category":"rounded_hill","name":"","elevation_m":1187,"main":false,"five_thousander":false},"geometry":{"type":"Point","coordinates":[40.926722,43.814905]}},{"type":"Feature","properties":{"id":"hill-0257","category":"rounded_hill","name":"","elevation_m":1263,"main":false,"five_thousander":false},"geometry":{"type":"Point","coordinates":[40.94023,43.808394]}},{"type":"Feature","properties":{"id":"hill-0258","category":"rounded_hill","name":"","elevation_m":1288,"main":false,"five_thousander":false},"geometry":{"type":"Point","coordinates":[40.95524,43.814316]}},{"type":"Feature","properties":{"id":"hill-0259","category":"rounded_hill","name":"","elevation_m":1492,"main":false,"five_thousander":false},"geometry":{"type":"Point","coordinates":[40.949392,43.826261]}},{"type":"Feature","properties":{"id":"hill-0260","category":"rounded_hill","name":"","elevation_m":1517,"main":false,"five_thousander":false},"geometry":{"type":"Point","coordinates":[40.973157,43.829597]}},{"type":"Feature","properties":{"id":"hill-0261","category":"rounded_mountain","name":"","elevation_m":1645,"main":false,"five_thousander":false},"geometry":{"type":"Point","coordinates":[40.956109,43.798444]}},{"type":"Feature","properties":{"id":"hill-0262","category":"rounded_mountain","name":"","elevation_m":1706,"main":false,"five_thousander":false},"geometry":{"type":"Point","coordinates":[40.985945,43.817297]}},{"type":"Feature","properties":{"id":"hill-0263","category":"rounded_hill","name":"","elevation_m":1787,"main":false,"five_thousander":false},"geometry":{"type":"Point","coordinates":[40.983006,43.82397]}},{"type":"Feature","properties":{"id":"hill-0264","category":"rounded_mountain","name":"","elevation_m":1190,"main":false,"five_thousander":false},"geometry":{"type":"Point","coordinates":[41.127212,43.834504]}},{"type":"Feature","properties":{"id":"hill-0265","category":"rounded_hill","name":"","elevation_m":1214,"main":false,"five_thousander":false},"geometry":{"type":"Point","coordinates":[41.092697,43.832213]}},{"type":"Feature","properties":{"id":"hill-0266","category":"rounded_hill","name":"","elevation_m":1718,"main":false,"five_thousander":false},"geometry":{"type":"Point","coordinates":[41.057754,43.796608]}},{"type":"Feature","properties":{"id":"hill-0267","category":"steep_mountain","name":"","elevation_m":1321,"main":false,"five_thousander":false},"geometry":{"type":"Point","coordinates":[40.903215,43.830293]}},{"type":"Feature","properties":{"id":"hill-0268","category":"rounded_hill","name":"","elevation_m":1396,"main":false,"five_thousander":false},"geometry":{"type":"Point","coordinates":[41.099339,43.814076]}},{"type":"Feature","properties":{"id":"hill-0269","category":"plateau","name":"","elevation_m":1530,"main":false,"five_thousander":false},"geometry":{"type":"Point","coordinates":[41.078568,43.811405]}},{"type":"Feature","properties":{"id":"hill-0270","category":"plateau","name":"","elevation_m":1575,"main":false,"five_thousander":false},"geometry":{"type":"Point","coordinates":[40.973028,43.839039]}},{"type":"Feature","properties":{"id":"hill-0271","category":"rounded_mountain","name":"","elevation_m":1736,"main":false,"five_thousander":false},"geometry":{"type":"Point","coordinates":[40.848724,43.830015]}},{"type":"Feature","properties":{"id":"hill-0272","category":"rounded_mountain","name":"","elevation_m":1769,"main":false,"five_thousander":false},"geometry":{"type":"Point","coordinates":[40.811226,43.884145]}},{"type":"Feature","properties":{"id":"hill-0273","category":"rounded_mountain","name":"","elevation_m":1778,"main":false,"five_thousander":false},"geometry":{"type":"Point","coordinates":[40.8784,43.827344]}},{"type":"Feature","properties":{"id":"hill-0274","category":"rounded_mountain","name":"","elevation_m":1771,"main":false,"five_thousander":false},"geometry":{"type":"Point","coordinates":[40.914438,43.85791]}},{"type":"Feature","properties":{"id":"hill-0275","category":"rounded_mountain","name":"","elevation_m":1796,"main":false,"five_thousander":false},"geometry":{"type":"Point","coordinates":[40.83409,43.823815]}},{"type":"Feature","properties":{"id":"hill-0276","category":"rounded_hill","name":"","elevation_m":1590,"main":false,"five_thousander":false},"geometry":{"type":"Point","coordinates":[40.793009,43.889078]}},{"type":"Feature","properties":{"id":"hill-0277","category":"rounded_mountain","name":"","elevation_m":1685,"main":false,"five_thousander":false},"geometry":{"type":"Point","coordinates":[40.80436,43.768398]}},{"type":"Feature","properties":{"id":"hill-0278","category":"rounded_mountain","name":"","elevation_m":1724,"main":false,"five_thousander":false},"geometry":{"type":"Point","coordinates":[40.814885,43.774371]}},{"type":"Feature","properties":{"id":"hill-0279","category":"rounded_hill","name":"","elevation_m":1140,"main":false,"five_thousander":false},"geometry":{"type":"Point","coordinates":[41.173432,43.831114]}},{"type":"Feature","properties":{"id":"hill-0280","category":"rounded_hill","name":"","elevation_m":1176,"main":false,"five_thousander":false},"geometry":{"type":"Point","coordinates":[41.168078,43.79231]}},{"type":"Feature","properties":{"id":"hill-0281","category":"rounded_hill","name":"","elevation_m":1189,"main":false,"five_thousander":false},"geometry":{"type":"Point","coordinates":[41.163079,43.781443]}},{"type":"Feature","properties":{"id":"hill-0282","category":"plateau","name":"","elevation_m":1269,"main":false,"five_thousander":false},"geometry":{"type":"Point","coordinates":[41.20652,43.784596]}},{"type":"Feature","properties":{"id":"hill-0283","category":"plateau","name":"","elevation_m":1266,"main":false,"five_thousander":false},"geometry":{"type":"Point","coordinates":[41.188045,43.790025]}},{"type":"Feature","properties":{"id":"hill-0284","category":"rounded_hill","name":"","elevation_m":1287,"main":false,"five_thousander":false},"geometry":{"type":"Point","coordinates":[41.177123,43.825703]}},{"type":"Feature","properties":{"id":"hill-0285","category":"plateau","name":"","elevation_m":1294,"main":false,"five_thousander":false},"geometry":{"type":"Point","coordinates":[41.216122,43.815408]}},{"type":"Feature","properties":{"id":"hill-0286","category":"plateau","name":"","elevation_m":1306,"main":false,"five_thousander":false},"geometry":{"type":"Point","coordinates":[41.24392,43.797925]}},{"type":"Feature","properties":{"id":"hill-0287","category":"plateau","name":"","elevation_m":1307,"main":false,"five_thousander":false},"geometry":{"type":"Point","coordinates":[41.260132,43.798312]}},{"type":"Feature","properties":{"id":"hill-0288","category":"plateau","name":"","elevation_m":1335,"main":false,"five_thousander":false},"geometry":{"type":"Point","coordinates":[41.267631,43.78692]}},{"type":"Feature","properties":{"id":"hill-0289","category":"plateau","name":"","elevation_m":1331,"main":false,"five_thousander":false},"geometry":{"type":"Point","coordinates":[41.220177,43.802826]}},{"type":"Feature","properties":{"id":"hill-0290","category":"plateau","name":"","elevation_m":1369,"main":false,"five_thousander":false},"geometry":{"type":"Point","coordinates":[41.205876,43.802966]}},{"type":"Feature","properties":{"id":"hill-0291","category":"plateau","name":"","elevation_m":1416,"main":false,"five_thousander":false},"geometry":{"type":"Point","coordinates":[41.190244,43.819991]}},{"type":"Feature","properties":{"id":"hill-0292","category":"rounded_hill","name":"","elevation_m":1462,"main":false,"five_thousander":false},"geometry":{"type":"Point","coordinates":[41.192883,43.774867]}},{"type":"Feature","properties":{"id":"hill-0293","category":"rounded_mountain","name":"","elevation_m":1475,"main":false,"five_thousander":false},"geometry":{"type":"Point","coordinates":[41.178346,43.763625]}},{"type":"Feature","properties":{"id":"hill-0294","category":"plateau","name":"","elevation_m":1598,"main":false,"five_thousander":false},"geometry":{"type":"Point","coordinates":[41.141567,43.786385]}},{"type":"Feature","properties":{"id":"hill-0295","category":"rounded_hill","name":"","elevation_m":1603,"main":false,"five_thousander":false},"geometry":{"type":"Point","coordinates":[40.864205,43.803841]}},{"type":"Feature","properties":{"id":"hill-0296","category":"rounded_mountain","name":"","elevation_m":1631,"main":false,"five_thousander":false},"geometry":{"type":"Point","coordinates":[40.891457,43.804507]}},{"type":"Feature","properties":{"id":"hill-0297","category":"rounded_hill","name":"","elevation_m":1655,"main":false,"five_thousander":false},"geometry":{"type":"Point","coordinates":[40.878797,43.763307]}},{"type":"Feature","properties":{"id":"hill-0298","category":"plateau","name":"","elevation_m":1659,"main":false,"five_thousander":false},"geometry":{"type":"Point","coordinates":[41.10274,43.7897]}},{"type":"Feature","properties":{"id":"hill-0299","category":"rounded_mountain","name":"","elevation_m":1672,"main":false,"five_thousander":false},"geometry":{"type":"Point","coordinates":[40.872134,43.79904]}},{"type":"Feature","properties":{"id":"hill-0300","category":"rounded_mountain","name":"","elevation_m":1799,"main":false,"five_thousander":false},"geometry":{"type":"Point","coordinates":[41.085316,43.747382]}},{"type":"Feature","properties":{"id":"hill-0301","category":"rounded_mountain","name":"","elevation_m":1738,"main":false,"five_thousander":false},"geometry":{"type":"Point","coordinates":[41.134229,43.756217]}},{"type":"Feature","properties":{"id":"hill-0302","category":"ridge","name":"","elevation_m":1761,"main":false,"five_thousander":false},"geometry":{"type":"Point","coordinates":[41.158519,43.744693]}},{"type":"Feature","properties":{"id":"hill-0303","category":"rounded_mountain","name":"","elevation_m":1799,"main":false,"five_thousander":false},"geometry":{"type":"Point","coordinates":[40.922806,43.773093]}},{"type":"Feature","properties":{"id":"hill-0304","category":"plateau","name":"","elevation_m":1225,"main":false,"five_thousander":false},"geometry":{"type":"Point","coordinates":[41.29705,43.803384]}},{"type":"Feature","properties":{"id":"hill-0305","category":"plateau","name":"","elevation_m":1229,"main":false,"five_thousander":false},"geometry":{"type":"Point","coordinates":[41.259627,43.822104]}},{"type":"Feature","properties":{"id":"hill-0306","category":"plateau","name":"","elevation_m":1247,"main":false,"five_thousander":false},"geometry":{"type":"Point","coordinates":[41.252825,43.828668]}},{"type":"Feature","properties":{"id":"hill-0307","category":"plateau","name":"","elevation_m":1238,"main":false,"five_thousander":false},"geometry":{"type":"Point","coordinates":[41.295784,43.823157]}},{"type":"Feature","properties":{"id":"hill-0308","category":"plateau","name":"","elevation_m":1258,"main":false,"five_thousander":false},"geometry":{"type":"Point","coordinates":[41.291792,43.815911]}},{"type":"Feature","properties":{"id":"hill-0309","category":"plateau","name":"","elevation_m":1258,"main":false,"five_thousander":false},"geometry":{"type":"Point","coordinates":[41.24877,43.812745]}},{"type":"Feature","properties":{"id":"hill-0310","category":"plateau","name":"","elevation_m":1258,"main":false,"five_thousander":false},"geometry":{"type":"Point","coordinates":[41.247869,43.829999]}},{"type":"Feature","properties":{"id":"hill-0311","category":"plateau","name":"","elevation_m":1263,"main":false,"five_thousander":false},"geometry":{"type":"Point","coordinates":[41.272931,43.828869]}},{"type":"Feature","properties":{"id":"hill-0312","category":"plateau","name":"","elevation_m":1291,"main":false,"five_thousander":false},"geometry":{"type":"Point","coordinates":[41.302854,43.831485]}},{"type":"Feature","properties":{"id":"hill-0313","category":"ridge","name":"","elevation_m":1268,"main":false,"five_thousander":false},"geometry":{"type":"Point","coordinates":[41.426901,43.793116]}},{"type":"Feature","properties":{"id":"hill-0314","category":"plateau","name":"","elevation_m":1065,"main":false,"five_thousander":false},"geometry":{"type":"Point","coordinates":[41.365467,43.813736]}},{"type":"Feature","properties":{"id":"hill-0315","category":"plateau","name":"","elevation_m":1072,"main":false,"five_thousander":false},"geometry":{"type":"Point","coordinates":[41.395787,43.799899]}},{"type":"Feature","properties":{"id":"hill-0316","category":"rounded_hill","name":"","elevation_m":1118,"main":false,"five_thousander":false},"geometry":{"type":"Point","coordinates":[41.414434,43.798885]}},{"type":"Feature","properties":{"id":"hill-0317","category":"plateau","name":"","elevation_m":1126,"main":false,"five_thousander":false},"geometry":{"type":"Point","coordinates":[41.377891,43.79715]}},{"type":"Feature","properties":{"id":"hill-0318","category":"plateau","name":"","elevation_m":1127,"main":false,"five_thousander":false},"geometry":{"type":"Point","coordinates":[41.387622,43.785673]}},{"type":"Feature","properties":{"id":"hill-0319","category":"plateau","name":"","elevation_m":1138,"main":false,"five_thousander":false},"geometry":{"type":"Point","coordinates":[41.353354,43.793634]}},{"type":"Feature","properties":{"id":"hill-0320","category":"plateau","name":"","elevation_m":1169,"main":false,"five_thousander":false},"geometry":{"type":"Point","coordinates":[41.443477,43.817359]}},{"type":"Feature","properties":{"id":"hill-0321","category":"plateau","name":"","elevation_m":1171,"main":false,"five_thousander":false},"geometry":{"type":"Point","coordinates":[41.331103,43.800914]}},{"type":"Feature","properties":{"id":"hill-0322","category":"plateau","name":"","elevation_m":1203,"main":false,"five_thousander":false},"geometry":{"type":"Point","coordinates":[41.426589,43.811189]}},{"type":"Feature","properties":{"id":"hill-0323","category":"plateau","name":"","elevation_m":1203,"main":false,"five_thousander":false},"geometry":{"type":"Point","coordinates":[41.442897,43.766887]}},{"type":"Feature","properties":{"id":"hill-0324","category":"plateau","name":"","elevation_m":1209,"main":false,"five_thousander":false},"geometry":{"type":"Point","coordinates":[41.459302,43.776354]}},{"type":"Feature","properties":{"id":"hill-0325","category":"plateau","name":"","elevation_m":1236,"main":false,"five_thousander":false},"geometry":{"type":"Point","coordinates":[41.41291,43.766895]}},{"type":"Feature","properties":{"id":"hill-0326","category":"plateau","name":"","elevation_m":1269,"main":false,"five_thousander":false},"geometry":{"type":"Point","coordinates":[41.392525,43.769482]}},{"type":"Feature","properties":{"id":"hill-0327","category":"plateau","name":"","elevation_m":1301,"main":false,"five_thousander":false},"geometry":{"type":"Point","coordinates":[41.301019,43.786006]}},{"type":"Feature","properties":{"id":"hill-0328","category":"plateau","name":"","elevation_m":1315,"main":false,"five_thousander":false},"geometry":{"type":"Point","coordinates":[41.48194,43.799233]}},{"type":"Feature","properties":{"id":"hill-0329","category":"plateau","name":"","elevation_m":1335,"main":false,"five_thousander":false},"geometry":{"type":"Point","coordinates":[41.437093,43.751505]}},{"type":"Feature","properties":{"id":"hill-0330","category":"plateau","name":"","elevation_m":1335,"main":false,"five_thousander":false},"geometry":{"type":"Point","coordinates":[41.323732,43.775184]}},{"type":"Feature","properties":{"id":"hill-0331","category":"plateau","name":"","elevation_m":1334,"main":false,"five_thousander":false},"geometry":{"type":"Point","coordinates":[41.480963,43.787377]}},{"type":"Feature","properties":{"id":"hill-0332","category":"plateau","name":"","elevation_m":1399,"main":false,"five_thousander":false},"geometry":{"type":"Point","coordinates":[41.340716,43.76385]}},{"type":"Feature","properties":{"id":"hill-0333","category":"plateau","name":"","elevation_m":1388,"main":false,"five_thousander":false},"geometry":{"type":"Point","coordinates":[41.473217,43.766468]}},{"type":"Feature","properties":{"id":"hill-0334","category":"plateau","name":"","elevation_m":1417,"main":false,"five_thousander":false},"geometry":{"type":"Point","coordinates":[41.393298,43.755551]}},{"type":"Feature","properties":{"id":"hill-0335","category":"plateau","name":"","elevation_m":1431,"main":false,"five_thousander":false},"geometry":{"type":"Point","coordinates":[41.322606,43.76364]}},{"type":"Feature","properties":{"id":"hill-0336","category":"plateau","name":"","elevation_m":1480,"main":false,"five_thousander":false},"geometry":{"type":"Point","coordinates":[41.40467,43.750862]}},{"type":"Feature","properties":{"id":"hill-0337","category":"plateau","name":"","elevation_m":1526,"main":false,"five_thousander":false},"geometry":{"type":"Point","coordinates":[41.342154,43.748645]}},{"type":"Feature","properties":{"id":"hill-0338","category":"rocky_ridge","name":"","elevation_m":1573,"main":false,"five_thousander":false},"geometry":{"type":"Point","coordinates":[40.843853,43.769792]}},{"type":"Feature","properties":{"id":"hill-0339","category":"steep_mountain","name":"","elevation_m":1744,"main":false,"five_thousander":false},"geometry":{"type":"Point","coordinates":[40.831794,43.779708]}},{"type":"Feature","properties":{"id":"hill-0340","category":"plateau","name":"","elevation_m":959,"main":false,"five_thousander":false},"geometry":{"type":"Point","coordinates":[41.449442,43.852332]}},{"type":"Feature","properties":{"id":"hill-0341","category":"plateau","name":"","elevation_m":1631,"main":false,"five_thousander":false},"geometry":{"type":"Point","coordinates":[41.36463,43.729104]}},{"type":"Feature","properties":{"id":"hill-0342","category":"rounded_hill","name":"","elevation_m":1654,"main":false,"five_thousander":false},"geometry":{"type":"Point","coordinates":[41.386678,43.727956]}},{"type":"Feature","properties":{"id":"hill-0343","category":"plateau","name":"","elevation_m":1702,"main":false,"five_thousander":false},"geometry":{"type":"Point","coordinates":[41.37228,43.717551]}},{"type":"Feature","properties":{"id":"hill-0344","category":"rounded_hill","name":"","elevation_m":1774,"main":false,"five_thousander":false},"geometry":{"type":"Point","coordinates":[41.349127,43.710835]}},{"type":"Feature","properties":{"id":"hill-0345","category":"rounded_hill","name":"","elevation_m":1794,"main":false,"five_thousander":false},"geometry":{"type":"Point","coordinates":[41.322681,43.714604]}},{"type":"Feature","properties":{"id":"hill-0346","category":"rounded_hill","name":"","elevation_m":1579,"main":false,"five_thousander":false},"geometry":{"type":"Point","coordinates":[41.204181,43.732003]}},{"type":"Feature","properties":{"id":"hill-0347","category":"plateau","name":"","elevation_m":1759,"main":false,"five_thousander":false},"geometry":{"type":"Point","coordinates":[41.332991,43.723351]}},{"type":"Feature","properties":{"id":"hill-0348","category":"rounded_hill","name":"","elevation_m":1757,"main":false,"five_thousander":false},"geometry":{"type":"Point","coordinates":[41.154635,43.733965]}},{"type":"Feature","properties":{"id":"hill-0349","category":"plateau","name":"","elevation_m":1673,"main":false,"five_thousander":false},"geometry":{"type":"Point","coordinates":[40.9258,43.619099]}},{"type":"Feature","properties":{"id":"hill-0350","category":"rounded_hill","name":"","elevation_m":1378,"main":false,"five_thousander":false},"geometry":{"type":"Point","coordinates":[40.89106,43.643086]}},{"type":"Feature","properties":{"id":"hill-0351","category":"steep_mountain","name":"","elevation_m":1549,"main":false,"five_thousander":false},"geometry":{"type":"Point","coordinates":[40.891821,43.424539]}},{"type":"Feature","properties":{"id":"hill-0352","category":"plateau","name":"","elevation_m":1759,"main":false,"five_thousander":false},"geometry":{"type":"Point","coordinates":[41.219823,43.523869]}},{"type":"Feature","properties":{"id":"hill-0353","category":"plateau","name":"","elevation_m":1599,"main":false,"five_thousander":false},"geometry":{"type":"Point","coordinates":[41.274916,43.550788]}},{"type":"Feature","properties":{"id":"hill-0354","category":"rounded_mountain","name":"","elevation_m":1604,"main":false,"five_thousander":false},"geometry":{"type":"Point","coordinates":[41.471972,43.696626]}},{"type":"Feature","properties":{"id":"hill-0355","category":"ridge","name":"","elevation_m":1733,"main":false,"five_thousander":false},"geometry":{"type":"Point","coordinates":[41.352078,43.685866]}},{"type":"Feature","properties":{"id":"hill-0356","category":"ridge","name":"","elevation_m":1578,"main":false,"five_thousander":false},"geometry":{"type":"Point","coordinates":[41.395669,43.677874]}},{"type":"Feature","properties":{"id":"hill-0357","category":"rounded_mountain","name":"","elevation_m":1754,"main":false,"five_thousander":false},"geometry":{"type":"Point","coordinates":[41.429347,43.683957]}},{"type":"Feature","properties":{"id":"hill-0358","category":"plateau","name":"","elevation_m":1794,"main":false,"five_thousander":false},"geometry":{"type":"Point","coordinates":[41.413811,43.70581]}},{"type":"Feature","properties":{"id":"hill-0359","category":"plateau","name":"","elevation_m":1657,"main":false,"five_thousander":false},"geometry":{"type":"Point","coordinates":[40.98852,43.871748]}},{"type":"Feature","properties":{"id":"hill-0360","category":"rocky_ridge","name":"","elevation_m":1285,"main":false,"five_thousander":false},"geometry":{"type":"Point","coordinates":[40.832212,43.420448]}},{"type":"Feature","properties":{"id":"hill-0361","category":"rounded_mountain","name":"","elevation_m":1757,"main":false,"five_thousander":false},"geometry":{"type":"Point","coordinates":[41.752253,43.300048]}},{"type":"Feature","properties":{"id":"hill-0362","category":"rocky_peak","name":"","elevation_m":1743,"main":false,"five_thousander":false},"geometry":{"type":"Point","coordinates":[41.593133,43.195439]}},{"type":"Feature","properties":{"id":"hill-0363","category":"ridge","name":"","elevation_m":1613,"main":false,"five_thousander":false},"geometry":{"type":"Point","coordinates":[41.885741,43.704964]}},{"type":"Feature","properties":{"id":"hill-0364","category":"rounded_mountain","name":"","elevation_m":1402,"main":false,"five_thousander":false},"geometry":{"type":"Point","coordinates":[41.980423,43.629319]}},{"type":"Feature","properties":{"id":"hill-0365","category":"rounded_mountain","name":"","elevation_m":1412,"main":false,"five_thousander":false},"geometry":{"type":"Point","coordinates":[41.965295,43.614811]}},{"type":"Feature","properties":{"id":"hill-0366","category":"steep_mountain","name":"","elevation_m":1587,"main":false,"five_thousander":false},"geometry":{"type":"Point","coordinates":[41.872727,43.6972]}},{"type":"Feature","properties":{"id":"hill-0367","category":"rounded_hill","name":"","elevation_m":1636,"main":false,"five_thousander":false},"geometry":{"type":"Point","coordinates":[41.939117,43.567993]}},{"type":"Feature","properties":{"id":"hill-0368","category":"rounded_mountain","name":"","elevation_m":1734,"main":false,"five_thousander":false},"geometry":{"type":"Point","coordinates":[41.942056,43.612318]}},{"type":"Feature","properties":{"id":"hill-0369","category":"rounded_hill","name":"","elevation_m":1799,"main":false,"five_thousander":false},"geometry":{"type":"Point","coordinates":[41.981206,43.599157]}},{"type":"Feature","properties":{"id":"hill-0370","category":"ridge","name":"","elevation_m":1170,"main":false,"five_thousander":false},"geometry":{"type":"Point","coordinates":[41.898025,43.748777]}},{"type":"Feature","properties":{"id":"hill-0371","category":"rounded_mountain","name":"","elevation_m":1231,"main":false,"five_thousander":false},"geometry":{"type":"Point","coordinates":[41.911951,43.71455]}},{"type":"Feature","properties":{"id":"hill-0372","category":"ridge","name":"","elevation_m":1243,"main":false,"five_thousander":false},"geometry":{"type":"Point","coordinates":[41.901512,43.732119]}},{"type":"Feature","properties":{"id":"hill-0373","category":"rounded_mountain","name":"","elevation_m":1257,"main":false,"five_thousander":false},"geometry":{"type":"Point","coordinates":[41.878306,43.601411]}},{"type":"Feature","properties":{"id":"hill-0374","category":"rounded_mountain","name":"","elevation_m":1202,"main":false,"five_thousander":false},"geometry":{"type":"Point","coordinates":[41.87807,43.750668]}},{"type":"Feature","properties":{"id":"hill-0375","category":"rounded_mountain","name":"","elevation_m":1376,"main":false,"five_thousander":false},"geometry":{"type":"Point","coordinates":[41.957635,43.641332]}},{"type":"Feature","properties":{"id":"hill-0376","category":"ridge","name":"","elevation_m":1433,"main":false,"five_thousander":false},"geometry":{"type":"Point","coordinates":[41.916575,43.680978]}},{"type":"Feature","properties":{"id":"hill-0377","category":"rounded_mountain","name":"","elevation_m":1529,"main":false,"five_thousander":false},"geometry":{"type":"Point","coordinates":[41.937658,43.646114]}},{"type":"Feature","properties":{"id":"hill-0378","category":"rounded_hill","name":"","elevation_m":1523,"main":false,"five_thousander":false},"geometry":{"type":"Point","coordinates":[41.701387,43.624932]}},{"type":"Feature","properties":{"id":"hill-0379","category":"rounded_hill","name":"","elevation_m":1529,"main":false,"five_thousander":false},"geometry":{"type":"Point","coordinates":[42.114769,43.687674]}},{"type":"Feature","properties":{"id":"hill-0380","category":"ridge","name":"","elevation_m":1554,"main":false,"five_thousander":false},"geometry":{"type":"Point","coordinates":[42.115724,43.691615]}},{"type":"Feature","properties":{"id":"hill-0381","category":"rounded_mountain","name":"","elevation_m":1540,"main":false,"five_thousander":false},"geometry":{"type":"Point","coordinates":[42.063721,43.671294]}},{"type":"Feature","properties":{"id":"hill-0382","category":"rounded_mountain","name":"","elevation_m":1624,"main":false,"five_thousander":false},"geometry":{"type":"Point","coordinates":[41.891824,43.609335]}},{"type":"Feature","properties":{"id":"hill-0383","category":"rounded_mountain","name":"","elevation_m":1655,"main":false,"five_thousander":false},"geometry":{"type":"Point","coordinates":[42.133512,43.689575]}},{"type":"Feature","properties":{"id":"hill-0384","category":"steep_mountain","name":"","elevation_m":1632,"main":false,"five_thousander":false},"geometry":{"type":"Point","coordinates":[41.817098,43.580764]}},{"type":"Feature","properties":{"id":"hill-0385","category":"plateau","name":"","elevation_m":1676,"main":false,"five_thousander":false},"geometry":{"type":"Point","coordinates":[42.063367,43.687495]}},{"type":"Feature","properties":{"id":"hill-0386","category":"rounded_mountain","name":"","elevation_m":1744,"main":false,"five_thousander":false},"geometry":{"type":"Point","coordinates":[42.170291,43.542708]}},{"type":"Feature","properties":{"id":"hill-0387","category":"ridge","name":"","elevation_m":1716,"main":false,"five_thousander":false},"geometry":{"type":"Point","coordinates":[42.065374,43.697805]}},{"type":"Feature","properties":{"id":"hill-0388","category":"rounded_mountain","name":"","elevation_m":1713,"main":false,"five_thousander":false},"geometry":{"type":"Point","coordinates":[41.759473,43.55466]}},{"type":"Feature","properties":{"id":"hill-0389","category":"rounded_mountain","name":"","elevation_m":1712,"main":false,"five_thousander":false},"geometry":{"type":"Point","coordinates":[41.85349,43.611929]}},{"type":"Feature","properties":{"id":"hill-0390","category":"rounded_mountain","name":"","elevation_m":1736,"main":false,"five_thousander":false},"geometry":{"type":"Point","coordinates":[42.133191,43.513607]}},{"type":"Feature","properties":{"id":"hill-0391","category":"rounded_hill","name":"","elevation_m":1764,"main":false,"five_thousander":false},"geometry":{"type":"Point","coordinates":[41.714047,43.605318]}},{"type":"Feature","properties":{"id":"hill-0392","category":"rounded_mountain","name":"","elevation_m":1765,"main":false,"five_thousander":false},"geometry":{"type":"Point","coordinates":[42.149037,43.697417]}},{"type":"Feature","properties":{"id":"hill-0393","category":"rounded_mountain","name":"","elevation_m":1301,"main":false,"five_thousander":false},"geometry":{"type":"Point","coordinates":[41.865495,43.738259]}},{"type":"Feature","properties":{"id":"hill-0394","category":"ridge","name":"","elevation_m":1314,"main":false,"five_thousander":false},"geometry":{"type":"Point","coordinates":[41.887468,43.713922]}},{"type":"Feature","properties":{"id":"hill-0395","category":"rounded_mountain","name":"","elevation_m":1307,"main":false,"five_thousander":false},"geometry":{"type":"Point","coordinates":[41.888702,43.719955]}},{"type":"Feature","properties":{"id":"hill-0396","category":"ridge","name":"","elevation_m":1334,"main":false,"five_thousander":false},"geometry":{"type":"Point","coordinates":[41.915148,43.690024]}},{"type":"Feature","properties":{"id":"hill-0397","category":"rounded_mountain","name":"","elevation_m":1381,"main":false,"five_thousander":false},"geometry":{"type":"Point","coordinates":[41.948032,43.688775]}},{"type":"Feature","properties":{"id":"hill-0398","category":"rounded_mountain","name":"","elevation_m":1408,"main":false,"five_thousander":false},"geometry":{"type":"Point","coordinates":[41.873671,43.731833]}},{"type":"Feature","properties":{"id":"hill-0399","category":"rounded_mountain","name":"","elevation_m":1436,"main":false,"five_thousander":false},"geometry":{"type":"Point","coordinates":[41.970831,43.703622]}},{"type":"Feature","properties":{"id":"hill-0400","category":"rounded_mountain","name":"","elevation_m":1448,"main":false,"five_thousander":false},"geometry":{"type":"Point","coordinates":[41.922712,43.669897]}},{"type":"Feature","properties":{"id":"hill-0401","category":"ridge","name":"","elevation_m":1470,"main":false,"five_thousander":false},"geometry":{"type":"Point","coordinates":[41.876128,43.682848]}},{"type":"Feature","properties":{"id":"hill-0402","category":"rounded_mountain","name":"","elevation_m":1493,"main":false,"five_thousander":false},"geometry":{"type":"Point","coordinates":[41.941252,43.698806]}},{"type":"Feature","properties":{"id":"hill-0403","category":"rounded_mountain","name":"","elevation_m":1499,"main":false,"five_thousander":false},"geometry":{"type":"Point","coordinates":[41.982268,43.714403]}},{"type":"Feature","properties":{"id":"hill-0404","category":"steep_mountain","name":"","elevation_m":1551,"main":false,"five_thousander":false},"geometry":{"type":"Point","coordinates":[41.879808,43.692352]}},{"type":"Feature","properties":{"id":"hill-0405","category":"rounded_mountain","name":"","elevation_m":1570,"main":false,"five_thousander":false},"geometry":{"type":"Point","coordinates":[41.976689,43.709928]}},{"type":"Feature","properties":{"id":"hill-0406","category":"rounded_mountain","name":"","elevation_m":1622,"main":false,"five_thousander":false},"geometry":{"type":"Point","coordinates":[41.997396,43.717419]}},{"type":"Feature","properties":{"id":"hill-0407","category":"ridge","name":"","elevation_m":1748,"main":false,"five_thousander":false},"geometry":{"type":"Point","coordinates":[41.86468,43.668019]}},{"type":"Feature","properties":{"id":"hill-0408","category":"rounded_hill","name":"","elevation_m":1600,"main":false,"five_thousander":false},"geometry":{"type":"Point","coordinates":[41.949846,43.698992]}},{"type":"Feature","properties":{"id":"hill-0409","category":"rounded_mountain","name":"","elevation_m":1793,"main":false,"five_thousander":false},"geometry":{"type":"Point","coordinates":[41.983759,43.727274]}},{"type":"Feature","properties":{"id":"hill-0410","category":"rounded_mountain","name":"","elevation_m":1266,"main":false,"five_thousander":false},"geometry":{"type":"Point","coordinates":[41.942775,43.717481]}},{"type":"Feature","properties":{"id":"hill-0411","category":"rounded_mountain","name":"","elevation_m":1429,"main":false,"five_thousander":false},"geometry":{"type":"Point","coordinates":[41.962527,43.699659]}},{"type":"Feature","properties":{"id":"hill-0412","category":"rounded_mountain","name":"","elevation_m":1507,"main":false,"five_thousander":false},"geometry":{"type":"Point","coordinates":[41.968954,43.724452]}},{"type":"Feature","properties":{"id":"hill-0413","category":"rounded_mountain","name":"","elevation_m":1576,"main":false,"five_thousander":false},"geometry":{"type":"Point","coordinates":[41.983255,43.692771]}},{"type":"Feature","properties":{"id":"hill-0414","category":"rounded_mountain","name":"","elevation_m":1754,"main":false,"five_thousander":false},"geometry":{"type":"Point","coordinates":[42.147868,43.673234]}},{"type":"Feature","properties":{"id":"hill-0415","category":"plateau","name":"","elevation_m":1127,"main":false,"five_thousander":false},"geometry":{"type":"Point","coordinates":[42.589016,43.886504]}},{"type":"Feature","properties":{"id":"hill-0416","category":"rounded_hill","name":"","elevation_m":1719,"main":false,"five_thousander":false},"geometry":{"type":"Point","coordinates":[42.448447,43.83835]}},{"type":"Feature","properties":{"id":"hill-0417","category":"rounded_mountain","name":"","elevation_m":1790,"main":false,"five_thousander":false},"geometry":{"type":"Point","coordinates":[40.896209,43.39068]}},{"type":"Feature","properties":{"id":"hill-0418","category":"rounded_mountain","name":"","elevation_m":1526,"main":false,"five_thousander":false},"geometry":{"type":"Point","coordinates":[40.905629,43.39995]}},{"type":"Feature","properties":{"id":"hill-0419","category":"rounded_hill","name":"","elevation_m":1262,"main":false,"five_thousander":false},"geometry":{"type":"Point","coordinates":[40.857693,43.408064]}},{"type":"Feature","properties":{"id":"hill-0420","category":"rounded_hill","name":"","elevation_m":1183,"main":false,"five_thousander":false},"geometry":{"type":"Point","coordinates":[40.852586,43.420346]}},{"type":"Feature","properties":{"id":"hill-0421","category":"rounded_mountain","name":"","elevation_m":1689,"main":false,"five_thousander":false},"geometry":{"type":"Point","coordinates":[40.867392,43.428778]}},{"type":"Feature","properties":{"id":"hill-0422","category":"rounded_hill","name":"","elevation_m":1063,"main":false,"five_thousander":false},"geometry":{"type":"Point","coordinates":[40.8257,43.429027]}},{"type":"Feature","properties":{"id":"hill-0423","category":"plateau","name":"","elevation_m":858,"main":false,"five_thousander":false},"geometry":{"type":"Point","coordinates":[40.806463,43.444678]}},{"type":"Feature","properties":{"id":"hill-0424","category":"plateau","name":"","elevation_m":1530,"main":false,"five_thousander":false},"geometry":{"type":"Point","coordinates":[42.854447,43.840973]}},{"type":"Feature","properties":{"id":"hill-0425","category":"rounded_mountain","name":"","elevation_m":1271,"main":false,"five_thousander":false},"geometry":{"type":"Point","coordinates":[41.984618,43.667499]}},{"type":"Feature","properties":{"id":"hill-0426","category":"rounded_mountain","name":"","elevation_m":1330,"main":false,"five_thousander":false},"geometry":{"type":"Point","coordinates":[42.019819,43.665683]}},{"type":"Feature","properties":{"id":"hill-0427","category":"rounded_mountain","name":"","elevation_m":1511,"main":false,"five_thousander":false},"geometry":{"type":"Point","coordinates":[41.867609,43.584463]}},{"type":"Feature","properties":{"id":"hill-0428","category":"rounded_mountain","name":"","elevation_m":1542,"main":false,"five_thousander":false},"geometry":{"type":"Point","coordinates":[41.978277,43.674328]}},{"type":"Feature","properties":{"id":"hill-0429","category":"rounded_mountain","name":"","elevation_m":1537,"main":false,"five_thousander":false},"geometry":{"type":"Point","coordinates":[41.993212,43.620971]}},{"type":"Feature","properties":{"id":"hill-0430","category":"rounded_mountain","name":"","elevation_m":1625,"main":false,"five_thousander":false},"geometry":{"type":"Point","coordinates":[41.884164,43.586865]}},{"type":"Feature","properties":{"id":"hill-0431","category":"rounded_mountain","name":"","elevation_m":1662,"main":false,"five_thousander":false},"geometry":{"type":"Point","coordinates":[41.903261,43.587424]}},{"type":"Feature","properties":{"id":"hill-0432","category":"steep_mountain","name":"","elevation_m":1649,"main":false,"five_thousander":false},"geometry":{"type":"Point","coordinates":[41.85953,43.577243]}},{"type":"Feature","properties":{"id":"hill-0433","category":"rounded_mountain","name":"","elevation_m":1731,"main":false,"five_thousander":false},"geometry":{"type":"Point","coordinates":[41.947689,43.583538]}},{"type":"Feature","properties":{"id":"hill-0434","category":"rounded_mountain","name":"","elevation_m":1767,"main":false,"five_thousander":false},"geometry":{"type":"Point","coordinates":[42.080534,43.588193]}},{"type":"Feature","properties":{"id":"hill-0435","category":"rounded_mountain","name":"","elevation_m":1544,"main":false,"five_thousander":false},"geometry":{"type":"Point","coordinates":[42.136838,43.53143]}},{"type":"Feature","properties":{"id":"hill-0436","category":"rounded_mountain","name":"","elevation_m":1598,"main":false,"five_thousander":false},"geometry":{"type":"Point","coordinates":[42.078753,43.547382]}},{"type":"Feature","properties":{"id":"hill-0437","category":"rounded_hill","name":"","elevation_m":1390,"main":false,"five_thousander":false},"geometry":{"type":"Point","coordinates":[42.788562,43.886813]}},{"type":"Feature","properties":{"id":"hill-0438","category":"plateau","name":"","elevation_m":1626,"main":false,"five_thousander":false},"geometry":{"type":"Point","coordinates":[42.508367,43.848502]}},{"type":"Feature","properties":{"id":"hill-0439","category":"rounded_hill","name":"","elevation_m":1029,"main":false,"five_thousander":false},"geometry":{"type":"Point","coordinates":[41.932325,43.954209]}},{"type":"Feature","properties":{"id":"hill-0440","category":"plateau","name":"","elevation_m":1556,"main":false,"five_thousander":false},"geometry":{"type":"Point","coordinates":[41.792475,43.907416]}},{"type":"Feature","properties":{"id":"hill-0441","category":"rounded_hill","name":"","elevation_m":943,"main":false,"five_thousander":false},"geometry":{"type":"Point","coordinates":[41.877995,43.973955]}},{"type":"Feature","properties":{"id":"hill-0442","category":"rounded_hill","name":"","elevation_m":993,"main":false,"five_thousander":false},"geometry":{"type":"Point","coordinates":[43.164006,43.510332]}},{"type":"Feature","properties":{"id":"hill-0443","category":"rounded_mountain","name":"","elevation_m":1402,"main":false,"five_thousander":false},"geometry":{"type":"Point","coordinates":[43.004984,43.46731]}},{"type":"Feature","properties":{"id":"hill-0444","category":"plateau","name":"","elevation_m":621,"main":false,"five_thousander":false},"geometry":{"type":"Point","coordinates":[43.599608,43.460247]}},{"type":"Feature","properties":{"id":"hill-0445","category":"rounded_hill","name":"","elevation_m":997,"main":false,"five_thousander":false},"geometry":{"type":"Point","coordinates":[43.609951,43.417159]}},{"type":"Feature","properties":{"id":"hill-0446","category":"rounded_hill","name":"","elevation_m":1008,"main":false,"five_thousander":false},"geometry":{"type":"Point","coordinates":[43.599511,43.287984]}},{"type":"Feature","properties":{"id":"hill-0447","category":"rounded_hill","name":"","elevation_m":1067,"main":false,"five_thousander":false},"geometry":{"type":"Point","coordinates":[43.530546,43.267448]}},{"type":"Feature","properties":{"id":"hill-0448","category":"rounded_mountain","name":"","elevation_m":1413,"main":false,"five_thousander":false},"geometry":{"type":"Point","coordinates":[43.514249,43.223434]}},{"type":"Feature","properties":{"id":"hill-0449","category":"rounded_mountain","name":"","elevation_m":1725,"main":false,"five_thousander":false},"geometry":{"type":"Point","coordinates":[43.500023,43.20832]}},{"type":"Feature","properties":{"id":"hill-0450","category":"plateau","name":"","elevation_m":1574,"main":false,"five_thousander":false},"geometry":{"type":"Point","coordinates":[43.44316,43.317107]}},{"type":"Feature","properties":{"id":"hill-0451","category":"plateau","name":"","elevation_m":887,"main":false,"five_thousander":false},"geometry":{"type":"Point","coordinates":[42.720047,43.899183]}},{"type":"Feature","properties":{"id":"hill-0452","category":"plateau","name":"","elevation_m":912,"main":false,"five_thousander":false},"geometry":{"type":"Point","coordinates":[42.713342,43.890455]}},{"type":"Feature","properties":{"id":"hill-0453","category":"plateau","name":"","elevation_m":900,"main":false,"five_thousander":false},"geometry":{"type":"Point","coordinates":[42.723792,43.892395]}},{"type":"Feature","properties":{"id":"hill-0454","category":"plateau","name":"","elevation_m":851,"main":false,"five_thousander":false},"geometry":{"type":"Point","coordinates":[42.693686,43.94151]}},{"type":"Feature","properties":{"id":"hill-0455","category":"massif","name":"","elevation_m":1787,"main":false,"five_thousander":false},"geometry":{"type":"Point","coordinates":[43.419803,43.104892]}},{"type":"Feature","properties":{"id":"hill-0456","category":"rounded_hill","name":"","elevation_m":1075,"main":false,"five_thousander":false},"geometry":{"type":"Point","coordinates":[42.537668,43.943217]}},{"type":"Feature","properties":{"id":"hill-0457","category":"plateau","name":"","elevation_m":1472,"main":false,"five_thousander":false},"geometry":{"type":"Point","coordinates":[42.559887,43.858181]}},{"type":"Feature","properties":{"id":"hill-0458","category":"plateau","name":"","elevation_m":1228,"main":false,"five_thousander":false},"geometry":{"type":"Point","coordinates":[40.943878,43.916088]}},{"type":"Feature","properties":{"id":"hill-0459","category":"plateau","name":"","elevation_m":1283,"main":false,"five_thousander":false},"geometry":{"type":"Point","coordinates":[40.985259,43.917595]}},{"type":"Feature","properties":{"id":"hill-0460","category":"plateau","name":"","elevation_m":1140,"main":false,"five_thousander":false},"geometry":{"type":"Point","coordinates":[40.951967,43.91901]}},{"type":"Feature","properties":{"id":"hill-0461","category":"plateau","name":"","elevation_m":1203,"main":false,"five_thousander":false},"geometry":{"type":"Point","coordinates":[40.998605,43.92081]}},{"type":"Feature","properties":{"id":"hill-0462","category":"plateau","name":"","elevation_m":1199,"main":false,"five_thousander":false},"geometry":{"type":"Point","coordinates":[40.947826,43.922101]}},{"type":"Feature","properties":{"id":"hill-0463","category":"plateau","name":"","elevation_m":1147,"main":false,"five_thousander":false},"geometry":{"type":"Point","coordinates":[40.986804,43.925447]}},{"type":"Feature","properties":{"id":"hill-0464","category":"rounded_hill","name":"","elevation_m":1092,"main":false,"five_thousander":false},"geometry":{"type":"Point","coordinates":[40.96732,43.928661]}},{"type":"Feature","properties":{"id":"hill-0465","category":"plateau","name":"","elevation_m":1239,"main":false,"five_thousander":false},"geometry":{"type":"Point","coordinates":[40.999035,43.92965]}},{"type":"Feature","properties":{"id":"hill-0466","category":"rounded_mountain","name":"","elevation_m":917,"main":false,"five_thousander":false},"geometry":{"type":"Point","coordinates":[40.96217,43.930701]}},{"type":"Feature","properties":{"id":"hill-0467","category":"plateau","name":"","elevation_m":1078,"main":false,"five_thousander":false},"geometry":{"type":"Point","coordinates":[40.940616,43.932316]}},{"type":"Feature","properties":{"id":"hill-0468","category":"plateau","name":"","elevation_m":1121,"main":false,"five_thousander":false},"geometry":{"type":"Point","coordinates":[40.970432,43.936133]}},{"type":"Feature","properties":{"id":"hill-0469","category":"rounded_hill","name":"","elevation_m":1028,"main":false,"five_thousander":false},"geometry":{"type":"Point","coordinates":[40.962653,43.93682]}},{"type":"Feature","properties":{"id":"hill-0470","category":"plateau","name":"","elevation_m":1204,"main":false,"five_thousander":false},"geometry":{"type":"Point","coordinates":[40.980924,43.937523]}},{"type":"Feature","properties":{"id":"hill-0471","category":"plateau","name":"","elevation_m":1121,"main":false,"five_thousander":false},"geometry":{"type":"Point","coordinates":[40.991117,43.93886]}},{"type":"Feature","properties":{"id":"hill-0472","category":"plateau","name":"","elevation_m":986,"main":false,"five_thousander":false},"geometry":{"type":"Point","coordinates":[40.959992,43.941858]}},{"type":"Feature","properties":{"id":"hill-0473","category":"plateau","name":"","elevation_m":1041,"main":false,"five_thousander":false},"geometry":{"type":"Point","coordinates":[40.998412,43.943897]}},{"type":"Feature","properties":{"id":"hill-0474","category":"plateau","name":"","elevation_m":1071,"main":false,"five_thousander":false},"geometry":{"type":"Point","coordinates":[40.982866,43.944129]}},{"type":"Feature","properties":{"id":"hill-0475","category":"plateau","name":"","elevation_m":1091,"main":false,"five_thousander":false},"geometry":{"type":"Point","coordinates":[40.990344,43.945589]}},{"type":"Feature","properties":{"id":"hill-0476","category":"plateau","name":"","elevation_m":1048,"main":false,"five_thousander":false},"geometry":{"type":"Point","coordinates":[40.991932,43.950262]}},{"type":"Feature","properties":{"id":"hill-0477","category":"rounded_hill","name":"","elevation_m":941,"main":false,"five_thousander":false},"geometry":{"type":"Point","coordinates":[40.9679,43.953012]}},{"type":"Feature","properties":{"id":"hill-0478","category":"plateau","name":"","elevation_m":1000,"main":false,"five_thousander":false},"geometry":{"type":"Point","coordinates":[40.97777,43.953243]}},{"type":"Feature","properties":{"id":"hill-0479","category":"plateau","name":"","elevation_m":1072,"main":false,"five_thousander":false},"geometry":{"type":"Point","coordinates":[40.983757,43.955452]}},{"type":"Feature","properties":{"id":"hill-0480","category":"rounded_mountain","name":"","elevation_m":1646,"main":false,"five_thousander":false},"geometry":{"type":"Point","coordinates":[42.14275,43.697797]}},{"type":"Feature","properties":{"id":"hill-0481","category":"rounded_mountain","name":"","elevation_m":1688,"main":false,"five_thousander":false},"geometry":{"type":"Point","coordinates":[43.419846,43.271066]}},{"type":"Feature","properties":{"id":"hill-0482","category":"ridge","name":"","elevation_m":1656,"main":false,"five_thousander":false},"geometry":{"type":"Point","coordinates":[42.152921,43.645656]}},{"type":"Feature","properties":{"id":"hill-0483","category":"plateau","name":"","elevation_m":586,"main":false,"five_thousander":false},"geometry":{"type":"Point","coordinates":[42.912061,44.056166]}},{"type":"Feature","properties":{"id":"hill-0484","category":"plateau","name":"","elevation_m":966,"main":false,"five_thousander":false},"geometry":{"type":"Point","coordinates":[43.042374,43.754497]}},{"type":"Feature","properties":{"id":"hill-0485","category":"plateau","name":"","elevation_m":993,"main":false,"five_thousander":false},"geometry":{"type":"Point","coordinates":[43.019639,43.768212]}},{"type":"Feature","properties":{"id":"hill-0486","category":"rounded_hill","name":"","elevation_m":1276,"main":false,"five_thousander":false},"geometry":{"type":"Point","coordinates":[42.88481,43.793503]}},{"type":"Feature","properties":{"id":"hill-0487","category":"plateau","name":"","elevation_m":1475,"main":false,"five_thousander":false},"geometry":{"type":"Point","coordinates":[42.879521,43.773464]}},{"type":"Feature","properties":{"id":"hill-0488","category":"plateau","name":"","elevation_m":981,"main":false,"five_thousander":false},"geometry":{"type":"Point","coordinates":[41.099274,44.088857]}},{"type":"Feature","properties":{"id":"hill-0489","category":"rounded_mountain","name":"","elevation_m":1743,"main":false,"five_thousander":false},"geometry":{"type":"Point","coordinates":[42.149831,43.71158]}},{"type":"Feature","properties":{"id":"hill-0490","category":"plateau","name":"","elevation_m":919,"main":false,"five_thousander":false},"geometry":{"type":"Point","coordinates":[41.219094,44.089404]}},{"type":"Feature","properties":{"id":"hill-0491","category":"plateau","name":"","elevation_m":927,"main":false,"five_thousander":false},"geometry":{"type":"Point","coordinates":[41.153927,44.085057]}},{"type":"Feature","properties":{"id":"hill-0492","category":"plateau","name":"","elevation_m":1633,"main":false,"five_thousander":false},"geometry":{"type":"Point","coordinates":[41.121397,44.018203]}},{"type":"Feature","properties":{"id":"hill-0493","category":"plateau","name":"","elevation_m":1271,"main":false,"five_thousander":false},"geometry":{"type":"Point","coordinates":[41.156888,44.048725]}},{"type":"Feature","properties":{"id":"hill-0494","category":"plateau","name":"","elevation_m":1271,"main":false,"five_thousander":false},"geometry":{"type":"Point","coordinates":[41.127663,44.054539]}},{"type":"Feature","properties":{"id":"hill-0495","category":"rounded_hill","name":"","elevation_m":1033,"main":false,"five_thousander":false},"geometry":{"type":"Point","coordinates":[41.038699,44.062827]}},{"type":"Feature","properties":{"id":"hill-0496","category":"plateau","name":"","elevation_m":1256,"main":false,"five_thousander":false},"geometry":{"type":"Point","coordinates":[41.192518,44.041175]}},{"type":"Feature","properties":{"id":"hill-0497","category":"plateau","name":"","elevation_m":1353,"main":false,"five_thousander":false},"geometry":{"type":"Point","coordinates":[41.190587,44.034095]}},{"type":"Feature","properties":{"id":"hill-0498","category":"plateau","name":"","elevation_m":1346,"main":false,"five_thousander":false},"geometry":{"type":"Point","coordinates":[41.120024,44.049766]}},{"type":"Feature","properties":{"id":"hill-0499","category":"plateau","name":"","elevation_m":1286,"main":false,"five_thousander":false},"geometry":{"type":"Point","coordinates":[41.176962,44.042216]}},{"type":"Feature","properties":{"id":"hill-0500","category":"plateau","name":"","elevation_m":1437,"main":false,"five_thousander":false},"geometry":{"type":"Point","coordinates":[41.159828,44.029721]}},{"type":"Feature","properties":{"id":"hill-0501","category":"plateau","name":"","elevation_m":1378,"main":false,"five_thousander":false},"geometry":{"type":"Point","coordinates":[41.137812,44.043782]}},{"type":"Feature","properties":{"id":"hill-0502","category":"rounded_hill","name":"","elevation_m":1352,"main":false,"five_thousander":false},"geometry":{"type":"Point","coordinates":[41.162263,44.040774]}},{"type":"Feature","properties":{"id":"hill-0503","category":"rounded_hill","name":"","elevation_m":1542,"main":false,"five_thousander":false},"geometry":{"type":"Point","coordinates":[41.159559,44.01727]}},{"type":"Feature","properties":{"id":"hill-0504","category":"plateau","name":"","elevation_m":1528,"main":false,"five_thousander":false},"geometry":{"type":"Point","coordinates":[41.131901,44.027415]}},{"type":"Feature","properties":{"id":"hill-0505","category":"rounded_hill","name":"","elevation_m":992,"main":false,"five_thousander":false},"geometry":{"type":"Point","coordinates":[40.968286,43.962967]}},{"type":"Feature","properties":{"id":"hill-0506","category":"plateau","name":"","elevation_m":1528,"main":false,"five_thousander":false},"geometry":{"type":"Point","coordinates":[41.167628,44.018543]}},{"type":"Feature","properties":{"id":"hill-0507","category":"plateau","name":"","elevation_m":1131,"main":false,"five_thousander":false},"geometry":{"type":"Point","coordinates":[41.025041,44.009469]}},{"type":"Feature","properties":{"id":"hill-0508","category":"plateau","name":"","elevation_m":1149,"main":false,"five_thousander":false},"geometry":{"type":"Point","coordinates":[41.075478,44.05945]}},{"type":"Feature","properties":{"id":"hill-0509","category":"plateau","name":"","elevation_m":1147,"main":false,"five_thousander":false},"geometry":{"type":"Point","coordinates":[41.038764,44.011444]}},{"type":"Feature","properties":{"id":"hill-0510","category":"rocky_ridge","name":"","elevation_m":1539,"main":false,"five_thousander":false},"geometry":{"type":"Point","coordinates":[40.939189,43.796709]}},{"type":"Feature","properties":{"id":"hill-0511","category":"plateau","name":"","elevation_m":1093,"main":false,"five_thousander":false},"geometry":{"type":"Point","coordinates":[41.172541,44.06201]}},{"type":"Feature","properties":{"id":"hill-0512","category":"rounded_hill","name":"","elevation_m":1062,"main":false,"five_thousander":false},"geometry":{"type":"Point","coordinates":[41.048151,43.993015]}},{"type":"Feature","properties":{"id":"hill-0513","category":"plateau","name":"","elevation_m":1191,"main":false,"five_thousander":false},"geometry":{"type":"Point","coordinates":[41.18871,44.050684]}},{"type":"Feature","properties":{"id":"hill-0514","category":"plateau","name":"","elevation_m":1139,"main":false,"five_thousander":false},"geometry":{"type":"Point","coordinates":[41.211519,44.054462]}},{"type":"Feature","properties":{"id":"hill-0515","category":"plateau","name":"","elevation_m":1100,"main":false,"five_thousander":false},"geometry":{"type":"Point","coordinates":[41.204878,44.060144]}},{"type":"Feature","properties":{"id":"hill-0516","category":"plateau","name":"","elevation_m":1106,"main":false,"five_thousander":false},"geometry":{"type":"Point","coordinates":[41.112438,43.907548]}},{"type":"Feature","properties":{"id":"hill-0517","category":"plateau","name":"","elevation_m":1107,"main":false,"five_thousander":false},"geometry":{"type":"Point","coordinates":[41.191049,44.059759]}},{"type":"Feature","properties":{"id":"hill-0518","category":"plateau","name":"","elevation_m":1267,"main":false,"five_thousander":false},"geometry":{"type":"Point","coordinates":[41.062614,44.02051]}},{"type":"Feature","properties":{"id":"hill-0519","category":"plateau","name":"","elevation_m":1311,"main":false,"five_thousander":false},"geometry":{"type":"Point","coordinates":[41.004431,43.923878]}},{"type":"Feature","properties":{"id":"hill-0520","category":"rounded_mountain","name":"","elevation_m":1286,"main":false,"five_thousander":false},"geometry":{"type":"Point","coordinates":[41.070457,44.043774]}},{"type":"Feature","properties":{"id":"hill-0521","category":"plateau","name":"","elevation_m":1338,"main":false,"five_thousander":false},"geometry":{"type":"Point","coordinates":[41.057035,43.922649]}},{"type":"Feature","properties":{"id":"hill-0522","category":"plateau","name":"","elevation_m":1310,"main":false,"five_thousander":false},"geometry":{"type":"Point","coordinates":[41.081389,44.027199]}},{"type":"Feature","properties":{"id":"hill-0523","category":"plateau","name":"","elevation_m":1166,"main":false,"five_thousander":false},"geometry":{"type":"Point","coordinates":[40.999335,43.93859]}},{"type":"Feature","properties":{"id":"hill-0524","category":"plateau","name":"","elevation_m":1220,"main":false,"five_thousander":false},"geometry":{"type":"Point","coordinates":[41.009345,44.019499]}},{"type":"Feature","properties":{"id":"hill-0525","category":"plateau","name":"","elevation_m":1229,"main":false,"five_thousander":false},"geometry":{"type":"Point","coordinates":[40.988456,44.0251]}},{"type":"Feature","properties":{"id":"hill-0526","category":"plateau","name":"","elevation_m":1218,"main":false,"five_thousander":false},"geometry":{"type":"Point","coordinates":[41.001191,44.009361]}},{"type":"Feature","properties":{"id":"hill-0527","category":"plateau","name":"","elevation_m":1248,"main":false,"five_thousander":false},"geometry":{"type":"Point","coordinates":[41.050951,44.001845]}},{"type":"Feature","properties":{"id":"hill-0528","category":"rounded_hill","name":"","elevation_m":1401,"main":false,"five_thousander":false},"geometry":{"type":"Point","coordinates":[41.044439,43.925717]}},{"type":"Feature","properties":{"id":"hill-0529","category":"rounded_hill","name":"","elevation_m":1416,"main":false,"five_thousander":false},"geometry":{"type":"Point","coordinates":[41.050318,44.050807]}},{"type":"Feature","properties":{"id":"hill-0530","category":"rounded_hill","name":"","elevation_m":1428,"main":false,"five_thousander":false},"geometry":{"type":"Point","coordinates":[41.042422,44.031966]}},{"type":"Feature","properties":{"id":"hill-0531","category":"plateau","name":"","elevation_m":980,"main":false,"five_thousander":false},"geometry":{"type":"Point","coordinates":[41.083782,44.093041]}},{"type":"Feature","properties":{"id":"hill-0532","category":"steep_mountain","name":"","elevation_m":1691,"main":false,"five_thousander":false},"geometry":{"type":"Point","coordinates":[41.400905,43.624776]}},{"type":"Feature","properties":{"id":"hill-0533","category":"plateau","name":"","elevation_m":1391,"main":false,"five_thousander":false},"geometry":{"type":"Point","coordinates":[41.186435,43.822824]}},{"type":"Feature","properties":{"id":"hill-0534","category":"rounded_hill","name":"","elevation_m":1498,"main":false,"five_thousander":false},"geometry":{"type":"Point","coordinates":[41.22596,43.772426]}},{"type":"Feature","properties":{"id":"hill-0535","category":"plateau","name":"","elevation_m":1323,"main":false,"five_thousander":false},"geometry":{"type":"Point","coordinates":[41.283242,43.792031]}},{"type":"Feature","properties":{"id":"hill-0536","category":"plateau","name":"","elevation_m":1186,"main":false,"five_thousander":false},"geometry":{"type":"Point","coordinates":[41.286138,43.807612]}},{"type":"Feature","properties":{"id":"hill-0537","category":"steep_mountain","name":"","elevation_m":1573,"main":false,"five_thousander":false},"geometry":{"type":"Point","coordinates":[41.150236,43.772194]}},{"type":"Feature","properties":{"id":"hill-0538","category":"plateau","name":"","elevation_m":1583,"main":false,"five_thousander":false},"geometry":{"type":"Point","coordinates":[41.265453,43.760804]}},{"type":"Feature","properties":{"id":"hill-0539","category":"rocky_peak","name":"","elevation_m":1572,"main":false,"five_thousander":false},"geometry":{"type":"Point","coordinates":[40.865428,43.786997]}},{"type":"Feature","properties":{"id":"hill-0540","category":"ridge","name":"","elevation_m":1798,"main":false,"five_thousander":false},"geometry":{"type":"Point","coordinates":[42.153962,43.565055]}},{"type":"Feature","properties":{"id":"hill-0541","category":"rounded_mountain","name":"","elevation_m":1755,"main":false,"five_thousander":false},"geometry":{"type":"Point","coordinates":[42.222508,43.533834]}},{"type":"Feature","properties":{"id":"hill-0542","category":"plateau","name":"","elevation_m":969,"main":false,"five_thousander":false},"geometry":{"type":"Point","coordinates":[41.231979,44.073381]}},{"type":"Feature","properties":{"id":"hill-0543","category":"rounded_mountain","name":"","elevation_m":1486,"main":false,"five_thousander":false},"geometry":{"type":"Point","coordinates":[42.141162,43.656742]}},{"type":"Feature","properties":{"id":"hill-0544","category":"steep_mountain","name":"","elevation_m":1733,"main":false,"five_thousander":false},"geometry":{"type":"Point","coordinates":[42.145818,43.574251]}},{"type":"Feature","properties":{"id":"hill-0545","category":"steep_mountain","name":"","elevation_m":1669,"main":false,"five_thousander":false},"geometry":{"type":"Point","coordinates":[42.206994,43.542288]}},{"type":"Feature","properties":{"id":"hill-0546","category":"rounded_mountain","name":"","elevation_m":1627,"main":false,"five_thousander":false},"geometry":{"type":"Point","coordinates":[42.17411,43.54812]}},{"type":"Feature","properties":{"id":"hill-0547","category":"rocky_peak","name":"","elevation_m":1577,"main":false,"five_thousander":false},"geometry":{"type":"Point","coordinates":[42.167233,43.556363]}},{"type":"Feature","properties":{"id":"hill-0548","category":"steep_mountain","name":"","elevation_m":1582,"main":false,"five_thousander":false},"geometry":{"type":"Point","coordinates":[42.173231,43.577997]}},{"type":"Feature","properties":{"id":"hill-0549","category":"steep_mountain","name":"","elevation_m":1514,"main":false,"five_thousander":false},"geometry":{"type":"Point","coordinates":[42.14201,43.586157]}},{"type":"Feature","properties":{"id":"hill-0550","category":"rounded_mountain","name":"","elevation_m":1535,"main":false,"five_thousander":false},"geometry":{"type":"Point","coordinates":[42.198894,43.534791]}},{"type":"Feature","properties":{"id":"hill-0551","category":"plateau","name":"","elevation_m":988,"main":false,"five_thousander":false},"geometry":{"type":"Point","coordinates":[41.251259,44.067484]}},{"type":"Feature","properties":{"id":"hill-0552","category":"plateau","name":"","elevation_m":983,"main":false,"five_thousander":false},"geometry":{"type":"Point","coordinates":[41.244382,44.065317]}},{"type":"Feature","properties":{"id":"hill-0553","category":"plateau","name":"","elevation_m":1783,"main":false,"five_thousander":false},"geometry":{"type":"Point","coordinates":[41.317799,43.735561]}},{"type":"Feature","properties":{"id":"hill-0554","category":"rounded_mountain","name":"","elevation_m":1433,"main":false,"five_thousander":false},"geometry":{"type":"Point","coordinates":[42.15777,43.667484]}},{"type":"Feature","properties":{"id":"hill-0555","category":"ridge","name":"","elevation_m":1657,"main":false,"five_thousander":false},"geometry":{"type":"Point","coordinates":[42.130476,43.674189]}},{"type":"Feature","properties":{"id":"hill-0556","category":"rounded_hill","name":"","elevation_m":1663,"main":false,"five_thousander":false},"geometry":{"type":"Point","coordinates":[40.858347,43.946523]}},{"type":"Feature","properties":{"id":"hill-0557","category":"rounded_hill","name":"","elevation_m":1759,"main":false,"five_thousander":false},"geometry":{"type":"Point","coordinates":[40.994142,43.899462]}},{"type":"Feature","properties":{"id":"hill-0558","category":"plateau","name":"","elevation_m":1132,"main":false,"five_thousander":false},"geometry":{"type":"Point","coordinates":[41.120646,43.958488]}},{"type":"Feature","properties":{"id":"hill-0559","category":"plateau","name":"","elevation_m":1212,"main":false,"five_thousander":false},"geometry":{"type":"Point","coordinates":[41.131235,43.923005]}},{"type":"Feature","properties":{"id":"hill-0560","category":"ridge","name":"","elevation_m":1668,"main":false,"five_thousander":false},"geometry":{"type":"Point","coordinates":[42.126228,43.662858]}},{"type":"Feature","properties":{"id":"hill-0561","category":"rounded_hill","name":"","elevation_m":1430,"main":false,"five_thousander":false},"geometry":{"type":"Point","coordinates":[40.969927,43.898952]}},{"type":"Feature","properties":{"id":"hill-0562","category":"rounded_hill","name":"","elevation_m":1468,"main":false,"five_thousander":false},"geometry":{"type":"Point","coordinates":[41.011448,43.898665]}},{"type":"Feature","properties":{"id":"hill-0563","category":"rounded_mountain","name":"","elevation_m":1542,"main":false,"five_thousander":false},"geometry":{"type":"Point","coordinates":[40.765618,43.453277]}},{"type":"Feature","properties":{"id":"hill-0564","category":"plateau","name":"","elevation_m":1608,"main":false,"five_thousander":false},"geometry":{"type":"Point","coordinates":[41.362495,43.733732]}},{"type":"Feature","properties":{"id":"hill-0565","category":"plateau","name":"","elevation_m":1348,"main":false,"five_thousander":false},"geometry":{"type":"Point","coordinates":[41.166909,43.871307]}},{"type":"Feature","properties":{"id":"hill-0566","category":"plateau","name":"","elevation_m":909,"main":false,"five_thousander":false},"geometry":{"type":"Point","coordinates":[41.243116,44.087053]}},{"type":"Feature","properties":{"id":"hill-0567","category":"plateau","name":"","elevation_m":887,"main":false,"five_thousander":false},"geometry":{"type":"Point","coordinates":[41.255111,44.086075]}},{"type":"Feature","properties":{"id":"hill-0568","category":"plateau","name":"","elevation_m":885,"main":false,"five_thousander":false},"geometry":{"type":"Point","coordinates":[41.269187,44.084942]}},{"type":"Feature","properties":{"id":"hill-0569","category":"plateau","name":"","elevation_m":865,"main":false,"five_thousander":false},"geometry":{"type":"Point","coordinates":[41.68317,44.102002]}},{"type":"Feature","properties":{"id":"hill-0570","category":"plateau","name":"","elevation_m":745,"main":false,"five_thousander":false},"geometry":{"type":"Point","coordinates":[41.615052,44.110669]}},{"type":"Feature","properties":{"id":"hill-0571","category":"rounded_hill","name":"","elevation_m":1681,"main":false,"five_thousander":false},"geometry":{"type":"Point","coordinates":[41.094317,44.02007]}},{"type":"Feature","properties":{"id":"hill-0572","category":"plateau","name":"","elevation_m":788,"main":false,"five_thousander":false},"geometry":{"type":"Point","coordinates":[41.675402,44.119511]}},{"type":"Feature","properties":{"id":"hill-0573","category":"plateau","name":"","elevation_m":800,"main":false,"five_thousander":false},"geometry":{"type":"Point","coordinates":[41.704144,44.131317]}},{"type":"Feature","properties":{"id":"hill-0574","category":"plateau","name":"","elevation_m":1453,"main":false,"five_thousander":false},"geometry":{"type":"Point","coordinates":[41.116076,44.039825]}},{"type":"Feature","properties":{"id":"hill-0575","category":"plateau","name":"","elevation_m":1183,"main":false,"five_thousander":false},"geometry":{"type":"Point","coordinates":[41.138467,44.062326]}},{"type":"Feature","properties":{"id":"hill-0576","category":"plateau","name":"","elevation_m":1238,"main":false,"five_thousander":false},"geometry":{"type":"Point","coordinates":[41.108479,44.06245]}},{"type":"Feature","properties":{"id":"hill-0577","category":"plateau","name":"","elevation_m":1594,"main":false,"five_thousander":false},"geometry":{"type":"Point","coordinates":[41.104896,44.02716]}},{"type":"Feature","properties":{"id":"hill-0578","category":"rounded_hill","name":"","elevation_m":1668,"main":false,"five_thousander":false},"geometry":{"type":"Point","coordinates":[41.110969,44.015511]}},{"type":"Feature","properties":{"id":"hill-0579","category":"plateau","name":"","elevation_m":1501,"main":false,"five_thousander":false},"geometry":{"type":"Point","coordinates":[41.097268,44.037612]}},{"type":"Feature","properties":{"id":"hill-0580","category":"plateau","name":"","elevation_m":1021,"main":false,"five_thousander":false},"geometry":{"type":"Point","coordinates":[41.698244,44.106077]}},{"type":"Feature","properties":{"id":"hill-0581","category":"plateau","name":"","elevation_m":1121,"main":false,"five_thousander":false},"geometry":{"type":"Point","coordinates":[41.568339,44.104783]}},{"type":"Feature","properties":{"id":"hill-0582","category":"plateau","name":"","elevation_m":1073,"main":false,"five_thousander":false},"geometry":{"type":"Point","coordinates":[41.699241,44.091708]}},{"type":"Feature","properties":{"id":"hill-0583","category":"plateau","name":"","elevation_m":934,"main":false,"five_thousander":false},"geometry":{"type":"Point","coordinates":[41.699574,44.115267]}},{"type":"Feature","properties":{"id":"hill-0584","category":"plateau","name":"","elevation_m":1094,"main":false,"five_thousander":false},"geometry":{"type":"Point","coordinates":[41.539446,44.005472]}},{"type":"Feature","properties":{"id":"hill-0585","category":"plateau","name":"","elevation_m":1125,"main":false,"five_thousander":false},"geometry":{"type":"Point","coordinates":[41.508096,44.007586]}},{"type":"Feature","properties":{"id":"hill-0586","category":"plateau","name":"","elevation_m":849,"main":false,"five_thousander":false},"geometry":{"type":"Point","coordinates":[41.226432,43.926969]}},{"type":"Feature","properties":{"id":"hill-0587","category":"rounded_hill","name":"","elevation_m":1228,"main":false,"five_thousander":false},"geometry":{"type":"Point","coordinates":[41.694489,44.05585]}},{"type":"Feature","properties":{"id":"hill-0588","category":"plateau","name":"","elevation_m":1615,"main":false,"five_thousander":false},"geometry":{"type":"Point","coordinates":[41.382354,43.73667]}},{"type":"Feature","properties":{"id":"hill-0589","category":"rounded_mountain","name":"","elevation_m":1371,"main":false,"five_thousander":false},"geometry":{"type":"Point","coordinates":[41.396356,43.727212]}},{"type":"Feature","properties":{"id":"hill-0590","category":"plateau","name":"","elevation_m":1496,"main":false,"five_thousander":false},"geometry":{"type":"Point","coordinates":[41.409563,43.975337]}},{"type":"Feature","properties":{"id":"hill-0591","category":"plateau","name":"","elevation_m":1333,"main":false,"five_thousander":false},"geometry":{"type":"Point","coordinates":[41.471179,43.981946]}},{"type":"Feature","properties":{"id":"hill-0592","category":"plateau","name":"","elevation_m":1334,"main":false,"five_thousander":false},"geometry":{"type":"Point","coordinates":[41.430387,43.994459]}},{"type":"Feature","properties":{"id":"hill-0593","category":"ridge","name":"","elevation_m":1164,"main":false,"five_thousander":false},"geometry":{"type":"Point","coordinates":[41.045984,44.072618]}},{"type":"Feature","properties":{"id":"hill-0594","category":"rounded_hill","name":"","elevation_m":1713,"main":false,"five_thousander":false},"geometry":{"type":"Point","coordinates":[42.006741,43.637411]}},{"type":"Feature","properties":{"id":"hill-0595","category":"plateau","name":"","elevation_m":1660,"main":false,"five_thousander":false},"geometry":{"type":"Point","coordinates":[40.906831,43.89323]}},{"type":"Feature","properties":{"id":"hill-0596","category":"plateau","name":"","elevation_m":1036,"main":false,"five_thousander":false},"geometry":{"type":"Point","coordinates":[40.950658,43.937446]}},{"type":"Feature","properties":{"id":"hill-0597","category":"steep_mountain","name":"","elevation_m":1667,"main":false,"five_thousander":false},"geometry":{"type":"Point","coordinates":[41.750085,43.423027]}},{"type":"Feature","properties":{"id":"hill-0598","category":"rounded_hill","name":"","elevation_m":1258,"main":false,"five_thousander":false},"geometry":{"type":"Point","coordinates":[41.1054,43.828606]}},{"type":"Feature","properties":{"id":"hill-0599","category":"rounded_hill","name":"","elevation_m":1399,"main":false,"five_thousander":false},"geometry":{"type":"Point","coordinates":[41.127437,43.824558]}},{"type":"Feature","properties":{"id":"hill-0600","category":"rounded_hill","name":"","elevation_m":1359,"main":false,"five_thousander":false},"geometry":{"type":"Point","coordinates":[41.140956,43.831625]}},{"type":"Feature","properties":{"id":"hill-0601","category":"rounded_hill","name":"","elevation_m":1477,"main":false,"five_thousander":false},"geometry":{"type":"Point","coordinates":[41.067506,43.840068]}},{"type":"Feature","properties":{"id":"hill-0602","category":"rounded_hill","name":"","elevation_m":1488,"main":false,"five_thousander":false},"geometry":{"type":"Point","coordinates":[41.151341,43.81235]}},{"type":"Feature","properties":{"id":"hill-0603","category":"rounded_hill","name":"","elevation_m":1577,"main":false,"five_thousander":false},"geometry":{"type":"Point","coordinates":[41.11791,43.81482]}},{"type":"Feature","properties":{"id":"hill-0604","category":"rocky_peak","name":"","elevation_m":1734,"main":false,"five_thousander":false},"geometry":{"type":"Point","coordinates":[40.906616,43.839681]}},{"type":"Feature","properties":{"id":"hill-0605","category":"rounded_hill","name":"","elevation_m":1698,"main":false,"five_thousander":false},"geometry":{"type":"Point","coordinates":[41.040523,43.825734]}},{"type":"Feature","properties":{"id":"hill-0606","category":"plateau","name":"","elevation_m":931,"main":false,"five_thousander":false},"geometry":{"type":"Point","coordinates":[41.285774,44.064654]}},{"type":"Feature","properties":{"id":"hill-0607","category":"plateau","name":"","elevation_m":885,"main":false,"five_thousander":false},"geometry":{"type":"Point","coordinates":[41.266783,44.075354]}},{"type":"Feature","properties":{"id":"hill-0608","category":"plateau","name":"","elevation_m":1695,"main":false,"five_thousander":false},"geometry":{"type":"Point","coordinates":[41.285591,43.97116]}},{"type":"Feature","properties":{"id":"hill-0609","category":"plateau","name":"","elevation_m":904,"main":false,"five_thousander":false},"geometry":{"type":"Point","coordinates":[41.283853,44.081713]}},{"type":"Feature","properties":{"id":"hill-0610","category":"plateau","name":"","elevation_m":777,"main":false,"five_thousander":false},"geometry":{"type":"Point","coordinates":[41.258243,44.031102]}},{"type":"Feature","properties":{"id":"hill-0611","category":"rounded_hill","name":"","elevation_m":1766,"main":false,"five_thousander":false},"geometry":{"type":"Point","coordinates":[41.09863,43.779491]}},{"type":"Feature","properties":{"id":"hill-0612","category":"plateau","name":"","elevation_m":1044,"main":false,"five_thousander":false},"geometry":{"type":"Point","coordinates":[41.699445,44.04601]}},{"type":"Feature","properties":{"id":"hill-0613","category":"plateau","name":"","elevation_m":927,"main":false,"five_thousander":false},"geometry":{"type":"Point","coordinates":[41.145912,44.094443]}},{"type":"Feature","properties":{"id":"hill-0614","category":"plateau","name":"","elevation_m":945,"main":false,"five_thousander":false},"geometry":{"type":"Point","coordinates":[41.168014,44.087215]}},{"type":"Feature","properties":{"id":"hill-0615","category":"plateau","name":"","elevation_m":956,"main":false,"five_thousander":false},"geometry":{"type":"Point","coordinates":[41.29603,43.912471]}},{"type":"Feature","properties":{"id":"hill-0616","category":"plateau","name":"","elevation_m":1036,"main":false,"five_thousander":false},"geometry":{"type":"Point","coordinates":[41.217763,44.075069]}},{"type":"Feature","properties":{"id":"hill-0617","category":"rounded_mountain","name":"","elevation_m":1737,"main":false,"five_thousander":false},"geometry":{"type":"Point","coordinates":[41.911157,43.658496]}},{"type":"Feature","properties":{"id":"hill-0618","category":"rounded_mountain","name":"","elevation_m":1782,"main":false,"five_thousander":false},"geometry":{"type":"Point","coordinates":[41.942303,43.594488]}},{"type":"Feature","properties":{"id":"hill-0619","category":"plateau","name":"","elevation_m":1001,"main":false,"five_thousander":false},"geometry":{"type":"Point","coordinates":[41.329494,43.92003]}},{"type":"Feature","properties":{"id":"hill-0620","category":"rocky_peak","name":"","elevation_m":1424,"main":false,"five_thousander":false},"geometry":{"type":"Point","coordinates":[42.121711,43.601325]}},{"type":"Feature","properties":{"id":"hill-0621","category":"rounded_mountain","name":"","elevation_m":1403,"main":false,"five_thousander":false},"geometry":{"type":"Point","coordinates":[42.000754,43.65019]}},{"type":"Feature","properties":{"id":"hill-0622","category":"rocky_peak","name":"","elevation_m":1447,"main":false,"five_thousander":false},"geometry":{"type":"Point","coordinates":[42.126689,43.59584]}},{"type":"Feature","properties":{"id":"hill-0623","category":"plateau","name":"","elevation_m":631,"main":false,"five_thousander":false},"geometry":{"type":"Point","coordinates":[41.703951,44.16833]}},{"type":"Feature","properties":{"id":"hill-0624","category":"rounded_mountain","name":"","elevation_m":1347,"main":false,"five_thousander":false},"geometry":{"type":"Point","coordinates":[42.061919,43.647224]}},{"type":"Feature","properties":{"id":"hill-0625","category":"steep_mountain","name":"","elevation_m":1236,"main":false,"five_thousander":false},"geometry":{"type":"Point","coordinates":[42.117258,43.607307]}},{"type":"Feature","properties":{"id":"hill-0626","category":"rounded_hill","name":"","elevation_m":1132,"main":false,"five_thousander":false},"geometry":{"type":"Point","coordinates":[42.003672,43.663083]}},{"type":"Feature","properties":{"id":"hill-0627","category":"rounded_mountain","name":"","elevation_m":1155,"main":false,"five_thousander":false},"geometry":{"type":"Point","coordinates":[42.045783,43.657052]}},{"type":"Feature","properties":{"id":"hill-0628","category":"plateau","name":"","elevation_m":654,"main":false,"five_thousander":false},"geometry":{"type":"Point","coordinates":[41.694939,44.15082]}},{"type":"Feature","properties":{"id":"hill-0629","category":"plateau","name":"","elevation_m":1144,"main":false,"five_thousander":false},"geometry":{"type":"Point","coordinates":[41.365306,43.922711]}},{"type":"Feature","properties":{"id":"hill-0630","category":"plateau","name":"","elevation_m":608,"main":false,"five_thousander":false},"geometry":{"type":"Point","coordinates":[41.706001,44.18235]}},{"type":"Feature","properties":{"id":"hill-0631","category":"plateau","name":"","elevation_m":612,"main":false,"five_thousander":false},"geometry":{"type":"Point","coordinates":[41.724068,44.191036]}},{"type":"Feature","properties":{"id":"hill-0632","category":"rounded_mountain","name":"","elevation_m":1655,"main":false,"five_thousander":false},"geometry":{"type":"Point","coordinates":[42.169873,43.619813]}},{"type":"Feature","properties":{"id":"hill-0633","category":"ridge","name":"","elevation_m":1770,"main":false,"five_thousander":false},"geometry":{"type":"Point","coordinates":[42.023832,43.626594]}},{"type":"Feature","properties":{"id":"hill-0634","category":"rounded_mountain","name":"","elevation_m":1668,"main":false,"five_thousander":false},"geometry":{"type":"Point","coordinates":[42.110231,43.646502]}},{"type":"Feature","properties":{"id":"hill-0635","category":"rounded_mountain","name":"","elevation_m":1709,"main":false,"five_thousander":false},"geometry":{"type":"Point","coordinates":[42.060277,43.634437]}},{"type":"Feature","properties":{"id":"hill-0636","category":"rounded_mountain","name":"","elevation_m":1703,"main":false,"five_thousander":false},"geometry":{"type":"Point","coordinates":[42.052617,43.62744]}},{"type":"Feature","properties":{"id":"hill-0637","category":"rounded_hill","name":"","elevation_m":1700,"main":false,"five_thousander":false},"geometry":{"type":"Point","coordinates":[42.049838,43.637908]}},{"type":"Feature","properties":{"id":"hill-0638","category":"ridge","name":"","elevation_m":1666,"main":false,"five_thousander":false},"geometry":{"type":"Point","coordinates":[42.10109,43.613646]}},{"type":"Feature","properties":{"id":"hill-0639","category":"rounded_mountain","name":"","elevation_m":1674,"main":false,"five_thousander":false},"geometry":{"type":"Point","coordinates":[42.12744,43.635112]}},{"type":"Feature","properties":{"id":"hill-0640","category":"rounded_mountain","name":"","elevation_m":1643,"main":false,"five_thousander":false},"geometry":{"type":"Point","coordinates":[42.121099,43.625483]}},{"type":"Feature","properties":{"id":"hill-0641","category":"rounded_mountain","name":"","elevation_m":1620,"main":false,"five_thousander":false},"geometry":{"type":"Point","coordinates":[42.077605,43.608605]}},{"type":"Feature","properties":{"id":"hill-0642","category":"rounded_mountain","name":"","elevation_m":1774,"main":false,"five_thousander":false},"geometry":{"type":"Point","coordinates":[42.127934,43.627572]}},{"type":"Feature","properties":{"id":"hill-0643","category":"rounded_mountain","name":"","elevation_m":1597,"main":false,"five_thousander":false},"geometry":{"type":"Point","coordinates":[42.081091,43.599499]}},{"type":"Feature","properties":{"id":"hill-0644","category":"rounded_mountain","name":"","elevation_m":1582,"main":false,"five_thousander":false},"geometry":{"type":"Point","coordinates":[42.134274,43.619712]}},{"type":"Feature","properties":{"id":"hill-0645","category":"steep_mountain","name":"","elevation_m":1578,"main":false,"five_thousander":false},"geometry":{"type":"Point","coordinates":[42.083452,43.631797]}},{"type":"Feature","properties":{"id":"hill-0646","category":"rounded_mountain","name":"","elevation_m":1583,"main":false,"five_thousander":false},"geometry":{"type":"Point","coordinates":[41.917552,43.667018]}},{"type":"Feature","properties":{"id":"hill-0647","category":"rocky_peak","name":"","elevation_m":1559,"main":false,"five_thousander":false},"geometry":{"type":"Point","coordinates":[42.116872,43.625631]}},{"type":"Feature","properties":{"id":"hill-0648","category":"rounded_mountain","name":"","elevation_m":1582,"main":false,"five_thousander":false},"geometry":{"type":"Point","coordinates":[42.045676,43.671053]}},{"type":"Feature","properties":{"id":"hill-0649","category":"rounded_mountain","name":"","elevation_m":1568,"main":false,"five_thousander":false},"geometry":{"type":"Point","coordinates":[42.017577,43.676493]}},{"type":"Feature","properties":{"id":"hill-0650","category":"steep_mountain","name":"","elevation_m":1490,"main":false,"five_thousander":false},"geometry":{"type":"Point","coordinates":[42.062273,43.659955]}},{"type":"Feature","properties":{"id":"hill-0651","category":"rounded_hill","name":"","elevation_m":978,"main":false,"five_thousander":false},"geometry":{"type":"Point","coordinates":[41.052507,44.105107]}},{"type":"Feature","properties":{"id":"hill-0652","category":"plateau","name":"","elevation_m":1495,"main":false,"five_thousander":false},"geometry":{"type":"Point","coordinates":[41.071175,43.909774]}},{"type":"Feature","properties":{"id":"hill-0653","category":"rounded_mountain","name":"","elevation_m":1446,"main":false,"five_thousander":false},"geometry":{"type":"Point","coordinates":[41.98347,43.649685]}},{"type":"Feature","properties":{"id":"hill-0654","category":"rocky_peak","name":"","elevation_m":1503,"main":false,"five_thousander":false},"geometry":{"type":"Point","coordinates":[42.083699,43.613553]}},{"type":"Feature","properties":{"id":"hill-0655","category":"rounded_hill","name":"","elevation_m":1649,"main":false,"five_thousander":false},"geometry":{"type":"Point","coordinates":[41.05358,44.032753]}},{"type":"Feature","properties":{"id":"hill-0656","category":"rounded_mountain","name":"","elevation_m":1427,"main":false,"five_thousander":false},"geometry":{"type":"Point","coordinates":[42.035408,43.66597]}},{"type":"Feature","properties":{"id":"hill-0657","category":"rounded_mountain","name":"","elevation_m":1489,"main":false,"five_thousander":false},"geometry":{"type":"Point","coordinates":[42.037146,43.645004]}},{"type":"Feature","properties":{"id":"hill-0658","category":"rounded_hill","name":"","elevation_m":1417,"main":false,"five_thousander":false},"geometry":{"type":"Point","coordinates":[42.003425,43.671263]}},{"type":"Feature","properties":{"id":"hill-0659","category":"plateau","name":"","elevation_m":913,"main":false,"five_thousander":false},"geometry":{"type":"Point","coordinates":[41.452886,43.908127]}},{"type":"Feature","properties":{"id":"hill-0660","category":"rounded_hill","name":"","elevation_m":1099,"main":false,"five_thousander":false},"geometry":{"type":"Point","coordinates":[40.974154,43.955985]}},{"type":"Feature","properties":{"id":"hill-0661","category":"rounded_hill","name":"","elevation_m":1124,"main":false,"five_thousander":false},"geometry":{"type":"Point","coordinates":[41.26673,43.942514]}},{"type":"Feature","properties":{"id":"hill-0662","category":"plateau","name":"","elevation_m":1687,"main":false,"five_thousander":false},"geometry":{"type":"Point","coordinates":[41.402911,43.946925]}},{"type":"Feature","properties":{"id":"hill-0663","category":"plateau","name":"","elevation_m":1243,"main":false,"five_thousander":false},"geometry":{"type":"Point","coordinates":[41.299013,43.812814]}},{"type":"Feature","properties":{"id":"hill-0664","category":"plateau","name":"","elevation_m":1227,"main":false,"five_thousander":false},"geometry":{"type":"Point","coordinates":[41.358461,43.778438]}},{"type":"Feature","properties":{"id":"hill-0665","category":"plateau","name":"","elevation_m":1491,"main":false,"five_thousander":false},"geometry":{"type":"Point","coordinates":[41.306705,43.762044]}},{"type":"Feature","properties":{"id":"hill-0666","category":"plateau","name":"","elevation_m":1468,"main":false,"five_thousander":false},"geometry":{"type":"Point","coordinates":[41.274894,43.769405]}},{"type":"Feature","properties":{"id":"hill-0667","category":"plateau","name":"","elevation_m":1052,"main":false,"five_thousander":false},"geometry":{"type":"Point","coordinates":[41.250336,44.006652]}},{"type":"Feature","properties":{"id":"hill-0668","category":"plateau","name":"","elevation_m":1615,"main":false,"five_thousander":false},"geometry":{"type":"Point","coordinates":[41.398512,43.957932]}},{"type":"Feature","properties":{"id":"hill-0669","category":"rounded_mountain","name":"","elevation_m":1728,"main":false,"five_thousander":false},"geometry":{"type":"Point","coordinates":[42.268717,43.514642]}},{"type":"Feature","properties":{"id":"hill-0670","category":"plateau","name":"","elevation_m":1548,"main":false,"five_thousander":false},"geometry":{"type":"Point","coordinates":[41.46457,43.955576]}},{"type":"Feature","properties":{"id":"hill-0671","category":"plateau","name":"","elevation_m":959,"main":false,"five_thousander":false},"geometry":{"type":"Point","coordinates":[41.159184,43.982054]}},{"type":"Feature","properties":{"id":"hill-0672","category":"plateau","name":"","elevation_m":900,"main":false,"five_thousander":false},"geometry":{"type":"Point","coordinates":[41.23052,43.930856]}},{"type":"Feature","properties":{"id":"hill-0673","category":"rounded_hill","name":"","elevation_m":1153,"main":false,"five_thousander":false},"geometry":{"type":"Point","coordinates":[41.294421,43.931134]}},{"type":"Feature","properties":{"id":"hill-0674","category":"rounded_mountain","name":"","elevation_m":1781,"main":false,"five_thousander":false},"geometry":{"type":"Point","coordinates":[41.96272,43.625895]}},{"type":"Feature","properties":{"id":"hill-0675","category":"rounded_hill","name":"","elevation_m":1700,"main":false,"five_thousander":false},"geometry":{"type":"Point","coordinates":[40.884172,43.94504]}},{"type":"Feature","properties":{"id":"hill-0676","category":"rounded_mountain","name":"","elevation_m":1501,"main":false,"five_thousander":false},"geometry":{"type":"Point","coordinates":[40.83719,43.909418]}},{"type":"Feature","properties":{"id":"hill-0677","category":"plateau","name":"","elevation_m":1536,"main":false,"five_thousander":false},"geometry":{"type":"Point","coordinates":[40.900555,43.961669]}},{"type":"Feature","properties":{"id":"hill-0678","category":"rounded_hill","name":"","elevation_m":1511,"main":false,"five_thousander":false},"geometry":{"type":"Point","coordinates":[40.90681,43.944407]}},{"type":"Feature","properties":{"id":"hill-0679","category":"rounded_hill","name":"","elevation_m":1469,"main":false,"five_thousander":false},"geometry":{"type":"Point","coordinates":[40.8653,43.924465]}},{"type":"Feature","properties":{"id":"hill-0680","category":"plateau","name":"","elevation_m":1108,"main":false,"five_thousander":false},"geometry":{"type":"Point","coordinates":[41.092558,43.986809]}},{"type":"Feature","properties":{"id":"hill-0681","category":"rounded_hill","name":"","elevation_m":1095,"main":false,"five_thousander":false},"geometry":{"type":"Point","coordinates":[41.169795,44.003666]}},{"type":"Feature","properties":{"id":"hill-0682","category":"plateau","name":"","elevation_m":1245,"main":false,"five_thousander":false},"geometry":{"type":"Point","coordinates":[41.1213,44.00372]}},{"type":"Feature","properties":{"id":"hill-0683","category":"steep_mountain","name":"","elevation_m":1546,"main":false,"five_thousander":false},"geometry":{"type":"Point","coordinates":[41.93151,43.658682]}},{"type":"Feature","properties":{"id":"hill-0684","category":"rounded_mountain","name":"","elevation_m":1560,"main":false,"five_thousander":false},"geometry":{"type":"Point","coordinates":[43.044466,43.449087]}},{"type":"Feature","properties":{"id":"hill-0685","category":"rounded_hill","name":"","elevation_m":1001,"main":false,"five_thousander":false},"geometry":{"type":"Point","coordinates":[41.168808,43.914612]}},{"type":"Feature","properties":{"id":"hill-0686","category":"plateau","name":"","elevation_m":1761,"main":false,"five_thousander":false},"geometry":{"type":"Point","coordinates":[41.003852,43.851032]}},{"type":"Feature","properties":{"id":"hill-0687","category":"rounded_hill","name":"","elevation_m":1772,"main":false,"five_thousander":false},"geometry":{"type":"Point","coordinates":[40.997157,43.859132]}},{"type":"Feature","properties":{"id":"hill-0688","category":"rounded_mountain","name":"","elevation_m":1720,"main":false,"five_thousander":false},"geometry":{"type":"Point","coordinates":[40.861233,43.886712]}},{"type":"Feature","properties":{"id":"hill-0689","category":"rounded_mountain","name":"","elevation_m":1715,"main":false,"five_thousander":false},"geometry":{"type":"Point","coordinates":[41.409273,43.688194]}},{"type":"Feature","properties":{"id":"hill-0690","category":"rounded_hill","name":"","elevation_m":1584,"main":false,"five_thousander":false},"geometry":{"type":"Point","coordinates":[41.021726,43.859287]}},{"type":"Feature","properties":{"id":"hill-0691","category":"rounded_hill","name":"","elevation_m":1451,"main":false,"five_thousander":false},"geometry":{"type":"Point","coordinates":[40.934544,43.912494]}},{"type":"Feature","properties":{"id":"hill-0692","category":"plateau","name":"","elevation_m":1418,"main":false,"five_thousander":false},"geometry":{"type":"Point","coordinates":[41.012542,44.030894]}},{"type":"Feature","properties":{"id":"hill-0693","category":"plateau","name":"","elevation_m":1396,"main":false,"five_thousander":false},"geometry":{"type":"Point","coordinates":[41.08567,43.840176]}},{"type":"Feature","properties":{"id":"hill-0694","category":"plateau","name":"","elevation_m":1351,"main":false,"five_thousander":false},"geometry":{"type":"Point","coordinates":[41.150172,43.876505]}},{"type":"Feature","properties":{"id":"hill-0695","category":"rounded_hill","name":"","elevation_m":1330,"main":false,"five_thousander":false},"geometry":{"type":"Point","coordinates":[41.109263,43.84584]}},{"type":"Feature","properties":{"id":"hill-0696","category":"rounded_hill","name":"","elevation_m":992,"main":false,"five_thousander":false},"geometry":{"type":"Point","coordinates":[41.193677,43.921011]}},{"type":"Feature","properties":{"id":"hill-0697","category":"rounded_hill","name":"","elevation_m":968,"main":false,"five_thousander":false},"geometry":{"type":"Point","coordinates":[41.164098,43.93424]}},{"type":"Feature","properties":{"id":"hill-0698","category":"plateau","name":"","elevation_m":968,"main":false,"five_thousander":false},"geometry":{"type":"Point","coordinates":[41.426922,43.901286]}},{"type":"Feature","properties":{"id":"hill-0699","category":"rounded_hill","name":"","elevation_m":896,"main":false,"five_thousander":false},"geometry":{"type":"Point","coordinates":[40.95908,44.035784]}},{"type":"Feature","properties":{"id":"hill-0700","category":"rounded_mountain","name":"","elevation_m":1507,"main":false,"five_thousander":false},"geometry":{"type":"Point","coordinates":[42.206522,43.550033]}},{"type":"Feature","properties":{"id":"hill-0701","category":"rounded_mountain","name":"","elevation_m":1573,"main":false,"five_thousander":false},"geometry":{"type":"Point","coordinates":[42.180473,43.563368]}},{"type":"Feature","properties":{"id":"hill-0702","category":"plateau","name":"","elevation_m":1134,"main":false,"five_thousander":false},"geometry":{"type":"Point","coordinates":[41.206402,43.87089]}},{"type":"Feature","properties":{"id":"hill-0703","category":"rounded_hill","name":"","elevation_m":1391,"main":false,"five_thousander":false},"geometry":{"type":"Point","coordinates":[40.999571,44.044993]}},{"type":"Feature","properties":{"id":"hill-0704","category":"rounded_mountain","name":"","elevation_m":1611,"main":false,"five_thousander":false},"geometry":{"type":"Point","coordinates":[42.17985,43.568638]}},{"type":"Feature","properties":{"id":"hill-0705","category":"plateau","name":"","elevation_m":1342,"main":false,"five_thousander":false},"geometry":{"type":"Point","coordinates":[41.006448,44.038537]}},{"type":"Feature","properties":{"id":"hill-0706","category":"plateau","name":"","elevation_m":1105,"main":false,"five_thousander":false},"geometry":{"type":"Point","coordinates":[41.227355,43.864632]}},{"type":"Feature","properties":{"id":"hill-0707","category":"plateau","name":"","elevation_m":1058,"main":false,"five_thousander":false},"geometry":{"type":"Point","coordinates":[41.3661,43.873597]}},{"type":"Feature","properties":{"id":"hill-0708","category":"plateau","name":"","elevation_m":1049,"main":false,"five_thousander":false},"geometry":{"type":"Point","coordinates":[41.394199,43.877054]}},{"type":"Feature","properties":{"id":"hill-0709","category":"plateau","name":"","elevation_m":1031,"main":false,"five_thousander":false},"geometry":{"type":"Point","coordinates":[41.435848,43.863565]}},{"type":"Feature","properties":{"id":"hill-0710","category":"rounded_hill","name":"","elevation_m":1039,"main":false,"five_thousander":false},"geometry":{"type":"Point","coordinates":[41.217173,43.898897]}},{"type":"Feature","properties":{"id":"hill-0711","category":"plateau","name":"","elevation_m":969,"main":false,"five_thousander":false},"geometry":{"type":"Point","coordinates":[41.43425,43.902585]}},{"type":"Feature","properties":{"id":"hill-0712","category":"rounded_hill","name":"","elevation_m":1020,"main":false,"five_thousander":false},"geometry":{"type":"Point","coordinates":[41.433263,43.893169]}},{"type":"Feature","properties":{"id":"hill-0713","category":"rounded_hill","name":"","elevation_m":1026,"main":false,"five_thousander":false},"geometry":{"type":"Point","coordinates":[41.141471,43.863836]}},{"type":"Feature","properties":{"id":"hill-0714","category":"rounded_hill","name":"","elevation_m":1304,"main":false,"five_thousander":false},"geometry":{"type":"Point","coordinates":[41.155161,43.861058]}},{"type":"Feature","properties":{"id":"hill-0715","category":"plateau","name":"","elevation_m":1275,"main":false,"five_thousander":false},"geometry":{"type":"Point","coordinates":[41.022638,44.027176]}},{"type":"Feature","properties":{"id":"hill-0716","category":"plateau","name":"","elevation_m":1286,"main":false,"five_thousander":false},"geometry":{"type":"Point","coordinates":[41.260647,43.843596]}},{"type":"Feature","properties":{"id":"hill-0717","category":"rounded_hill","name":"","elevation_m":1261,"main":false,"five_thousander":false},"geometry":{"type":"Point","coordinates":[41.175084,43.844223]}},{"type":"Feature","properties":{"id":"hill-0718","category":"plateau","name":"","elevation_m":1256,"main":false,"five_thousander":false},"geometry":{"type":"Point","coordinates":[41.246377,43.838698]}},{"type":"Feature","properties":{"id":"hill-0719","category":"plateau","name":"","elevation_m":1235,"main":false,"five_thousander":false},"geometry":{"type":"Point","coordinates":[41.149678,43.895217]}},{"type":"Feature","properties":{"id":"hill-0720","category":"plateau","name":"","elevation_m":1236,"main":false,"five_thousander":false},"geometry":{"type":"Point","coordinates":[41.225456,43.836229]}},{"type":"Feature","properties":{"id":"hill-0721","category":"plateau","name":"","elevation_m":1237,"main":false,"five_thousander":false},"geometry":{"type":"Point","coordinates":[41.180438,43.885839]}},{"type":"Feature","properties":{"id":"hill-0722","category":"plateau","name":"","elevation_m":1220,"main":false,"five_thousander":false},"geometry":{"type":"Point","coordinates":[41.322649,43.857631]}},{"type":"Feature","properties":{"id":"hill-0723","category":"rounded_hill","name":"","elevation_m":1179,"main":false,"five_thousander":false},"geometry":{"type":"Point","coordinates":[41.338334,43.947844]}},{"type":"Feature","properties":{"id":"hill-0724","category":"plateau","name":"","elevation_m":1211,"main":false,"five_thousander":false},"geometry":{"type":"Point","coordinates":[41.126515,43.849748]}},{"type":"Feature","properties":{"id":"hill-0725","category":"rounded_hill","name":"","elevation_m":1156,"main":false,"five_thousander":false},"geometry":{"type":"Point","coordinates":[41.116741,43.835734]}},{"type":"Feature","properties":{"id":"hill-0726","category":"rounded_hill","name":"","elevation_m":1736,"main":false,"five_thousander":false},"geometry":{"type":"Point","coordinates":[43.003128,43.567371]}},{"type":"Feature","properties":{"id":"hill-0727","category":"ridge","name":"","elevation_m":1649,"main":false,"five_thousander":false},"geometry":{"type":"Point","coordinates":[40.87384,43.948308]}},{"type":"Feature","properties":{"id":"hill-0728","category":"rounded_hill","name":"","elevation_m":1277,"main":false,"five_thousander":false},"geometry":{"type":"Point","coordinates":[41.421676,43.780801]}},{"type":"Feature","properties":{"id":"hill-0729","category":"rounded_hill","name":"","elevation_m":1117,"main":false,"five_thousander":false},"geometry":{"type":"Point","coordinates":[41.311094,43.920988]}},{"type":"Feature","properties":{"id":"hill-0730","category":"rounded_hill","name":"","elevation_m":1723,"main":false,"five_thousander":false},"geometry":{"type":"Point","coordinates":[41.399199,43.940753]}},{"type":"Feature","properties":{"id":"hill-0731","category":"plateau","name":"","elevation_m":1375,"main":false,"five_thousander":false},"geometry":{"type":"Point","coordinates":[41.295333,43.869606]}},{"type":"Feature","properties":{"id":"hill-0732","category":"plateau","name":"","elevation_m":1444,"main":false,"five_thousander":false},"geometry":{"type":"Point","coordinates":[41.382569,43.988615]}},{"type":"Feature","properties":{"id":"hill-0733","category":"plateau","name":"","elevation_m":1359,"main":false,"five_thousander":false},"geometry":{"type":"Point","coordinates":[41.377054,44.001536]}},{"type":"Feature","properties":{"id":"hill-0734","category":"plateau","name":"","elevation_m":1338,"main":false,"five_thousander":false},"geometry":{"type":"Point","coordinates":[41.364577,44.006521]}},{"type":"Feature","properties":{"id":"hill-0735","category":"rounded_hill","name":"","elevation_m":830,"main":false,"five_thousander":false},"geometry":{"type":"Point","coordinates":[41.233588,44.025409]}},{"type":"Feature","properties":{"id":"hill-0736","category":"plateau","name":"","elevation_m":792,"main":false,"five_thousander":false},"geometry":{"type":"Point","coordinates":[41.248126,44.031488]}},{"type":"Feature","properties":{"id":"hill-0737","category":"plateau","name":"","elevation_m":1476,"main":false,"five_thousander":false},"geometry":{"type":"Point","coordinates":[41.308122,43.997993]}},{"type":"Feature","properties":{"id":"hill-0738","category":"rounded_hill","name":"","elevation_m":1341,"main":false,"five_thousander":false},"geometry":{"type":"Point","coordinates":[41.209888,44.029081]}},{"type":"Feature","properties":{"id":"hill-0739","category":"plateau","name":"","elevation_m":1258,"main":false,"five_thousander":false},"geometry":{"type":"Point","coordinates":[41.223729,44.041113]}},{"type":"Feature","properties":{"id":"hill-0740","category":"plateau","name":"","elevation_m":1192,"main":false,"five_thousander":false},"geometry":{"type":"Point","coordinates":[41.242397,44.045039]}},{"type":"Feature","properties":{"id":"hill-0741","category":"plateau","name":"","elevation_m":1096,"main":false,"five_thousander":false},"geometry":{"type":"Point","coordinates":[41.243899,44.054747]}},{"type":"Feature","properties":{"id":"hill-0742","category":"plateau","name":"","elevation_m":1034,"main":false,"five_thousander":false},"geometry":{"type":"Point","coordinates":[41.230026,44.062627]}},{"type":"Feature","properties":{"id":"hill-0743","category":"plateau","name":"","elevation_m":1296,"main":false,"five_thousander":false},"geometry":{"type":"Point","coordinates":[41.242955,43.815772]}},{"type":"Feature","properties":{"id":"hill-0744","category":"rounded_mountain","name":"","elevation_m":1658,"main":false,"five_thousander":false},"geometry":{"type":"Point","coordinates":[42.055181,43.544333]}},{"type":"Feature","properties":{"id":"hill-0745","category":"steep_mountain","name":"","elevation_m":1747,"main":false,"five_thousander":false},"geometry":{"type":"Point","coordinates":[42.068324,43.539278]}},{"type":"Feature","properties":{"id":"hill-0746","category":"rounded_mountain","name":"","elevation_m":1629,"main":false,"five_thousander":false},"geometry":{"type":"Point","coordinates":[42.126024,43.501453]}},{"type":"Feature","properties":{"id":"hill-0747","category":"rounded_mountain","name":"","elevation_m":1610,"main":false,"five_thousander":false},"geometry":{"type":"Point","coordinates":[42.065953,43.552856]}},{"type":"Feature","properties":{"id":"hill-0748","category":"plateau","name":"","elevation_m":1167,"main":false,"five_thousander":false},"geometry":{"type":"Point","coordinates":[41.002446,44.056783]}},{"type":"Feature","properties":{"id":"hill-0749","category":"plateau","name":"","elevation_m":781,"main":false,"five_thousander":false},"geometry":{"type":"Point","coordinates":[41.026243,44.079562]}},{"type":"Feature","properties":{"id":"hill-0750","category":"plateau","name":"","elevation_m":916,"main":false,"five_thousander":false},"geometry":{"type":"Point","coordinates":[40.944993,43.991541]}},{"type":"Feature","properties":{"id":"hill-0751","category":"rounded_mountain","name":"","elevation_m":1341,"main":false,"five_thousander":false},"geometry":{"type":"Point","coordinates":[41.809384,43.57174]}},{"type":"Feature","properties":{"id":"hill-0752","category":"plateau","name":"","elevation_m":990,"main":false,"five_thousander":false},"geometry":{"type":"Point","coordinates":[41.024526,44.061879]}},{"type":"Feature","properties":{"id":"hill-0753","category":"plateau","name":"","elevation_m":759,"main":false,"five_thousander":false},"geometry":{"type":"Point","coordinates":[42.38681,44.086653]}},{"type":"Feature","properties":{"id":"hill-0754","category":"plateau","name":"","elevation_m":1289,"main":false,"five_thousander":false},"geometry":{"type":"Point","coordinates":[43.420318,43.355172]}},{"type":"Feature","properties":{"id":"hill-0755","category":"plateau","name":"","elevation_m":1331,"main":false,"five_thousander":false},"geometry":{"type":"Point","coordinates":[43.418645,43.352411]}},{"type":"Feature","properties":{"id":"hill-0756","category":"plateau","name":"","elevation_m":1282,"main":false,"five_thousander":false},"geometry":{"type":"Point","coordinates":[43.434609,43.347761]}},{"type":"Feature","properties":{"id":"hill-0757","category":"plateau","name":"","elevation_m":1306,"main":false,"five_thousander":false},"geometry":{"type":"Point","coordinates":[43.426648,43.350226]}},{"type":"Feature","properties":{"id":"hill-0758","category":"plateau","name":"","elevation_m":1233,"main":false,"five_thousander":false},"geometry":{"type":"Point","coordinates":[43.433043,43.352411]}},{"type":"Feature","properties":{"id":"hill-0759","category":"plateau","name":"","elevation_m":1248,"main":false,"five_thousander":false},"geometry":{"type":"Point","coordinates":[43.418945,43.359619]}},{"type":"Feature","properties":{"id":"hill-0760","category":"plateau","name":"","elevation_m":1206,"main":false,"five_thousander":false},"geometry":{"type":"Point","coordinates":[43.424202,43.360118]}},{"type":"Feature","properties":{"id":"hill-0761","category":"plateau","name":"","elevation_m":1089,"main":false,"five_thousander":false},"geometry":{"type":"Point","coordinates":[41.258168,43.95926]}},{"type":"Feature","properties":{"id":"hill-0762","category":"rounded_hill","name":"","elevation_m":1740,"main":false,"five_thousander":false},"geometry":{"type":"Point","coordinates":[40.78935,43.881013]}},{"type":"Feature","properties":{"id":"hill-0763","category":"rounded_hill","name":"","elevation_m":1508,"main":false,"five_thousander":false},"geometry":{"type":"Point","coordinates":[42.097088,43.743639]}},{"type":"Feature","properties":{"id":"hill-0764","category":"plateau","name":"","elevation_m":1168,"main":false,"five_thousander":false},"geometry":{"type":"Point","coordinates":[42.583598,43.885645]}},{"type":"Feature","properties":{"id":"hill-0765","category":"plateau","name":"","elevation_m":872,"main":false,"five_thousander":false},"geometry":{"type":"Point","coordinates":[42.657605,43.928669]}},{"type":"Feature","properties":{"id":"hill-0766","category":"plateau","name":"","elevation_m":857,"main":false,"five_thousander":false},"geometry":{"type":"Point","coordinates":[42.709318,43.918979]}},{"type":"Feature","properties":{"id":"hill-0767","category":"ridge","name":"","elevation_m":1542,"main":false,"five_thousander":false},"geometry":{"type":"Point","coordinates":[41.132276,43.77441]}},{"type":"Feature","properties":{"id":"hill-0768","category":"rounded_hill","name":"","elevation_m":840,"main":false,"five_thousander":false},"geometry":{"type":"Point","coordinates":[43.594469,43.437387]}},{"type":"Feature","properties":{"id":"hill-0769","category":"rounded_hill","name":"","elevation_m":1454,"main":false,"five_thousander":false},"geometry":{"type":"Point","coordinates":[40.875846,43.810972]}},{"type":"Feature","properties":{"id":"hill-0770","category":"rounded_mountain","name":"","elevation_m":1656,"main":false,"five_thousander":false},"geometry":{"type":"Point","coordinates":[41.291857,43.573675]}},{"type":"Feature","properties":{"id":"hill-0771","category":"rounded_hill","name":"","elevation_m":1739,"main":false,"five_thousander":false},"geometry":{"type":"Point","coordinates":[42.09947,43.778275]}},{"type":"Feature","properties":{"id":"hill-0772","category":"rounded_mountain","name":"","elevation_m":1749,"main":false,"five_thousander":false},"geometry":{"type":"Point","coordinates":[42.078109,43.771512]}},{"type":"Feature","properties":{"id":"hill-0773","category":"plateau","name":"","elevation_m":1096,"main":false,"five_thousander":false},"geometry":{"type":"Point","coordinates":[41.35329,43.82335]}},{"type":"Feature","properties":{"id":"hill-0774","category":"rounded_hill","name":"","elevation_m":1291,"main":false,"five_thousander":false},"geometry":{"type":"Point","coordinates":[42.76749,43.884377]}},{"type":"Feature","properties":{"id":"hill-0775","category":"rounded_hill","name":"","elevation_m":1706,"main":false,"five_thousander":false},"geometry":{"type":"Point","coordinates":[43.311367,43.238817]}},{"type":"Feature","properties":{"id":"hill-0776","category":"rounded_hill","name":"","elevation_m":1153,"main":false,"five_thousander":false},"geometry":{"type":"Point","coordinates":[41.429636,43.827917]}},{"type":"Feature","properties":{"id":"hill-0777","category":"plateau","name":"","elevation_m":1148,"main":false,"five_thousander":false},"geometry":{"type":"Point","coordinates":[41.360682,43.927155]}},{"type":"Feature","properties":{"id":"hill-0778","category":"plateau","name":"","elevation_m":1128,"main":false,"five_thousander":false},"geometry":{"type":"Point","coordinates":[41.154313,44.067044]}},{"type":"Feature","properties":{"id":"hill-0779","category":"plateau","name":"","elevation_m":1421,"main":false,"five_thousander":false},"geometry":{"type":"Point","coordinates":[43.402777,43.357708]}},{"type":"Feature","properties":{"id":"hill-0780","category":"rounded_hill","name":"","elevation_m":1595,"main":false,"five_thousander":false},"geometry":{"type":"Point","coordinates":[41.601148,43.928685]}},{"type":"Feature","properties":{"id":"hill-0781","category":"rounded_mountain","name":"","elevation_m":1646,"main":false,"five_thousander":false},"geometry":{"type":"Point","coordinates":[41.966336,43.715411]}},{"type":"Feature","properties":{"id":"mingi_tau","category":"massif","name":"Минги-тау","alias_ru":"Эльбрус","elevation_m":5642,"main":true,"five_thousander":true},"geometry":{"type":"Point","coordinates":[42.436098,43.353811]}}]}
