{"type":"FeatureCollection","features":[{"type":"Feature","properties":{"id":"mount-2032","category":"rounded_mountain","icon":"rounded_mountain_03","variant":3,"rank":1,"reveal_tier":1,"reveal_zoom":7.2,"icon_size_ref":0.0588292,"icon_width_m":1850,"sort_key":43.341347},"geometry":{"type":"Point","coordinates":[42.4061,43.341347]}},{"type":"Feature","properties":{"id":"mount-0349","category":"ridge","icon":"ridge_04","variant":4,"rank":2,"reveal_tier":1,"reveal_zoom":7.2,"icon_size_ref":0.0659124,"icon_width_m":2055,"sort_key":43.855434},"geometry":{"type":"Point","coordinates":[40.76064,43.855434]}},{"type":"Feature","properties":{"id":"rock-0800","category":"rocky_ridge","icon":"rocky_ridge_04","variant":4,"rank":3,"reveal_tier":1,"reveal_zoom":7.2,"icon_size_ref":0.0468296,"icon_width_m":1481,"sort_key":43.005832},"geometry":{"type":"Point","coordinates":[43.619156,43.005832]}},{"type":"Feature","properties":{"id":"rock-0505","category":"rocky_ridge","icon":"rocky_ridge_04","variant":4,"rank":4,"reveal_tier":1,"reveal_zoom":7.2,"icon_size_ref":0.0522056,"icon_width_m":1643,"sort_key":43.308473},"geometry":{"type":"Point","coordinates":[41.434464,43.308473]}},{"type":"Feature","properties":{"id":"hill-0483","category":"plateau","icon":"plateau_01","variant":1,"rank":5,"reveal_tier":1,"reveal_zoom":7.2,"icon_size_ref":0.06758,"icon_width_m":2100,"sort_key":44.056166},"geometry":{"type":"Point","coordinates":[42.912061,44.056166]}},{"type":"Feature","properties":{"id":"hill-0631","category":"plateau","icon":"plateau_01","variant":1,"rank":6,"reveal_tier":1,"reveal_zoom":7.2,"icon_size_ref":0.0620565,"icon_width_m":1924,"sort_key":44.191036},"geometry":{"type":"Point","coordinates":[41.724068,44.191036]}},{"type":"Feature","properties":{"id":"mount-1209","category":"ridge","icon":"ridge_02","variant":2,"rank":7,"reveal_tier":1,"reveal_zoom":7.2,"icon_size_ref":0.0699774,"icon_width_m":2200,"sort_key":43.357325},"geometry":{"type":"Point","coordinates":[43.120673,43.357325]}},{"type":"Feature","properties":{"id":"hill-0363","category":"ridge","icon":"ridge_02","variant":2,"rank":8,"reveal_tier":1,"reveal_zoom":7.2,"icon_size_ref":0.0590888,"icon_width_m":1847,"sort_key":43.704964},"geometry":{"type":"Point","coordinates":[41.885741,43.704964]}},{"type":"Feature","properties":{"id":"hill-0360","category":"rocky_ridge","icon":"rocky_ridge_03","variant":3,"rank":9,"reveal_tier":1,"reveal_zoom":7.2,"icon_size_ref":0.0614509,"icon_width_m":1930,"sort_key":43.420448},"geometry":{"type":"Point","coordinates":[40.832212,43.420448]}},{"type":"Feature","properties":{"id":"hill-0355","category":"ridge","icon":"ridge_04","variant":4,"rank":10,"reveal_tier":1,"reveal_zoom":7.2,"icon_size_ref":0.0695139,"icon_width_m":2174,"sort_key":43.685866},"geometry":{"type":"Point","coordinates":[41.352078,43.685866]}},{"type":"Feature","properties":{"id":"mount-1807","category":"ridge","icon":"ridge_02","variant":2,"rank":11,"reveal_tier":1,"reveal_zoom":7.2,"icon_size_ref":0.045093,"icon_width_m":1422,"sort_key":43.175843},"geometry":{"type":"Point","coordinates":[41.917434,43.175843]}},{"type":"Feature","properties":{"id":"mount-0918","category":"ridge","icon":"ridge_04","variant":4,"rank":12,"reveal_tier":1,"reveal_zoom":7.2,"icon_size_ref":0.0647308,"icon_width_m":2049,"sort_key":42.944525},"geometry":{"type":"Point","coordinates":[43.112208,42.944525]}},{"type":"Feature","properties":{"id":"mount-1137","category":"plateau","icon":"plateau_02","variant":2,"rank":13,"reveal_tier":1,"reveal_zoom":7.2,"icon_size_ref":0.0672679,"icon_width_m":2100,"sort_key":43.780801},"geometry":{"type":"Point","coordinates":[42.461343,43.780801]}},{"type":"Feature","properties":{"id":"hill-0076","category":"plateau","icon":"plateau_01","variant":1,"rank":14,"reveal_tier":1,"reveal_zoom":7.2,"icon_size_ref":0.0627232,"icon_width_m":1948,"sort_key":44.079177},"geometry":{"type":"Point","coordinates":[41.206616,44.079177]}},{"type":"Feature","properties":{"id":"mount-1805","category":"ridge","icon":"ridge_04","variant":4,"rank":15,"reveal_tier":1,"reveal_zoom":7.2,"icon_size_ref":0.0703112,"icon_width_m":2200,"sort_key":43.644569},"geometry":{"type":"Point","coordinates":[42.91322,43.644569]}},{"type":"Feature","properties":{"id":"hill-0444","category":"plateau","icon":"plateau_02","variant":2,"rank":16,"reveal_tier":1,"reveal_zoom":7.2,"icon_size_ref":0.0640074,"icon_width_m":2009,"sort_key":43.460247},"geometry":{"type":"Point","coordinates":[43.599608,43.460247]}},{"type":"Feature","properties":{"id":"rock-0880","category":"rocky_ridge","icon":"rocky_ridge_04","variant":4,"rank":17,"reveal_tier":1,"reveal_zoom":7.2,"icon_size_ref":0.0502402,"icon_width_m":1583,"sort_key":43.210822},"geometry":{"type":"Point","coordinates":[42.768778,43.210822]}},{"type":"Feature","properties":{"id":"hill-0753","category":"plateau","icon":"plateau_01","variant":1,"rank":18,"reveal_tier":1,"reveal_zoom":7.2,"icon_size_ref":0.0676148,"icon_width_m":2100,"sort_key":44.086653},"geometry":{"type":"Point","coordinates":[42.38681,44.086653]}},{"type":"Feature","properties":{"id":"mount-0622","category":"ridge","icon":"ridge_04","variant":4,"rank":19,"reveal_tier":1,"reveal_zoom":7.2,"icon_size_ref":0.0646643,"icon_width_m":2030,"sort_key":43.433974},"geometry":{"type":"Point","coordinates":[41.815134,43.433974]}},{"type":"Feature","properties":{"id":"mount-1497","category":"ridge","icon":"ridge_01","variant":1,"rank":20,"reveal_tier":1,"reveal_zoom":7.2,"icon_size_ref":0.0526867,"icon_width_m":1651,"sort_key":43.546316},"geometry":{"type":"Point","coordinates":[42.158597,43.546316]}},{"type":"Feature","properties":{"id":"mount-0400","category":"ridge","icon":"ridge_04","variant":4,"rank":21,"reveal_tier":1,"reveal_zoom":7.2,"icon_size_ref":0.0609883,"icon_width_m":1908,"sort_key":43.656315},"geometry":{"type":"Point","coordinates":[41.004828,43.656315]}},{"type":"Feature","properties":{"id":"rock-0677","category":"ridge","icon":"ridge_04","variant":4,"rank":22,"reveal_tier":1,"reveal_zoom":7.2,"icon_size_ref":0.0467116,"icon_width_m":1473,"sort_key":43.170209},"geometry":{"type":"Point","coordinates":[43.349959,43.170209]}},{"type":"Feature","properties":{"id":"hill-0780","category":"rounded_hill","icon":"rounded_hill_01","variant":1,"rank":23,"reveal_tier":1,"reveal_zoom":7.2,"icon_size_ref":0.0545902,"icon_width_m":1700,"sort_key":43.928685},"geometry":{"type":"Point","coordinates":[41.601148,43.928685]}},{"type":"Feature","properties":{"id":"mount-0091","category":"ridge","icon":"ridge_01","variant":1,"rank":24,"reveal_tier":1,"reveal_zoom":7.2,"icon_size_ref":0.0474683,"icon_width_m":1490,"sort_key":43.468525},"geometry":{"type":"Point","coordinates":[41.1946,43.468525]}},{"type":"Feature","properties":{"id":"hill-0134","category":"ridge","icon":"ridge_02","variant":2,"rank":25,"reveal_tier":1,"reveal_zoom":7.2,"icon_size_ref":0.0482935,"icon_width_m":1505,"sort_key":43.869706},"geometry":{"type":"Point","coordinates":[41.067506,43.869706]}},{"type":"Feature","properties":{"id":"mount-1099","category":"ridge","icon":"ridge_03","variant":3,"rank":26,"reveal_tier":1,"reveal_zoom":7.2,"icon_size_ref":0.0619949,"icon_width_m":1943,"sort_key":43.549512},"geometry":{"type":"Point","coordinates":[42.491566,43.549512]}},{"type":"Feature","properties":{"id":"hill-0439","category":"rounded_hill","icon":"rounded_hill_02","variant":2,"rank":27,"reveal_tier":1,"reveal_zoom":7.2,"icon_size_ref":0.0546136,"icon_width_m":1700,"sort_key":43.954209},"geometry":{"type":"Point","coordinates":[41.932325,43.954209]}},{"type":"Feature","properties":{"id":"mount-0284","category":"rocky_ridge","icon":"rocky_ridge_02","variant":2,"rank":28,"reveal_tier":1,"reveal_zoom":7.2,"icon_size_ref":0.0479055,"icon_width_m":1499,"sort_key":43.623262},"geometry":{"type":"Point","coordinates":[40.721844,43.623262]}},{"type":"Feature","properties":{"id":"rock-0356","category":"ridge","icon":"ridge_02","variant":2,"rank":29,"reveal_tier":1,"reveal_zoom":7.2,"icon_size_ref":0.0687556,"icon_width_m":2162,"sort_key":43.334855},"geometry":{"type":"Point","coordinates":[42.098826,43.334855]}},{"type":"Feature","properties":{"id":"mount-1631","category":"ridge","icon":"ridge_03","variant":3,"rank":30,"reveal_tier":1,"reveal_zoom":7.2,"icon_size_ref":0.0546243,"icon_width_m":1714,"sort_key":43.465558},"geometry":{"type":"Point","coordinates":[42.771825,43.465558]}},{"type":"Feature","properties":{"id":"mount-0208","category":"ridge","icon":"ridge_04","variant":4,"rank":31,"reveal_tier":1,"reveal_zoom":7.2,"icon_size_ref":0.0523319,"icon_width_m":1641,"sort_key":43.504916},"geometry":{"type":"Point","coordinates":[41.478764,43.504916]}},{"type":"Feature","properties":{"id":"rock-0250","category":"ridge","icon":"ridge_01","variant":1,"rank":32,"reveal_tier":1,"reveal_zoom":7.2,"icon_size_ref":0.0457528,"icon_width_m":1444,"sort_key":43.137798},"geometry":{"type":"Point","coordinates":[43.079495,43.137798]}},{"type":"Feature","properties":{"id":"rock-0537","category":"ridge","icon":"ridge_03","variant":3,"rank":33,"reveal_tier":1,"reveal_zoom":7.2,"icon_size_ref":0.0674464,"icon_width_m":2136,"sort_key":42.924102},"geometry":{"type":"Point","coordinates":[43.375965,42.924102]}},{"type":"Feature","properties":{"id":"rock-0461","category":"rocky_ridge","icon":"rocky_ridge_03","variant":3,"rank":34,"reveal_tier":1,"reveal_zoom":7.2,"icon_size_ref":0.0649952,"icon_width_m":2050,"sort_key":43.15995},"geometry":{"type":"Point","coordinates":[42.519987,43.15995]}},{"type":"Feature","properties":{"id":"rock-0581","category":"rocky_ridge","icon":"rocky_ridge_04","variant":4,"rank":35,"reveal_tier":1,"reveal_zoom":7.2,"icon_size_ref":0.0649231,"icon_width_m":2045,"sort_key":43.230024},"geometry":{"type":"Point","coordinates":[41.670123,43.230024]}},{"type":"Feature","properties":{"id":"hill-0453","category":"plateau","icon":"plateau_02","variant":2,"rank":36,"reveal_tier":1,"reveal_zoom":7.2,"icon_size_ref":0.0673938,"icon_width_m":2100,"sort_key":43.892395},"geometry":{"type":"Point","coordinates":[42.723792,43.892395]}},{"type":"Feature","properties":{"id":"rock-0286","category":"rocky_ridge","icon":"rocky_ridge_04","variant":4,"rank":37,"reveal_tier":1,"reveal_zoom":7.2,"icon_size_ref":0.0549105,"icon_width_m":1732,"sort_key":43.169293},"geometry":{"type":"Point","coordinates":[42.1747,43.169293]}},{"type":"Feature","properties":{"id":"hill-0013","category":"rounded_hill","icon":"rounded_hill_02","variant":2,"rank":38,"reveal_tier":1,"reveal_zoom":7.2,"icon_size_ref":0.0539339,"icon_width_m":1700,"sort_key":43.200116},"geometry":{"type":"Point","coordinates":[43.666492,43.200116]}},{"type":"Feature","properties":{"id":"mount-1927","category":"rounded_mountain","icon":"rounded_mountain_01","variant":1,"rank":39,"reveal_tier":1,"reveal_zoom":7.2,"icon_size_ref":0.0577754,"icon_width_m":1804,"sort_key":43.777795},"geometry":{"type":"Point","coordinates":[42.128127,43.777795]}},{"type":"Feature","properties":{"id":"hill-0232","category":"plateau","icon":"plateau_04","variant":4,"rank":40,"reveal_tier":1,"reveal_zoom":7.2,"icon_size_ref":0.0633248,"icon_width_m":1974,"sort_key":43.882452},"geometry":{"type":"Point","coordinates":[41.328903,43.882452]}},{"type":"Feature","properties":{"id":"hill-0699","category":"rounded_hill","icon":"rounded_hill_02","variant":2,"rank":41,"reveal_tier":1,"reveal_zoom":7.2,"icon_size_ref":0.0546888,"icon_width_m":1700,"sort_key":44.035784},"geometry":{"type":"Point","coordinates":[40.95908,44.035784]}},{"type":"Feature","properties":{"id":"mount-1943","category":"rounded_mountain","icon":"rounded_mountain_01","variant":1,"rank":42,"reveal_tier":1,"reveal_zoom":7.2,"icon_size_ref":0.0590857,"icon_width_m":1850,"sort_key":43.604293},"geometry":{"type":"Point","coordinates":[41.681689,43.604293]}},{"type":"Feature","properties":{"id":"rock-0422","category":"ridge","icon":"ridge_04","variant":4,"rank":43,"reveal_tier":1,"reveal_zoom":7.2,"icon_size_ref":0.0446113,"icon_width_m":1403,"sort_key":43.327543},"geometry":{"type":"Point","coordinates":[42.623059,43.327543]}},{"type":"Feature","properties":{"id":"mount-1549","category":"ridge","icon":"ridge_01","variant":1,"rank":44,"reveal_tier":1,"reveal_zoom":7.2,"icon_size_ref":0.0703509,"icon_width_m":2200,"sort_key":43.678464},"geometry":{"type":"Point","coordinates":[42.294617,43.678464]}},{"type":"Feature","properties":{"id":"mount-0043","category":"ridge","icon":"ridge_01","variant":1,"rank":45,"reveal_tier":1,"reveal_zoom":7.2,"icon_size_ref":0.0512666,"icon_width_m":1612,"sort_key":43.332725},"geometry":{"type":"Point","coordinates":[42.902631,43.332725]}},{"type":"Feature","properties":{"id":"hill-0779","category":"plateau","icon":"plateau_02","variant":2,"rank":46,"reveal_tier":1,"reveal_zoom":7.2,"icon_size_ref":0.0667971,"icon_width_m":2100,"sort_key":43.357708},"geometry":{"type":"Point","coordinates":[43.402777,43.357708]}},{"type":"Feature","properties":{"id":"mount-1740","category":"ridge","icon":"ridge_02","variant":2,"rank":47,"reveal_tier":1,"reveal_zoom":7.2,"icon_size_ref":0.0628131,"icon_width_m":1968,"sort_key":43.553307},"geometry":{"type":"Point","coordinates":[41.947056,43.553307]}},{"type":"Feature","properties":{"id":"mount-1192","category":"rounded_mountain","icon":"rounded_mountain_01","variant":1,"rank":48,"reveal_tier":1,"reveal_zoom":7.2,"icon_size_ref":0.0590005,"icon_width_m":1850,"sort_key":43.517404},"geometry":{"type":"Point","coordinates":[43.078144,43.517404]}},{"type":"Feature","properties":{"id":"mount-1817","category":"rocky_ridge","icon":"rocky_ridge_01","variant":1,"rank":49,"reveal_tier":1,"reveal_zoom":7.2,"icon_size_ref":0.0621054,"icon_width_m":1951,"sort_key":43.388996},"geometry":{"type":"Point","coordinates":[41.627294,43.388996]}},{"type":"Feature","properties":{"id":"mount-1993","category":"rocky_ridge","icon":"rocky_ridge_04","variant":4,"rank":50,"reveal_tier":1,"reveal_zoom":7.2,"icon_size_ref":0.0648795,"icon_width_m":2050,"sort_key":43.050913},"geometry":{"type":"Point","coordinates":[43.24473,43.050913]}},{"type":"Feature","properties":{"id":"mount-1143","category":"plateau","icon":"plateau_03","variant":3,"rank":51,"reveal_tier":1,"reveal_zoom":7.2,"icon_size_ref":0.0671837,"icon_width_m":2100,"sort_key":43.705825},"geometry":{"type":"Point","coordinates":[42.706711,43.705825]}},{"type":"Feature","properties":{"id":"hill-0302","category":"ridge","icon":"ridge_01","variant":1,"rank":52,"reveal_tier":1,"reveal_zoom":7.2,"icon_size_ref":0.0584641,"icon_width_m":1826,"sort_key":43.744693},"geometry":{"type":"Point","coordinates":[41.158519,43.744693]}},{"type":"Feature","properties":{"id":"mount-0236","category":"ridge","icon":"ridge_03","variant":3,"rank":53,"reveal_tier":1,"reveal_zoom":7.2,"icon_size_ref":0.0440798,"icon_width_m":1380,"sort_key":43.61057},"geometry":{"type":"Point","coordinates":[41.189235,43.61057]}},{"type":"Feature","properties":{"id":"mount-1019","category":"ridge","icon":"ridge_04","variant":4,"rank":54,"reveal_tier":1,"reveal_zoom":7.2,"icon_size_ref":0.0700855,"icon_width_m":2200,"sort_key":43.450785},"geometry":{"type":"Point","coordinates":[42.295336,43.450785]}},{"type":"Feature","properties":{"id":"hill-0009","category":"plateau","icon":"plateau_03","variant":3,"rank":55,"reveal_tier":1,"reveal_zoom":7.2,"icon_size_ref":0.0673347,"icon_width_m":2100,"sort_key":43.840037},"geometry":{"type":"Point","coordinates":[42.924711,43.840037]}},{"type":"Feature","properties":{"id":"mount-0318","category":"massif","icon":"massif_02","variant":2,"rank":56,"reveal_tier":1,"reveal_zoom":7.2,"icon_size_ref":0.0422097,"icon_width_m":1324,"sort_key":43.493351},"geometry":{"type":"Point","coordinates":[41.002393,43.493351]}},{"type":"Feature","properties":{"id":"rock-0113","category":"ridge","icon":"ridge_01","variant":1,"rank":57,"reveal_tier":1,"reveal_zoom":7.2,"icon_size_ref":0.0504613,"icon_width_m":1588,"sort_key":43.306826},"geometry":{"type":"Point","coordinates":[41.916919,43.306826]}},{"type":"Feature","properties":{"id":"mount-0932","category":"ridge","icon":"ridge_04","variant":4,"rank":58,"reveal_tier":1,"reveal_zoom":7.2,"icon_size_ref":0.0699767,"icon_width_m":2200,"sort_key":43.356678},"geometry":{"type":"Point","coordinates":[40.987769,43.356678]}},{"type":"Feature","properties":{"id":"mount-0950","category":"ridge","icon":"ridge_04","variant":4,"rank":59,"reveal_tier":1,"reveal_zoom":7.2,"icon_size_ref":0.065085,"icon_width_m":2055,"sort_key":43.097983},"geometry":{"type":"Point","coordinates":[42.856668,43.097983]}},{"type":"Feature","properties":{"id":"hill-0456","category":"rounded_hill","icon":"rounded_hill_03","variant":3,"rank":60,"reveal_tier":1,"reveal_zoom":7.2,"icon_size_ref":0.0546035,"icon_width_m":1700,"sort_key":43.943217},"geometry":{"type":"Point","coordinates":[42.537668,43.943217]}},{"type":"Feature","properties":{"id":"rock-0606","category":"rocky_ridge","icon":"rocky_ridge_04","variant":4,"rank":61,"reveal_tier":1,"reveal_zoom":7.2,"icon_size_ref":0.065064,"icon_width_m":2050,"sort_key":43.224505},"geometry":{"type":"Point","coordinates":[42.342263,43.224505]}},{"type":"Feature","properties":{"id":"mount-0377","category":"ridge","icon":"ridge_02","variant":2,"rank":62,"reveal_tier":1,"reveal_zoom":7.2,"icon_size_ref":0.0470907,"icon_width_m":1471,"sort_key":43.756356},"geometry":{"type":"Point","coordinates":[40.900115,43.756356]}},{"type":"Feature","properties":{"id":"mount-0560","category":"rocky_ridge","icon":"rocky_ridge_01","variant":1,"rank":63,"reveal_tier":1,"reveal_zoom":7.2,"icon_size_ref":0.0622553,"icon_width_m":1957,"sort_key":43.352629},"geometry":{"type":"Point","coordinates":[41.260926,43.352629]}},{"type":"Feature","properties":{"id":"hill-0581","category":"plateau","icon":"plateau_02","variant":2,"rank":64,"reveal_tier":1,"reveal_zoom":7.2,"icon_size_ref":0.0676355,"icon_width_m":2100,"sort_key":44.104783},"geometry":{"type":"Point","coordinates":[41.568339,44.104783]}},{"type":"Feature","properties":{"id":"mount-0916","category":"ridge","icon":"ridge_02","variant":2,"rank":65,"reveal_tier":1,"reveal_zoom":7.2,"icon_size_ref":0.0696349,"icon_width_m":2200,"sort_key":43.058055},"geometry":{"type":"Point","coordinates":[43.422121,43.058055]}},{"type":"Feature","properties":{"id":"hill-0328","category":"plateau","icon":"plateau_03","variant":3,"rank":66,"reveal_tier":1,"reveal_zoom":7.2,"icon_size_ref":0.0672887,"icon_width_m":2100,"sort_key":43.799233},"geometry":{"type":"Point","coordinates":[41.48194,43.799233]}},{"type":"Feature","properties":{"id":"hill-0080","category":"plateau","icon":"plateau_02","variant":2,"rank":67,"reveal_tier":1,"reveal_zoom":7.2,"icon_size_ref":0.0675176,"icon_width_m":2100,"sort_key":44.001451},"geometry":{"type":"Point","coordinates":[41.438617,44.001451]}},{"type":"Feature","properties":{"id":"hill-0650","category":"steep_mountain","icon":"steep_mountain_03","variant":3,"rank":68,"reveal_tier":1,"reveal_zoom":7.2,"icon_size_ref":0.0565566,"icon_width_m":1769,"sort_key":43.659955},"geometry":{"type":"Point","coordinates":[42.062273,43.659955]}},{"type":"Feature","properties":{"id":"rock-0142","category":"rocky_ridge","icon":"rocky_ridge_03","variant":3,"rank":69,"reveal_tier":1,"reveal_zoom":7.2,"icon_size_ref":0.0607393,"icon_width_m":1913,"sort_key":43.261222},"geometry":{"type":"Point","coordinates":[43.250792,43.261222]}},{"type":"Feature","properties":{"id":"mount-1632","category":"ridge","icon":"ridge_04","variant":4,"rank":70,"reveal_tier":1,"reveal_zoom":7.2,"icon_size_ref":0.0626969,"icon_width_m":1962,"sort_key":43.630911},"geometry":{"type":"Point","coordinates":[41.526883,43.630911]}},{"type":"Feature","properties":{"id":"mount-0779","category":"ridge","icon":"ridge_01","variant":1,"rank":71,"reveal_tier":1,"reveal_zoom":7.2,"icon_size_ref":0.0700442,"icon_width_m":2200,"sort_key":43.415141},"geometry":{"type":"Point","coordinates":[41.972086,43.415141]}},{"type":"Feature","properties":{"id":"mount-0204","category":"ridge","icon":"ridge_04","variant":4,"rank":72,"reveal_tier":1,"reveal_zoom":7.2,"icon_size_ref":0.0448088,"icon_width_m":1404,"sort_key":43.58151},"geometry":{"type":"Point","coordinates":[40.869827,43.58151]}},{"type":"Feature","properties":{"id":"rock-0152","category":"ridge","icon":"ridge_04","variant":4,"rank":73,"reveal_tier":1,"reveal_zoom":7.2,"icon_size_ref":0.0645328,"icon_width_m":2032,"sort_key":43.248923},"geometry":{"type":"Point","coordinates":[43.048575,43.248923]}},{"type":"Feature","properties":{"id":"mount-1261","category":"rocky_ridge","icon":"rocky_ridge_04","variant":4,"rank":74,"reveal_tier":1,"reveal_zoom":7.2,"icon_size_ref":0.065361,"icon_width_m":2050,"sort_key":43.500791},"geometry":{"type":"Point","coordinates":[42.920215,43.500791]}},{"type":"Feature","properties":{"id":"mount-0222","category":"rocky_ridge","icon":"rocky_ridge_04","variant":4,"rank":75,"reveal_tier":1,"reveal_zoom":7.2,"icon_size_ref":0.0437537,"icon_width_m":1372,"sort_key":43.531874},"geometry":{"type":"Point","coordinates":[41.327176,43.531874]}},{"type":"Feature","properties":{"id":"mount-1124","category":"ridge","icon":"ridge_04","variant":4,"rank":76,"reveal_tier":1,"reveal_zoom":7.2,"icon_size_ref":0.0468829,"icon_width_m":1469,"sort_key":43.561735},"geometry":{"type":"Point","coordinates":[42.340654,43.561735]}},{"type":"Feature","properties":{"id":"mount-1085","category":"rounded_hill","icon":"rounded_hill_04","variant":4,"rank":77,"reveal_tier":1,"reveal_zoom":7.2,"icon_size_ref":0.0542648,"icon_width_m":1700,"sort_key":43.570838},"geometry":{"type":"Point","coordinates":[42.678773,43.570838]}},{"type":"Feature","properties":{"id":"rock-0427","category":"ridge","icon":"ridge_02","variant":2,"rank":78,"reveal_tier":1,"reveal_zoom":7.2,"icon_size_ref":0.0605683,"icon_width_m":1902,"sort_key":43.441975},"geometry":{"type":"Point","coordinates":[42.469218,43.441975]}},{"type":"Feature","properties":{"id":"mount-0755","category":"ridge","icon":"ridge_04","variant":4,"rank":79,"reveal_tier":1,"reveal_zoom":7.2,"icon_size_ref":0.0464801,"icon_width_m":1462,"sort_key":43.314999},"geometry":{"type":"Point","coordinates":[41.769344,43.314999]}},{"type":"Feature","properties":{"id":"hill-0727","category":"ridge","icon":"ridge_01","variant":1,"rank":80,"reveal_tier":1,"reveal_zoom":7.2,"icon_size_ref":0.065587,"icon_width_m":2042,"sort_key":43.948308},"geometry":{"type":"Point","coordinates":[40.87384,43.948308]}},{"type":"Feature","properties":{"id":"mount-1996","category":"rocky_peak","icon":"rocky_peak_01","variant":1,"rank":81,"reveal_tier":1,"reveal_zoom":7.2,"icon_size_ref":0.054156,"icon_width_m":1712,"sort_key":43.030675},"geometry":{"type":"Point","coordinates":[42.993289,43.030675]}},{"type":"Feature","properties":{"id":"mount-1521","category":"rounded_hill","icon":"rounded_hill_03","variant":3,"rank":82,"reveal_tier":1,"reveal_zoom":7.2,"icon_size_ref":0.0534625,"icon_width_m":1672,"sort_key":43.673071},"geometry":{"type":"Point","coordinates":[42.53917,43.673071]}},{"type":"Feature","properties":{"id":"rock-0183","category":"ridge","icon":"ridge_03","variant":3,"rank":83,"reveal_tier":1,"reveal_zoom":7.2,"icon_size_ref":0.0536771,"icon_width_m":1684,"sort_key":43.499235},"geometry":{"type":"Point","coordinates":[41.661776,43.499235]}},{"type":"Feature","properties":{"id":"hill-0484","category":"plateau","icon":"plateau_02","variant":2,"rank":84,"reveal_tier":1,"reveal_zoom":7.2,"icon_size_ref":0.0595717,"icon_width_m":1861,"sort_key":43.754497},"geometry":{"type":"Point","coordinates":[43.042374,43.754497]}},{"type":"Feature","properties":{"id":"mount-0055","category":"ridge","icon":"ridge_04","variant":4,"rank":85,"reveal_tier":1,"reveal_zoom":7.2,"icon_size_ref":0.0483517,"icon_width_m":1517,"sort_key":43.49711},"geometry":{"type":"Point","coordinates":[40.732648,43.49711]}},{"type":"Feature","properties":{"id":"mount-1403","category":"rocky_ridge","icon":"rocky_ridge_02","variant":2,"rank":86,"reveal_tier":1,"reveal_zoom":7.2,"icon_size_ref":0.0652844,"icon_width_m":2050,"sort_key":43.429892},"geometry":{"type":"Point","coordinates":[41.360403,43.429892]}},{"type":"Feature","properties":{"id":"hill-0447","category":"rounded_hill","icon":"rounded_hill_01","variant":1,"rank":87,"reveal_tier":1,"reveal_zoom":7.2,"icon_size_ref":0.0539936,"icon_width_m":1700,"sort_key":43.267448},"geometry":{"type":"Point","coordinates":[43.530546,43.267448]}},{"type":"Feature","properties":{"id":"mount-0020","category":"rounded_mountain","icon":"rounded_mountain_04","variant":4,"rank":88,"reveal_tier":1,"reveal_zoom":7.2,"icon_size_ref":0.0592194,"icon_width_m":1850,"sort_key":43.73991},"geometry":{"type":"Point","coordinates":[40.73223,43.73991]}},{"type":"Feature","properties":{"id":"rock-0077","category":"rocky_ridge","icon":"rocky_ridge_03","variant":3,"rank":89,"reveal_tier":1,"reveal_zoom":7.2,"icon_size_ref":0.0579151,"icon_width_m":1823,"sort_key":43.27187},"geometry":{"type":"Point","coordinates":[42.212917,43.27187]}},{"type":"Feature","properties":{"id":"hill-0028","category":"rounded_hill","icon":"rounded_hill_04","variant":4,"rank":90,"reveal_tier":1,"reveal_zoom":7.2,"icon_size_ref":0.0546275,"icon_width_m":1700,"sort_key":43.969253},"geometry":{"type":"Point","coordinates":[43.022676,43.969253]}},{"type":"Feature","properties":{"id":"hill-0099","category":"ridge","icon":"ridge_04","variant":4,"rank":91,"reveal_tier":1,"reveal_zoom":7.2,"icon_size_ref":0.0458644,"icon_width_m":1427,"sort_key":43.967616},"geometry":{"type":"Point","coordinates":[41.107857,43.967616]}},{"type":"Feature","properties":{"id":"rock-0299","category":"rocky_ridge","icon":"rocky_ridge_04","variant":4,"rank":92,"reveal_tier":1,"reveal_zoom":7.2,"icon_size_ref":0.065066,"icon_width_m":2050,"sort_key":43.226365},"geometry":{"type":"Point","coordinates":[42.916009,43.226365]}},{"type":"Feature","properties":{"id":"mount-1293","category":"ridge","icon":"ridge_03","variant":3,"rank":93,"reveal_tier":1,"reveal_zoom":7.2,"icon_size_ref":0.0606076,"icon_width_m":1892,"sort_key":43.777136},"geometry":{"type":"Point","coordinates":[42.295089,43.777136]}},{"type":"Feature","properties":{"id":"hill-0612","category":"plateau","icon":"plateau_01","variant":1,"rank":94,"reveal_tier":1,"reveal_zoom":7.2,"icon_size_ref":0.0675684,"icon_width_m":2100,"sort_key":44.04601},"geometry":{"type":"Point","coordinates":[41.699445,44.04601]}},{"type":"Feature","properties":{"id":"hill-0440","category":"plateau","icon":"plateau_02","variant":2,"rank":95,"reveal_tier":1,"reveal_zoom":7.2,"icon_size_ref":0.0674109,"icon_width_m":2100,"sort_key":43.907416},"geometry":{"type":"Point","coordinates":[41.792475,43.907416]}},{"type":"Feature","properties":{"id":"mount-1909","category":"ridge","icon":"ridge_01","variant":1,"rank":96,"reveal_tier":1,"reveal_zoom":7.2,"icon_size_ref":0.0696821,"icon_width_m":2200,"sort_key":43.099573},"geometry":{"type":"Point","coordinates":[43.585006,43.099573]}},{"type":"Feature","properties":{"id":"rock-0542","category":"ridge","icon":"ridge_03","variant":3,"rank":97,"reveal_tier":1,"reveal_zoom":7.2,"icon_size_ref":0.0651608,"icon_width_m":2053,"sort_key":43.220103},"geometry":{"type":"Point","coordinates":[42.061039,43.220103]}},{"type":"Feature","properties":{"id":"mount-1948","category":"rocky_ridge","icon":"rocky_ridge_01","variant":1,"rank":98,"reveal_tier":1,"reveal_zoom":7.2,"icon_size_ref":0.0622004,"icon_width_m":1968,"sort_key":42.962217},"geometry":{"type":"Point","coordinates":[43.497716,42.962217]}},{"type":"Feature","properties":{"id":"mount-1373","category":"ridge","icon":"ridge_02","variant":2,"rank":99,"reveal_tier":1,"reveal_zoom":7.2,"icon_size_ref":0.0501934,"icon_width_m":1576,"sort_key":43.423214},"geometry":{"type":"Point","coordinates":[42.635472,43.423214]}},{"type":"Feature","properties":{"id":"mount-2061","category":"rocky_ridge","icon":"rocky_ridge_03","variant":3,"rank":100,"reveal_tier":1,"reveal_zoom":7.2,"icon_size_ref":0.0647703,"icon_width_m":2050,"sort_key":42.9474},"geometry":{"type":"Point","coordinates":[43.248367,42.9474]}},{"type":"Feature","properties":{"id":"mount-2024","category":"rocky_peak","icon":"rocky_peak_02","variant":2,"rank":101,"reveal_tier":1,"reveal_zoom":7.2,"icon_size_ref":0.0534334,"icon_width_m":1686,"sort_key":43.124291},"geometry":{"type":"Point","coordinates":[42.65856,43.124291]}},{"type":"Feature","properties":{"id":"mount-1040","category":"steep_mountain","icon":"steep_mountain_01","variant":1,"rank":102,"reveal_tier":1,"reveal_zoom":7.2,"icon_size_ref":0.0573361,"icon_width_m":1800,"sort_key":43.443907},"geometry":{"type":"Point","coordinates":[42.141581,43.443907]}},{"type":"Feature","properties":{"id":"rock-0866","category":"ridge","icon":"ridge_04","variant":4,"rank":103,"reveal_tier":1,"reveal_zoom":7.2,"icon_size_ref":0.0613466,"icon_width_m":1933,"sort_key":43.216702},"geometry":{"type":"Point","coordinates":[42.621975,43.216702]}},{"type":"Feature","properties":{"id":"rock-0441","category":"ridge","icon":"ridge_01","variant":1,"rank":104,"reveal_tier":1,"reveal_zoom":7.2,"icon_size_ref":0.0600005,"icon_width_m":1886,"sort_key":43.357286},"geometry":{"type":"Point","coordinates":[42.779174,43.357286]}},{"type":"Feature","properties":{"id":"rock-0896","category":"ridge","icon":"ridge_02","variant":2,"rank":105,"reveal_tier":1,"reveal_zoom":7.2,"icon_size_ref":0.0585315,"icon_width_m":1840,"sort_key":43.35887},"geometry":{"type":"Point","coordinates":[42.256122,43.35887]}},{"type":"Feature","properties":{"id":"mount-0532","category":"ridge","icon":"ridge_02","variant":2,"rank":106,"reveal_tier":1,"reveal_zoom":7.2,"icon_size_ref":0.0470315,"icon_width_m":1477,"sort_key":43.417681},"geometry":{"type":"Point","coordinates":[41.083428,43.417681]}},{"type":"Feature","properties":{"id":"mount-0692","category":"rocky_ridge","icon":"rocky_ridge_02","variant":2,"rank":107,"reveal_tier":1,"reveal_zoom":7.2,"icon_size_ref":0.054976,"icon_width_m":1731,"sort_key":43.28104},"geometry":{"type":"Point","coordinates":[41.556011,43.28104]}},{"type":"Feature","properties":{"id":"mount-0754","category":"rocky_ridge","icon":"rocky_ridge_04","variant":4,"rank":108,"reveal_tier":1,"reveal_zoom":7.2,"icon_size_ref":0.0417162,"icon_width_m":1315,"sort_key":43.210767},"geometry":{"type":"Point","coordinates":[41.793709,43.210767]}},{"type":"Feature","properties":{"id":"rock-0791","category":"rocky_ridge","icon":"rocky_ridge_02","variant":2,"rank":109,"reveal_tier":1,"reveal_zoom":7.2,"icon_size_ref":0.0600326,"icon_width_m":1891,"sort_key":43.245297},"geometry":{"type":"Point","coordinates":[42.46425,43.245297]}},{"type":"Feature","properties":{"id":"mount-1881","category":"steep_mountain","icon":"steep_mountain_03","variant":3,"rank":110,"reveal_tier":1,"reveal_zoom":7.2,"icon_size_ref":0.0533542,"icon_width_m":1676,"sort_key":43.402124},"geometry":{"type":"Point","coordinates":[41.492722,43.402124]}},{"type":"Feature","properties":{"id":"hill-0384","category":"steep_mountain","icon":"steep_mountain_02","variant":2,"rank":111,"reveal_tier":1,"reveal_zoom":7.2,"icon_size_ref":0.0574663,"icon_width_m":1800,"sort_key":43.580764},"geometry":{"type":"Point","coordinates":[41.817098,43.580764]}},{"type":"Feature","properties":{"id":"hill-0044","category":"plateau","icon":"plateau_01","variant":1,"rank":112,"reveal_tier":1,"reveal_zoom":7.2,"icon_size_ref":0.0468525,"icon_width_m":1457,"sort_key":43.998634},"geometry":{"type":"Point","coordinates":[41.297168,43.998634]}},{"type":"Feature","properties":{"id":"mount-1226","category":"rounded_hill","icon":"rounded_hill_03","variant":3,"rank":113,"reveal_tier":1,"reveal_zoom":7.2,"icon_size_ref":0.0541332,"icon_width_m":1700,"sort_key":43.424274},"geometry":{"type":"Point","coordinates":[43.014811,43.424274]}},{"type":"Feature","properties":{"id":"mount-1971","category":"rocky_ridge","icon":"rocky_ridge_01","variant":1,"rank":114,"reveal_tier":1,"reveal_zoom":7.2,"icon_size_ref":0.0605421,"icon_width_m":1913,"sort_key":43.047879},"geometry":{"type":"Point","coordinates":[43.113688,43.047879]}},{"type":"Feature","properties":{"id":"mount-0084","category":"ridge","icon":"ridge_02","variant":2,"rank":115,"reveal_tier":1,"reveal_zoom":7.2,"icon_size_ref":0.0700329,"icon_width_m":2200,"sort_key":43.405328},"geometry":{"type":"Point","coordinates":[43.302462,43.405328]}},{"type":"Feature","properties":{"id":"hill-0327","category":"plateau","icon":"plateau_02","variant":2,"rank":116,"reveal_tier":1,"reveal_zoom":7.2,"icon_size_ref":0.0547765,"icon_width_m":1710,"sort_key":43.786006},"geometry":{"type":"Point","coordinates":[41.301019,43.786006]}},{"type":"Feature","properties":{"id":"hill-0146","category":"plateau","icon":"plateau_02","variant":2,"rank":117,"reveal_tier":1,"reveal_zoom":7.2,"icon_size_ref":0.0643474,"icon_width_m":1998,"sort_key":44.090737},"geometry":{"type":"Point","coordinates":[41.072087,44.090737]}},{"type":"Feature","properties":{"id":"hill-0274","category":"rounded_mountain","icon":"rounded_mountain_01","variant":1,"rank":118,"reveal_tier":1,"reveal_zoom":7.2,"icon_size_ref":0.0593364,"icon_width_m":1850,"sort_key":43.85791},"geometry":{"type":"Point","coordinates":[40.914438,43.85791]}},{"type":"Feature","properties":{"id":"mount-1560","category":"ridge","icon":"ridge_03","variant":3,"rank":119,"reveal_tier":1,"reveal_zoom":7.2,"icon_size_ref":0.0463065,"icon_width_m":1448,"sort_key":43.696595},"geometry":{"type":"Point","coordinates":[42.163864,43.696595]}},{"type":"Feature","properties":{"id":"rock-0620","category":"rocky_ridge","icon":"rocky_ridge_04","variant":4,"rank":120,"reveal_tier":1,"reveal_zoom":7.2,"icon_size_ref":0.0554541,"icon_width_m":1750,"sort_key":43.125137},"geometry":{"type":"Point","coordinates":[42.963527,43.125137]}},{"type":"Feature","properties":{"id":"mount-0373","category":"plateau","icon":"plateau_03","variant":3,"rank":121,"reveal_tier":1,"reveal_zoom":7.2,"icon_size_ref":0.067258,"icon_width_m":2100,"sort_key":43.771931},"geometry":{"type":"Point","coordinates":[41.034751,43.771931]}},{"type":"Feature","properties":{"id":"rock-0246","category":"ridge","icon":"ridge_04","variant":4,"rank":122,"reveal_tier":1,"reveal_zoom":7.2,"icon_size_ref":0.0633608,"icon_width_m":1997,"sort_key":43.197199},"geometry":{"type":"Point","coordinates":[43.180379,43.197199]}},{"type":"Feature","properties":{"id":"hill-0659","category":"plateau","icon":"plateau_03","variant":3,"rank":123,"reveal_tier":1,"reveal_zoom":7.2,"icon_size_ref":0.065751,"icon_width_m":2048,"sort_key":43.908127},"geometry":{"type":"Point","coordinates":[41.452886,43.908127]}},{"type":"Feature","properties":{"id":"mount-0603","category":"ridge","icon":"ridge_03","variant":3,"rank":124,"reveal_tier":1,"reveal_zoom":7.2,"icon_size_ref":0.0703791,"icon_width_m":2200,"sort_key":43.702537},"geometry":{"type":"Point","coordinates":[41.462435,43.702537]}},{"type":"Feature","properties":{"id":"hill-0204","category":"plateau","icon":"plateau_02","variant":2,"rank":125,"reveal_tier":1,"reveal_zoom":7.2,"icon_size_ref":0.0532572,"icon_width_m":1661,"sort_key":43.848131},"geometry":{"type":"Point","coordinates":[41.204782,43.848131]}},{"type":"Feature","properties":{"id":"mount-0889","category":"ridge","icon":"ridge_03","variant":3,"rank":126,"reveal_tier":1,"reveal_zoom":7.2,"icon_size_ref":0.0702343,"icon_width_m":2200,"sort_key":43.578813},"geometry":{"type":"Point","coordinates":[41.418736,43.578813]}},{"type":"Feature","properties":{"id":"mount-0141","category":"ridge","icon":"ridge_04","variant":4,"rank":127,"reveal_tier":1,"reveal_zoom":7.2,"icon_size_ref":0.0455319,"icon_width_m":1428,"sort_key":43.501079},"geometry":{"type":"Point","coordinates":[40.877734,43.501079]}},{"type":"Feature","properties":{"id":"mount-1160","category":"ridge","icon":"ridge_01","variant":1,"rank":128,"reveal_tier":1,"reveal_zoom":7.2,"icon_size_ref":0.0496269,"icon_width_m":1561,"sort_key":43.34489},"geometry":{"type":"Point","coordinates":[43.012204,43.34489]}},{"type":"Feature","properties":{"id":"mount-1009","category":"steep_mountain","icon":"steep_mountain_04","variant":4,"rank":129,"reveal_tier":1,"reveal_zoom":7.2,"icon_size_ref":0.0571384,"icon_width_m":1792,"sort_key":43.488315},"geometry":{"type":"Point","coordinates":[42.03455,43.488315]}},{"type":"Feature","properties":{"id":"mount-0063","category":"rounded_mountain","icon":"rounded_mountain_04","variant":4,"rank":130,"reveal_tier":1,"reveal_zoom":7.2,"icon_size_ref":0.0548358,"icon_width_m":1718,"sort_key":43.555033},"geometry":{"type":"Point","coordinates":[41.089522,43.555033]}},{"type":"Feature","properties":{"id":"rock-0129","category":"rocky_ridge","icon":"rocky_ridge_03","variant":3,"rank":131,"reveal_tier":1,"reveal_zoom":7.2,"icon_size_ref":0.0417353,"icon_width_m":1314,"sort_key":43.273737},"geometry":{"type":"Point","coordinates":[42.830211,43.273737]}},{"type":"Feature","properties":{"id":"mount-0276","category":"steep_mountain","icon":"steep_mountain_03","variant":3,"rank":132,"reveal_tier":1,"reveal_zoom":7.2,"icon_size_ref":0.057557,"icon_width_m":1800,"sort_key":43.67557},"geometry":{"type":"Point","coordinates":[40.877177,43.67557]}},{"type":"Feature","properties":{"id":"hill-0457","category":"plateau","icon":"plateau_02","variant":2,"rank":133,"reveal_tier":1,"reveal_zoom":7.2,"icon_size_ref":0.0673552,"icon_width_m":2100,"sort_key":43.858181},"geometry":{"type":"Point","coordinates":[42.559887,43.858181]}},{"type":"Feature","properties":{"id":"mount-1161","category":"rounded_hill","icon":"rounded_hill_03","variant":3,"rank":134,"reveal_tier":1,"reveal_zoom":7.2,"icon_size_ref":0.0541675,"icon_width_m":1700,"sort_key":43.46256},"geometry":{"type":"Point","coordinates":[43.170143,43.46256]}},{"type":"Feature","properties":{"id":"hill-0007","category":"plateau","icon":"plateau_01","variant":1,"rank":135,"reveal_tier":1,"reveal_zoom":7.2,"icon_size_ref":0.0673099,"icon_width_m":2100,"sort_key":43.818032},"geometry":{"type":"Point","coordinates":[42.664461,43.818032]}},{"type":"Feature","properties":{"id":"mount-1290","category":"ridge","icon":"ridge_04","variant":4,"rank":136,"reveal_tier":1,"reveal_zoom":7.2,"icon_size_ref":0.0566883,"icon_width_m":1797,"sort_key":42.859427},"geometry":{"type":"Point","coordinates":[43.323587,42.859427]}},{"type":"Feature","properties":{"id":"hill-0476","category":"plateau","icon":"plateau_04","variant":4,"rank":137,"reveal_tier":1,"reveal_zoom":7.2,"icon_size_ref":0.0594783,"icon_width_m":1852,"sort_key":43.950262},"geometry":{"type":"Point","coordinates":[40.991932,43.950262]}},{"type":"Feature","properties":{"id":"mount-1256","category":"rounded_mountain","icon":"rounded_mountain_02","variant":2,"rank":138,"reveal_tier":1,"reveal_zoom":7.2,"icon_size_ref":0.0590526,"icon_width_m":1850,"sort_key":43.570527},"geometry":{"type":"Point","coordinates":[42.981477,43.570527]}},{"type":"Feature","properties":{"id":"mount-1079","category":"plateau","icon":"plateau_01","variant":1,"rank":139,"reveal_tier":1,"reveal_zoom":7.2,"icon_size_ref":0.0670306,"icon_width_m":2100,"sort_key":43.568724},"geometry":{"type":"Point","coordinates":[42.793819,43.568724]}},{"type":"Feature","properties":{"id":"mount-1657","category":"plateau","icon":"plateau_01","variant":1,"rank":140,"reveal_tier":1,"reveal_zoom":7.2,"icon_size_ref":0.0642438,"icon_width_m":2015,"sort_key":43.505842},"geometry":{"type":"Point","coordinates":[42.606976,43.505842]}},{"type":"Feature","properties":{"id":"hill-0672","category":"plateau","icon":"plateau_04","variant":4,"rank":141,"reveal_tier":1,"reveal_zoom":7.2,"icon_size_ref":0.0674374,"icon_width_m":2100,"sort_key":43.930856},"geometry":{"type":"Point","coordinates":[41.23052,43.930856]}},{"type":"Feature","properties":{"id":"mount-1511","category":"rounded_hill","icon":"rounded_hill_04","variant":4,"rank":142,"reveal_tier":1,"reveal_zoom":7.2,"icon_size_ref":0.0507704,"icon_width_m":1588,"sort_key":43.657495},"geometry":{"type":"Point","coordinates":[42.426753,43.657495]}},{"type":"Feature","properties":{"id":"mount-1905","category":"ridge","icon":"ridge_02","variant":2,"rank":143,"reveal_tier":1,"reveal_zoom":7.2,"icon_size_ref":0.049865,"icon_width_m":1556,"sort_key":43.792279},"geometry":{"type":"Point","coordinates":[40.813297,43.792279]}},{"type":"Feature","properties":{"id":"rock-0722","category":"rocky_ridge","icon":"rocky_ridge_03","variant":3,"rank":144,"reveal_tier":1,"reveal_zoom":7.2,"icon_size_ref":0.0631895,"icon_width_m":1987,"sort_key":43.333848},"geometry":{"type":"Point","coordinates":[42.52401,43.333848]}},{"type":"Feature","properties":{"id":"hill-0481","category":"rounded_mountain","icon":"rounded_mountain_03","variant":3,"rank":145,"reveal_tier":1,"reveal_zoom":7.2,"icon_size_ref":0.0587612,"icon_width_m":1850,"sort_key":43.271066},"geometry":{"type":"Point","coordinates":[43.419846,43.271066]}},{"type":"Feature","properties":{"id":"mount-1086","category":"rounded_hill","icon":"rounded_hill_03","variant":3,"rank":146,"reveal_tier":1,"reveal_zoom":7.2,"icon_size_ref":0.0541327,"icon_width_m":1700,"sort_key":43.423705},"geometry":{"type":"Point","coordinates":[42.868931,43.423705]}},{"type":"Feature","properties":{"id":"rock-0143","category":"rocky_ridge","icon":"rocky_ridge_03","variant":3,"rank":147,"reveal_tier":1,"reveal_zoom":7.2,"icon_size_ref":0.0576244,"icon_width_m":1819,"sort_key":43.113578},"geometry":{"type":"Point","coordinates":[43.198146,43.113578]}},{"type":"Feature","properties":{"id":"mount-0514","category":"ridge","icon":"ridge_04","variant":4,"rank":148,"reveal_tier":1,"reveal_zoom":7.2,"icon_size_ref":0.0463153,"icon_width_m":1455,"sort_key":43.382688},"geometry":{"type":"Point","coordinates":[41.168615,43.382688]}},{"type":"Feature","properties":{"id":"mount-0702","category":"steep_mountain","icon":"steep_mountain_03","variant":3,"rank":149,"reveal_tier":1,"reveal_zoom":7.2,"icon_size_ref":0.0544678,"icon_width_m":1714,"sort_key":43.312642},"geometry":{"type":"Point","coordinates":[41.663064,43.312642]}},{"type":"Feature","properties":{"id":"rock-0819","category":"steep_mountain","icon":"steep_mountain_02","variant":2,"rank":150,"reveal_tier":1,"reveal_zoom":7.2,"icon_size_ref":0.0519245,"icon_width_m":1629,"sort_key":43.487038},"geometry":{"type":"Point","coordinates":[41.891363,43.487038]}},{"type":"Feature","properties":{"id":"rock-0126","category":"rocky_ridge","icon":"rocky_ridge_02","variant":2,"rank":151,"reveal_tier":1,"reveal_zoom":7.2,"icon_size_ref":0.0503447,"icon_width_m":1583,"sort_key":43.35816},"geometry":{"type":"Point","coordinates":[41.850454,43.35816]}},{"type":"Feature","properties":{"id":"rock-0466","category":"rocky_ridge","icon":"rocky_ridge_04","variant":4,"rank":152,"reveal_tier":1,"reveal_zoom":7.2,"icon_size_ref":0.0408882,"icon_width_m":1291,"sort_key":43.08623},"geometry":{"type":"Point","coordinates":[43.328383,43.08623]}},{"type":"Feature","properties":{"id":"mount-0428","category":"ridge","icon":"ridge_04","variant":4,"rank":153,"reveal_tier":1,"reveal_zoom":7.2,"icon_size_ref":0.0529591,"icon_width_m":1657,"sort_key":43.64578},"geometry":{"type":"Point","coordinates":[41.100186,43.64578]}},{"type":"Feature","properties":{"id":"hill-0375","category":"rounded_mountain","icon":"rounded_mountain_02","variant":2,"rank":154,"reveal_tier":1,"reveal_zoom":7.2,"icon_size_ref":0.0591221,"icon_width_m":1850,"sort_key":43.641332},"geometry":{"type":"Point","coordinates":[41.957635,43.641332]}},{"type":"Feature","properties":{"id":"mount-1382","category":"rounded_mountain","icon":"rounded_mountain_04","variant":4,"rank":155,"reveal_tier":1,"reveal_zoom":7.2,"icon_size_ref":0.0586467,"icon_width_m":1850,"sort_key":43.152068},"geometry":{"type":"Point","coordinates":[43.453707,43.152068]}},{"type":"Feature","properties":{"id":"mount-0505","category":"ridge","icon":"ridge_02","variant":2,"rank":156,"reveal_tier":1,"reveal_zoom":7.2,"icon_size_ref":0.0479154,"icon_width_m":1505,"sort_key":43.423962},"geometry":{"type":"Point","coordinates":[40.967953,43.423962]}},{"type":"Feature","properties":{"id":"hill-0003","category":"plateau","icon":"plateau_01","variant":1,"rank":157,"reveal_tier":1,"reveal_zoom":7.2,"icon_size_ref":0.0673513,"icon_width_m":2100,"sort_key":43.854738},"geometry":{"type":"Point","coordinates":[42.81901,43.854738]}},{"type":"Feature","properties":{"id":"mount-0581","category":"rounded_hill","icon":"rounded_hill_02","variant":2,"rank":158,"reveal_tier":1,"reveal_zoom":7.2,"icon_size_ref":0.0502551,"icon_width_m":1573,"sort_key":43.61116},"geometry":{"type":"Point","coordinates":[41.321758,43.61116]}},{"type":"Feature","properties":{"id":"rock-0720","category":"ridge","icon":"ridge_01","variant":1,"rank":159,"reveal_tier":1,"reveal_zoom":7.2,"icon_size_ref":0.0517889,"icon_width_m":1627,"sort_key":43.390493},"geometry":{"type":"Point","coordinates":[42.338272,43.390493]}},{"type":"Feature","properties":{"id":"mount-0658","category":"ridge","icon":"ridge_03","variant":3,"rank":160,"reveal_tier":1,"reveal_zoom":7.2,"icon_size_ref":0.0701775,"icon_width_m":2200,"sort_key":43.530015},"geometry":{"type":"Point","coordinates":[41.744485,43.530015]}},{"type":"Feature","properties":{"id":"mount-2056","category":"rocky_ridge","icon":"rocky_ridge_01","variant":1,"rank":161,"reveal_tier":1,"reveal_zoom":7.2,"icon_size_ref":0.0529314,"icon_width_m":1674,"sort_key":42.993646},"geometry":{"type":"Point","coordinates":[43.395749,42.993646]}},{"type":"Feature","properties":{"id":"mount-0894","category":"ridge","icon":"ridge_01","variant":1,"rank":162,"reveal_tier":1,"reveal_zoom":7.2,"icon_size_ref":0.0484597,"icon_width_m":1525,"sort_key":43.290834},"geometry":{"type":"Point","coordinates":[43.128258,43.290834]}},{"type":"Feature","properties":{"id":"hill-0409","category":"rounded_mountain","icon":"rounded_mountain_01","variant":1,"rank":163,"reveal_tier":1,"reveal_zoom":7.2,"icon_size_ref":0.0502092,"icon_width_m":1569,"sort_key":43.727274},"geometry":{"type":"Point","coordinates":[41.983759,43.727274]}},{"type":"Feature","properties":{"id":"mount-0703","category":"steep_mountain","icon":"steep_mountain_02","variant":2,"rank":164,"reveal_tier":1,"reveal_zoom":7.2,"icon_size_ref":0.0572795,"icon_width_m":1800,"sort_key":43.3841},"geometry":{"type":"Point","coordinates":[41.726568,43.3841]}},{"type":"Feature","properties":{"id":"hill-0572","category":"plateau","icon":"plateau_01","variant":1,"rank":165,"reveal_tier":1,"reveal_zoom":7.2,"icon_size_ref":0.0596079,"icon_width_m":1850,"sort_key":44.119511},"geometry":{"type":"Point","coordinates":[41.675402,44.119511]}},{"type":"Feature","properties":{"id":"hill-0632","category":"rounded_mountain","icon":"rounded_mountain_03","variant":3,"rank":166,"reveal_tier":1,"reveal_zoom":7.2,"icon_size_ref":0.0591009,"icon_width_m":1850,"sort_key":43.619813},"geometry":{"type":"Point","coordinates":[42.169873,43.619813]}},{"type":"Feature","properties":{"id":"mount-1474","category":"plateau","icon":"plateau_04","variant":4,"rank":167,"reveal_tier":1,"reveal_zoom":7.2,"icon_size_ref":0.0489256,"icon_width_m":1529,"sort_key":43.709602},"geometry":{"type":"Point","coordinates":[41.253372,43.709602]}},{"type":"Feature","properties":{"id":"mount-0952","category":"ridge","icon":"ridge_02","variant":2,"rank":168,"reveal_tier":1,"reveal_zoom":7.2,"icon_size_ref":0.0697822,"icon_width_m":2200,"sort_key":43.187257},"geometry":{"type":"Point","coordinates":[42.994233,43.187257]}},{"type":"Feature","properties":{"id":"rock-0797","category":"steep_mountain","icon":"steep_mountain_04","variant":4,"rank":169,"reveal_tier":1,"reveal_zoom":7.2,"icon_size_ref":0.0549166,"icon_width_m":1736,"sort_key":43.032518},"geometry":{"type":"Point","coordinates":[43.527499,43.032518]}},{"type":"Feature","properties":{"id":"rock-0053","category":"rocky_ridge","icon":"rocky_ridge_04","variant":4,"rank":170,"reveal_tier":1,"reveal_zoom":7.2,"icon_size_ref":0.0419483,"icon_width_m":1317,"sort_key":43.447233},"geometry":{"type":"Point","coordinates":[41.585366,43.447233]}},{"type":"Feature","properties":{"id":"mount-0218","category":"ridge","icon":"ridge_04","variant":4,"rank":171,"reveal_tier":1,"reveal_zoom":7.2,"icon_size_ref":0.0702187,"icon_width_m":2200,"sort_key":43.565451},"geometry":{"type":"Point","coordinates":[41.533813,43.565451]}},{"type":"Feature","properties":{"id":"mount-0550","category":"ridge","icon":"ridge_01","variant":1,"rank":172,"reveal_tier":1,"reveal_zoom":7.2,"icon_size_ref":0.0645555,"icon_width_m":2030,"sort_key":43.347425},"geometry":{"type":"Point","coordinates":[41.35094,43.347425]}},{"type":"Feature","properties":{"id":"mount-0046","category":"steep_mountain","icon":"steep_mountain_04","variant":4,"rank":173,"reveal_tier":1,"reveal_zoom":7.2,"icon_size_ref":0.0571466,"icon_width_m":1800,"sort_key":43.242905},"geometry":{"type":"Point","coordinates":[41.968106,43.242905]}},{"type":"Feature","properties":{"id":"hill-0487","category":"plateau","icon":"plateau_01","variant":1,"rank":174,"reveal_tier":1,"reveal_zoom":7.2,"icon_size_ref":0.0566776,"icon_width_m":1770,"sort_key":43.773464},"geometry":{"type":"Point","coordinates":[42.879521,43.773464]}},{"type":"Feature","properties":{"id":"rock-0423","category":"ridge","icon":"ridge_03","variant":3,"rank":175,"reveal_tier":1,"reveal_zoom":7.2,"icon_size_ref":0.054472,"icon_width_m":1713,"sort_key":43.351186},"geometry":{"type":"Point","coordinates":[41.54819,43.351186]}},{"type":"Feature","properties":{"id":"mount-1057","category":"plateau","icon":"plateau_01","variant":1,"rank":176,"reveal_tier":1,"reveal_zoom":7.2,"icon_size_ref":0.0456702,"icon_width_m":1433,"sort_key":43.48886},"geometry":{"type":"Point","coordinates":[42.382572,43.48886]}},{"type":"Feature","properties":{"id":"hill-0584","category":"plateau","icon":"plateau_03","variant":3,"rank":177,"reveal_tier":1,"reveal_zoom":7.2,"icon_size_ref":0.0675222,"icon_width_m":2100,"sort_key":44.005472},"geometry":{"type":"Point","coordinates":[41.539446,44.005472]}},{"type":"Feature","properties":{"id":"hill-0334","category":"plateau","icon":"plateau_01","variant":1,"rank":178,"reveal_tier":1,"reveal_zoom":7.2,"icon_size_ref":0.0505355,"icon_width_m":1578,"sort_key":43.755551},"geometry":{"type":"Point","coordinates":[41.393298,43.755551]}},{"type":"Feature","properties":{"id":"mount-1144","category":"plateau","icon":"plateau_04","variant":4,"rank":179,"reveal_tier":1,"reveal_zoom":7.2,"icon_size_ref":0.0670799,"icon_width_m":2100,"sort_key":43.612939},"geometry":{"type":"Point","coordinates":[42.595035,43.612939]}},{"type":"Feature","properties":{"id":"mount-1724","category":"rocky_ridge","icon":"rocky_ridge_01","variant":1,"rank":180,"reveal_tier":1,"reveal_zoom":7.2,"icon_size_ref":0.0552599,"icon_width_m":1740,"sort_key":43.256237},"geometry":{"type":"Point","coordinates":[41.85452,43.256237]}},{"type":"Feature","properties":{"id":"mount-0447","category":"ridge","icon":"ridge_01","variant":1,"rank":181,"reveal_tier":1,"reveal_zoom":7.2,"icon_size_ref":0.0678746,"icon_width_m":2121,"sort_key":43.717752},"geometry":{"type":"Point","coordinates":[40.984862,43.717752]}},{"type":"Feature","properties":{"id":"hill-0434","category":"rounded_mountain","icon":"rounded_mountain_02","variant":2,"rank":182,"reveal_tier":1,"reveal_zoom":7.2,"icon_size_ref":0.0590699,"icon_width_m":1850,"sort_key":43.588193},"geometry":{"type":"Point","coordinates":[42.080534,43.588193]}},{"type":"Feature","properties":{"id":"rock-0895","category":"rounded_mountain","icon":"rounded_mountain_02","variant":2,"rank":183,"reveal_tier":1,"reveal_zoom":7.2,"icon_size_ref":0.0501486,"icon_width_m":1582,"sort_key":43.16801},"geometry":{"type":"Point","coordinates":[42.848579,43.16801]}},{"type":"Feature","properties":{"id":"mount-1575","category":"rounded_mountain","icon":"rounded_mountain_04","variant":4,"rank":184,"reveal_tier":1,"reveal_zoom":7.2,"icon_size_ref":0.0592038,"icon_width_m":1850,"sort_key":43.724211},"geometry":{"type":"Point","coordinates":[42.613682,43.724211]}},{"type":"Feature","properties":{"id":"rock-0098","category":"ridge","icon":"ridge_03","variant":3,"rank":185,"reveal_tier":1,"reveal_zoom":7.2,"icon_size_ref":0.0502663,"icon_width_m":1582,"sort_key":43.276268},"geometry":{"type":"Point","coordinates":[42.574081,43.276268]}},{"type":"Feature","properties":{"id":"mount-1459","category":"ridge","icon":"ridge_03","variant":3,"rank":186,"reveal_tier":1,"reveal_zoom":7.2,"icon_size_ref":0.055693,"icon_width_m":1753,"sort_key":43.288655},"geometry":{"type":"Point","coordinates":[42.041148,43.288655]}},{"type":"Feature","properties":{"id":"mount-0145","category":"ridge","icon":"ridge_04","variant":4,"rank":187,"reveal_tier":1,"reveal_zoom":7.2,"icon_size_ref":0.0662668,"icon_width_m":2077,"sort_key":43.540507},"geometry":{"type":"Point","coordinates":[40.942655,43.540507]}},{"type":"Feature","properties":{"id":"mount-1658","category":"plateau","icon":"plateau_04","variant":4,"rank":188,"reveal_tier":1,"reveal_zoom":7.2,"icon_size_ref":0.0670961,"icon_width_m":2100,"sort_key":43.627487},"geometry":{"type":"Point","coordinates":[42.741548,43.627487]}},{"type":"Feature","properties":{"id":"mount-1920","category":"rocky_ridge","icon":"rocky_ridge_02","variant":2,"rank":189,"reveal_tier":1,"reveal_zoom":7.2,"icon_size_ref":0.0578908,"icon_width_m":1818,"sort_key":43.413255},"geometry":{"type":"Point","coordinates":[41.249993,43.413255]}},{"type":"Feature","properties":{"id":"hill-0094","category":"rounded_hill","icon":"rounded_hill_01","variant":1,"rank":190,"reveal_tier":1,"reveal_zoom":7.2,"icon_size_ref":0.0484434,"icon_width_m":1506,"sort_key":44.01129},"geometry":{"type":"Point","coordinates":[41.182036,44.01129]}},{"type":"Feature","properties":{"id":"mount-1644","category":"rocky_ridge","icon":"rocky_ridge_03","variant":3,"rank":191,"reveal_tier":1,"reveal_zoom":7.2,"icon_size_ref":0.0574303,"icon_width_m":1800,"sort_key":43.547452},"geometry":{"type":"Point","coordinates":[40.801077,43.547452]}},{"type":"Feature","properties":{"id":"mount-0126","category":"ridge","icon":"ridge_03","variant":3,"rank":192,"reveal_tier":1,"reveal_zoom":7.2,"icon_size_ref":0.057754,"icon_width_m":1813,"sort_key":43.440059},"geometry":{"type":"Point","coordinates":[41.675938,43.440059]}},{"type":"Feature","properties":{"id":"mount-1545","category":"ridge","icon":"ridge_01","variant":1,"rank":193,"reveal_tier":1,"reveal_zoom":7.2,"icon_size_ref":0.0582324,"icon_width_m":1826,"sort_key":43.513693},"geometry":{"type":"Point","coordinates":[42.839588,43.513693]}},{"type":"Feature","properties":{"id":"mount-2012","category":"ridge","icon":"ridge_01","variant":1,"rank":194,"reveal_tier":1,"reveal_zoom":7.2,"icon_size_ref":0.0462732,"icon_width_m":1456,"sort_key":43.294715},"geometry":{"type":"Point","coordinates":[42.966338,43.294715]}},{"type":"Feature","properties":{"id":"hill-0669","category":"rounded_mountain","icon":"rounded_mountain_02","variant":2,"rank":195,"reveal_tier":1,"reveal_zoom":7.2,"icon_size_ref":0.0456803,"icon_width_m":1432,"sort_key":43.514642},"geometry":{"type":"Point","coordinates":[42.268717,43.514642]}},{"type":"Feature","properties":{"id":"mount-0076","category":"steep_mountain","icon":"steep_mountain_01","variant":1,"rank":196,"reveal_tier":1,"reveal_zoom":7.2,"icon_size_ref":0.0444157,"icon_width_m":1393,"sort_key":43.490658},"geometry":{"type":"Point","coordinates":[41.098276,43.490658]}},{"type":"Feature","properties":{"id":"mount-0591","category":"rocky_ridge","icon":"rocky_ridge_01","variant":1,"rank":197,"reveal_tier":1,"reveal_zoom":7.2,"icon_size_ref":0.0603664,"icon_width_m":1894,"sort_key":43.485412},"geometry":{"type":"Point","coordinates":[41.276128,43.485412]}},{"type":"Feature","properties":{"id":"mount-0986","category":"steep_mountain","icon":"steep_mountain_01","variant":1,"rank":198,"reveal_tier":1,"reveal_zoom":7.2,"icon_size_ref":0.0512427,"icon_width_m":1610,"sort_key":43.383289},"geometry":{"type":"Point","coordinates":[42.173928,43.383289]}},{"type":"Feature","properties":{"id":"mount-1140","category":"rounded_hill","icon":"rounded_hill_04","variant":4,"rank":199,"reveal_tier":1,"reveal_zoom":7.2,"icon_size_ref":0.0543685,"icon_width_m":1700,"sort_key":43.68561},"geometry":{"type":"Point","coordinates":[42.795782,43.68561]}},{"type":"Feature","properties":{"id":"mount-0564","category":"rounded_mountain","icon":"rounded_mountain_01","variant":1,"rank":200,"reveal_tier":1,"reveal_zoom":7.2,"icon_size_ref":0.0448355,"icon_width_m":1405,"sort_key":43.548766},"geometry":{"type":"Point","coordinates":[41.22095,43.548766]}},{"type":"Feature","properties":{"id":"rock-0267","category":"ridge","icon":"ridge_03","variant":3,"rank":201,"reveal_tier":1,"reveal_zoom":7.2,"icon_size_ref":0.0398008,"icon_width_m":1260,"sort_key":42.950549},"geometry":{"type":"Point","coordinates":[43.57726,42.950549]}},{"type":"Feature","properties":{"id":"hill-0362","category":"rocky_peak","icon":"rocky_peak_01","variant":1,"rank":202,"reveal_tier":1,"reveal_zoom":7.2,"icon_size_ref":0.0571021,"icon_width_m":1800,"sort_key":43.195439},"geometry":{"type":"Point","coordinates":[41.593133,43.195439]}},{"type":"Feature","properties":{"id":"mount-1136","category":"steep_mountain","icon":"steep_mountain_03","variant":3,"rank":203,"reveal_tier":1,"reveal_zoom":7.2,"icon_size_ref":0.0562196,"icon_width_m":1770,"sort_key":43.26537},"geometry":{"type":"Point","coordinates":[42.723781,43.26537]}},{"type":"Feature","properties":{"id":"mount-0124","category":"rounded_mountain","icon":"rounded_mountain_01","variant":1,"rank":204,"reveal_tier":1,"reveal_zoom":7.2,"icon_size_ref":0.0591545,"icon_width_m":1850,"sort_key":43.674189},"geometry":{"type":"Point","coordinates":[40.778471,43.674189]}},{"type":"Feature","properties":{"id":"mount-0994","category":"steep_mountain","icon":"steep_mountain_04","variant":4,"rank":205,"reveal_tier":1,"reveal_zoom":7.2,"icon_size_ref":0.0571697,"icon_width_m":1800,"sort_key":43.26748},"geometry":{"type":"Point","coordinates":[42.125745,43.26748]}},{"type":"Feature","properties":{"id":"mount-0930","category":"steep_mountain","icon":"steep_mountain_02","variant":2,"rank":206,"reveal_tier":1,"reveal_zoom":7.2,"icon_size_ref":0.0570671,"icon_width_m":1800,"sort_key":43.157946},"geometry":{"type":"Point","coordinates":[42.044152,43.157946]}},{"type":"Feature","properties":{"id":"mount-1647","category":"plateau","icon":"plateau_04","variant":4,"rank":207,"reveal_tier":1,"reveal_zoom":7.2,"icon_size_ref":0.0672618,"icon_width_m":2100,"sort_key":43.775324},"geometry":{"type":"Point","coordinates":[42.552098,43.775324]}},{"type":"Feature","properties":{"id":"hill-0101","category":"plateau","icon":"plateau_03","variant":3,"rank":208,"reveal_tier":1,"reveal_zoom":7.2,"icon_size_ref":0.0636923,"icon_width_m":1983,"sort_key":43.952757},"geometry":{"type":"Point","coordinates":[41.362678,43.952757]}},{"type":"Feature","properties":{"id":"mount-1525","category":"isolated_peak","icon":"isolated_peak_03","variant":3,"rank":209,"reveal_tier":1,"reveal_zoom":7.2,"icon_size_ref":0.054047,"icon_width_m":1700,"sort_key":43.327566},"geometry":{"type":"Point","coordinates":[43.229592,43.327566]}},{"type":"Feature","properties":{"id":"hill-0203","category":"plateau","icon":"plateau_01","variant":1,"rank":210,"reveal_tier":1,"reveal_zoom":7.2,"icon_size_ref":0.0673339,"icon_width_m":2100,"sort_key":43.839317},"geometry":{"type":"Point","coordinates":[41.397697,43.839317]}},{"type":"Feature","properties":{"id":"hill-0603","category":"rounded_hill","icon":"rounded_hill_01","variant":1,"rank":211,"reveal_tier":1,"reveal_zoom":7.2,"icon_size_ref":0.054486,"icon_width_m":1700,"sort_key":43.81482},"geometry":{"type":"Point","coordinates":[41.11791,43.81482]}},{"type":"Feature","properties":{"id":"mount-1720","category":"plateau","icon":"plateau_04","variant":4,"rank":212,"reveal_tier":1,"reveal_zoom":7.2,"icon_size_ref":0.0495136,"icon_width_m":1551,"sort_key":43.592234},"geometry":{"type":"Point","coordinates":[42.420745,43.592234]}},{"type":"Feature","properties":{"id":"mount-0013","category":"ridge","icon":"ridge_02","variant":2,"rank":213,"reveal_tier":1,"reveal_zoom":7.2,"icon_size_ref":0.0674662,"icon_width_m":2105,"sort_key":43.802432},"geometry":{"type":"Point","coordinates":[40.732101,43.802432]}},{"type":"Feature","properties":{"id":"rock-0521","category":"rocky_ridge","icon":"rocky_ridge_02","variant":2,"rank":214,"reveal_tier":1,"reveal_zoom":7.2,"icon_size_ref":0.0500303,"icon_width_m":1571,"sort_key":43.411353},"geometry":{"type":"Point","coordinates":[41.894023,43.411353]}},{"type":"Feature","properties":{"id":"rock-0421","category":"ridge","icon":"ridge_03","variant":3,"rank":215,"reveal_tier":1,"reveal_zoom":7.2,"icon_size_ref":0.0564838,"icon_width_m":1776,"sort_key":43.334402},"geometry":{"type":"Point","coordinates":[42.700521,43.334402]}},{"type":"Feature","properties":{"id":"hill-0449","category":"rounded_mountain","icon":"rounded_mountain_03","variant":3,"rank":216,"reveal_tier":1,"reveal_zoom":7.2,"icon_size_ref":0.0503673,"icon_width_m":1587,"sort_key":43.20832},"geometry":{"type":"Point","coordinates":[43.500023,43.20832]}},{"type":"Feature","properties":{"id":"mount-0822","category":"rounded_mountain","icon":"rounded_mountain_02","variant":2,"rank":217,"reveal_tier":1,"reveal_zoom":7.2,"icon_size_ref":0.0592019,"icon_width_m":1850,"sort_key":43.72225},"geometry":{"type":"Point","coordinates":[42.075351,43.72225]}},{"type":"Feature","properties":{"id":"rock-0511","category":"rocky_ridge","icon":"rocky_ridge_03","variant":3,"rank":218,"reveal_tier":1,"reveal_zoom":7.2,"icon_size_ref":0.0650338,"icon_width_m":2050,"sort_key":43.196197},"geometry":{"type":"Point","coordinates":[42.409136,43.196197]}},{"type":"Feature","properties":{"id":"mount-0385","category":"rounded_mountain","icon":"rounded_mountain_04","variant":4,"rank":219,"reveal_tier":1,"reveal_zoom":7.2,"icon_size_ref":0.0494138,"icon_width_m":1544,"sort_key":43.713208},"geometry":{"type":"Point","coordinates":[41.083513,43.713208]}},{"type":"Feature","properties":{"id":"mount-1598","category":"rounded_hill","icon":"rounded_hill_04","variant":4,"rank":220,"reveal_tier":1,"reveal_zoom":7.2,"icon_size_ref":0.0544995,"icon_width_m":1700,"sort_key":43.829597},"geometry":{"type":"Point","coordinates":[40.997243,43.829597]}},{"type":"Feature","properties":{"id":"mount-1359","category":"rocky_ridge","icon":"rocky_ridge_04","variant":4,"rank":221,"reveal_tier":1,"reveal_zoom":7.2,"icon_size_ref":0.0592559,"icon_width_m":1875,"sort_key":42.968938},"geometry":{"type":"Point","coordinates":[43.31906,42.968938]}},{"type":"Feature","properties":{"id":"mount-1868","category":"ridge","icon":"ridge_03","variant":3,"rank":222,"reveal_tier":1,"reveal_zoom":7.2,"icon_size_ref":0.0443067,"icon_width_m":1391,"sort_key":43.432447},"geometry":{"type":"Point","coordinates":[42.216522,43.432447]}},{"type":"Feature","properties":{"id":"mount-0323","category":"ridge","icon":"ridge_04","variant":4,"rank":223,"reveal_tier":1,"reveal_zoom":7.2,"icon_size_ref":0.0463248,"icon_width_m":1456,"sort_key":43.370281},"geometry":{"type":"Point","coordinates":[41.430227,43.370281]}},{"type":"Feature","properties":{"id":"mount-0057","category":"rounded_hill","icon":"rounded_hill_02","variant":2,"rank":224,"reveal_tier":1,"reveal_zoom":7.2,"icon_size_ref":0.0543704,"icon_width_m":1700,"sort_key":43.687744},"geometry":{"type":"Point","coordinates":[41.565195,43.687744]}},{"type":"Feature","properties":{"id":"mount-0211","category":"rocky_peak","icon":"rocky_peak_02","variant":2,"rank":225,"reveal_tier":1,"reveal_zoom":7.2,"icon_size_ref":0.0505673,"icon_width_m":1586,"sort_key":43.507779},"geometry":{"type":"Point","coordinates":[41.568639,43.507779]}},{"type":"Feature","properties":{"id":"rock-0731","category":"isolated_peak","icon":"isolated_peak_03","variant":3,"rank":226,"reveal_tier":1,"reveal_zoom":7.2,"icon_size_ref":0.053757,"icon_width_m":1700,"sort_key":42.998974},"geometry":{"type":"Point","coordinates":[43.190882,42.998974]}},{"type":"Feature","properties":{"id":"rock-0386","category":"ridge","icon":"ridge_02","variant":2,"rank":227,"reveal_tier":1,"reveal_zoom":7.2,"icon_size_ref":0.0426363,"icon_width_m":1341,"sort_key":43.316381},"geometry":{"type":"Point","coordinates":[42.338401,43.316381]}},{"type":"Feature","properties":{"id":"hill-0509","category":"plateau","icon":"plateau_04","variant":4,"rank":228,"reveal_tier":1,"reveal_zoom":7.2,"icon_size_ref":0.0488159,"icon_width_m":1518,"sort_key":44.011444},"geometry":{"type":"Point","coordinates":[41.038764,44.011444]}},{"type":"Feature","properties":{"id":"mount-0332","category":"ridge","icon":"ridge_02","variant":2,"rank":229,"reveal_tier":1,"reveal_zoom":7.2,"icon_size_ref":0.0523671,"icon_width_m":1632,"sort_key":43.871671},"geometry":{"type":"Point","coordinates":[40.841213,43.871671]}},{"type":"Feature","properties":{"id":"rock-0854","category":"rocky_ridge","icon":"rocky_ridge_03","variant":3,"rank":230,"reveal_tier":1,"reveal_zoom":7.2,"icon_size_ref":0.0650506,"icon_width_m":2050,"sort_key":43.211948},"geometry":{"type":"Point","coordinates":[42.543354,43.211948]}},{"type":"Feature","properties":{"id":"mount-0826","category":"rounded_mountain","icon":"rounded_mountain_02","variant":2,"rank":231,"reveal_tier":1,"reveal_zoom":7.2,"icon_size_ref":0.0571899,"icon_width_m":1792,"sort_key":43.562256},"geometry":{"type":"Point","coordinates":[41.617981,43.562256]}},{"type":"Feature","properties":{"id":"rock-0166","category":"rocky_peak","icon":"rocky_peak_01","variant":1,"rank":232,"reveal_tier":1,"reveal_zoom":7.2,"icon_size_ref":0.0572917,"icon_width_m":1800,"sort_key":43.396987},"geometry":{"type":"Point","coordinates":[42.711421,43.396987]}},{"type":"Feature","properties":{"id":"hill-0022","category":"rounded_mountain","icon":"rounded_mountain_02","variant":2,"rank":233,"reveal_tier":1,"reveal_zoom":7.2,"icon_size_ref":0.0591457,"icon_width_m":1848,"sort_key":43.731631},"geometry":{"type":"Point","coordinates":[40.822535,43.731631]}},{"type":"Feature","properties":{"id":"rock-0717","category":"ridge","icon":"ridge_01","variant":1,"rank":234,"reveal_tier":1,"reveal_zoom":7.2,"icon_size_ref":0.0656096,"icon_width_m":2066,"sort_key":43.26737},"geometry":{"type":"Point","coordinates":[42.296044,43.26737]}},{"type":"Feature","properties":{"id":"rock-0782","category":"rocky_ridge","icon":"rocky_ridge_01","variant":1,"rank":235,"reveal_tier":1,"reveal_zoom":7.2,"icon_size_ref":0.0600488,"icon_width_m":1887,"sort_key":43.377136},"geometry":{"type":"Point","coordinates":[42.569286,43.377136]}},{"type":"Feature","properties":{"id":"mount-1276","category":"steep_mountain","icon":"steep_mountain_04","variant":4,"rank":236,"reveal_tier":1,"reveal_zoom":7.2,"icon_size_ref":0.0437885,"icon_width_m":1387,"sort_key":42.909425},"geometry":{"type":"Point","coordinates":[43.177493,42.909425]}},{"type":"Feature","properties":{"id":"mount-1685","category":"isolated_peak","icon":"isolated_peak_02","variant":2,"rank":237,"reveal_tier":1,"reveal_zoom":7.2,"icon_size_ref":0.0541118,"icon_width_m":1700,"sort_key":43.400293},"geometry":{"type":"Point","coordinates":[42.077358,43.400293]}},{"type":"Feature","properties":{"id":"hill-0719","category":"plateau","icon":"plateau_04","variant":4,"rank":238,"reveal_tier":1,"reveal_zoom":7.2,"icon_size_ref":0.0520956,"icon_width_m":1623,"sort_key":43.895217},"geometry":{"type":"Point","coordinates":[41.149678,43.895217]}},{"type":"Feature","properties":{"id":"mount-1543","category":"steep_mountain","icon":"steep_mountain_04","variant":4,"rank":239,"reveal_tier":1,"reveal_zoom":7.2,"icon_size_ref":0.0477563,"icon_width_m":1506,"sort_key":43.172815},"geometry":{"type":"Point","coordinates":[41.688159,43.172815]}},{"type":"Feature","properties":{"id":"mount-2045","category":"rounded_mountain","icon":"rounded_mountain_01","variant":1,"rank":240,"reveal_tier":1,"reveal_zoom":7.2,"icon_size_ref":0.0467019,"icon_width_m":1475,"sort_key":43.082485},"geometry":{"type":"Point","coordinates":[43.03614,43.082485]}},{"type":"Feature","properties":{"id":"mount-2072","category":"rocky_ridge","icon":"rocky_ridge_03","variant":3,"rank":241,"reveal_tier":1,"reveal_zoom":7.2,"icon_size_ref":0.0504374,"icon_width_m":1590,"sort_key":43.174512},"geometry":{"type":"Point","coordinates":[42.685651,43.174512]}},{"type":"Feature","properties":{"id":"mount-1667","category":"plateau","icon":"plateau_02","variant":2,"rank":242,"reveal_tier":1,"reveal_zoom":7.2,"icon_size_ref":0.0560488,"icon_width_m":1751,"sort_key":43.754218},"geometry":{"type":"Point","coordinates":[42.206136,43.754218]}},{"type":"Feature","properties":{"id":"mount-1651","category":"rounded_hill","icon":"rounded_hill_04","variant":4,"rank":243,"reveal_tier":1,"reveal_zoom":7.2,"icon_size_ref":0.0419222,"icon_width_m":1312,"sort_key":43.622718},"geometry":{"type":"Point","coordinates":[42.341448,43.622718]}},{"type":"Feature","properties":{"id":"mount-0878","category":"ridge","icon":"ridge_04","variant":4,"rank":244,"reveal_tier":1,"reveal_zoom":7.2,"icon_size_ref":0.0615679,"icon_width_m":1932,"sort_key":43.473057},"geometry":{"type":"Point","coordinates":[42.528709,43.473057]}},{"type":"Feature","properties":{"id":"rock-0552","category":"plateau","icon":"plateau_04","variant":4,"rank":245,"reveal_tier":1,"reveal_zoom":7.2,"icon_size_ref":0.0663938,"icon_width_m":2100,"sort_key":42.987854},"geometry":{"type":"Point","coordinates":[43.052298,42.987854]}},{"type":"Feature","properties":{"id":"mount-1463","category":"rounded_mountain","icon":"rounded_mountain_01","variant":1,"rank":246,"reveal_tier":1,"reveal_zoom":7.2,"icon_size_ref":0.0589742,"icon_width_m":1850,"sort_key":43.490424},"geometry":{"type":"Point","coordinates":[42.19191,43.490424]}},{"type":"Feature","properties":{"id":"mount-1196","category":"massif","icon":"massif_01","variant":1,"rank":247,"reveal_tier":1,"reveal_zoom":7.2,"icon_size_ref":0.0537217,"icon_width_m":1696,"sort_key":43.114353},"geometry":{"type":"Point","coordinates":[43.396221,43.114353]}},{"type":"Feature","properties":{"id":"hill-0765","category":"plateau","icon":"plateau_02","variant":2,"rank":248,"reveal_tier":1,"reveal_zoom":7.2,"icon_size_ref":0.0674349,"icon_width_m":2100,"sort_key":43.928669},"geometry":{"type":"Point","coordinates":[42.657605,43.928669]}},{"type":"Feature","properties":{"id":"mount-1910","category":"ridge","icon":"ridge_03","variant":3,"rank":249,"reveal_tier":1,"reveal_zoom":7.2,"icon_size_ref":0.0615045,"icon_width_m":1942,"sort_key":43.080487},"geometry":{"type":"Point","coordinates":[43.487781,43.080487]}},{"type":"Feature","properties":{"id":"mount-0751","category":"ridge","icon":"ridge_03","variant":3,"rank":250,"reveal_tier":1,"reveal_zoom":7.2,"icon_size_ref":0.0552717,"icon_width_m":1740,"sort_key":43.272745},"geometry":{"type":"Point","coordinates":[41.726428,43.272745]}},{"type":"Feature","properties":{"id":"rock-0318","category":"rocky_ridge","icon":"rocky_ridge_04","variant":4,"rank":251,"reveal_tier":1,"reveal_zoom":7.2,"icon_size_ref":0.0534227,"icon_width_m":1685,"sort_key":43.168245},"geometry":{"type":"Point","coordinates":[42.920827,43.168245]}},{"type":"Feature","properties":{"id":"mount-0570","category":"rounded_mountain","icon":"rounded_mountain_02","variant":2,"rank":252,"reveal_tier":1,"reveal_zoom":7.2,"icon_size_ref":0.0591298,"icon_width_m":1850,"sort_key":43.649158},"geometry":{"type":"Point","coordinates":[41.260679,43.649158]}},{"type":"Feature","properties":{"id":"rock-0080","category":"ridge","icon":"ridge_04","variant":4,"rank":253,"reveal_tier":1,"reveal_zoom":7.2,"icon_size_ref":0.0536514,"icon_width_m":1685,"sort_key":43.405772},"geometry":{"type":"Point","coordinates":[42.417837,43.405772]}},{"type":"Feature","properties":{"id":"mount-1656","category":"rounded_mountain","icon":"rounded_mountain_02","variant":2,"rank":254,"reveal_tier":1,"reveal_zoom":7.2,"icon_size_ref":0.0589831,"icon_width_m":1850,"sort_key":43.49957},"geometry":{"type":"Point","coordinates":[43.000402,43.49957]}},{"type":"Feature","properties":{"id":"hill-0606","category":"plateau","icon":"plateau_02","variant":2,"rank":255,"reveal_tier":1,"reveal_zoom":7.2,"icon_size_ref":0.0477792,"icon_width_m":1484,"sort_key":44.064654},"geometry":{"type":"Point","coordinates":[41.285774,44.064654]}},{"type":"Feature","properties":{"id":"rock-0601","category":"rocky_ridge","icon":"rocky_ridge_03","variant":3,"rank":256,"reveal_tier":1,"reveal_zoom":7.2,"icon_size_ref":0.0568356,"icon_width_m":1791,"sort_key":43.219087},"geometry":{"type":"Point","coordinates":[42.193229,43.219087]}},{"type":"Feature","properties":{"id":"mount-1076","category":"rounded_hill","icon":"rounded_hill_02","variant":2,"rank":257,"reveal_tier":1,"reveal_zoom":7.2,"icon_size_ref":0.0541891,"icon_width_m":1700,"sort_key":43.486634},"geometry":{"type":"Point","coordinates":[42.683494,43.486634]}},{"type":"Feature","properties":{"id":"hill-0382","category":"rounded_mountain","icon":"rounded_mountain_01","variant":1,"rank":258,"reveal_tier":1,"reveal_zoom":7.2,"icon_size_ref":0.0480298,"icon_width_m":1504,"sort_key":43.609335},"geometry":{"type":"Point","coordinates":[41.891824,43.609335]}},{"type":"Feature","properties":{"id":"hill-0416","category":"rounded_hill","icon":"rounded_hill_03","variant":3,"rank":259,"reveal_tier":1,"reveal_zoom":7.2,"icon_size_ref":0.0545075,"icon_width_m":1700,"sort_key":43.83835},"geometry":{"type":"Point","coordinates":[42.448447,43.83835]}},{"type":"Feature","properties":{"id":"mount-0027","category":"rocky_ridge","icon":"rocky_ridge_03","variant":3,"rank":260,"reveal_tier":1,"reveal_zoom":7.2,"icon_size_ref":0.0558143,"icon_width_m":1749,"sort_key":43.547864},"geometry":{"type":"Point","coordinates":[40.725825,43.547864]}},{"type":"Feature","properties":{"id":"rock-0061","category":"rocky_ridge","icon":"rocky_ridge_03","variant":3,"rank":261,"reveal_tier":1,"reveal_zoom":7.2,"icon_size_ref":0.0651529,"icon_width_m":2050,"sort_key":43.307606},"geometry":{"type":"Point","coordinates":[41.842697,43.307606]}},{"type":"Feature","properties":{"id":"mount-0256","category":"ridge","icon":"ridge_02","variant":2,"rank":262,"reveal_tier":1,"reveal_zoom":7.2,"icon_size_ref":0.0702928,"icon_width_m":2200,"sort_key":43.628853},"geometry":{"type":"Point","coordinates":[40.844496,43.628853]}},{"type":"Feature","properties":{"id":"mount-1873","category":"rounded_hill","icon":"rounded_hill_03","variant":3,"rank":263,"reveal_tier":1,"reveal_zoom":7.2,"icon_size_ref":0.0543212,"icon_width_m":1700,"sort_key":43.63335},"geometry":{"type":"Point","coordinates":[41.44721,43.63335]}},{"type":"Feature","properties":{"id":"mount-0953","category":"steep_mountain","icon":"steep_mountain_04","variant":4,"rank":264,"reveal_tier":1,"reveal_zoom":7.2,"icon_size_ref":0.0571077,"icon_width_m":1800,"sort_key":43.201406},"geometry":{"type":"Point","coordinates":[43.10474,43.201406]}},{"type":"Feature","properties":{"id":"mount-0896","category":"rounded_hill","icon":"rounded_hill_03","variant":3,"rank":265,"reveal_tier":1,"reveal_zoom":7.2,"icon_size_ref":0.0543159,"icon_width_m":1700,"sort_key":43.627448},"geometry":{"type":"Point","coordinates":[42.257828,43.627448]}},{"type":"Feature","properties":{"id":"mount-0161","category":"ridge","icon":"ridge_04","variant":4,"rank":266,"reveal_tier":1,"reveal_zoom":7.2,"icon_size_ref":0.0584298,"icon_width_m":1834,"sort_key":43.45436},"geometry":{"type":"Point","coordinates":[40.903355,43.45436]}},{"type":"Feature","properties":{"id":"mount-1649","category":"rounded_hill","icon":"rounded_hill_04","variant":4,"rank":267,"reveal_tier":1,"reveal_zoom":7.2,"icon_size_ref":0.0531095,"icon_width_m":1662,"sort_key":43.620489},"geometry":{"type":"Point","coordinates":[42.50737,43.620489]}},{"type":"Feature","properties":{"id":"hill-0186","category":"plateau","icon":"plateau_01","variant":1,"rank":268,"reveal_tier":1,"reveal_zoom":7.2,"icon_size_ref":0.0452266,"icon_width_m":1409,"sort_key":43.890957},"geometry":{"type":"Point","coordinates":[40.978907,43.890957]}},{"type":"Feature","properties":{"id":"rock-0825","category":"ridge","icon":"ridge_01","variant":1,"rank":269,"reveal_tier":1,"reveal_zoom":7.2,"icon_size_ref":0.0514306,"icon_width_m":1619,"sort_key":43.290373},"geometry":{"type":"Point","coordinates":[42.39727,43.290373]}},{"type":"Feature","properties":{"id":"rock-0861","category":"rocky_peak","icon":"rocky_peak_03","variant":3,"rank":270,"reveal_tier":1,"reveal_zoom":7.2,"icon_size_ref":0.0450574,"icon_width_m":1421,"sort_key":43.163385},"geometry":{"type":"Point","coordinates":[42.598704,43.163385]}},{"type":"Feature","properties":{"id":"mount-0999","category":"ridge","icon":"ridge_01","variant":1,"rank":271,"reveal_tier":1,"reveal_zoom":7.2,"icon_size_ref":0.0699741,"icon_width_m":2200,"sort_key":43.3544},"geometry":{"type":"Point","coordinates":[42.035558,43.3544]}},{"type":"Feature","properties":{"id":"mount-0793","category":"steep_mountain","icon":"steep_mountain_01","variant":1,"rank":272,"reveal_tier":1,"reveal_zoom":7.2,"icon_size_ref":0.0572591,"icon_width_m":1800,"sort_key":43.362411},"geometry":{"type":"Point","coordinates":[41.95521,43.362411]}},{"type":"Feature","properties":{"id":"hill-0010","category":"plateau","icon":"plateau_01","variant":1,"rank":273,"reveal_tier":1,"reveal_zoom":7.2,"icon_size_ref":0.0674344,"icon_width_m":2100,"sort_key":43.928159},"geometry":{"type":"Point","coordinates":[42.784613,43.928159]}},{"type":"Feature","properties":{"id":"hill-0510","category":"rocky_ridge","icon":"rocky_ridge_04","variant":4,"rank":274,"reveal_tier":1,"reveal_zoom":7.2,"icon_size_ref":0.0547253,"icon_width_m":1708,"sort_key":43.796709},"geometry":{"type":"Point","coordinates":[40.939189,43.796709]}},{"type":"Feature","properties":{"id":"hill-0417","category":"rounded_mountain","icon":"rounded_mountain_02","variant":2,"rank":275,"reveal_tier":1,"reveal_zoom":7.2,"icon_size_ref":0.058877,"icon_width_m":1850,"sort_key":43.39068},"geometry":{"type":"Point","coordinates":[40.896209,43.39068]}},{"type":"Feature","properties":{"id":"mount-1429","category":"rounded_hill","icon":"rounded_hill_02","variant":2,"rank":276,"reveal_tier":1,"reveal_zoom":7.2,"icon_size_ref":0.0531454,"icon_width_m":1666,"sort_key":43.544427},"geometry":{"type":"Point","coordinates":[42.029818,43.544427]}},{"type":"Feature","properties":{"id":"mount-0843","category":"ridge","icon":"ridge_01","variant":1,"rank":277,"reveal_tier":1,"reveal_zoom":7.2,"icon_size_ref":0.0563264,"icon_width_m":1763,"sort_key":43.613941},"geometry":{"type":"Point","coordinates":[41.767069,43.613941]}},{"type":"Feature","properties":{"id":"hill-0534","category":"rounded_hill","icon":"rounded_hill_02","variant":2,"rank":278,"reveal_tier":1,"reveal_zoom":7.2,"icon_size_ref":0.0504613,"icon_width_m":1576,"sort_key":43.772426},"geometry":{"type":"Point","coordinates":[41.22596,43.772426]}},{"type":"Feature","properties":{"id":"mount-0453","category":"steep_mountain","icon":"steep_mountain_02","variant":2,"rank":279,"reveal_tier":1,"reveal_zoom":7.2,"icon_size_ref":0.0527191,"icon_width_m":1654,"sort_key":43.486423},"geometry":{"type":"Point","coordinates":[40.804714,43.486423]}},{"type":"Feature","properties":{"id":"mount-1489","category":"rounded_mountain","icon":"rounded_mountain_01","variant":1,"rank":280,"reveal_tier":1,"reveal_zoom":7.2,"icon_size_ref":0.0589481,"icon_width_m":1850,"sort_key":43.463689},"geometry":{"type":"Point","coordinates":[43.094441,43.463689]}},{"type":"Feature","properties":{"id":"mount-0192","category":"rocky_peak","icon":"rocky_peak_02","variant":2,"rank":281,"reveal_tier":1,"reveal_zoom":7.2,"icon_size_ref":0.0573788,"icon_width_m":1800,"sort_key":43.488891},"geometry":{"type":"Point","coordinates":[41.815714,43.488891]}},{"type":"Feature","properties":{"id":"mount-0619","category":"rounded_mountain","icon":"rounded_mountain_02","variant":2,"rank":282,"reveal_tier":1,"reveal_zoom":7.2,"icon_size_ref":0.0590076,"icon_width_m":1850,"sort_key":43.524585},"geometry":{"type":"Point","coordinates":[41.407127,43.524585]}},{"type":"Feature","properties":{"id":"mount-0092","category":"rounded_mountain","icon":"rounded_mountain_03","variant":3,"rank":283,"reveal_tier":1,"reveal_zoom":7.2,"icon_size_ref":0.0566582,"icon_width_m":1790,"sort_key":43.069852},"geometry":{"type":"Point","coordinates":[43.648467,43.069852]}},{"type":"Feature","properties":{"id":"mount-1470","category":"ridge","icon":"ridge_04","variant":4,"rank":284,"reveal_tier":1,"reveal_zoom":7.2,"icon_size_ref":0.0487156,"icon_width_m":1528,"sort_key":43.478522},"geometry":{"type":"Point","coordinates":[41.353322,43.478522]}},{"type":"Feature","properties":{"id":"mount-0808","category":"ridge","icon":"ridge_01","variant":1,"rank":285,"reveal_tier":1,"reveal_zoom":7.2,"icon_size_ref":0.0644028,"icon_width_m":2017,"sort_key":43.588823},"geometry":{"type":"Point","coordinates":[41.993254,43.588823]}},{"type":"Feature","properties":{"id":"hill-0574","category":"plateau","icon":"plateau_02","variant":2,"rank":286,"reveal_tier":1,"reveal_zoom":7.2,"icon_size_ref":0.047175,"icon_width_m":1466,"sort_key":44.039825},"geometry":{"type":"Point","coordinates":[41.116076,44.039825]}},{"type":"Feature","properties":{"id":"mount-1146","category":"rounded_hill","icon":"rounded_hill_02","variant":2,"rank":287,"reveal_tier":1,"reveal_zoom":7.2,"icon_size_ref":0.0543873,"icon_width_m":1700,"sort_key":43.70636},"geometry":{"type":"Point","coordinates":[42.360975,43.70636]}},{"type":"Feature","properties":{"id":"hill-0349","category":"plateau","icon":"plateau_04","variant":4,"rank":288,"reveal_tier":1,"reveal_zoom":7.2,"icon_size_ref":0.0521499,"icon_width_m":1632,"sort_key":43.619099},"geometry":{"type":"Point","coordinates":[40.9258,43.619099]}},{"type":"Feature","properties":{"id":"mount-0182","category":"rounded_mountain","icon":"rounded_mountain_01","variant":1,"rank":289,"reveal_tier":1,"reveal_zoom":7.2,"icon_size_ref":0.0425238,"icon_width_m":1333,"sort_key":43.555671},"geometry":{"type":"Point","coordinates":[41.014903,43.555671]}},{"type":"Feature","properties":{"id":"mount-1798","category":"rounded_hill","icon":"rounded_hill_01","variant":1,"rank":290,"reveal_tier":1,"reveal_zoom":7.2,"icon_size_ref":0.0543691,"icon_width_m":1700,"sort_key":43.686246},"geometry":{"type":"Point","coordinates":[41.150944,43.686246]}},{"type":"Feature","properties":{"id":"hill-0130","category":"rocky_ridge","icon":"rocky_ridge_02","variant":2,"rank":291,"reveal_tier":1,"reveal_zoom":7.2,"icon_size_ref":0.066017,"icon_width_m":2050,"sort_key":44.097525},"geometry":{"type":"Point","coordinates":[41.006899,44.097525]}},{"type":"Feature","properties":{"id":"mount-0056","category":"rounded_hill","icon":"rounded_hill_03","variant":3,"rank":292,"reveal_tier":1,"reveal_zoom":7.2,"icon_size_ref":0.0543207,"icon_width_m":1700,"sort_key":43.632814},"geometry":{"type":"Point","coordinates":[41.617541,43.632814]}},{"type":"Feature","properties":{"id":"mount-0984","category":"ridge","icon":"ridge_03","variant":3,"rank":293,"reveal_tier":1,"reveal_zoom":7.2,"icon_size_ref":0.05909,"icon_width_m":1858,"sort_key":43.336018},"geometry":{"type":"Point","coordinates":[42.16704,43.336018]}},{"type":"Feature","properties":{"id":"mount-0231","category":"rocky_ridge","icon":"rocky_ridge_04","variant":4,"rank":294,"reveal_tier":1,"reveal_zoom":7.2,"icon_size_ref":0.0475281,"icon_width_m":1488,"sort_key":43.607097},"geometry":{"type":"Point","coordinates":[41.062131,43.607097]}},{"type":"Feature","properties":{"id":"hill-0251","category":"plateau","icon":"plateau_03","variant":3,"rank":295,"reveal_tier":1,"reveal_zoom":7.2,"icon_size_ref":0.0673495,"icon_width_m":2100,"sort_key":43.853152},"geometry":{"type":"Point","coordinates":[41.473142,43.853152]}},{"type":"Feature","properties":{"id":"mount-0668","category":"steep_mountain","icon":"steep_mountain_02","variant":2,"rank":296,"reveal_tier":1,"reveal_zoom":7.2,"icon_size_ref":0.046445,"icon_width_m":1457,"sort_key":43.49911},"geometry":{"type":"Point","coordinates":[41.960424,43.49911]}},{"type":"Feature","properties":{"id":"hill-0446","category":"rounded_hill","icon":"rounded_hill_04","variant":4,"rank":297,"reveal_tier":1,"reveal_zoom":7.2,"icon_size_ref":0.0540118,"icon_width_m":1700,"sort_key":43.287984},"geometry":{"type":"Point","coordinates":[43.599511,43.287984]}},{"type":"Feature","properties":{"id":"hill-0131","category":"plateau","icon":"plateau_01","variant":1,"rank":298,"reveal_tier":1,"reveal_zoom":7.2,"icon_size_ref":0.0463239,"icon_width_m":1441,"sort_key":43.987913},"geometry":{"type":"Point","coordinates":[40.924534,43.987913]}},{"type":"Feature","properties":{"id":"rock-0257","category":"ridge","icon":"ridge_02","variant":2,"rank":299,"reveal_tier":1,"reveal_zoom":7.2,"icon_size_ref":0.0422339,"icon_width_m":1331,"sort_key":43.224262},"geometry":{"type":"Point","coordinates":[42.831026,43.224262]}},{"type":"Feature","properties":{"id":"mount-1508","category":"rounded_mountain","icon":"rounded_mountain_04","variant":4,"rank":300,"reveal_tier":1,"reveal_zoom":7.2,"icon_size_ref":0.0573936,"icon_width_m":1799,"sort_key":43.535234},"geometry":{"type":"Point","coordinates":[41.862245,43.535234]}},{"type":"Feature","properties":{"id":"mount-1376","category":"rounded_mountain","icon":"rounded_mountain_01","variant":1,"rank":301,"reveal_tier":1,"reveal_zoom":7.2,"icon_size_ref":0.050518,"icon_width_m":1590,"sort_key":43.28222},"geometry":{"type":"Point","coordinates":[43.317107,43.28222]}},{"type":"Feature","properties":{"id":"hill-0521","category":"plateau","icon":"plateau_04","variant":4,"rank":302,"reveal_tier":1,"reveal_zoom":7.2,"icon_size_ref":0.0458452,"icon_width_m":1428,"sort_key":43.922649},"geometry":{"type":"Point","coordinates":[41.057035,43.922649]}},{"type":"Feature","properties":{"id":"rock-0038","category":"ridge","icon":"ridge_01","variant":1,"rank":303,"reveal_tier":1,"reveal_zoom":7.2,"icon_size_ref":0.0405251,"icon_width_m":1275,"sort_key":43.315866},"geometry":{"type":"Point","coordinates":[41.506037,43.315866]}},{"type":"Feature","properties":{"id":"mount-1326","category":"rocky_ridge","icon":"rocky_ridge_02","variant":2,"rank":304,"reveal_tier":1,"reveal_zoom":7.2,"icon_size_ref":0.0594145,"icon_width_m":1878,"sort_key":43.02142},"geometry":{"type":"Point","coordinates":[43.294158,43.02142]}},{"type":"Feature","properties":{"id":"hill-0029","category":"rounded_mountain","icon":"rounded_mountain_01","variant":1,"rank":305,"reveal_tier":1,"reveal_zoom":7.2,"icon_size_ref":0.0594029,"icon_width_m":1850,"sort_key":43.924558},"geometry":{"type":"Point","coordinates":[42.986273,43.924558]}},{"type":"Feature","properties":{"id":"mount-1792","category":"plateau","icon":"plateau_02","variant":2,"rank":306,"reveal_tier":1,"reveal_zoom":7.2,"icon_size_ref":0.0669593,"icon_width_m":2100,"sort_key":43.504488},"geometry":{"type":"Point","coordinates":[42.451934,43.504488]}},{"type":"Feature","properties":{"id":"mount-1689","category":"plateau","icon":"plateau_04","variant":4,"rank":307,"reveal_tier":1,"reveal_zoom":7.2,"icon_size_ref":0.0670104,"icon_width_m":2100,"sort_key":43.550578},"geometry":{"type":"Point","coordinates":[42.56891,43.550578]}},{"type":"Feature","properties":{"id":"rock-0549","category":"rocky_ridge","icon":"rocky_ridge_04","variant":4,"rank":308,"reveal_tier":1,"reveal_zoom":7.2,"icon_size_ref":0.0649183,"icon_width_m":2050,"sort_key":43.087539},"geometry":{"type":"Point","coordinates":[42.918123,43.087539]}},{"type":"Feature","properties":{"id":"mount-1224","category":"rounded_hill","icon":"rounded_hill_02","variant":2,"rank":309,"reveal_tier":1,"reveal_zoom":7.2,"icon_size_ref":0.0479278,"icon_width_m":1493,"sort_key":43.920092},"geometry":{"type":"Point","coordinates":[40.813243,43.920092]}},{"type":"Feature","properties":{"id":"hill-0062","category":"plateau","icon":"plateau_04","variant":4,"rank":310,"reveal_tier":1,"reveal_zoom":7.2,"icon_size_ref":0.0507378,"icon_width_m":1579,"sort_key":43.963168},"geometry":{"type":"Point","coordinates":[41.487379,43.963168]}},{"type":"Feature","properties":{"id":"hill-0553","category":"plateau","icon":"plateau_01","variant":1,"rank":311,"reveal_tier":1,"reveal_zoom":7.2,"icon_size_ref":0.0590045,"icon_width_m":1843,"sort_key":43.735561},"geometry":{"type":"Point","coordinates":[41.317799,43.735561]}},{"type":"Feature","properties":{"id":"mount-0108","category":"rocky_peak","icon":"rocky_peak_03","variant":3,"rank":312,"reveal_tier":1,"reveal_zoom":7.2,"icon_size_ref":0.0573016,"icon_width_m":1800,"sort_key":43.407464},"geometry":{"type":"Point","coordinates":[43.109375,43.407464]}},{"type":"Feature","properties":{"id":"rock-0627","category":"rounded_mountain","icon":"rounded_mountain_01","variant":1,"rank":313,"reveal_tier":1,"reveal_zoom":7.2,"icon_size_ref":0.053998,"icon_width_m":1710,"sort_key":42.907335},"geometry":{"type":"Point","coordinates":[43.300391,42.907335]}},{"type":"Feature","properties":{"id":"mount-0287","category":"rocky_ridge","icon":"rocky_ridge_03","variant":3,"rank":314,"reveal_tier":1,"reveal_zoom":7.2,"icon_size_ref":0.0468822,"icon_width_m":1466,"sort_key":43.687526},"geometry":{"type":"Point","coordinates":[40.938578,43.687526]}},{"type":"Feature","properties":{"id":"mount-1398","category":"rounded_hill","icon":"rounded_hill_01","variant":1,"rank":315,"reveal_tier":1,"reveal_zoom":7.2,"icon_size_ref":0.0415936,"icon_width_m":1306,"sort_key":43.432728},"geometry":{"type":"Point","coordinates":[41.435666,43.432728]}},{"type":"Feature","properties":{"id":"rock-0314","category":"rocky_peak","icon":"rocky_peak_01","variant":1,"rank":316,"reveal_tier":1,"reveal_zoom":7.2,"icon_size_ref":0.0570497,"icon_width_m":1800,"sort_key":43.139364},"geometry":{"type":"Point","coordinates":[42.791448,43.139364]}},{"type":"Feature","properties":{"id":"hill-0231","category":"plateau","icon":"plateau_01","variant":1,"rank":317,"reveal_tier":1,"reveal_zoom":7.2,"icon_size_ref":0.0673304,"icon_width_m":2100,"sort_key":43.836229},"geometry":{"type":"Point","coordinates":[41.28617,43.836229]}},{"type":"Feature","properties":{"id":"mount-1409","category":"ridge","icon":"ridge_04","variant":4,"rank":318,"reveal_tier":1,"reveal_zoom":7.2,"icon_size_ref":0.0610813,"icon_width_m":1918,"sort_key":43.438571},"geometry":{"type":"Point","coordinates":[41.028721,43.438571]}},{"type":"Feature","properties":{"id":"mount-1787","category":"rounded_mountain","icon":"rounded_mountain_01","variant":1,"rank":319,"reveal_tier":1,"reveal_zoom":7.2,"icon_size_ref":0.0504158,"icon_width_m":1580,"sort_key":43.564977},"geometry":{"type":"Point","coordinates":[42.222798,43.564977]}},{"type":"Feature","properties":{"id":"mount-0891","category":"ridge","icon":"ridge_04","variant":4,"rank":320,"reveal_tier":1,"reveal_zoom":7.2,"icon_size_ref":0.0644347,"icon_width_m":2023,"sort_key":43.448098},"geometry":{"type":"Point","coordinates":[41.128746,43.448098]}},{"type":"Feature","properties":{"id":"hill-0370","category":"ridge","icon":"ridge_04","variant":4,"rank":321,"reveal_tier":1,"reveal_zoom":7.2,"icon_size_ref":0.0467854,"icon_width_m":1461,"sort_key":43.748777},"geometry":{"type":"Point","coordinates":[41.898025,43.748777]}},{"type":"Feature","properties":{"id":"mount-1808","category":"rounded_mountain","icon":"rounded_mountain_01","variant":1,"rank":322,"reveal_tier":1,"reveal_zoom":7.2,"icon_size_ref":0.0590807,"icon_width_m":1850,"sort_key":43.599212},"geometry":{"type":"Point","coordinates":[42.848032,43.599212]}},{"type":"Feature","properties":{"id":"mount-1390","category":"rocky_ridge","icon":"rocky_ridge_02","variant":2,"rank":323,"reveal_tier":1,"reveal_zoom":7.2,"icon_size_ref":0.0618843,"icon_width_m":1949,"sort_key":43.265472},"geometry":{"type":"Point","coordinates":[41.633763,43.265472]}},{"type":"Feature","properties":{"id":"mount-0951","category":"rounded_mountain","icon":"rounded_mountain_01","variant":1,"rank":324,"reveal_tier":1,"reveal_zoom":7.2,"icon_size_ref":0.0586458,"icon_width_m":1850,"sort_key":43.1512},"geometry":{"type":"Point","coordinates":[43.242284,43.1512]}},{"type":"Feature","properties":{"id":"mount-0486","category":"rounded_mountain","icon":"rounded_mountain_04","variant":4,"rank":325,"reveal_tier":1,"reveal_zoom":7.2,"icon_size_ref":0.0482601,"icon_width_m":1513,"sort_key":43.515654},"geometry":{"type":"Point","coordinates":[41.156899,43.515654]}},{"type":"Feature","properties":{"id":"rock-0649","category":"massif","icon":"massif_03","variant":3,"rank":326,"reveal_tier":1,"reveal_zoom":7.2,"icon_size_ref":0.0549919,"icon_width_m":1740,"sort_key":42.954216},"geometry":{"type":"Point","coordinates":[43.430822,42.954216]}},{"type":"Feature","properties":{"id":"rock-0379","category":"ridge","icon":"ridge_03","variant":3,"rank":327,"reveal_tier":1,"reveal_zoom":7.2,"icon_size_ref":0.0645871,"icon_width_m":2034,"sort_key":43.246469},"geometry":{"type":"Point","coordinates":[42.398869,43.246469]}},{"type":"Feature","properties":{"id":"rock-0070","category":"rocky_ridge","icon":"rocky_ridge_01","variant":1,"rank":328,"reveal_tier":1,"reveal_zoom":7.2,"icon_size_ref":0.0482323,"icon_width_m":1514,"sort_key":43.445527},"geometry":{"type":"Point","coordinates":[41.524973,43.445527]}},{"type":"Feature","properties":{"id":"mount-1983","category":"rocky_ridge","icon":"rocky_ridge_02","variant":2,"rank":329,"reveal_tier":1,"reveal_zoom":7.2,"icon_size_ref":0.0473199,"icon_width_m":1495,"sort_key":43.066192},"geometry":{"type":"Point","coordinates":[43.188125,43.066192]}},{"type":"Feature","properties":{"id":"hill-0746","category":"rounded_mountain","icon":"rounded_mountain_01","variant":1,"rank":330,"reveal_tier":1,"reveal_zoom":7.2,"icon_size_ref":0.0589849,"icon_width_m":1850,"sort_key":43.501453},"geometry":{"type":"Point","coordinates":[42.126024,43.501453]}},{"type":"Feature","properties":{"id":"mount-1692","category":"steep_mountain","icon":"steep_mountain_02","variant":2,"rank":331,"reveal_tier":1,"reveal_zoom":7.2,"icon_size_ref":0.0573179,"icon_width_m":1800,"sort_key":43.424663},"geometry":{"type":"Point","coordinates":[42.56846,43.424663]}},{"type":"Feature","properties":{"id":"hill-0633","category":"ridge","icon":"ridge_02","variant":2,"rank":332,"reveal_tier":1,"reveal_zoom":7.2,"icon_size_ref":0.0609643,"icon_width_m":1908,"sort_key":43.626594},"geometry":{"type":"Point","coordinates":[42.023832,43.626594]}},{"type":"Feature","properties":{"id":"hill-0560","category":"ridge","icon":"ridge_02","variant":2,"rank":333,"reveal_tier":1,"reveal_zoom":7.2,"icon_size_ref":0.0556091,"icon_width_m":1739,"sort_key":43.662858},"geometry":{"type":"Point","coordinates":[42.126228,43.662858]}},{"type":"Feature","properties":{"id":"mount-0636","category":"ridge","icon":"ridge_03","variant":3,"rank":334,"reveal_tier":1,"reveal_zoom":7.2,"icon_size_ref":0.0668972,"icon_width_m":2100,"sort_key":43.440472},"geometry":{"type":"Point","coordinates":[41.296567,43.440472]}},{"type":"Feature","properties":{"id":"hill-0734","category":"plateau","icon":"plateau_03","variant":3,"rank":335,"reveal_tier":1,"reveal_zoom":7.2,"icon_size_ref":0.0675234,"icon_width_m":2100,"sort_key":44.006521},"geometry":{"type":"Point","coordinates":[41.364577,44.006521]}},{"type":"Feature","properties":{"id":"mount-1154","category":"ridge","icon":"ridge_04","variant":4,"rank":336,"reveal_tier":1,"reveal_zoom":7.2,"icon_size_ref":0.0487131,"icon_width_m":1532,"sort_key":43.330266},"geometry":{"type":"Point","coordinates":[43.074045,43.330266]}},{"type":"Feature","properties":{"id":"mount-1032","category":"steep_mountain","icon":"steep_mountain_02","variant":2,"rank":337,"reveal_tier":1,"reveal_zoom":7.2,"icon_size_ref":0.0572677,"icon_width_m":1800,"sort_key":43.371545},"geometry":{"type":"Point","coordinates":[42.64546,43.371545]}},{"type":"Feature","properties":{"id":"mount-1234","category":"rocky_peak","icon":"rocky_peak_02","variant":2,"rank":338,"reveal_tier":1,"reveal_zoom":7.2,"icon_size_ref":0.045705,"icon_width_m":1442,"sort_key":43.124284},"geometry":{"type":"Point","coordinates":[43.5278,43.124284]}},{"type":"Feature","properties":{"id":"rock-0431","category":"rocky_ridge","icon":"rocky_ridge_03","variant":3,"rank":339,"reveal_tier":1,"reveal_zoom":7.2,"icon_size_ref":0.0531105,"icon_width_m":1672,"sort_key":43.26187},"geometry":{"type":"Point","coordinates":[41.913271,43.26187]}},{"type":"Feature","properties":{"id":"mount-1001","category":"rounded_mountain","icon":"rounded_mountain_04","variant":4,"rank":340,"reveal_tier":1,"reveal_zoom":7.2,"icon_size_ref":0.0586981,"icon_width_m":1850,"sort_key":43.20559},"geometry":{"type":"Point","coordinates":[42.129639,43.20559]}},{"type":"Feature","properties":{"id":"hill-0450","category":"plateau","icon":"plateau_01","variant":1,"rank":341,"reveal_tier":1,"reveal_zoom":7.2,"icon_size_ref":0.0667524,"icon_width_m":2100,"sort_key":43.317107},"geometry":{"type":"Point","coordinates":[43.44316,43.317107]}},{"type":"Feature","properties":{"id":"mount-1228","category":"rounded_mountain","icon":"rounded_mountain_01","variant":1,"rank":342,"reveal_tier":1,"reveal_zoom":7.2,"icon_size_ref":0.0567791,"icon_width_m":1787,"sort_key":43.30553},"geometry":{"type":"Point","coordinates":[41.273414,43.30553]}},{"type":"Feature","properties":{"id":"mount-0640","category":"rounded_mountain","icon":"rounded_mountain_04","variant":4,"rank":343,"reveal_tier":1,"reveal_zoom":7.2,"icon_size_ref":0.0562725,"icon_width_m":1770,"sort_key":43.318715},"geometry":{"type":"Point","coordinates":[41.596824,43.318715]}},{"type":"Feature","properties":{"id":"mount-1139","category":"ridge","icon":"ridge_01","variant":1,"rank":344,"reveal_tier":1,"reveal_zoom":7.2,"icon_size_ref":0.0703345,"icon_width_m":2200,"sort_key":43.66455},"geometry":{"type":"Point","coordinates":[42.84668,43.66455]}},{"type":"Feature","properties":{"id":"mount-0320","category":"rounded_hill","icon":"rounded_hill_02","variant":2,"rank":345,"reveal_tier":1,"reveal_zoom":7.2,"icon_size_ref":0.0543859,"icon_width_m":1700,"sort_key":43.704794},"geometry":{"type":"Point","coordinates":[42.441162,43.704794]}},{"type":"Feature","properties":{"id":"mount-1890","category":"rocky_peak","icon":"rocky_peak_03","variant":3,"rank":346,"reveal_tier":1,"reveal_zoom":7.2,"icon_size_ref":0.057289,"icon_width_m":1800,"sort_key":43.394095},"geometry":{"type":"Point","coordinates":[41.317681,43.394095]}},{"type":"Feature","properties":{"id":"mount-0122","category":"rocky_ridge","icon":"rocky_ridge_03","variant":3,"rank":347,"reveal_tier":1,"reveal_zoom":7.2,"icon_size_ref":0.0494741,"icon_width_m":1549,"sort_key":43.595428},"geometry":{"type":"Point","coordinates":[40.765532,43.595428]}},{"type":"Feature","properties":{"id":"rock-0024","category":"rocky_peak","icon":"rocky_peak_02","variant":2,"rank":348,"reveal_tier":1,"reveal_zoom":7.2,"icon_size_ref":0.0562839,"icon_width_m":1780,"sort_key":43.000826},"geometry":{"type":"Point","coordinates":[43.460004,43.000826]}},{"type":"Feature","properties":{"id":"hill-0769","category":"rounded_hill","icon":"rounded_hill_02","variant":2,"rank":349,"reveal_tier":1,"reveal_zoom":7.2,"icon_size_ref":0.0544825,"icon_width_m":1700,"sort_key":43.810972},"geometry":{"type":"Point","coordinates":[40.875846,43.810972]}},{"type":"Feature","properties":{"id":"mount-1865","category":"steep_mountain","icon":"steep_mountain_02","variant":2,"rank":350,"reveal_tier":1,"reveal_zoom":7.2,"icon_size_ref":0.0572764,"icon_width_m":1800,"sort_key":43.380762},"geometry":{"type":"Point","coordinates":[42.890604,43.380762]}},{"type":"Feature","properties":{"id":"hill-0442","category":"rounded_hill","icon":"rounded_hill_04","variant":4,"rank":351,"reveal_tier":1,"reveal_zoom":7.2,"icon_size_ref":0.0542104,"icon_width_m":1700,"sort_key":43.510332},"geometry":{"type":"Point","coordinates":[43.164006,43.510332]}},{"type":"Feature","properties":{"id":"mount-1666","category":"rounded_mountain","icon":"rounded_mountain_01","variant":1,"rank":352,"reveal_tier":1,"reveal_zoom":7.2,"icon_size_ref":0.059141,"icon_width_m":1850,"sort_key":43.660498},"geometry":{"type":"Point","coordinates":[42.205364,43.660498]}},{"type":"Feature","properties":{"id":"mount-1513","category":"rounded_hill","icon":"rounded_hill_04","variant":4,"rank":353,"reveal_tier":1,"reveal_zoom":7.2,"icon_size_ref":0.0544097,"icon_width_m":1700,"sort_key":43.730972},"geometry":{"type":"Point","coordinates":[42.527937,43.730972]}},{"type":"Feature","properties":{"id":"mount-1768","category":"rocky_peak","icon":"rocky_peak_04","variant":4,"rank":354,"reveal_tier":1,"reveal_zoom":7.2,"icon_size_ref":0.0486303,"icon_width_m":1533,"sort_key":43.210149},"geometry":{"type":"Point","coordinates":[41.863618,43.210149]}},{"type":"Feature","properties":{"id":"mount-0561","category":"rounded_mountain","icon":"rounded_mountain_04","variant":4,"rank":355,"reveal_tier":1,"reveal_zoom":7.2,"icon_size_ref":0.0589621,"icon_width_m":1850,"sort_key":43.478016},"geometry":{"type":"Point","coordinates":[41.420828,43.478016]}},{"type":"Feature","properties":{"id":"mount-0688","category":"steep_mountain","icon":"steep_mountain_04","variant":4,"rank":356,"reveal_tier":1,"reveal_zoom":7.2,"icon_size_ref":0.0477216,"icon_width_m":1503,"sort_key":43.236011},"geometry":{"type":"Point","coordinates":[41.561011,43.236011]}},{"type":"Feature","properties":{"id":"mount-0133","category":"rounded_mountain","icon":"rounded_mountain_01","variant":1,"rank":357,"reveal_tier":1,"reveal_zoom":7.2,"icon_size_ref":0.0458982,"icon_width_m":1438,"sort_key":43.547701},"geometry":{"type":"Point","coordinates":[41.678749,43.547701]}},{"type":"Feature","properties":{"id":"hill-0397","category":"rounded_mountain","icon":"rounded_mountain_01","variant":1,"rank":358,"reveal_tier":1,"reveal_zoom":7.2,"icon_size_ref":0.0591688,"icon_width_m":1850,"sort_key":43.688775},"geometry":{"type":"Point","coordinates":[41.948032,43.688775]}},{"type":"Feature","properties":{"id":"rock-0901","category":"rounded_mountain","icon":"rounded_mountain_04","variant":4,"rank":359,"reveal_tier":1,"reveal_zoom":7.2,"icon_size_ref":0.0410293,"icon_width_m":1293,"sort_key":43.227038},"geometry":{"type":"Point","coordinates":[42.25624,43.227038]}},{"type":"Feature","properties":{"id":"rock-0518","category":"rocky_ridge","icon":"rocky_ridge_02","variant":2,"rank":360,"reveal_tier":1,"reveal_zoom":7.2,"icon_size_ref":0.0533,"icon_width_m":1681,"sort_key":43.172016},"geometry":{"type":"Point","coordinates":[41.813879,43.172016]}},{"type":"Feature","properties":{"id":"mount-0726","category":"massif","icon":"massif_01","variant":1,"rank":361,"reveal_tier":1,"reveal_zoom":7.2,"icon_size_ref":0.0509153,"icon_width_m":1601,"sort_key":43.339857},"geometry":{"type":"Point","coordinates":[41.710839,43.339857]}},{"type":"Feature","properties":{"id":"mount-0771","category":"steep_mountain","icon":"steep_mountain_01","variant":1,"rank":362,"reveal_tier":1,"reveal_zoom":7.2,"icon_size_ref":0.0396693,"icon_width_m":1245,"sort_key":43.456463},"geometry":{"type":"Point","coordinates":[41.941198,43.456463]}},{"type":"Feature","properties":{"id":"mount-0439","category":"steep_mountain","icon":"steep_mountain_02","variant":2,"rank":363,"reveal_tier":1,"reveal_zoom":7.2,"icon_size_ref":0.0498997,"icon_width_m":1563,"sort_key":43.587743},"geometry":{"type":"Point","coordinates":[41.131686,43.587743]}},{"type":"Feature","properties":{"id":"mount-1601","category":"steep_mountain","icon":"steep_mountain_03","variant":3,"rank":364,"reveal_tier":1,"reveal_zoom":7.2,"icon_size_ref":0.0571681,"icon_width_m":1800,"sort_key":43.265745},"geometry":{"type":"Point","coordinates":[41.794374,43.265745]}},{"type":"Feature","properties":{"id":"mount-1456","category":"rounded_mountain","icon":"rounded_mountain_01","variant":1,"rank":365,"reveal_tier":1,"reveal_zoom":7.2,"icon_size_ref":0.0591221,"icon_width_m":1850,"sort_key":43.641316},"geometry":{"type":"Point","coordinates":[41.369351,43.641316]}},{"type":"Feature","properties":{"id":"mount-0962","category":"rocky_peak","icon":"rocky_peak_03","variant":3,"rank":366,"reveal_tier":1,"reveal_zoom":7.2,"icon_size_ref":0.0530463,"icon_width_m":1672,"sort_key":43.1973},"geometry":{"type":"Point","coordinates":[41.973749,43.1973]}},{"type":"Feature","properties":{"id":"mount-0073","category":"ridge","icon":"ridge_04","variant":4,"rank":367,"reveal_tier":1,"reveal_zoom":7.2,"icon_size_ref":0.0649182,"icon_width_m":2033,"sort_key":43.602141},"geometry":{"type":"Point","coordinates":[41.24436,43.602141]}},{"type":"Feature","properties":{"id":"hill-0613","category":"plateau","icon":"plateau_02","variant":2,"rank":368,"reveal_tier":1,"reveal_zoom":7.2,"icon_size_ref":0.0648699,"icon_width_m":2014,"sort_key":44.094443},"geometry":{"type":"Point","coordinates":[41.145912,44.094443]}},{"type":"Feature","properties":{"id":"hill-0190","category":"rounded_hill","icon":"rounded_hill_04","variant":4,"rank":369,"reveal_tier":1,"reveal_zoom":7.2,"icon_size_ref":0.0462578,"icon_width_m":1441,"sort_key":43.919102},"geometry":{"type":"Point","coordinates":[40.923868,43.919102]}},{"type":"Feature","properties":{"id":"mount-1062","category":"rounded_mountain","icon":"rounded_mountain_01","variant":1,"rank":370,"reveal_tier":1,"reveal_zoom":7.2,"icon_size_ref":0.0437564,"icon_width_m":1374,"sort_key":43.438999},"geometry":{"type":"Point","coordinates":[42.374986,43.438999]}},{"type":"Feature","properties":{"id":"hill-0673","category":"rounded_hill","icon":"rounded_hill_02","variant":2,"rank":371,"reveal_tier":1,"reveal_zoom":7.2,"icon_size_ref":0.0545924,"icon_width_m":1700,"sort_key":43.931134},"geometry":{"type":"Point","coordinates":[41.294421,43.931134]}},{"type":"Feature","properties":{"id":"hill-0313","category":"ridge","icon":"ridge_01","variant":1,"rank":372,"reveal_tier":1,"reveal_zoom":7.2,"icon_size_ref":0.0704857,"icon_width_m":2200,"sort_key":43.793116},"geometry":{"type":"Point","coordinates":[41.426901,43.793116]}},{"type":"Feature","properties":{"id":"rock-0288","category":"rocky_ridge","icon":"rocky_ridge_02","variant":2,"rank":373,"reveal_tier":1,"reveal_zoom":7.2,"icon_size_ref":0.0467201,"icon_width_m":1473,"sort_key":43.189901},"geometry":{"type":"Point","coordinates":[42.463982,43.189901]}},{"type":"Feature","properties":{"id":"mount-1003","category":"steep_mountain","icon":"steep_mountain_03","variant":3,"rank":374,"reveal_tier":1,"reveal_zoom":7.2,"icon_size_ref":0.0573371,"icon_width_m":1800,"sort_key":43.444959},"geometry":{"type":"Point","coordinates":[42.04295,43.444959]}},{"type":"Feature","properties":{"id":"mount-1221","category":"massif","icon":"massif_04","variant":4,"rank":375,"reveal_tier":1,"reveal_zoom":7.2,"icon_size_ref":0.0699054,"icon_width_m":2200,"sort_key":43.294801},"geometry":{"type":"Point","coordinates":[41.982579,43.294801]}},{"type":"Feature","properties":{"id":"mount-0981","category":"isolated_peak","icon":"isolated_peak_02","variant":2,"rank":376,"reveal_tier":1,"reveal_zoom":7.2,"icon_size_ref":0.0540331,"icon_width_m":1700,"sort_key":43.311986},"geometry":{"type":"Point","coordinates":[42.265778,43.311986]}},{"type":"Feature","properties":{"id":"rock-0212","category":"steep_mountain","icon":"steep_mountain_03","variant":3,"rank":377,"reveal_tier":1,"reveal_zoom":7.2,"icon_size_ref":0.0446035,"icon_width_m":1402,"sort_key":43.389869},"geometry":{"type":"Point","coordinates":[41.808997,43.389869]}},{"type":"Feature","properties":{"id":"hill-0133","category":"plateau","icon":"plateau_02","variant":2,"rank":378,"reveal_tier":1,"reveal_zoom":7.2,"icon_size_ref":0.0676172,"icon_width_m":2100,"sort_key":44.088741},"geometry":{"type":"Point","coordinates":[41.722416,44.088741]}},{"type":"Feature","properties":{"id":"mount-1958","category":"rocky_ridge","icon":"rocky_ridge_03","variant":3,"rank":379,"reveal_tier":1,"reveal_zoom":7.2,"icon_size_ref":0.0573722,"icon_width_m":1806,"sort_key":43.266113},"geometry":{"type":"Point","coordinates":[42.923595,43.266113]}},{"type":"Feature","properties":{"id":"mount-0876","category":"rounded_hill","icon":"rounded_hill_01","variant":1,"rank":380,"reveal_tier":1,"reveal_zoom":7.2,"icon_size_ref":0.0539702,"icon_width_m":1700,"sort_key":43.241139},"geometry":{"type":"Point","coordinates":[43.162966,43.241139]}},{"type":"Feature","properties":{"id":"hill-0407","category":"ridge","icon":"ridge_01","variant":1,"rank":381,"reveal_tier":1,"reveal_zoom":7.2,"icon_size_ref":0.0471317,"icon_width_m":1474,"sort_key":43.668019},"geometry":{"type":"Point","coordinates":[41.86468,43.668019]}},{"type":"Feature","properties":{"id":"mount-1718","category":"plateau","icon":"plateau_01","variant":1,"rank":382,"reveal_tier":1,"reveal_zoom":7.2,"icon_size_ref":0.067008,"icon_width_m":2100,"sort_key":43.5484},"geometry":{"type":"Point","coordinates":[42.402989,43.5484]}},{"type":"Feature","properties":{"id":"mount-1581","category":"rocky_ridge","icon":"rocky_ridge_01","variant":1,"rank":383,"reveal_tier":1,"reveal_zoom":7.2,"icon_size_ref":0.0553387,"icon_width_m":1745,"sort_key":43.182156},"geometry":{"type":"Point","coordinates":[41.755246,43.182156]}},{"type":"Feature","properties":{"id":"mount-0691","category":"rocky_peak","icon":"rocky_peak_03","variant":3,"rank":384,"reveal_tier":1,"reveal_zoom":7.2,"icon_size_ref":0.0571738,"icon_width_m":1800,"sort_key":43.271886},"geometry":{"type":"Point","coordinates":[41.494739,43.271886]}},{"type":"Feature","properties":{"id":"rock-0480","category":"rocky_peak","icon":"rocky_peak_04","variant":4,"rank":385,"reveal_tier":1,"reveal_zoom":7.2,"icon_size_ref":0.0571932,"icon_width_m":1800,"sort_key":43.292458},"geometry":{"type":"Point","coordinates":[43.034542,43.292458]}},{"type":"Feature","properties":{"id":"hill-0125","category":"ridge","icon":"ridge_04","variant":4,"rank":386,"reveal_tier":1,"reveal_zoom":7.2,"icon_size_ref":0.0543293,"icon_width_m":1693,"sort_key":43.904765},"geometry":{"type":"Point","coordinates":[40.871447,43.904765]}},{"type":"Feature","properties":{"id":"mount-0293","category":"rounded_mountain","icon":"rounded_mountain_04","variant":4,"rank":387,"reveal_tier":1,"reveal_zoom":7.2,"icon_size_ref":0.0588812,"icon_width_m":1850,"sort_key":43.394999},"geometry":{"type":"Point","coordinates":[41.558436,43.394999]}},{"type":"Feature","properties":{"id":"rock-0456","category":"rounded_mountain","icon":"rounded_mountain_01","variant":1,"rank":388,"reveal_tier":1,"reveal_zoom":7.2,"icon_size_ref":0.0455295,"icon_width_m":1431,"sort_key":43.393393},"geometry":{"type":"Point","coordinates":[42.814204,43.393393]}},{"type":"Feature","properties":{"id":"mount-1645","category":"rocky_peak","icon":"rocky_peak_02","variant":2,"rank":389,"reveal_tier":1,"reveal_zoom":7.2,"icon_size_ref":0.0571162,"icon_width_m":1800,"sort_key":43.210446},"geometry":{"type":"Point","coordinates":[43.374882,43.210446]}},{"type":"Feature","properties":{"id":"rock-0667","category":"isolated_peak","icon":"isolated_peak_04","variant":4,"rank":390,"reveal_tier":1,"reveal_zoom":7.2,"icon_size_ref":0.0539665,"icon_width_m":1700,"sort_key":43.236949},"geometry":{"type":"Point","coordinates":[42.978301,43.236949]}},{"type":"Feature","properties":{"id":"rock-0255","category":"ridge","icon":"ridge_01","variant":1,"rank":391,"reveal_tier":1,"reveal_zoom":7.2,"icon_size_ref":0.0567939,"icon_width_m":1783,"sort_key":43.45316},"geometry":{"type":"Point","coordinates":[41.864272,43.45316]}},{"type":"Feature","properties":{"id":"hill-0597","category":"steep_mountain","icon":"steep_mountain_03","variant":3,"rank":392,"reveal_tier":1,"reveal_zoom":7.2,"icon_size_ref":0.0573164,"icon_width_m":1800,"sort_key":43.423027},"geometry":{"type":"Point","coordinates":[41.750085,43.423027]}},{"type":"Feature","properties":{"id":"mount-0494","category":"rounded_mountain","icon":"rounded_mountain_01","variant":1,"rank":393,"reveal_tier":1,"reveal_zoom":7.2,"icon_size_ref":0.0488225,"icon_width_m":1534,"sort_key":43.394882},"geometry":{"type":"Point","coordinates":[41.03003,43.394882]}},{"type":"Feature","properties":{"id":"hill-0563","category":"rounded_mountain","icon":"rounded_mountain_02","variant":2,"rank":394,"reveal_tier":1,"reveal_zoom":7.2,"icon_size_ref":0.0589379,"icon_width_m":1850,"sort_key":43.453277},"geometry":{"type":"Point","coordinates":[40.765618,43.453277]}},{"type":"Feature","properties":{"id":"mount-0326","category":"ridge","icon":"ridge_01","variant":1,"rank":395,"reveal_tier":1,"reveal_zoom":7.2,"icon_size_ref":0.056142,"icon_width_m":1760,"sort_key":43.531469},"geometry":{"type":"Point","coordinates":[41.268961,43.531469]}},{"type":"Feature","properties":{"id":"mount-2047","category":"rocky_peak","icon":"rocky_peak_04","variant":4,"rank":396,"reveal_tier":1,"reveal_zoom":7.2,"icon_size_ref":0.0569064,"icon_width_m":1800,"sort_key":42.985131},"geometry":{"type":"Point","coordinates":[43.133333,42.985131]}},{"type":"Feature","properties":{"id":"mount-0153","category":"ridge","icon":"ridge_03","variant":3,"rank":397,"reveal_tier":1,"reveal_zoom":7.2,"icon_size_ref":0.0616325,"icon_width_m":1933,"sort_key":43.499616},"geometry":{"type":"Point","coordinates":[40.9311,43.499616]}},{"type":"Feature","properties":{"id":"mount-2011","category":"rocky_ridge","icon":"rocky_ridge_02","variant":2,"rank":398,"reveal_tier":1,"reveal_zoom":7.2,"icon_size_ref":0.0650917,"icon_width_m":2050,"sort_key":43.250439},"geometry":{"type":"Point","coordinates":[42.87288,43.250439]}},{"type":"Feature","properties":{"id":"hill-0770","category":"rounded_mountain","icon":"rounded_mountain_01","variant":1,"rank":399,"reveal_tier":1,"reveal_zoom":7.2,"icon_size_ref":0.050206,"icon_width_m":1573,"sort_key":43.573675},"geometry":{"type":"Point","coordinates":[41.291857,43.573675]}},{"type":"Feature","properties":{"id":"hill-0441","category":"rounded_hill","icon":"rounded_hill_03","variant":3,"rank":400,"reveal_tier":1,"reveal_zoom":7.2,"icon_size_ref":0.0546318,"icon_width_m":1700,"sort_key":43.973955},"geometry":{"type":"Point","coordinates":[41.877995,43.973955]}},{"type":"Feature","properties":{"id":"mount-0081","category":"rocky_ridge","icon":"rocky_ridge_03","variant":3,"rank":401,"reveal_tier":1,"reveal_zoom":7.2,"icon_size_ref":0.0545756,"icon_width_m":1711,"sort_key":43.52257},"geometry":{"type":"Point","coordinates":[41.041864,43.52257]}},{"type":"Feature","properties":{"id":"mount-1377","category":"isolated_peak","icon":"isolated_peak_04","variant":4,"rank":402,"reveal_tier":1,"reveal_zoom":7.2,"icon_size_ref":0.0539479,"icon_width_m":1700,"sort_key":43.215928},"geometry":{"type":"Point","coordinates":[43.252584,43.215928]}},{"type":"Feature","properties":{"id":"hill-0658","category":"rounded_hill","icon":"rounded_hill_03","variant":3,"rank":403,"reveal_tier":1,"reveal_zoom":7.2,"icon_size_ref":0.0513063,"icon_width_m":1605,"sort_key":43.671263},"geometry":{"type":"Point","coordinates":[42.003425,43.671263]}},{"type":"Feature","properties":{"id":"hill-0445","category":"rounded_hill","icon":"rounded_hill_03","variant":3,"rank":404,"reveal_tier":1,"reveal_zoom":7.2,"icon_size_ref":0.0541269,"icon_width_m":1700,"sort_key":43.417159},"geometry":{"type":"Point","coordinates":[43.609951,43.417159]}},{"type":"Feature","properties":{"id":"hill-0091","category":"plateau","icon":"plateau_03","variant":3,"rank":405,"reveal_tier":1,"reveal_zoom":7.2,"icon_size_ref":0.0524731,"icon_width_m":1633,"sort_key":43.974055},"geometry":{"type":"Point","coordinates":[41.239854,43.974055]}},{"type":"Feature","properties":{"id":"mount-0265","category":"rounded_hill","icon":"rounded_hill_03","variant":3,"rank":406,"reveal_tier":1,"reveal_zoom":7.2,"icon_size_ref":0.0541171,"icon_width_m":1700,"sort_key":43.406279},"geometry":{"type":"Point","coordinates":[42.503786,43.406279]}},{"type":"Feature","properties":{"id":"hill-0775","category":"rounded_hill","icon":"rounded_hill_01","variant":1,"rank":407,"reveal_tier":1,"reveal_zoom":7.2,"icon_size_ref":0.0539682,"icon_width_m":1700,"sort_key":43.238817},"geometry":{"type":"Point","coordinates":[43.311367,43.238817]}},{"type":"Feature","properties":{"id":"mount-1824","category":"rounded_mountain","icon":"rounded_mountain_03","variant":3,"rank":408,"reveal_tier":1,"reveal_zoom":7.2,"icon_size_ref":0.0476156,"icon_width_m":1492,"sort_key":43.572727},"geometry":{"type":"Point","coordinates":[41.751577,43.572727]}},{"type":"Feature","properties":{"id":"mount-0117","category":"ridge","icon":"ridge_03","variant":3,"rank":409,"reveal_tier":1,"reveal_zoom":7.2,"icon_size_ref":0.0524554,"icon_width_m":1642,"sort_key":43.63467},"geometry":{"type":"Point","coordinates":[40.771873,43.63467]}},{"type":"Feature","properties":{"id":"rock-0756","category":"rounded_mountain","icon":"rounded_mountain_03","variant":3,"rank":410,"reveal_tier":1,"reveal_zoom":7.2,"icon_size_ref":0.0586407,"icon_width_m":1850,"sort_key":43.145838},"geometry":{"type":"Point","coordinates":[43.30052,43.145838]}},{"type":"Feature","properties":{"id":"mount-0348","category":"ridge","icon":"ridge_01","variant":1,"rank":411,"reveal_tier":1,"reveal_zoom":7.2,"icon_size_ref":0.0533322,"icon_width_m":1663,"sort_key":43.838543},"geometry":{"type":"Point","coordinates":[40.807514,43.838543]}},{"type":"Feature","properties":{"id":"mount-0254","category":"rocky_ridge","icon":"rocky_ridge_03","variant":3,"rank":412,"reveal_tier":1,"reveal_zoom":7.2,"icon_size_ref":0.0491382,"icon_width_m":1545,"sort_key":43.351131},"geometry":{"type":"Point","coordinates":[41.631092,43.351131]}},{"type":"Feature","properties":{"id":"mount-2050","category":"rocky_peak","icon":"rocky_peak_03","variant":3,"rank":413,"reveal_tier":1,"reveal_zoom":7.2,"icon_size_ref":0.0442748,"icon_width_m":1401,"sort_key":42.957318},"geometry":{"type":"Point","coordinates":[43.179413,42.957318]}},{"type":"Feature","properties":{"id":"mount-0437","category":"rounded_mountain","icon":"rounded_mountain_03","variant":3,"rank":414,"reveal_tier":1,"reveal_zoom":7.2,"icon_size_ref":0.0437165,"icon_width_m":1368,"sort_key":43.652558},"geometry":{"type":"Point","coordinates":[41.197872,43.652558]}},{"type":"Feature","properties":{"id":"mount-1077","category":"rounded_hill","icon":"rounded_hill_02","variant":2,"rank":415,"reveal_tier":1,"reveal_zoom":7.2,"icon_size_ref":0.0541704,"icon_width_m":1700,"sort_key":43.465831},"geometry":{"type":"Point","coordinates":[42.855574,43.465831]}},{"type":"Feature","properties":{"id":"mount-1050","category":"rounded_mountain","icon":"rounded_mountain_03","variant":3,"rank":416,"reveal_tier":1,"reveal_zoom":7.2,"icon_size_ref":0.0499499,"icon_width_m":1567,"sort_key":43.503445},"geometry":{"type":"Point","coordinates":[42.324958,43.503445]}},{"type":"Feature","properties":{"id":"mount-1090","category":"rocky_peak","icon":"rocky_peak_02","variant":2,"rank":417,"reveal_tier":1,"reveal_zoom":7.2,"icon_size_ref":0.0572524,"icon_width_m":1800,"sort_key":43.355406},"geometry":{"type":"Point","coordinates":[42.839888,43.355406]}},{"type":"Feature","properties":{"id":"mount-1586","category":"ridge","icon":"ridge_02","variant":2,"rank":418,"reveal_tier":1,"reveal_zoom":7.2,"icon_size_ref":0.0520152,"icon_width_m":1631,"sort_key":43.503056},"geometry":{"type":"Point","coordinates":[42.777801,43.503056]}},{"type":"Feature","properties":{"id":"hill-0048","category":"rounded_hill","icon":"rounded_hill_02","variant":2,"rank":419,"reveal_tier":1,"reveal_zoom":7.2,"icon_size_ref":0.0466712,"icon_width_m":1455,"sort_key":43.878222},"geometry":{"type":"Point","coordinates":[41.269755,43.878222]}},{"type":"Feature","properties":{"id":"mount-1289","category":"steep_mountain","icon":"steep_mountain_02","variant":2,"rank":420,"reveal_tier":1,"reveal_zoom":7.2,"icon_size_ref":0.0444228,"icon_width_m":1408,"sort_key":42.872371},"geometry":{"type":"Point","coordinates":[43.377242,42.872371]}},{"type":"Feature","properties":{"id":"rock-0243","category":"isolated_peak","icon":"isolated_peak_01","variant":1,"rank":421,"reveal_tier":1,"reveal_zoom":7.2,"icon_size_ref":0.0448887,"icon_width_m":1416,"sort_key":43.15271},"geometry":{"type":"Point","coordinates":[43.137238,43.15271]}},{"type":"Feature","properties":{"id":"rock-0096","category":"rocky_ridge","icon":"rocky_ridge_01","variant":1,"rank":422,"reveal_tier":1,"reveal_zoom":7.2,"icon_size_ref":0.048475,"icon_width_m":1523,"sort_key":43.397057},"geometry":{"type":"Point","coordinates":[42.234492,43.397057]}},{"type":"Feature","properties":{"id":"mount-1272","category":"rounded_mountain","icon":"rounded_mountain_04","variant":4,"rank":423,"reveal_tier":1,"reveal_zoom":7.2,"icon_size_ref":0.0584053,"icon_width_m":1850,"sort_key":42.898926},"geometry":{"type":"Point","coordinates":[43.243411,42.898926]}},{"type":"Feature","properties":{"id":"hill-0736","category":"plateau","icon":"plateau_03","variant":3,"rank":424,"reveal_tier":1,"reveal_zoom":7.2,"icon_size_ref":0.0584435,"icon_width_m":1817,"sort_key":44.031488},"geometry":{"type":"Point","coordinates":[41.248126,44.031488]}},{"type":"Feature","properties":{"id":"mount-1594","category":"rounded_hill","icon":"rounded_hill_04","variant":4,"rank":425,"reveal_tier":1,"reveal_zoom":7.2,"icon_size_ref":0.0543595,"icon_width_m":1700,"sort_key":43.67564},"geometry":{"type":"Point","coordinates":[42.598232,43.67564]}},{"type":"Feature","properties":{"id":"mount-0766","category":"rocky_ridge","icon":"rocky_ridge_01","variant":1,"rank":426,"reveal_tier":1,"reveal_zoom":7.2,"icon_size_ref":0.0449437,"icon_width_m":1416,"sort_key":43.237223},"geometry":{"type":"Point","coordinates":[41.742854,43.237223]}},{"type":"Feature","properties":{"id":"mount-1457","category":"rounded_hill","icon":"rounded_hill_01","variant":1,"rank":427,"reveal_tier":1,"reveal_zoom":7.2,"icon_size_ref":0.0542527,"icon_width_m":1700,"sort_key":43.557451},"geometry":{"type":"Point","coordinates":[43.057265,43.557451]}},{"type":"Feature","properties":{"id":"mount-1169","category":"ridge","icon":"ridge_03","variant":3,"rank":428,"reveal_tier":1,"reveal_zoom":7.2,"icon_size_ref":0.0699232,"icon_width_m":2200,"sort_key":43.310206},"geometry":{"type":"Point","coordinates":[41.345125,43.310206]}},{"type":"Feature","properties":{"id":"hill-0280","category":"rounded_hill","icon":"rounded_hill_04","variant":4,"rank":429,"reveal_tier":1,"reveal_zoom":7.2,"icon_size_ref":0.0544655,"icon_width_m":1700,"sort_key":43.79231},"geometry":{"type":"Point","coordinates":[41.168078,43.79231]}},{"type":"Feature","properties":{"id":"mount-1024","category":"steep_mountain","icon":"steep_mountain_03","variant":3,"rank":430,"reveal_tier":1,"reveal_zoom":7.2,"icon_size_ref":0.0437825,"icon_width_m":1377,"sort_key":43.320284},"geometry":{"type":"Point","coordinates":[42.756,43.320284]}},{"type":"Feature","properties":{"id":"rock-0471","category":"ridge","icon":"ridge_01","variant":1,"rank":431,"reveal_tier":1,"reveal_zoom":7.2,"icon_size_ref":0.0575511,"icon_width_m":1813,"sort_key":43.240935},"geometry":{"type":"Point","coordinates":[42.684803,43.240935]}},{"type":"Feature","properties":{"id":"hill-0169","category":"plateau","icon":"plateau_02","variant":2,"rank":432,"reveal_tier":1,"reveal_zoom":7.2,"icon_size_ref":0.0589483,"icon_width_m":1834,"sort_key":43.992853},"geometry":{"type":"Point","coordinates":[40.982984,43.992853]}},{"type":"Feature","properties":{"id":"mount-1696","category":"steep_mountain","icon":"steep_mountain_02","variant":2,"rank":433,"reveal_tier":1,"reveal_zoom":7.2,"icon_size_ref":0.0573684,"icon_width_m":1800,"sort_key":43.477938},"geometry":{"type":"Point","coordinates":[42.245221,43.477938]}},{"type":"Feature","properties":{"id":"rock-0822","category":"ridge","icon":"ridge_04","variant":4,"rank":434,"reveal_tier":1,"reveal_zoom":7.2,"icon_size_ref":0.0533046,"icon_width_m":1678,"sort_key":43.294098},"geometry":{"type":"Point","coordinates":[42.529181,43.294098]}},{"type":"Feature","properties":{"id":"mount-1593","category":"rounded_hill","icon":"rounded_hill_01","variant":1,"rank":435,"reveal_tier":1,"reveal_zoom":7.2,"icon_size_ref":0.0502984,"icon_width_m":1573,"sort_key":43.664014},"geometry":{"type":"Point","coordinates":[42.360578,43.664014]}},{"type":"Feature","properties":{"id":"hill-0212","category":"plateau","icon":"plateau_03","variant":3,"rank":436,"reveal_tier":1,"reveal_zoom":7.2,"icon_size_ref":0.0520007,"icon_width_m":1620,"sort_key":43.918229},"geometry":{"type":"Point","coordinates":[41.396624,43.918229]}},{"type":"Feature","properties":{"id":"hill-0689","category":"rounded_mountain","icon":"rounded_mountain_01","variant":1,"rank":437,"reveal_tier":1,"reveal_zoom":7.2,"icon_size_ref":0.0497118,"icon_width_m":1554,"sort_key":43.688194},"geometry":{"type":"Point","coordinates":[41.409273,43.688194]}},{"type":"Feature","properties":{"id":"mount-0614","category":"steep_mountain","icon":"steep_mountain_04","variant":4,"rank":438,"reveal_tier":1,"reveal_zoom":7.2,"icon_size_ref":0.0495896,"icon_width_m":1554,"sort_key":43.54466},"geometry":{"type":"Point","coordinates":[41.473689,43.54466]}},{"type":"Feature","properties":{"id":"rock-0451","category":"rounded_mountain","icon":"rounded_mountain_02","variant":2,"rank":439,"reveal_tier":1,"reveal_zoom":7.2,"icon_size_ref":0.0516997,"icon_width_m":1623,"sort_key":43.443549},"geometry":{"type":"Point","coordinates":[42.684642,43.443549]}},{"type":"Feature","properties":{"id":"rock-0875","category":"rocky_peak","icon":"rocky_peak_04","variant":4,"rank":440,"reveal_tier":1,"reveal_zoom":7.2,"icon_size_ref":0.0570794,"icon_width_m":1800,"sort_key":43.17107},"geometry":{"type":"Point","coordinates":[42.755109,43.17107]}},{"type":"Feature","properties":{"id":"mount-1578","category":"rounded_mountain","icon":"rounded_mountain_03","variant":3,"rank":441,"reveal_tier":1,"reveal_zoom":7.2,"icon_size_ref":0.0590262,"icon_width_m":1850,"sort_key":43.543594},"geometry":{"type":"Point","coordinates":[42.10227,43.543594]}},{"type":"Feature","properties":{"id":"mount-1080","category":"plateau","icon":"plateau_02","variant":2,"rank":442,"reveal_tier":1,"reveal_zoom":7.2,"icon_size_ref":0.0670443,"icon_width_m":2100,"sort_key":43.581013},"geometry":{"type":"Point","coordinates":[42.734435,43.581013]}},{"type":"Feature","properties":{"id":"mount-1131","category":"rounded_hill","icon":"rounded_hill_03","variant":3,"rank":443,"reveal_tier":1,"reveal_zoom":7.2,"icon_size_ref":0.0542805,"icon_width_m":1700,"sort_key":43.588225},"geometry":{"type":"Point","coordinates":[42.544899,43.588225]}},{"type":"Feature","properties":{"id":"rock-0367","category":"rocky_ridge","icon":"rocky_ridge_02","variant":2,"rank":444,"reveal_tier":1,"reveal_zoom":7.2,"icon_size_ref":0.0652123,"icon_width_m":2050,"sort_key":43.362973},"geometry":{"type":"Point","coordinates":[42.130337,43.362973]}},{"type":"Feature","properties":{"id":"mount-1723","category":"rounded_hill","icon":"rounded_hill_03","variant":3,"rank":445,"reveal_tier":1,"reveal_zoom":7.2,"icon_size_ref":0.054214,"icon_width_m":1700,"sort_key":43.51444},"geometry":{"type":"Point","coordinates":[42.53063,43.51444]}},{"type":"Feature","properties":{"id":"rock-0745","category":"rocky_ridge","icon":"rocky_ridge_02","variant":2,"rank":446,"reveal_tier":1,"reveal_zoom":7.2,"icon_size_ref":0.0431625,"icon_width_m":1357,"sort_key":43.342783},"geometry":{"type":"Point","coordinates":[42.304455,43.342783]}},{"type":"Feature","properties":{"id":"hill-0549","category":"steep_mountain","icon":"steep_mountain_02","variant":2,"rank":447,"reveal_tier":1,"reveal_zoom":7.2,"icon_size_ref":0.0574715,"icon_width_m":1800,"sort_key":43.586157},"geometry":{"type":"Point","coordinates":[42.14201,43.586157]}},{"type":"Feature","properties":{"id":"mount-0449","category":"ridge","icon":"ridge_03","variant":3,"rank":448,"reveal_tier":1,"reveal_zoom":7.2,"icon_size_ref":0.0550796,"icon_width_m":1721,"sort_key":43.721684},"geometry":{"type":"Point","coordinates":[40.922935,43.721684]}},{"type":"Feature","properties":{"id":"mount-1877","category":"ridge","icon":"ridge_03","variant":3,"rank":449,"reveal_tier":1,"reveal_zoom":7.2,"icon_size_ref":0.0578621,"icon_width_m":1818,"sort_key":43.381815},"geometry":{"type":"Point","coordinates":[41.365564,43.381815]}},{"type":"Feature","properties":{"id":"mount-0955","category":"rocky_ridge","icon":"rocky_ridge_01","variant":1,"rank":450,"reveal_tier":1,"reveal_zoom":7.2,"icon_size_ref":0.0474,"icon_width_m":1483,"sort_key":43.648777},"geometry":{"type":"Point","coordinates":[40.95642,43.648777]}},{"type":"Feature","properties":{"id":"mount-1478","category":"ridge","icon":"ridge_04","variant":4,"rank":451,"reveal_tier":1,"reveal_zoom":7.2,"icon_size_ref":0.0521946,"icon_width_m":1631,"sort_key":43.715325},"geometry":{"type":"Point","coordinates":[41.186972,43.715325]}},{"type":"Feature","properties":{"id":"mount-1973","category":"rocky_ridge","icon":"rocky_ridge_04","variant":4,"rank":452,"reveal_tier":1,"reveal_zoom":7.2,"icon_size_ref":0.0644636,"icon_width_m":2036,"sort_key":43.082837},"geometry":{"type":"Point","coordinates":[43.144416,43.082837]}},{"type":"Feature","properties":{"id":"rock-0103","category":"rocky_ridge","icon":"rocky_ridge_02","variant":2,"rank":453,"reveal_tier":1,"reveal_zoom":7.2,"icon_size_ref":0.0510812,"icon_width_m":1608,"sort_key":43.267863},"geometry":{"type":"Point","coordinates":[42.345235,43.267863]}},{"type":"Feature","properties":{"id":"mount-1294","category":"plateau","icon":"plateau_04","variant":4,"rank":454,"reveal_tier":1,"reveal_zoom":7.2,"icon_size_ref":0.067302,"icon_width_m":2100,"sort_key":43.811103},"geometry":{"type":"Point","coordinates":[42.264276,43.811103]}},{"type":"Feature","properties":{"id":"mount-1346","category":"rounded_hill","icon":"rounded_hill_01","variant":1,"rank":455,"reveal_tier":1,"reveal_zoom":7.2,"icon_size_ref":0.0543997,"icon_width_m":1700,"sort_key":43.720048},"geometry":{"type":"Point","coordinates":[42.766181,43.720048]}},{"type":"Feature","properties":{"id":"rock-0327","category":"rocky_ridge","icon":"rocky_ridge_02","variant":2,"rank":456,"reveal_tier":1,"reveal_zoom":7.2,"icon_size_ref":0.0431706,"icon_width_m":1360,"sort_key":43.252291},"geometry":{"type":"Point","coordinates":[42.081606,43.252291]}},{"type":"Feature","properties":{"id":"mount-0945","category":"rocky_peak","icon":"rocky_peak_03","variant":3,"rank":457,"reveal_tier":1,"reveal_zoom":7.2,"icon_size_ref":0.0573183,"icon_width_m":1800,"sort_key":43.425115},"geometry":{"type":"Point","coordinates":[41.173217,43.425115]}},{"type":"Feature","properties":{"id":"hill-0697","category":"rounded_hill","icon":"rounded_hill_04","variant":4,"rank":458,"reveal_tier":1,"reveal_zoom":7.2,"icon_size_ref":0.0545953,"icon_width_m":1700,"sort_key":43.93424},"geometry":{"type":"Point","coordinates":[41.164098,43.93424]}},{"type":"Feature","properties":{"id":"mount-0416","category":"ridge","icon":"ridge_03","variant":3,"rank":459,"reveal_tier":1,"reveal_zoom":7.2,"icon_size_ref":0.0471736,"icon_width_m":1478,"sort_key":43.582046},"geometry":{"type":"Point","coordinates":[40.821279,43.582046]}},{"type":"Feature","properties":{"id":"hill-0529","category":"rounded_hill","icon":"rounded_hill_04","variant":4,"rank":460,"reveal_tier":1,"reveal_zoom":7.2,"icon_size_ref":0.0452561,"icon_width_m":1406,"sort_key":44.050807},"geometry":{"type":"Point","coordinates":[41.050318,44.050807]}},{"type":"Feature","properties":{"id":"mount-1735","category":"rounded_mountain","icon":"rounded_mountain_02","variant":2,"rank":461,"reveal_tier":1,"reveal_zoom":7.2,"icon_size_ref":0.058966,"icon_width_m":1850,"sort_key":43.48201},"geometry":{"type":"Point","coordinates":[41.610943,43.48201]}},{"type":"Feature","properties":{"id":"rock-0469","category":"ridge","icon":"ridge_03","variant":3,"rank":462,"reveal_tier":1,"reveal_zoom":7.2,"icon_size_ref":0.0563364,"icon_width_m":1780,"sort_key":43.067195},"geometry":{"type":"Point","coordinates":[43.287635,43.067195]}},{"type":"Feature","properties":{"id":"mount-1307","category":"rocky_ridge","icon":"rocky_ridge_01","variant":1,"rank":463,"reveal_tier":1,"reveal_zoom":7.2,"icon_size_ref":0.0546569,"icon_width_m":1717,"sort_key":43.398219},"geometry":{"type":"Point","coordinates":[41.123693,43.398219]}},{"type":"Feature","properties":{"id":"rock-0193","category":"rocky_ridge","icon":"rocky_ridge_01","variant":1,"rank":464,"reveal_tier":1,"reveal_zoom":7.2,"icon_size_ref":0.0501961,"icon_width_m":1579,"sort_key":43.33793},"geometry":{"type":"Point","coordinates":[41.805865,43.33793]}},{"type":"Feature","properties":{"id":"rock-0510","category":"rocky_ridge","icon":"rocky_ridge_02","variant":2,"rank":465,"reveal_tier":1,"reveal_zoom":7.2,"icon_size_ref":0.0516758,"icon_width_m":1625,"sort_key":43.338757},"geometry":{"type":"Point","coordinates":[41.409327,43.338757]}},{"type":"Feature","properties":{"id":"rock-0664","category":"steep_mountain","icon":"steep_mountain_04","variant":4,"rank":466,"reveal_tier":1,"reveal_zoom":7.2,"icon_size_ref":0.0464309,"icon_width_m":1468,"sort_key":43.000528},"geometry":{"type":"Point","coordinates":[43.250374,43.000528]}},{"type":"Feature","properties":{"id":"mount-0801","category":"rocky_peak","icon":"rocky_peak_03","variant":3,"rank":467,"reveal_tier":1,"reveal_zoom":7.2,"icon_size_ref":0.0512207,"icon_width_m":1611,"sort_key":43.344234},"geometry":{"type":"Point","coordinates":[41.900986,43.344234]}},{"type":"Feature","properties":{"id":"mount-1746","category":"steep_mountain","icon":"steep_mountain_01","variant":1,"rank":468,"reveal_tier":1,"reveal_zoom":7.2,"icon_size_ref":0.0574313,"icon_width_m":1800,"sort_key":43.544084},"geometry":{"type":"Point","coordinates":[40.861716,43.544084]}},{"type":"Feature","properties":{"id":"mount-0016","category":"rounded_mountain","icon":"rounded_mountain_03","variant":3,"rank":469,"reveal_tier":1,"reveal_zoom":7.2,"icon_size_ref":0.0591798,"icon_width_m":1850,"sort_key":43.699861},"geometry":{"type":"Point","coordinates":[40.738002,43.699861]}},{"type":"Feature","properties":{"id":"mount-0993","category":"steep_mountain","icon":"steep_mountain_03","variant":3,"rank":470,"reveal_tier":1,"reveal_zoom":7.2,"icon_size_ref":0.0470635,"icon_width_m":1479,"sort_key":43.392099},"geometry":{"type":"Point","coordinates":[42.013296,43.392099]}},{"type":"Feature","properties":{"id":"mount-0983","category":"steep_mountain","icon":"steep_mountain_04","variant":4,"rank":471,"reveal_tier":1,"reveal_zoom":7.2,"icon_size_ref":0.0572129,"icon_width_m":1800,"sort_key":43.31343},"geometry":{"type":"Point","coordinates":[42.208529,43.31343]}},{"type":"Feature","properties":{"id":"hill-0171","category":"plateau","icon":"plateau_04","variant":4,"rank":472,"reveal_tier":1,"reveal_zoom":7.2,"icon_size_ref":0.0466053,"icon_width_m":1450,"sort_key":43.967616},"geometry":{"type":"Point","coordinates":[41.04092,43.967616]}},{"type":"Feature","properties":{"id":"mount-0538","category":"rounded_mountain","icon":"rounded_mountain_02","variant":2,"rank":473,"reveal_tier":1,"reveal_zoom":7.2,"icon_size_ref":0.0513866,"icon_width_m":1616,"sort_key":43.352629},"geometry":{"type":"Point","coordinates":[41.207614,43.352629]}},{"type":"Feature","properties":{"id":"mount-0906","category":"rounded_hill","icon":"rounded_hill_01","variant":1,"rank":474,"reveal_tier":1,"reveal_zoom":7.2,"icon_size_ref":0.0541656,"icon_width_m":1700,"sort_key":43.460481},"geometry":{"type":"Point","coordinates":[42.617565,43.460481]}},{"type":"Feature","properties":{"id":"mount-1984","category":"rocky_ridge","icon":"rocky_ridge_04","variant":4,"rank":475,"reveal_tier":1,"reveal_zoom":7.2,"icon_size_ref":0.0473314,"icon_width_m":1496,"sort_key":43.018784},"geometry":{"type":"Point","coordinates":[43.14301,43.018784]}},{"type":"Feature","properties":{"id":"rock-0160","category":"rocky_peak","icon":"rocky_peak_03","variant":3,"rank":476,"reveal_tier":1,"reveal_zoom":7.2,"icon_size_ref":0.057007,"icon_width_m":1800,"sort_key":43.093509},"geometry":{"type":"Point","coordinates":[43.243432,43.093509]}},{"type":"Feature","properties":{"id":"mount-1491","category":"rounded_hill","icon":"rounded_hill_03","variant":3,"rank":477,"reveal_tier":1,"reveal_zoom":7.2,"icon_size_ref":0.049732,"icon_width_m":1553,"sort_key":43.747181},"geometry":{"type":"Point","coordinates":[42.259394,43.747181]}},{"type":"Feature","properties":{"id":"mount-0412","category":"ridge","icon":"ridge_03","variant":3,"rank":478,"reveal_tier":1,"reveal_zoom":7.2,"icon_size_ref":0.0495144,"icon_width_m":1550,"sort_key":43.623409},"geometry":{"type":"Point","coordinates":[41.018411,43.623409]}},{"type":"Feature","properties":{"id":"rock-0401","category":"isolated_peak","icon":"isolated_peak_01","variant":1,"rank":479,"reveal_tier":1,"reveal_zoom":7.2,"icon_size_ref":0.054012,"icon_width_m":1700,"sort_key":43.288195},"geometry":{"type":"Point","coordinates":[42.636191,43.288195]}},{"type":"Feature","properties":{"id":"mount-1526","category":"rounded_mountain","icon":"rounded_mountain_04","variant":4,"rank":480,"reveal_tier":1,"reveal_zoom":7.2,"icon_size_ref":0.0448398,"icon_width_m":1412,"sort_key":43.272753},"geometry":{"type":"Point","coordinates":[43.192878,43.272753]}},{"type":"Feature","properties":{"id":"mount-1506","category":"rounded_hill","icon":"rounded_hill_02","variant":2,"rank":481,"reveal_tier":1,"reveal_zoom":7.2,"icon_size_ref":0.0535447,"icon_width_m":1675,"sort_key":43.656113},"geometry":{"type":"Point","coordinates":[42.480547,43.656113]}},{"type":"Feature","properties":{"id":"rock-0907","category":"ridge","icon":"ridge_03","variant":3,"rank":482,"reveal_tier":1,"reveal_zoom":7.2,"icon_size_ref":0.0495028,"icon_width_m":1554,"sort_key":43.449702},"geometry":{"type":"Point","coordinates":[42.419715,43.449702]}},{"type":"Feature","properties":{"id":"mount-0132","category":"ridge","icon":"ridge_04","variant":4,"rank":483,"reveal_tier":1,"reveal_zoom":7.2,"icon_size_ref":0.0701316,"icon_width_m":2200,"sort_key":43.49051},"geometry":{"type":"Point","coordinates":[41.707213,43.49051]}},{"type":"Feature","properties":{"id":"mount-0398","category":"rounded_hill","icon":"rounded_hill_02","variant":2,"rank":484,"reveal_tier":1,"reveal_zoom":7.2,"icon_size_ref":0.0543727,"icon_width_m":1700,"sort_key":43.690211},"geometry":{"type":"Point","coordinates":[41.04018,43.690211]}},{"type":"Feature","properties":{"id":"hill-0437","category":"rounded_hill","icon":"rounded_hill_04","variant":4,"rank":485,"reveal_tier":1,"reveal_zoom":7.2,"icon_size_ref":0.0545518,"icon_width_m":1700,"sort_key":43.886813},"geometry":{"type":"Point","coordinates":[42.788562,43.886813]}},{"type":"Feature","properties":{"id":"hill-0061","category":"rounded_hill","icon":"rounded_hill_01","variant":1,"rank":486,"reveal_tier":1,"reveal_zoom":7.2,"icon_size_ref":0.0546115,"icon_width_m":1700,"sort_key":43.95183},"geometry":{"type":"Point","coordinates":[41.436138,43.95183]}},{"type":"Feature","properties":{"id":"mount-0569","category":"ridge","icon":"ridge_04","variant":4,"rank":487,"reveal_tier":1,"reveal_zoom":7.2,"icon_size_ref":0.0702136,"icon_width_m":2200,"sort_key":43.56102},"geometry":{"type":"Point","coordinates":[41.378814,43.56102]}},{"type":"Feature","properties":{"id":"mount-0097","category":"rounded_mountain","icon":"rounded_mountain_03","variant":3,"rank":488,"reveal_tier":1,"reveal_zoom":7.2,"icon_size_ref":0.0567957,"icon_width_m":1773,"sort_key":43.775223},"geometry":{"type":"Point","coordinates":[40.982373,43.775223]}},{"type":"Feature","properties":{"id":"hill-0319","category":"plateau","icon":"plateau_04","variant":4,"rank":489,"reveal_tier":1,"reveal_zoom":7.2,"icon_size_ref":0.0492106,"icon_width_m":1536,"sort_key":43.793634},"geometry":{"type":"Point","coordinates":[41.353354,43.793634]}},{"type":"Feature","properties":{"id":"hill-0647","category":"rocky_peak","icon":"rocky_peak_03","variant":3,"rank":490,"reveal_tier":1,"reveal_zoom":7.2,"icon_size_ref":0.0459315,"icon_width_m":1438,"sort_key":43.625631},"geometry":{"type":"Point","coordinates":[42.116872,43.625631]}},{"type":"Feature","properties":{"id":"mount-1507","category":"rounded_mountain","icon":"rounded_mountain_03","variant":3,"rank":491,"reveal_tier":1,"reveal_zoom":7.2,"icon_size_ref":0.0469304,"icon_width_m":1470,"sort_key":43.564479},"geometry":{"type":"Point","coordinates":[41.895343,43.564479]}},{"type":"Feature","properties":{"id":"hill-0438","category":"plateau","icon":"plateau_03","variant":3,"rank":492,"reveal_tier":1,"reveal_zoom":7.2,"icon_size_ref":0.0673442,"icon_width_m":2100,"sort_key":43.848502},"geometry":{"type":"Point","coordinates":[42.508367,43.848502]}},{"type":"Feature","properties":{"id":"rock-0405","category":"ridge","icon":"ridge_02","variant":2,"rank":493,"reveal_tier":1,"reveal_zoom":7.2,"icon_size_ref":0.0495469,"icon_width_m":1559,"sort_key":43.31044},"geometry":{"type":"Point","coordinates":[42.569661,43.31044]}},{"type":"Feature","properties":{"id":"mount-0605","category":"steep_mountain","icon":"steep_mountain_01","variant":1,"rank":494,"reveal_tier":1,"reveal_zoom":7.2,"icon_size_ref":0.0458785,"icon_width_m":1437,"sort_key":43.594729},"geometry":{"type":"Point","coordinates":[41.464055,43.594729]}},{"type":"Feature","properties":{"id":"rock-0364","category":"rocky_ridge","icon":"rocky_ridge_02","variant":2,"rank":495,"reveal_tier":1,"reveal_zoom":7.2,"icon_size_ref":0.0463227,"icon_width_m":1459,"sort_key":43.244898},"geometry":{"type":"Point","coordinates":[42.160002,43.244898]}},{"type":"Feature","properties":{"id":"mount-0363","category":"rounded_mountain","icon":"rounded_mountain_01","variant":1,"rank":496,"reveal_tier":1,"reveal_zoom":7.2,"icon_size_ref":0.0548017,"icon_width_m":1711,"sort_key":43.772031},"geometry":{"type":"Point","coordinates":[40.769631,43.772031]}},{"type":"Feature","properties":{"id":"mount-0776","category":"steep_mountain","icon":"steep_mountain_02","variant":2,"rank":497,"reveal_tier":1,"reveal_zoom":7.2,"icon_size_ref":0.0501976,"icon_width_m":1579,"sort_key":43.331929},"geometry":{"type":"Point","coordinates":[41.982794,43.331929]}},{"type":"Feature","properties":{"id":"mount-1531","category":"rounded_hill","icon":"rounded_hill_02","variant":2,"rank":498,"reveal_tier":1,"reveal_zoom":7.2,"icon_size_ref":0.0542923,"icon_width_m":1700,"sort_key":43.601325},"geometry":{"type":"Point","coordinates":[42.29643,43.601325]}},{"type":"Feature","properties":{"id":"mount-0209","category":"ridge","icon":"ridge_02","variant":2,"rank":499,"reveal_tier":1,"reveal_zoom":7.2,"icon_size_ref":0.0593118,"icon_width_m":1861,"sort_key":43.475501},"geometry":{"type":"Point","coordinates":[41.556655,43.475501]}},{"type":"Feature","properties":{"id":"hill-0618","category":"rounded_mountain","icon":"rounded_mountain_02","variant":2,"rank":500,"reveal_tier":1,"reveal_zoom":7.2,"icon_size_ref":0.0493847,"icon_width_m":1547,"sort_key":43.594488},"geometry":{"type":"Point","coordinates":[41.942303,43.594488]}},{"type":"Feature","properties":{"id":"hill-0611","category":"rounded_hill","icon":"rounded_hill_03","variant":3,"rank":501,"reveal_tier":2,"reveal_zoom":8.0,"icon_size_ref":0.0524323,"icon_width_m":1637,"sort_key":43.779491},"geometry":{"type":"Point","coordinates":[41.09863,43.779491]}},{"type":"Feature","properties":{"id":"mount-0102","category":"rocky_peak","icon":"rocky_peak_01","variant":1,"rank":502,"reveal_tier":2,"reveal_zoom":8.0,"icon_size_ref":0.0552742,"icon_width_m":1735,"sort_key":43.450201},"geometry":{"type":"Point","coordinates":[41.239189,43.450201]}},{"type":"Feature","properties":{"id":"mount-1603","category":"rounded_mountain","icon":"rounded_mountain_04","variant":4,"rank":503,"reveal_tier":2,"reveal_zoom":8.0,"icon_size_ref":0.050172,"icon_width_m":1577,"sort_key":43.388513},"geometry":{"type":"Point","coordinates":[40.952547,43.388513]}},{"type":"Feature","properties":{"id":"hill-0708","category":"plateau","icon":"plateau_03","variant":3,"rank":504,"reveal_tier":2,"reveal_zoom":8.0,"icon_size_ref":0.0625659,"icon_width_m":1950,"sort_key":43.877054},"geometry":{"type":"Point","coordinates":[41.394199,43.877054]}},{"type":"Feature","properties":{"id":"rock-0762","category":"ridge","icon":"ridge_03","variant":3,"rank":505,"reveal_tier":2,"reveal_zoom":8.0,"icon_size_ref":0.0509595,"icon_width_m":1601,"sort_key":43.38594},"geometry":{"type":"Point","coordinates":[42.754358,43.38594]}},{"type":"Feature","properties":{"id":"mount-0644","category":"rocky_ridge","icon":"rocky_ridge_04","variant":4,"rank":506,"reveal_tier":2,"reveal_zoom":8.0,"icon_size_ref":0.0447801,"icon_width_m":1407,"sort_key":43.403566},"geometry":{"type":"Point","coordinates":[41.668181,43.403566]}},{"type":"Feature","properties":{"id":"mount-1985","category":"rocky_ridge","icon":"rocky_ridge_01","variant":1,"rank":507,"reveal_tier":2,"reveal_zoom":8.0,"icon_size_ref":0.0497722,"icon_width_m":1571,"sort_key":43.101038},"geometry":{"type":"Point","coordinates":[43.073756,43.101038]}},{"type":"Feature","properties":{"id":"mount-1550","category":"plateau","icon":"plateau_04","variant":4,"rank":508,"reveal_tier":2,"reveal_zoom":8.0,"icon_size_ref":0.067214,"icon_width_m":2100,"sort_key":43.732848},"geometry":{"type":"Point","coordinates":[42.664279,43.732848]}},{"type":"Feature","properties":{"id":"mount-0655","category":"rounded_mountain","icon":"rounded_mountain_03","variant":3,"rank":509,"reveal_tier":2,"reveal_zoom":8.0,"icon_size_ref":0.0581403,"icon_width_m":1823,"sort_key":43.524227},"geometry":{"type":"Point","coordinates":[41.915642,43.524227]}},{"type":"Feature","properties":{"id":"hill-0012","category":"rounded_hill","icon":"rounded_hill_03","variant":3,"rank":510,"reveal_tier":2,"reveal_zoom":8.0,"icon_size_ref":0.0539085,"icon_width_m":1700,"sort_key":43.171359},"geometry":{"type":"Point","coordinates":[43.70003,43.171359]}},{"type":"Feature","properties":{"id":"hill-0772","category":"rounded_mountain","icon":"rounded_mountain_03","variant":3,"rank":511,"reveal_tier":2,"reveal_zoom":8.0,"icon_size_ref":0.0469704,"icon_width_m":1467,"sort_key":43.771512},"geometry":{"type":"Point","coordinates":[42.078109,43.771512]}},{"type":"Feature","properties":{"id":"mount-0471","category":"rocky_peak","icon":"rocky_peak_03","variant":3,"rank":512,"reveal_tier":2,"reveal_zoom":8.0,"icon_size_ref":0.0484901,"icon_width_m":1522,"sort_key":43.465216},"geometry":{"type":"Point","coordinates":[40.96982,43.465216]}},{"type":"Feature","properties":{"id":"rock-0363","category":"rocky_ridge","icon":"rocky_ridge_01","variant":1,"rank":513,"reveal_tier":2,"reveal_zoom":8.0,"icon_size_ref":0.0527728,"icon_width_m":1661,"sort_key":43.295551},"geometry":{"type":"Point","coordinates":[42.149048,43.295551]}},{"type":"Feature","properties":{"id":"hill-0743","category":"plateau","icon":"plateau_02","variant":2,"rank":514,"reveal_tier":2,"reveal_zoom":8.0,"icon_size_ref":0.0496503,"icon_width_m":1549,"sort_key":43.815772},"geometry":{"type":"Point","coordinates":[41.242955,43.815772]}},{"type":"Feature","properties":{"id":"rock-0319","category":"ridge","icon":"ridge_02","variant":2,"rank":515,"reveal_tier":2,"reveal_zoom":8.0,"icon_size_ref":0.0569686,"icon_width_m":1797,"sort_key":43.168722},"geometry":{"type":"Point","coordinates":[43.09384,43.168722]}},{"type":"Feature","properties":{"id":"rock-0163","category":"ridge","icon":"ridge_02","variant":2,"rank":516,"reveal_tier":2,"reveal_zoom":8.0,"icon_size_ref":0.0616996,"icon_width_m":1942,"sort_key":43.301313},"geometry":{"type":"Point","coordinates":[42.914218,43.301313]}},{"type":"Feature","properties":{"id":"hill-0199","category":"plateau","icon":"plateau_01","variant":1,"rank":517,"reveal_tier":2,"reveal_zoom":8.0,"icon_size_ref":0.0520464,"icon_width_m":1623,"sort_key":43.842157},"geometry":{"type":"Point","coordinates":[41.152607,43.842157]}},{"type":"Feature","properties":{"id":"mount-1758","category":"ridge","icon":"ridge_01","variant":1,"rank":518,"reveal_tier":2,"reveal_zoom":8.0,"icon_size_ref":0.0517342,"icon_width_m":1624,"sort_key":43.458752},"geometry":{"type":"Point","coordinates":[40.858991,43.458752]}},{"type":"Feature","properties":{"id":"hill-0014","category":"rounded_mountain","icon":"rounded_mountain_01","variant":1,"rank":519,"reveal_tier":2,"reveal_zoom":8.0,"icon_size_ref":0.0589583,"icon_width_m":1850,"sort_key":43.474186},"geometry":{"type":"Point","coordinates":[41.769934,43.474186]}},{"type":"Feature","properties":{"id":"mount-0033","category":"steep_mountain","icon":"steep_mountain_04","variant":4,"rank":520,"reveal_tier":2,"reveal_zoom":8.0,"icon_size_ref":0.0575405,"icon_width_m":1800,"sort_key":43.658364},"geometry":{"type":"Point","coordinates":[40.724505,43.658364]}},{"type":"Feature","properties":{"id":"rock-0801","category":"rocky_peak","icon":"rocky_peak_01","variant":1,"rank":521,"reveal_tier":2,"reveal_zoom":8.0,"icon_size_ref":0.056956,"icon_width_m":1800,"sort_key":43.038658},"geometry":{"type":"Point","coordinates":[43.380075,43.038658]}},{"type":"Feature","properties":{"id":"rock-0458","category":"rocky_ridge","icon":"rocky_ridge_03","variant":3,"rank":522,"reveal_tier":2,"reveal_zoom":8.0,"icon_size_ref":0.0652522,"icon_width_m":2050,"sort_key":43.40009},"geometry":{"type":"Point","coordinates":[42.667261,43.40009]}},{"type":"Feature","properties":{"id":"mount-1095","category":"rounded_mountain","icon":"rounded_mountain_03","variant":3,"rank":523,"reveal_tier":2,"reveal_zoom":8.0,"icon_size_ref":0.0589233,"icon_width_m":1850,"sort_key":43.438212},"geometry":{"type":"Point","coordinates":[42.914325,43.438212]}},{"type":"Feature","properties":{"id":"mount-0908","category":"plateau","icon":"plateau_03","variant":3,"rank":524,"reveal_tier":2,"reveal_zoom":8.0,"icon_size_ref":0.067222,"icon_width_m":2100,"sort_key":43.739902},"geometry":{"type":"Point","coordinates":[42.340375,43.739902]}},{"type":"Feature","properties":{"id":"mount-0900","category":"plateau","icon":"plateau_03","variant":3,"rank":525,"reveal_tier":2,"reveal_zoom":8.0,"icon_size_ref":0.0649419,"icon_width_m":2035,"sort_key":43.568685},"geometry":{"type":"Point","coordinates":[42.273138,43.568685]}},{"type":"Feature","properties":{"id":"rock-0025","category":"steep_mountain","icon":"steep_mountain_03","variant":3,"rank":526,"reveal_tier":2,"reveal_zoom":8.0,"icon_size_ref":0.0453297,"icon_width_m":1434,"sort_key":42.993991},"geometry":{"type":"Point","coordinates":[43.51721,42.993991]}},{"type":"Feature","properties":{"id":"mount-0602","category":"rounded_hill","icon":"rounded_hill_02","variant":2,"rank":527,"reveal_tier":2,"reveal_zoom":8.0,"icon_size_ref":0.0542834,"icon_width_m":1700,"sort_key":43.591504},"geometry":{"type":"Point","coordinates":[41.568822,43.591504]}},{"type":"Feature","properties":{"id":"rock-0786","category":"rocky_peak","icon":"rocky_peak_01","variant":1,"rank":528,"reveal_tier":2,"reveal_zoom":8.0,"icon_size_ref":0.052566,"icon_width_m":1658,"sort_key":43.176703},"geometry":{"type":"Point","coordinates":[43.398228,43.176703]}},{"type":"Feature","properties":{"id":"hill-0107","category":"plateau","icon":"plateau_04","variant":4,"rank":529,"reveal_tier":2,"reveal_zoom":8.0,"icon_size_ref":0.0674878,"icon_width_m":2100,"sort_key":43.975237},"geometry":{"type":"Point","coordinates":[41.18827,43.975237]}},{"type":"Feature","properties":{"id":"hill-0682","category":"plateau","icon":"plateau_01","variant":1,"rank":530,"reveal_tier":2,"reveal_zoom":8.0,"icon_size_ref":0.0675202,"icon_width_m":2100,"sort_key":44.00372},"geometry":{"type":"Point","coordinates":[41.1213,44.00372]}},{"type":"Feature","properties":{"id":"mount-1292","category":"plateau","icon":"plateau_02","variant":2,"rank":531,"reveal_tier":2,"reveal_zoom":8.0,"icon_size_ref":0.0672881,"icon_width_m":2100,"sort_key":43.798684},"geometry":{"type":"Point","coordinates":[42.335322,43.798684]}},{"type":"Feature","properties":{"id":"mount-0565","category":"rounded_mountain","icon":"rounded_mountain_04","variant":4,"rank":532,"reveal_tier":2,"reveal_zoom":8.0,"icon_size_ref":0.0590767,"icon_width_m":1850,"sort_key":43.59514},"geometry":{"type":"Point","coordinates":[41.365371,43.59514]}},{"type":"Feature","properties":{"id":"mount-1490","category":"rounded_hill","icon":"rounded_hill_02","variant":2,"rank":533,"reveal_tier":2,"reveal_zoom":8.0,"icon_size_ref":0.054311,"icon_width_m":1700,"sort_key":43.622035},"geometry":{"type":"Point","coordinates":[42.809429,43.622035]}},{"type":"Feature","properties":{"id":"mount-1108","category":"plateau","icon":"plateau_04","variant":4,"rank":534,"reveal_tier":2,"reveal_zoom":8.0,"icon_size_ref":0.0645495,"icon_width_m":2024,"sort_key":43.521792},"geometry":{"type":"Point","coordinates":[42.672079,43.521792]}},{"type":"Feature","properties":{"id":"hill-0338","category":"rocky_ridge","icon":"rocky_ridge_04","variant":4,"rank":535,"reveal_tier":2,"reveal_zoom":8.0,"icon_size_ref":0.0597486,"icon_width_m":1866,"sort_key":43.769792},"geometry":{"type":"Point","coordinates":[40.843853,43.769792]}},{"type":"Feature","properties":{"id":"mount-0199","category":"steep_mountain","icon":"steep_mountain_01","variant":1,"rank":536,"reveal_tier":2,"reveal_zoom":8.0,"icon_size_ref":0.0476263,"icon_width_m":1493,"sort_key":43.522788},"geometry":{"type":"Point","coordinates":[41.808289,43.522788]}},{"type":"Feature","properties":{"id":"mount-0504","category":"ridge","icon":"ridge_04","variant":4,"rank":537,"reveal_tier":2,"reveal_zoom":8.0,"icon_size_ref":0.0469106,"icon_width_m":1474,"sort_key":43.386891},"geometry":{"type":"Point","coordinates":[41.074179,43.386891]}},{"type":"Feature","properties":{"id":"mount-1011","category":"steep_mountain","icon":"steep_mountain_03","variant":3,"rank":538,"reveal_tier":2,"reveal_zoom":8.0,"icon_size_ref":0.0498967,"icon_width_m":1567,"sort_key":43.43173},"geometry":{"type":"Point","coordinates":[42.096144,43.43173]}},{"type":"Feature","properties":{"id":"mount-1709","category":"plateau","icon":"plateau_03","variant":3,"rank":539,"reveal_tier":2,"reveal_zoom":8.0,"icon_size_ref":0.0511548,"icon_width_m":1602,"sort_key":43.58765},"geometry":{"type":"Point","coordinates":[42.469679,43.58765]}},{"type":"Feature","properties":{"id":"hill-0617","category":"rounded_mountain","icon":"rounded_mountain_04","variant":4,"rank":540,"reveal_tier":2,"reveal_zoom":8.0,"icon_size_ref":0.059139,"icon_width_m":1850,"sort_key":43.658496},"geometry":{"type":"Point","coordinates":[41.911157,43.658496]}},{"type":"Feature","properties":{"id":"mount-2046","category":"rocky_ridge","icon":"rocky_ridge_02","variant":2,"rank":541,"reveal_tier":2,"reveal_zoom":8.0,"icon_size_ref":0.064857,"icon_width_m":2050,"sort_key":43.0296},"geometry":{"type":"Point","coordinates":[43.036344,43.0296]}},{"type":"Feature","properties":{"id":"mount-1176","category":"steep_mountain","icon":"steep_mountain_03","variant":3,"rank":542,"reveal_tier":2,"reveal_zoom":8.0,"icon_size_ref":0.0572462,"icon_width_m":1800,"sort_key":43.348752},"geometry":{"type":"Point","coordinates":[41.494653,43.348752]}},{"type":"Feature","properties":{"id":"hill-0150","category":"plateau","icon":"plateau_01","variant":1,"rank":543,"reveal_tier":2,"reveal_zoom":8.0,"icon_size_ref":0.0564508,"icon_width_m":1758,"sort_key":43.91571},"geometry":{"type":"Point","coordinates":[41.105164,43.91571]}},{"type":"Feature","properties":{"id":"mount-0003","category":"steep_mountain","icon":"steep_mountain_01","variant":1,"rank":544,"reveal_tier":2,"reveal_zoom":8.0,"icon_size_ref":0.0556785,"icon_width_m":1755,"sort_key":43.215975},"geometry":{"type":"Point","coordinates":[41.934804,43.215975]}},{"type":"Feature","properties":{"id":"rock-0887","category":"rocky_ridge","icon":"rocky_ridge_03","variant":3,"rank":545,"reveal_tier":2,"reveal_zoom":8.0,"icon_size_ref":0.0431457,"icon_width_m":1359,"sort_key":43.236082},"geometry":{"type":"Point","coordinates":[42.738072,43.236082]}},{"type":"Feature","properties":{"id":"mount-1420","category":"ridge","icon":"ridge_03","variant":3,"rank":546,"reveal_tier":2,"reveal_zoom":8.0,"icon_size_ref":0.070383,"icon_width_m":2200,"sort_key":43.705864},"geometry":{"type":"Point","coordinates":[42.31822,43.705864]}},{"type":"Feature","properties":{"id":"mount-1859","category":"rounded_mountain","icon":"rounded_mountain_03","variant":3,"rank":547,"reveal_tier":2,"reveal_zoom":8.0,"icon_size_ref":0.0473235,"icon_width_m":1479,"sort_key":43.726344},"geometry":{"type":"Point","coordinates":[40.875492,43.726344]}},{"type":"Feature","properties":{"id":"mount-0700","category":"rounded_mountain","icon":"rounded_mountain_01","variant":1,"rank":548,"reveal_tier":2,"reveal_zoom":8.0,"icon_size_ref":0.0588391,"icon_width_m":1850,"sort_key":43.351553},"geometry":{"type":"Point","coordinates":[41.761844,43.351553]}},{"type":"Feature","properties":{"id":"rock-0587","category":"rocky_peak","icon":"rocky_peak_04","variant":4,"rank":549,"reveal_tier":2,"reveal_zoom":8.0,"icon_size_ref":0.0499408,"icon_width_m":1574,"sort_key":43.216772},"geometry":{"type":"Point","coordinates":[42.013328,43.216772]}},{"type":"Feature","properties":{"id":"hill-0020","category":"steep_mountain","icon":"steep_mountain_04","variant":4,"rank":550,"reveal_tier":2,"reveal_zoom":8.0,"icon_size_ref":0.0571221,"icon_width_m":1786,"sort_key":43.700303},"geometry":{"type":"Point","coordinates":[40.839583,43.700303]}},{"type":"Feature","properties":{"id":"hill-0415","category":"plateau","icon":"plateau_04","variant":4,"rank":551,"reveal_tier":2,"reveal_zoom":8.0,"icon_size_ref":0.0673872,"icon_width_m":2100,"sort_key":43.886504},"geometry":{"type":"Point","coordinates":[42.589016,43.886504]}},{"type":"Feature","properties":{"id":"mount-1082","category":"ridge","icon":"ridge_03","variant":3,"rank":552,"reveal_tier":2,"reveal_zoom":8.0,"icon_size_ref":0.0701362,"icon_width_m":2200,"sort_key":43.494503},"geometry":{"type":"Point","coordinates":[42.878544,43.494503]}},{"type":"Feature","properties":{"id":"hill-0748","category":"plateau","icon":"plateau_04","variant":4,"rank":553,"reveal_tier":2,"reveal_zoom":8.0,"icon_size_ref":0.0469207,"icon_width_m":1458,"sort_key":44.056783},"geometry":{"type":"Point","coordinates":[41.002446,44.056783]}},{"type":"Feature","properties":{"id":"hill-0066","category":"plateau","icon":"plateau_04","variant":4,"rank":554,"reveal_tier":2,"reveal_zoom":8.0,"icon_size_ref":0.0675224,"icon_width_m":2100,"sort_key":44.005688},"geometry":{"type":"Point","coordinates":[41.486735,44.005688]}},{"type":"Feature","properties":{"id":"mount-0746","category":"steep_mountain","icon":"steep_mountain_03","variant":3,"rank":555,"reveal_tier":2,"reveal_zoom":8.0,"icon_size_ref":0.0566451,"icon_width_m":1784,"sort_key":43.237215},"geometry":{"type":"Point","coordinates":[41.609248,43.237215]}},{"type":"Feature","properties":{"id":"rock-0156","category":"rocky_ridge","icon":"rocky_ridge_04","variant":4,"rank":556,"reveal_tier":2,"reveal_zoom":8.0,"icon_size_ref":0.0539828,"icon_width_m":1696,"sort_key":43.390587},"geometry":{"type":"Point","coordinates":[41.209438,43.390587]}},{"type":"Feature","properties":{"id":"hill-0235","category":"ridge","icon":"ridge_04","variant":4,"rank":557,"reveal_tier":2,"reveal_zoom":8.0,"icon_size_ref":0.0583151,"icon_width_m":1819,"sort_key":43.842691},"geometry":{"type":"Point","coordinates":[41.100605,43.842691]}},{"type":"Feature","properties":{"id":"hill-0343","category":"plateau","icon":"plateau_03","variant":3,"rank":558,"reveal_tier":2,"reveal_zoom":8.0,"icon_size_ref":0.0502073,"icon_width_m":1569,"sort_key":43.717551},"geometry":{"type":"Point","coordinates":[41.37228,43.717551]}},{"type":"Feature","properties":{"id":"mount-1753","category":"ridge","icon":"ridge_02","variant":2,"rank":559,"reveal_tier":2,"reveal_zoom":8.0,"icon_size_ref":0.0620181,"icon_width_m":1944,"sort_key":43.532473},"geometry":{"type":"Point","coordinates":[41.627154,43.532473]}},{"type":"Feature","properties":{"id":"mount-1547","category":"steep_mountain","icon":"steep_mountain_03","variant":3,"rank":560,"reveal_tier":2,"reveal_zoom":8.0,"icon_size_ref":0.0526903,"icon_width_m":1651,"sort_key":43.55756},"geometry":{"type":"Point","coordinates":[40.903516,43.55756]}},{"type":"Feature","properties":{"id":"rock-0062","category":"rocky_ridge","icon":"rocky_ridge_02","variant":2,"rank":561,"reveal_tier":2,"reveal_zoom":8.0,"icon_size_ref":0.0421765,"icon_width_m":1325,"sort_key":43.391655},"geometry":{"type":"Point","coordinates":[41.767123,43.391655]}},{"type":"Feature","properties":{"id":"rock-0687","category":"rocky_ridge","icon":"rocky_ridge_04","variant":4,"rank":562,"reveal_tier":2,"reveal_zoom":8.0,"icon_size_ref":0.0420396,"icon_width_m":1323,"sort_key":43.281126},"geometry":{"type":"Point","coordinates":[41.880902,43.281126]}},{"type":"Feature","properties":{"id":"mount-0082","category":"ridge","icon":"ridge_02","variant":2,"rank":563,"reveal_tier":2,"reveal_zoom":8.0,"icon_size_ref":0.0643904,"icon_width_m":2020,"sort_key":43.480601},"geometry":{"type":"Point","coordinates":[41.137748,43.480601]}},{"type":"Feature","properties":{"id":"mount-1677","category":"plateau","icon":"plateau_03","variant":3,"rank":564,"reveal_tier":2,"reveal_zoom":8.0,"icon_size_ref":0.0643907,"icon_width_m":2015,"sort_key":43.640936},"geometry":{"type":"Point","coordinates":[42.557108,43.640936]}},{"type":"Feature","properties":{"id":"hill-0025","category":"plateau","icon":"plateau_02","variant":2,"rank":565,"reveal_tier":2,"reveal_zoom":8.0,"icon_size_ref":0.0531966,"icon_width_m":1656,"sort_key":43.955452},"geometry":{"type":"Point","coordinates":[40.941281,43.955452]}},{"type":"Feature","properties":{"id":"hill-0690","category":"rounded_hill","icon":"rounded_hill_02","variant":2,"rank":566,"reveal_tier":2,"reveal_zoom":8.0,"icon_size_ref":0.0513062,"icon_width_m":1600,"sort_key":43.859287},"geometry":{"type":"Point","coordinates":[41.021726,43.859287]}},{"type":"Feature","properties":{"id":"mount-1173","category":"steep_mountain","icon":"steep_mountain_02","variant":2,"rank":567,"reveal_tier":2,"reveal_zoom":8.0,"icon_size_ref":0.057305,"icon_width_m":1800,"sort_key":43.411057},"geometry":{"type":"Point","coordinates":[41.397461,43.411057]}},{"type":"Feature","properties":{"id":"hill-0242","category":"plateau","icon":"plateau_03","variant":3,"rank":568,"reveal_tier":2,"reveal_zoom":8.0,"icon_size_ref":0.0574314,"icon_width_m":1791,"sort_key":43.858428},"geometry":{"type":"Point","coordinates":[40.963254,43.858428]}},{"type":"Feature","properties":{"id":"hill-0570","category":"plateau","icon":"plateau_04","variant":4,"rank":569,"reveal_tier":2,"reveal_zoom":8.0,"icon_size_ref":0.0676423,"icon_width_m":2100,"sort_key":44.110669},"geometry":{"type":"Point","coordinates":[41.615052,44.110669]}},{"type":"Feature","properties":{"id":"rock-0265","category":"ridge","icon":"ridge_01","variant":1,"rank":570,"reveal_tier":2,"reveal_zoom":8.0,"icon_size_ref":0.0395293,"icon_width_m":1251,"sort_key":42.944188},"geometry":{"type":"Point","coordinates":[43.536748,42.944188]}},{"type":"Feature","properties":{"id":"hill-0628","category":"plateau","icon":"plateau_03","variant":3,"rank":571,"reveal_tier":2,"reveal_zoom":8.0,"icon_size_ref":0.0576304,"icon_width_m":1788,"sort_key":44.15082},"geometry":{"type":"Point","coordinates":[41.694939,44.15082]}},{"type":"Feature","properties":{"id":"mount-0939","category":"steep_mountain","icon":"steep_mountain_03","variant":3,"rank":572,"reveal_tier":2,"reveal_zoom":8.0,"icon_size_ref":0.0572203,"icon_width_m":1800,"sort_key":43.321252},"geometry":{"type":"Point","coordinates":[42.860498,43.321252]}},{"type":"Feature","properties":{"id":"hill-0276","category":"rounded_hill","icon":"rounded_hill_03","variant":3,"rank":573,"reveal_tier":2,"reveal_zoom":8.0,"icon_size_ref":0.0545539,"icon_width_m":1700,"sort_key":43.889078},"geometry":{"type":"Point","coordinates":[40.793009,43.889078]}},{"type":"Feature","properties":{"id":"mount-1748","category":"rounded_mountain","icon":"rounded_mountain_02","variant":2,"rank":574,"reveal_tier":2,"reveal_zoom":8.0,"icon_size_ref":0.0590014,"icon_width_m":1850,"sort_key":43.518283},"geometry":{"type":"Point","coordinates":[41.521196,43.518283]}},{"type":"Feature","properties":{"id":"hill-0300","category":"rounded_mountain","icon":"rounded_mountain_01","variant":1,"rank":575,"reveal_tier":2,"reveal_zoom":8.0,"icon_size_ref":0.0592267,"icon_width_m":1850,"sort_key":43.747382},"geometry":{"type":"Point","coordinates":[41.085316,43.747382]}},{"type":"Feature","properties":{"id":"mount-1466","category":"rounded_mountain","icon":"rounded_mountain_01","variant":1,"rank":576,"reveal_tier":2,"reveal_zoom":8.0,"icon_size_ref":0.0448371,"icon_width_m":1400,"sort_key":43.750947},"geometry":{"type":"Point","coordinates":[40.945584,43.750947]}},{"type":"Feature","properties":{"id":"mount-0432","category":"rounded_hill","icon":"rounded_hill_01","variant":1,"rank":577,"reveal_tier":2,"reveal_zoom":8.0,"icon_size_ref":0.0542587,"icon_width_m":1700,"sort_key":43.564067},"geometry":{"type":"Point","coordinates":[41.16545,43.564067]}},{"type":"Feature","properties":{"id":"rock-0794","category":"ridge","icon":"ridge_04","variant":4,"rank":578,"reveal_tier":2,"reveal_zoom":8.0,"icon_size_ref":0.0696381,"icon_width_m":2200,"sort_key":43.060822},"geometry":{"type":"Point","coordinates":[43.540342,43.060822]}},{"type":"Feature","properties":{"id":"hill-0350","category":"rounded_hill","icon":"rounded_hill_02","variant":2,"rank":579,"reveal_tier":2,"reveal_zoom":8.0,"icon_size_ref":0.05433,"icon_width_m":1700,"sort_key":43.643086},"geometry":{"type":"Point","coordinates":[40.89106,43.643086]}},{"type":"Feature","properties":{"id":"hill-0380","category":"ridge","icon":"ridge_01","variant":1,"rank":580,"reveal_tier":2,"reveal_zoom":8.0,"icon_size_ref":0.0703663,"icon_width_m":2200,"sort_key":43.691615},"geometry":{"type":"Point","coordinates":[42.115724,43.691615]}},{"type":"Feature","properties":{"id":"mount-1697","category":"plateau","icon":"plateau_02","variant":2,"rank":581,"reveal_tier":2,"reveal_zoom":8.0,"icon_size_ref":0.049833,"icon_width_m":1560,"sort_key":43.621903},"geometry":{"type":"Point","coordinates":[42.460613,43.621903]}},{"type":"Feature","properties":{"id":"mount-1600","category":"rounded_mountain","icon":"rounded_mountain_04","variant":4,"rank":582,"reveal_tier":2,"reveal_zoom":8.0,"icon_size_ref":0.0446863,"icon_width_m":1399,"sort_key":43.620978},"geometry":{"type":"Point","coordinates":[41.132534,43.620978]}},{"type":"Feature","properties":{"id":"mount-0541","category":"rocky_peak","icon":"rocky_peak_02","variant":2,"rank":583,"reveal_tier":2,"reveal_zoom":8.0,"icon_size_ref":0.0572529,"icon_width_m":1800,"sort_key":43.355913},"geometry":{"type":"Point","coordinates":[41.306512,43.355913]}},{"type":"Feature","properties":{"id":"mount-0149","category":"rocky_ridge","icon":"rocky_ridge_02","variant":2,"rank":584,"reveal_tier":2,"reveal_zoom":8.0,"icon_size_ref":0.0533928,"icon_width_m":1674,"sort_key":43.521458},"geometry":{"type":"Point","coordinates":[40.820711,43.521458]}},{"type":"Feature","properties":{"id":"mount-0789","category":"steep_mountain","icon":"steep_mountain_02","variant":2,"rank":585,"reveal_tier":2,"reveal_zoom":8.0,"icon_size_ref":0.0452798,"icon_width_m":1422,"sort_key":43.441547},"geometry":{"type":"Point","coordinates":[41.997449,43.441547]}},{"type":"Feature","properties":{"id":"mount-1020","category":"ridge","icon":"ridge_03","variant":3,"rank":586,"reveal_tier":2,"reveal_zoom":8.0,"icon_size_ref":0.0585402,"icon_width_m":1838,"sort_key":43.429923},"geometry":{"type":"Point","coordinates":[42.323949,43.429923]}},{"type":"Feature","properties":{"id":"mount-1929","category":"rounded_mountain","icon":"rounded_mountain_03","variant":3,"rank":587,"reveal_tier":2,"reveal_zoom":8.0,"icon_size_ref":0.0592049,"icon_width_m":1850,"sort_key":43.725289},"geometry":{"type":"Point","coordinates":[41.041263,43.725289]}},{"type":"Feature","properties":{"id":"mount-0743","category":"ridge","icon":"ridge_02","variant":2,"rank":588,"reveal_tier":2,"reveal_zoom":8.0,"icon_size_ref":0.0435231,"icon_width_m":1370,"sort_key":43.284126},"geometry":{"type":"Point","coordinates":[41.689049,43.284126]}},{"type":"Feature","properties":{"id":"mount-0255","category":"ridge","icon":"ridge_02","variant":2,"rank":589,"reveal_tier":2,"reveal_zoom":8.0,"icon_size_ref":0.0586199,"icon_width_m":1840,"sort_key":43.453947},"geometry":{"type":"Point","coordinates":[41.624794,43.453947]}},{"type":"Feature","properties":{"id":"hill-0684","category":"rounded_mountain","icon":"rounded_mountain_04","variant":4,"rank":590,"reveal_tier":2,"reveal_zoom":8.0,"icon_size_ref":0.0589339,"icon_width_m":1850,"sort_key":43.449087},"geometry":{"type":"Point","coordinates":[43.044466,43.449087]}},{"type":"Feature","properties":{"id":"mount-0786","category":"ridge","icon":"ridge_03","variant":3,"rank":591,"reveal_tier":2,"reveal_zoom":8.0,"icon_size_ref":0.0516287,"icon_width_m":1621,"sort_key":43.42058},"geometry":{"type":"Point","coordinates":[41.932315,43.42058]}},{"type":"Feature","properties":{"id":"mount-1965","category":"rocky_peak","icon":"rocky_peak_03","variant":3,"rank":592,"reveal_tier":2,"reveal_zoom":8.0,"icon_size_ref":0.0553256,"icon_width_m":1744,"sort_key":43.203455},"geometry":{"type":"Point","coordinates":[42.865884,43.203455]}},{"type":"Feature","properties":{"id":"hill-0710","category":"rounded_hill","icon":"rounded_hill_03","variant":3,"rank":593,"reveal_tier":2,"reveal_zoom":8.0,"icon_size_ref":0.0545629,"icon_width_m":1700,"sort_key":43.898897},"geometry":{"type":"Point","coordinates":[41.217173,43.898897]}},{"type":"Feature","properties":{"id":"mount-1804","category":"steep_mountain","icon":"steep_mountain_01","variant":1,"rank":594,"reveal_tier":2,"reveal_zoom":8.0,"icon_size_ref":0.0574954,"icon_width_m":1800,"sort_key":43.611176},"geometry":{"type":"Point","coordinates":[42.888587,43.611176]}},{"type":"Feature","properties":{"id":"hill-0333","category":"plateau","icon":"plateau_04","variant":4,"rank":595,"reveal_tier":2,"reveal_zoom":8.0,"icon_size_ref":0.0672518,"icon_width_m":2100,"sort_key":43.766468},"geometry":{"type":"Point","coordinates":[41.473217,43.766468]}},{"type":"Feature","properties":{"id":"mount-1321","category":"steep_mountain","icon":"steep_mountain_01","variant":1,"rank":596,"reveal_tier":2,"reveal_zoom":8.0,"icon_size_ref":0.0431063,"icon_width_m":1360,"sort_key":43.128802},"geometry":{"type":"Point","coordinates":[43.037556,43.128802]}},{"type":"Feature","properties":{"id":"mount-1148","category":"plateau","icon":"plateau_01","variant":1,"rank":597,"reveal_tier":2,"reveal_zoom":8.0,"icon_size_ref":0.0670981,"icon_width_m":2100,"sort_key":43.629281},"geometry":{"type":"Point","coordinates":[42.402248,43.629281]}},{"type":"Feature","properties":{"id":"rock-0553","category":"steep_mountain","icon":"steep_mountain_01","variant":1,"rank":598,"reveal_tier":2,"reveal_zoom":8.0,"icon_size_ref":0.0569646,"icon_width_m":1800,"sort_key":43.047918},"geometry":{"type":"Point","coordinates":[42.956597,43.047918]}},{"type":"Feature","properties":{"id":"mount-0292","category":"rounded_mountain","icon":"rounded_mountain_01","variant":1,"rank":599,"reveal_tier":2,"reveal_zoom":8.0,"icon_size_ref":0.0470123,"icon_width_m":1474,"sort_key":43.512456},"geometry":{"type":"Point","coordinates":[41.363311,43.512456]}},{"type":"Feature","properties":{"id":"hill-0072","category":"plateau","icon":"plateau_02","variant":2,"rank":600,"reveal_tier":2,"reveal_zoom":8.0,"icon_size_ref":0.0487045,"icon_width_m":1514,"sort_key":44.045949},"geometry":{"type":"Point","coordinates":[41.205758,44.045949]}},{"type":"Feature","properties":{"id":"mount-0719","category":"steep_mountain","icon":"steep_mountain_01","variant":1,"rank":601,"reveal_tier":2,"reveal_zoom":8.0,"icon_size_ref":0.0522415,"icon_width_m":1647,"sort_key":43.204378},"geometry":{"type":"Point","coordinates":[41.695465,43.204378]}},{"type":"Feature","properties":{"id":"hill-0443","category":"rounded_mountain","icon":"rounded_mountain_01","variant":1,"rank":602,"reveal_tier":2,"reveal_zoom":8.0,"icon_size_ref":0.0589516,"icon_width_m":1850,"sort_key":43.46731},"geometry":{"type":"Point","coordinates":[43.004984,43.46731]}},{"type":"Feature","properties":{"id":"rock-0240","category":"ridge","icon":"ridge_02","variant":2,"rank":603,"reveal_tier":2,"reveal_zoom":8.0,"icon_size_ref":0.0698529,"icon_width_m":2200,"sort_key":43.249079},"geometry":{"type":"Point","coordinates":[43.088454,43.249079]}},{"type":"Feature","properties":{"id":"mount-0813","category":"rounded_mountain","icon":"rounded_mountain_04","variant":4,"rank":604,"reveal_tier":2,"reveal_zoom":8.0,"icon_size_ref":0.0587169,"icon_width_m":1841,"sort_key":43.534596},"geometry":{"type":"Point","coordinates":[41.987375,43.534596]}},{"type":"Feature","properties":{"id":"mount-0088","category":"rounded_mountain","icon":"rounded_mountain_02","variant":2,"rank":605,"reveal_tier":2,"reveal_zoom":8.0,"icon_size_ref":0.0542511,"icon_width_m":1699,"sort_key":43.579637},"geometry":{"type":"Point","coordinates":[41.208075,43.579637]}},{"type":"Feature","properties":{"id":"mount-1573","category":"rocky_peak","icon":"rocky_peak_02","variant":2,"rank":606,"reveal_tier":2,"reveal_zoom":8.0,"icon_size_ref":0.0564785,"icon_width_m":1767,"sort_key":43.653466},"geometry":{"type":"Point","coordinates":[41.057035,43.653466]}},{"type":"Feature","properties":{"id":"rock-0500","category":"ridge","icon":"ridge_03","variant":3,"rank":607,"reveal_tier":2,"reveal_zoom":8.0,"icon_size_ref":0.0560502,"icon_width_m":1764,"sort_key":43.293606},"geometry":{"type":"Point","coordinates":[43.073959,43.293606]}},{"type":"Feature","properties":{"id":"rock-0007","category":"rocky_ridge","icon":"rocky_ridge_03","variant":3,"rank":608,"reveal_tier":2,"reveal_zoom":8.0,"icon_size_ref":0.0443047,"icon_width_m":1397,"sort_key":43.165561},"geometry":{"type":"Point","coordinates":[42.968549,43.165561]}},{"type":"Feature","properties":{"id":"hill-0351","category":"steep_mountain","icon":"steep_mountain_03","variant":3,"rank":609,"reveal_tier":2,"reveal_zoom":8.0,"icon_size_ref":0.0476381,"icon_width_m":1496,"sort_key":43.424539},"geometry":{"type":"Point","coordinates":[40.891821,43.424539]}},{"type":"Feature","properties":{"id":"mount-1251","category":"plateau","icon":"plateau_03","variant":3,"rank":610,"reveal_tier":2,"reveal_zoom":8.0,"icon_size_ref":0.0606867,"icon_width_m":1894,"sort_key":43.786316},"geometry":{"type":"Point","coordinates":[42.213303,43.786316]}},{"type":"Feature","properties":{"id":"mount-1422","category":"plateau","icon":"plateau_01","variant":1,"rank":611,"reveal_tier":2,"reveal_zoom":8.0,"icon_size_ref":0.0553568,"icon_width_m":1730,"sort_key":43.715612},"geometry":{"type":"Point","coordinates":[42.200171,43.715612]}},{"type":"Feature","properties":{"id":"mount-1453","category":"steep_mountain","icon":"steep_mountain_01","variant":1,"rank":612,"reveal_tier":2,"reveal_zoom":8.0,"icon_size_ref":0.0399429,"icon_width_m":1250,"sort_key":43.618881},"geometry":{"type":"Point","coordinates":[40.968339,43.618881]}},{"type":"Feature","properties":{"id":"rock-0710","category":"ridge","icon":"ridge_03","variant":3,"rank":613,"reveal_tier":2,"reveal_zoom":8.0,"icon_size_ref":0.0435745,"icon_width_m":1370,"sort_key":43.340247},"geometry":{"type":"Point","coordinates":[42.562054,43.340247]}},{"type":"Feature","properties":{"id":"mount-1773","category":"plateau","icon":"plateau_04","variant":4,"rank":614,"reveal_tier":2,"reveal_zoom":8.0,"icon_size_ref":0.0535863,"icon_width_m":1681,"sort_key":43.476638},"geometry":{"type":"Point","coordinates":[42.474518,43.476638]}},{"type":"Feature","properties":{"id":"mount-0274","category":"steep_mountain","icon":"steep_mountain_01","variant":1,"rank":615,"reveal_tier":2,"reveal_zoom":8.0,"icon_size_ref":0.0437087,"icon_width_m":1366,"sort_key":43.729018},"geometry":{"type":"Point","coordinates":[40.77183,43.729018]}},{"type":"Feature","properties":{"id":"mount-1174","category":"isolated_peak","icon":"isolated_peak_01","variant":1,"rank":616,"reveal_tier":2,"reveal_zoom":8.0,"icon_size_ref":0.0541671,"icon_width_m":1700,"sort_key":43.462116},"geometry":{"type":"Point","coordinates":[41.461115,43.462116]}},{"type":"Feature","properties":{"id":"mount-1933","category":"rounded_mountain","icon":"rounded_mountain_02","variant":2,"rank":617,"reveal_tier":2,"reveal_zoom":8.0,"icon_size_ref":0.0549788,"icon_width_m":1735,"sort_key":43.113304},"geometry":{"type":"Point","coordinates":[43.305992,43.113304]}},{"type":"Feature","properties":{"id":"mount-1427","category":"rounded_mountain","icon":"rounded_mountain_04","variant":4,"rank":618,"reveal_tier":2,"reveal_zoom":8.0,"icon_size_ref":0.0540001,"icon_width_m":1693,"sort_key":43.521209},"geometry":{"type":"Point","coordinates":[42.071586,43.521209]}},{"type":"Feature","properties":{"id":"rock-0758","category":"rocky_peak","icon":"rocky_peak_01","variant":1,"rank":619,"reveal_tier":2,"reveal_zoom":8.0,"icon_size_ref":0.0472568,"icon_width_m":1490,"sort_key":43.18922},"geometry":{"type":"Point","coordinates":[42.048991,43.18922]}},{"type":"Feature","properties":{"id":"hill-0550","category":"rounded_mountain","icon":"rounded_mountain_01","variant":1,"rank":620,"reveal_tier":2,"reveal_zoom":8.0,"icon_size_ref":0.0448666,"icon_width_m":1406,"sort_key":43.534791},"geometry":{"type":"Point","coordinates":[42.198894,43.534791]}},{"type":"Feature","properties":{"id":"rock-0525","category":"steep_mountain","icon":"steep_mountain_02","variant":2,"rank":621,"reveal_tier":2,"reveal_zoom":8.0,"icon_size_ref":0.0539457,"icon_width_m":1700,"sort_key":43.230493},"geometry":{"type":"Point","coordinates":[41.832011,43.230493]}},{"type":"Feature","properties":{"id":"rock-0858","category":"ridge","icon":"ridge_03","variant":3,"rank":622,"reveal_tier":2,"reveal_zoom":8.0,"icon_size_ref":0.039922,"icon_width_m":1259,"sort_key":43.186115},"geometry":{"type":"Point","coordinates":[42.558342,43.186115]}},{"type":"Feature","properties":{"id":"hill-0502","category":"rounded_hill","icon":"rounded_hill_02","variant":2,"rank":623,"reveal_tier":2,"reveal_zoom":8.0,"icon_size_ref":0.0546934,"icon_width_m":1700,"sort_key":44.040774},"geometry":{"type":"Point","coordinates":[41.162263,44.040774]}},{"type":"Feature","properties":{"id":"mount-1915","category":"rounded_mountain","icon":"rounded_mountain_02","variant":2,"rank":624,"reveal_tier":2,"reveal_zoom":8.0,"icon_size_ref":0.0529239,"icon_width_m":1658,"sort_key":43.579155},"geometry":{"type":"Point","coordinates":[40.724838,43.579155]}},{"type":"Feature","properties":{"id":"mount-0762","category":"rocky_ridge","icon":"rocky_ridge_01","variant":1,"rank":625,"reveal_tier":2,"reveal_zoom":8.0,"icon_size_ref":0.0524127,"icon_width_m":1652,"sort_key":43.212534},"geometry":{"type":"Point","coordinates":[41.640093,43.212534]}},{"type":"Feature","properties":{"id":"mount-0686","category":"rounded_mountain","icon":"rounded_mountain_02","variant":2,"rank":626,"reveal_tier":2,"reveal_zoom":8.0,"icon_size_ref":0.0475029,"icon_width_m":1494,"sort_key":43.317926},"geometry":{"type":"Point","coordinates":[41.549027,43.317926]}},{"type":"Feature","properties":{"id":"mount-1363","category":"steep_mountain","icon":"steep_mountain_03","variant":3,"rank":627,"reveal_tier":2,"reveal_zoom":8.0,"icon_size_ref":0.0497672,"icon_width_m":1574,"sort_key":42.982345},"geometry":{"type":"Point","coordinates":[43.356943,42.982345]}},{"type":"Feature","properties":{"id":"mount-1350","category":"rounded_mountain","icon":"rounded_mountain_02","variant":2,"rank":628,"reveal_tier":2,"reveal_zoom":8.0,"icon_size_ref":0.0440643,"icon_width_m":1395,"sort_key":42.93682},"geometry":{"type":"Point","coordinates":[43.314532,42.93682]}},{"type":"Feature","properties":{"id":"rock-0095","category":"plateau","icon":"plateau_02","variant":2,"rank":629,"reveal_tier":2,"reveal_zoom":8.0,"icon_size_ref":0.0493365,"icon_width_m":1551,"sort_key":43.365336},"geometry":{"type":"Point","coordinates":[42.36517,43.365336]}},{"type":"Feature","properties":{"id":"mount-1222","category":"steep_mountain","icon":"steep_mountain_03","variant":3,"rank":630,"reveal_tier":2,"reveal_zoom":8.0,"icon_size_ref":0.0483747,"icon_width_m":1522,"sort_key":43.317606},"geometry":{"type":"Point","coordinates":[42.028928,43.317606]}},{"type":"Feature","properties":{"id":"mount-2052","category":"rocky_peak","icon":"rocky_peak_02","variant":2,"rank":631,"reveal_tier":2,"reveal_zoom":8.0,"icon_size_ref":0.0557641,"icon_width_m":1765,"sort_key":42.932469},"geometry":{"type":"Point","coordinates":[43.210634,42.932469]}},{"type":"Feature","properties":{"id":"rock-0617","category":"rocky_ridge","icon":"rocky_ridge_02","variant":2,"rank":632,"reveal_tier":2,"reveal_zoom":8.0,"icon_size_ref":0.0556828,"icon_width_m":1756,"sort_key":43.154135},"geometry":{"type":"Point","coordinates":[42.634871,43.154135]}},{"type":"Feature","properties":{"id":"mount-1937","category":"ridge","icon":"ridge_03","variant":3,"rank":633,"reveal_tier":2,"reveal_zoom":8.0,"icon_size_ref":0.0527178,"icon_width_m":1655,"sort_key":43.445223},"geometry":{"type":"Point","coordinates":[42.507294,43.445223]}},{"type":"Feature","properties":{"id":"rock-0753","category":"rounded_mountain","icon":"rounded_mountain_03","variant":3,"rank":634,"reveal_tier":2,"reveal_zoom":8.0,"icon_size_ref":0.0588654,"icon_width_m":1850,"sort_key":43.378711},"geometry":{"type":"Point","coordinates":[42.288973,43.378711]}},{"type":"Feature","properties":{"id":"hill-0605","category":"rounded_hill","icon":"rounded_hill_01","variant":1,"rank":635,"reveal_tier":2,"reveal_zoom":8.0,"icon_size_ref":0.054496,"icon_width_m":1700,"sort_key":43.825734},"geometry":{"type":"Point","coordinates":[41.040523,43.825734]}},{"type":"Feature","properties":{"id":"mount-1083","category":"rounded_hill","icon":"rounded_hill_02","variant":2,"rank":636,"reveal_tier":2,"reveal_zoom":8.0,"icon_size_ref":0.0532918,"icon_width_m":1673,"sort_key":43.434496},"geometry":{"type":"Point","coordinates":[42.780075,43.434496]}},{"type":"Feature","properties":{"id":"hill-0081","category":"rounded_hill","icon":"rounded_hill_03","variant":3,"rank":637,"reveal_tier":2,"reveal_zoom":8.0,"icon_size_ref":0.0546239,"icon_width_m":1700,"sort_key":43.965314},"geometry":{"type":"Point","coordinates":[41.322691,43.965314]}},{"type":"Feature","properties":{"id":"mount-1518","category":"plateau","icon":"plateau_03","variant":3,"rank":638,"reveal_tier":2,"reveal_zoom":8.0,"icon_size_ref":0.0671406,"icon_width_m":2100,"sort_key":43.667266},"geometry":{"type":"Point","coordinates":[42.253901,43.667266]}},{"type":"Feature","properties":{"id":"mount-0857","category":"steep_mountain","icon":"steep_mountain_02","variant":2,"rank":639,"reveal_tier":2,"reveal_zoom":8.0,"icon_size_ref":0.0573668,"icon_width_m":1800,"sort_key":43.47628},"geometry":{"type":"Point","coordinates":[42.072433,43.47628]}},{"type":"Feature","properties":{"id":"hill-0226","category":"plateau","icon":"plateau_03","variant":3,"rank":640,"reveal_tier":2,"reveal_zoom":8.0,"icon_size_ref":0.0556698,"icon_width_m":1735,"sort_key":43.875832},"geometry":{"type":"Point","coordinates":[41.183925,43.875832]}},{"type":"Feature","properties":{"id":"mount-0970","category":"steep_mountain","icon":"steep_mountain_03","variant":3,"rank":641,"reveal_tier":2,"reveal_zoom":8.0,"icon_size_ref":0.0504506,"icon_width_m":1589,"sort_key":43.246985},"geometry":{"type":"Point","coordinates":[42.040944,43.246985]}},{"type":"Feature","properties":{"id":"hill-0255","category":"rounded_mountain","icon":"rounded_mountain_02","variant":2,"rank":642,"reveal_tier":2,"reveal_zoom":8.0,"icon_size_ref":0.0551913,"icon_width_m":1722,"sort_key":43.829798},"geometry":{"type":"Point","coordinates":[40.931979,43.829798]}},{"type":"Feature","properties":{"id":"mount-1814","category":"rounded_hill","icon":"rounded_hill_02","variant":2,"rank":643,"reveal_tier":2,"reveal_zoom":8.0,"icon_size_ref":0.0543557,"icon_width_m":1700,"sort_key":43.671441},"geometry":{"type":"Point","coordinates":[41.313518,43.671441]}},{"type":"Feature","properties":{"id":"hill-0001","category":"steep_mountain","icon":"steep_mountain_03","variant":3,"rank":644,"reveal_tier":2,"reveal_zoom":8.0,"icon_size_ref":0.0565137,"icon_width_m":1782,"sort_key":43.17247},"geometry":{"type":"Point","coordinates":[41.646917,43.17247]}},{"type":"Feature","properties":{"id":"mount-0881","category":"isolated_peak","icon":"isolated_peak_03","variant":3,"rank":645,"reveal_tier":2,"reveal_zoom":8.0,"icon_size_ref":0.0539529,"icon_width_m":1700,"sort_key":43.221526},"geometry":{"type":"Point","coordinates":[43.017558,43.221526]}},{"type":"Feature","properties":{"id":"mount-1370","category":"rounded_mountain","icon":"rounded_mountain_03","variant":3,"rank":646,"reveal_tier":2,"reveal_zoom":8.0,"icon_size_ref":0.0590083,"icon_width_m":1850,"sort_key":43.525324},"geometry":{"type":"Point","coordinates":[42.945728,43.525324]}},{"type":"Feature","properties":{"id":"mount-1829","category":"rounded_mountain","icon":"rounded_mountain_02","variant":2,"rank":647,"reveal_tier":2,"reveal_zoom":8.0,"icon_size_ref":0.0468433,"icon_width_m":1467,"sort_key":43.59629},"geometry":{"type":"Point","coordinates":[41.72439,43.59629]}},{"type":"Feature","properties":{"id":"mount-1184","category":"rocky_peak","icon":"rocky_peak_04","variant":4,"rank":648,"reveal_tier":2,"reveal_zoom":8.0,"icon_size_ref":0.052278,"icon_width_m":1642,"sort_key":43.402686},"geometry":{"type":"Point","coordinates":[41.450483,43.402686]}},{"type":"Feature","properties":{"id":"rock-0476","category":"ridge","icon":"ridge_03","variant":3,"rank":649,"reveal_tier":2,"reveal_zoom":8.0,"icon_size_ref":0.0411506,"icon_width_m":1296,"sort_key":43.26748},"geometry":{"type":"Point","coordinates":[42.969739,43.26748]}},{"type":"Feature","properties":{"id":"rock-0347","category":"ridge","icon":"ridge_04","variant":4,"rank":650,"reveal_tier":2,"reveal_zoom":8.0,"icon_size_ref":0.060426,"icon_width_m":1900,"sort_key":43.354876},"geometry":{"type":"Point","coordinates":[42.073195,43.354876]}},{"type":"Feature","properties":{"id":"rock-0788","category":"rocky_peak","icon":"rocky_peak_03","variant":3,"rank":651,"reveal_tier":2,"reveal_zoom":8.0,"icon_size_ref":0.048594,"icon_width_m":1526,"sort_key":43.417432},"geometry":{"type":"Point","coordinates":[41.594646,43.417432]}},{"type":"Feature","properties":{"id":"hill-0332","category":"plateau","icon":"plateau_02","variant":2,"rank":652,"reveal_tier":2,"reveal_zoom":8.0,"icon_size_ref":0.0465002,"icon_width_m":1452,"sort_key":43.76385},"geometry":{"type":"Point","coordinates":[41.340716,43.76385]}},{"type":"Feature","properties":{"id":"mount-1608","category":"massif","icon":"massif_03","variant":3,"rank":653,"reveal_tier":2,"reveal_zoom":8.0,"icon_size_ref":0.0683846,"icon_width_m":2138,"sort_key":43.683601},"geometry":{"type":"Point","coordinates":[40.990945,43.683601]}},{"type":"Feature","properties":{"id":"mount-1468","category":"ridge","icon":"ridge_03","variant":3,"rank":654,"reveal_tier":2,"reveal_zoom":8.0,"icon_size_ref":0.052121,"icon_width_m":1632,"sort_key":43.611805},"geometry":{"type":"Point","coordinates":[41.279486,43.611805]}},{"type":"Feature","properties":{"id":"mount-0257","category":"ridge","icon":"ridge_03","variant":3,"rank":655,"reveal_tier":2,"reveal_zoom":8.0,"icon_size_ref":0.0564055,"icon_width_m":1770,"sort_key":43.487474},"geometry":{"type":"Point","coordinates":[40.845194,43.487474]}},{"type":"Feature","properties":{"id":"rock-0630","category":"ridge","icon":"ridge_04","variant":4,"rank":656,"reveal_tier":2,"reveal_zoom":8.0,"icon_size_ref":0.0631812,"icon_width_m":1990,"sort_key":43.243655},"geometry":{"type":"Point","coordinates":[42.209237,43.243655]}},{"type":"Feature","properties":{"id":"rock-0832","category":"rocky_peak","icon":"rocky_peak_03","variant":3,"rank":657,"reveal_tier":2,"reveal_zoom":8.0,"icon_size_ref":0.0552847,"icon_width_m":1743,"sort_key":43.17319},"geometry":{"type":"Point","coordinates":[42.796898,43.17319]}},{"type":"Feature","properties":{"id":"mount-0924","category":"ridge","icon":"ridge_01","variant":1,"rank":658,"reveal_tier":2,"reveal_zoom":8.0,"icon_size_ref":0.0590988,"icon_width_m":1872,"sort_key":42.885595},"geometry":{"type":"Point","coordinates":[43.278161,42.885595]}},{"type":"Feature","properties":{"id":"hill-0538","category":"plateau","icon":"plateau_01","variant":1,"rank":659,"reveal_tier":2,"reveal_zoom":8.0,"icon_size_ref":0.0546057,"icon_width_m":1705,"sort_key":43.760804},"geometry":{"type":"Point","coordinates":[41.265453,43.760804]}},{"type":"Feature","properties":{"id":"mount-2038","category":"rocky_ridge","icon":"rocky_ridge_01","variant":1,"rank":660,"reveal_tier":2,"reveal_zoom":8.0,"icon_size_ref":0.0589336,"icon_width_m":1858,"sort_key":43.194813},"geometry":{"type":"Point","coordinates":[42.514547,43.194813]}},{"type":"Feature","properties":{"id":"hill-0567","category":"plateau","icon":"plateau_04","variant":4,"rank":661,"reveal_tier":2,"reveal_zoom":8.0,"icon_size_ref":0.0594928,"icon_width_m":1848,"sort_key":44.086075},"geometry":{"type":"Point","coordinates":[41.255111,44.086075]}},{"type":"Feature","properties":{"id":"hill-0227","category":"rounded_hill","icon":"rounded_hill_01","variant":1,"rank":662,"reveal_tier":2,"reveal_zoom":8.0,"icon_size_ref":0.0545202,"icon_width_m":1700,"sort_key":43.852301},"geometry":{"type":"Point","coordinates":[41.337862,43.852301]}},{"type":"Feature","properties":{"id":"mount-1214","category":"rounded_mountain","icon":"rounded_mountain_01","variant":1,"rank":663,"reveal_tier":2,"reveal_zoom":8.0,"icon_size_ref":0.0509536,"icon_width_m":1597,"sort_key":43.524997},"geometry":{"type":"Point","coordinates":[41.093953,43.524997]}},{"type":"Feature","properties":{"id":"mount-1729","category":"rounded_mountain","icon":"rounded_mountain_01","variant":1,"rank":664,"reveal_tier":2,"reveal_zoom":8.0,"icon_size_ref":0.0584096,"icon_width_m":1840,"sort_key":43.231728},"geometry":{"type":"Point","coordinates":[41.899495,43.231728]}},{"type":"Feature","properties":{"id":"rock-0776","category":"rocky_ridge","icon":"rocky_ridge_04","variant":4,"rank":665,"reveal_tier":2,"reveal_zoom":8.0,"icon_size_ref":0.0429884,"icon_width_m":1362,"sort_key":42.893911},"geometry":{"type":"Point","coordinates":[43.332428,42.893911]}},{"type":"Feature","properties":{"id":"mount-1155","category":"ridge","icon":"ridge_02","variant":2,"rank":666,"reveal_tier":2,"reveal_zoom":8.0,"icon_size_ref":0.0699373,"icon_width_m":2200,"sort_key":43.322454},"geometry":{"type":"Point","coordinates":[43.038661,43.322454]}},{"type":"Feature","properties":{"id":"hill-0159","category":"plateau","icon":"plateau_02","variant":2,"rank":667,"reveal_tier":2,"reveal_zoom":8.0,"icon_size_ref":0.0557327,"icon_width_m":1736,"sort_key":43.898689},"geometry":{"type":"Point","coordinates":[41.030781,43.898689]}},{"type":"Feature","properties":{"id":"hill-0423","category":"plateau","icon":"plateau_03","variant":3,"rank":668,"reveal_tier":2,"reveal_zoom":8.0,"icon_size_ref":0.066893,"icon_width_m":2100,"sort_key":43.444678},"geometry":{"type":"Point","coordinates":[40.806463,43.444678]}},{"type":"Feature","properties":{"id":"rock-0621","category":"rocky_ridge","icon":"rocky_ridge_02","variant":2,"rank":669,"reveal_tier":2,"reveal_zoom":8.0,"icon_size_ref":0.0642326,"icon_width_m":2028,"sort_key":43.104171},"geometry":{"type":"Point","coordinates":[43.014854,43.104171]}},{"type":"Feature","properties":{"id":"hill-0432","category":"steep_mountain","icon":"steep_mountain_01","variant":1,"rank":670,"reveal_tier":2,"reveal_zoom":8.0,"icon_size_ref":0.0574629,"icon_width_m":1800,"sort_key":43.577243},"geometry":{"type":"Point","coordinates":[41.85953,43.577243]}},{"type":"Feature","properties":{"id":"hill-0590","category":"plateau","icon":"plateau_04","variant":4,"rank":671,"reveal_tier":2,"reveal_zoom":8.0,"icon_size_ref":0.0502172,"icon_width_m":1563,"sort_key":43.975337},"geometry":{"type":"Point","coordinates":[41.409563,43.975337]}},{"type":"Feature","properties":{"id":"rock-0290","category":"ridge","icon":"ridge_01","variant":1,"rank":672,"reveal_tier":2,"reveal_zoom":8.0,"icon_size_ref":0.0528083,"icon_width_m":1664,"sort_key":43.221542},"geometry":{"type":"Point","coordinates":[42.420005,43.221542]}},{"type":"Feature","properties":{"id":"mount-1634","category":"rounded_mountain","icon":"rounded_mountain_03","variant":3,"rank":673,"reveal_tier":2,"reveal_zoom":8.0,"icon_size_ref":0.0587493,"icon_width_m":1832,"sort_key":43.840656},"geometry":{"type":"Point","coordinates":[40.877842,43.840656]}},{"type":"Feature","properties":{"id":"mount-1412","category":"rocky_peak","icon":"rocky_peak_04","variant":4,"rank":674,"reveal_tier":2,"reveal_zoom":8.0,"icon_size_ref":0.057421,"icon_width_m":1800,"sort_key":43.533235},"geometry":{"type":"Point","coordinates":[40.761412,43.533235]}},{"type":"Feature","properties":{"id":"rock-0398","category":"ridge","icon":"ridge_04","variant":4,"rank":675,"reveal_tier":2,"reveal_zoom":8.0,"icon_size_ref":0.046613,"icon_width_m":1464,"sort_key":43.396979},"geometry":{"type":"Point","coordinates":[42.630419,43.396979]}},{"type":"Feature","properties":{"id":"rock-0218","category":"isolated_peak","icon":"isolated_peak_01","variant":1,"rank":676,"reveal_tier":2,"reveal_zoom":8.0,"icon_size_ref":0.0521577,"icon_width_m":1639,"sort_key":43.399926},"geometry":{"type":"Point","coordinates":[42.12038,43.399926]}},{"type":"Feature","properties":{"id":"mount-1246","category":"ridge","icon":"ridge_01","variant":1,"rank":677,"reveal_tier":2,"reveal_zoom":8.0,"icon_size_ref":0.0703756,"icon_width_m":2200,"sort_key":43.699527},"geometry":{"type":"Point","coordinates":[42.539685,43.699527]}},{"type":"Feature","properties":{"id":"rock-0244","category":"ridge","icon":"ridge_03","variant":3,"rank":678,"reveal_tier":2,"reveal_zoom":8.0,"icon_size_ref":0.0697674,"icon_width_m":2200,"sort_key":43.174317},"geometry":{"type":"Point","coordinates":[43.162172,43.174317]}},{"type":"Feature","properties":{"id":"hill-0329","category":"plateau","icon":"plateau_03","variant":3,"rank":679,"reveal_tier":2,"reveal_zoom":8.0,"icon_size_ref":0.0648082,"icon_width_m":2024,"sort_key":43.751505},"geometry":{"type":"Point","coordinates":[41.437093,43.751505]}},{"type":"Feature","properties":{"id":"mount-1262","category":"rounded_hill","icon":"rounded_hill_03","variant":3,"rank":680,"reveal_tier":2,"reveal_zoom":8.0,"icon_size_ref":0.0541831,"icon_width_m":1700,"sort_key":43.483621},"geometry":{"type":"Point","coordinates":[42.738565,43.483621]}},{"type":"Feature","properties":{"id":"rock-0082","category":"rounded_mountain","icon":"rounded_mountain_02","variant":2,"rank":681,"reveal_tier":2,"reveal_zoom":8.0,"icon_size_ref":0.0560242,"icon_width_m":1761,"sort_key":43.365843},"geometry":{"type":"Point","coordinates":[41.58352,43.365843]}},{"type":"Feature","properties":{"id":"mount-1561","category":"rounded_mountain","icon":"rounded_mountain_04","variant":4,"rank":682,"reveal_tier":2,"reveal_zoom":8.0,"icon_size_ref":0.0588506,"icon_width_m":1850,"sort_key":43.363488},"geometry":{"type":"Point","coordinates":[42.707452,43.363488]}},{"type":"Feature","properties":{"id":"mount-1725","category":"plateau","icon":"plateau_02","variant":2,"rank":683,"reveal_tier":2,"reveal_zoom":8.0,"icon_size_ref":0.0670137,"icon_width_m":2100,"sort_key":43.553556},"geometry":{"type":"Point","coordinates":[42.450464,43.553556]}},{"type":"Feature","properties":{"id":"rock-0540","category":"rounded_mountain","icon":"rounded_mountain_01","variant":1,"rank":684,"reveal_tier":2,"reveal_zoom":8.0,"icon_size_ref":0.0484556,"icon_width_m":1523,"sort_key":43.377573},"geometry":{"type":"Point","coordinates":[41.881031,43.377573]}},{"type":"Feature","properties":{"id":"rock-0844","category":"steep_mountain","icon":"steep_mountain_04","variant":4,"rank":685,"reveal_tier":2,"reveal_zoom":8.0,"icon_size_ref":0.0541582,"icon_width_m":1704,"sort_key":43.317544},"geometry":{"type":"Point","coordinates":[42.659998,43.317544]}},{"type":"Feature","properties":{"id":"hill-0291","category":"plateau","icon":"plateau_03","variant":3,"rank":686,"reveal_tier":2,"reveal_zoom":8.0,"icon_size_ref":0.0458919,"icon_width_m":1432,"sort_key":43.819991},"geometry":{"type":"Point","coordinates":[41.190244,43.819991]}},{"type":"Feature","properties":{"id":"mount-1790","category":"plateau","icon":"plateau_02","variant":2,"rank":687,"reveal_tier":2,"reveal_zoom":8.0,"icon_size_ref":0.0514797,"icon_width_m":1614,"sort_key":43.540383},"geometry":{"type":"Point","coordinates":[42.246509,43.540383]}},{"type":"Feature","properties":{"id":"rock-0310","category":"rocky_peak","icon":"rocky_peak_04","variant":4,"rank":688,"reveal_tier":2,"reveal_zoom":8.0,"icon_size_ref":0.0554927,"icon_width_m":1752,"sort_key":43.114205},"geometry":{"type":"Point","coordinates":[42.823066,43.114205]}},{"type":"Feature","properties":{"id":"mount-0606","category":"rounded_mountain","icon":"rounded_mountain_03","variant":3,"rank":689,"reveal_tier":2,"reveal_zoom":8.0,"icon_size_ref":0.0591628,"icon_width_m":1850,"sort_key":43.682631},"geometry":{"type":"Point","coordinates":[41.269058,43.682631]}},{"type":"Feature","properties":{"id":"rock-0040","category":"ridge","icon":"ridge_01","variant":1,"rank":690,"reveal_tier":2,"reveal_zoom":8.0,"icon_size_ref":0.0446234,"icon_width_m":1412,"sort_key":42.957632},"geometry":{"type":"Point","coordinates":[43.143407,42.957632]}},{"type":"Feature","properties":{"id":"hill-0461","category":"plateau","icon":"plateau_03","variant":3,"rank":691,"reveal_tier":2,"reveal_zoom":8.0,"icon_size_ref":0.0521162,"icon_width_m":1623,"sort_key":43.92081},"geometry":{"type":"Point","coordinates":[40.998605,43.92081]}},{"type":"Feature","properties":{"id":"mount-2002","category":"rocky_ridge","icon":"rocky_ridge_02","variant":2,"rank":692,"reveal_tier":2,"reveal_zoom":8.0,"icon_size_ref":0.0484924,"icon_width_m":1534,"sort_key":42.97532},"geometry":{"type":"Point","coordinates":[43.452591,42.97532]}},{"type":"Feature","properties":{"id":"hill-0266","category":"rounded_hill","icon":"rounded_hill_04","variant":4,"rank":693,"reveal_tier":2,"reveal_zoom":8.0,"icon_size_ref":0.0544694,"icon_width_m":1700,"sort_key":43.796608},"geometry":{"type":"Point","coordinates":[41.057754,43.796608]}},{"type":"Feature","properties":{"id":"rock-0571","category":"rocky_peak","icon":"rocky_peak_01","variant":1,"rank":694,"reveal_tier":2,"reveal_zoom":8.0,"icon_size_ref":0.0571989,"icon_width_m":1800,"sort_key":43.298549},"geometry":{"type":"Point","coordinates":[41.472294,43.298549]}},{"type":"Feature","properties":{"id":"mount-1496","category":"ridge","icon":"ridge_04","variant":4,"rank":695,"reveal_tier":2,"reveal_zoom":8.0,"icon_size_ref":0.0546321,"icon_width_m":1711,"sort_key":43.584215},"geometry":{"type":"Point","coordinates":[42.17778,43.584215]}},{"type":"Feature","properties":{"id":"hill-0773","category":"plateau","icon":"plateau_03","variant":3,"rank":696,"reveal_tier":2,"reveal_zoom":8.0,"icon_size_ref":0.0673159,"icon_width_m":2100,"sort_key":43.82335},"geometry":{"type":"Point","coordinates":[41.35329,43.82335]}},{"type":"Feature","properties":{"id":"mount-0350","category":"rounded_hill","icon":"rounded_hill_02","variant":2,"rank":697,"reveal_tier":2,"reveal_zoom":8.0,"icon_size_ref":0.0544927,"icon_width_m":1700,"sort_key":43.822197},"geometry":{"type":"Point","coordinates":[40.762635,43.822197]}},{"type":"Feature","properties":{"id":"hill-0532","category":"steep_mountain","icon":"steep_mountain_04","variant":4,"rank":698,"reveal_tier":2,"reveal_zoom":8.0,"icon_size_ref":0.0575084,"icon_width_m":1800,"sort_key":43.624776},"geometry":{"type":"Point","coordinates":[41.400905,43.624776]}},{"type":"Feature","properties":{"id":"mount-1166","category":"ridge","icon":"ridge_03","variant":3,"rank":699,"reveal_tier":2,"reveal_zoom":8.0,"icon_size_ref":0.0700754,"icon_width_m":2200,"sort_key":43.442123},"geometry":{"type":"Point","coordinates":[41.071411,43.442123]}},{"type":"Feature","properties":{"id":"rock-0295","category":"ridge","icon":"ridge_04","variant":4,"rank":700,"reveal_tier":2,"reveal_zoom":8.0,"icon_size_ref":0.0699038,"icon_width_m":2200,"sort_key":43.293388},"geometry":{"type":"Point","coordinates":[42.853557,43.293388]}},{"type":"Feature","properties":{"id":"mount-1177","category":"rounded_mountain","icon":"rounded_mountain_02","variant":2,"rank":701,"reveal_tier":2,"reveal_zoom":8.0,"icon_size_ref":0.0587993,"icon_width_m":1850,"sort_key":43.310487},"geometry":{"type":"Point","coordinates":[41.394521,43.310487]}},{"type":"Feature","properties":{"id":"rock-0360","category":"ridge","icon":"ridge_01","variant":1,"rank":702,"reveal_tier":2,"reveal_zoom":8.0,"icon_size_ref":0.0476666,"icon_width_m":1500,"sort_key":43.314359},"geometry":{"type":"Point","coordinates":[42.124457,43.314359]}},{"type":"Feature","properties":{"id":"hill-0482","category":"ridge","icon":"ridge_04","variant":4,"rank":703,"reveal_tier":2,"reveal_zoom":8.0,"icon_size_ref":0.0612875,"icon_width_m":1918,"sort_key":43.645656},"geometry":{"type":"Point","coordinates":[42.152921,43.645656]}},{"type":"Feature","properties":{"id":"mount-1801","category":"rounded_hill","icon":"rounded_hill_04","variant":4,"rank":704,"reveal_tier":2,"reveal_zoom":8.0,"icon_size_ref":0.0542508,"icon_width_m":1700,"sort_key":43.555336},"geometry":{"type":"Point","coordinates":[42.946458,43.555336]}},{"type":"Feature","properties":{"id":"mount-0991","category":"steep_mountain","icon":"steep_mountain_01","variant":1,"rank":705,"reveal_tier":2,"reveal_zoom":8.0,"icon_size_ref":0.0573079,"icon_width_m":1800,"sort_key":43.41412},"geometry":{"type":"Point","coordinates":[42.043605,43.41412]}},{"type":"Feature","properties":{"id":"hill-0410","category":"rounded_mountain","icon":"rounded_mountain_04","variant":4,"rank":706,"reveal_tier":2,"reveal_zoom":8.0,"icon_size_ref":0.0591972,"icon_width_m":1850,"sort_key":43.717481},"geometry":{"type":"Point","coordinates":[41.942775,43.717481]}},{"type":"Feature","properties":{"id":"mount-0177","category":"rocky_ridge","icon":"rocky_ridge_01","variant":1,"rank":707,"reveal_tier":2,"reveal_zoom":8.0,"icon_size_ref":0.0653221,"icon_width_m":2050,"sort_key":43.464834},"geometry":{"type":"Point","coordinates":[41.099381,43.464834]}},{"type":"Feature","properties":{"id":"mount-1672","category":"rounded_mountain","icon":"rounded_mountain_04","variant":4,"rank":708,"reveal_tier":2,"reveal_zoom":8.0,"icon_size_ref":0.0584761,"icon_width_m":1831,"sort_key":43.614803},"geometry":{"type":"Point","coordinates":[42.065052,43.614803]}},{"type":"Feature","properties":{"id":"rock-0291","category":"ridge","icon":"ridge_04","variant":4,"rank":709,"reveal_tier":2,"reveal_zoom":8.0,"icon_size_ref":0.0698487,"icon_width_m":2200,"sort_key":43.245414},"geometry":{"type":"Point","coordinates":[42.363399,43.245414]}},{"type":"Feature","properties":{"id":"mount-2031","category":"rocky_peak","icon":"rocky_peak_04","variant":4,"rank":710,"reveal_tier":2,"reveal_zoom":8.0,"icon_size_ref":0.057267,"icon_width_m":1800,"sort_key":43.370827},"geometry":{"type":"Point","coordinates":[42.404158,43.370827]}},{"type":"Feature","properties":{"id":"rock-0495","category":"isolated_peak","icon":"isolated_peak_02","variant":2,"rank":711,"reveal_tier":2,"reveal_zoom":8.0,"icon_size_ref":0.0539362,"icon_width_m":1700,"sort_key":43.202697},"geometry":{"type":"Point","coordinates":[42.670244,43.202697]}},{"type":"Feature","properties":{"id":"mount-0898","category":"rounded_hill","icon":"rounded_hill_01","variant":1,"rank":712,"reveal_tier":2,"reveal_zoom":8.0,"icon_size_ref":0.0543188,"icon_width_m":1700,"sort_key":43.630663},"geometry":{"type":"Point","coordinates":[42.298758,43.630663]}},{"type":"Feature","properties":{"id":"rock-0595","category":"rocky_ridge","icon":"rocky_ridge_04","variant":4,"rank":713,"reveal_tier":2,"reveal_zoom":8.0,"icon_size_ref":0.0650528,"icon_width_m":2050,"sort_key":43.213973},"geometry":{"type":"Point","coordinates":[42.095414,43.213973]}},{"type":"Feature","properties":{"id":"hill-0024","category":"plateau","icon":"plateau_04","variant":4,"rank":714,"reveal_tier":2,"reveal_zoom":8.0,"icon_size_ref":0.0632196,"icon_width_m":1970,"sort_key":43.886743},"geometry":{"type":"Point","coordinates":[40.907131,43.886743]}},{"type":"Feature","properties":{"id":"mount-1786","category":"plateau","icon":"plateau_04","variant":4,"rank":715,"reveal_tier":2,"reveal_zoom":8.0,"icon_size_ref":0.0471863,"icon_width_m":1479,"sort_key":43.530691},"geometry":{"type":"Point","coordinates":[42.339753,43.530691]}},{"type":"Feature","properties":{"id":"hill-0254","category":"plateau","icon":"plateau_03","variant":3,"rank":716,"reveal_tier":2,"reveal_zoom":8.0,"icon_size_ref":0.0484999,"icon_width_m":1508,"sort_key":44.010403},"geometry":{"type":"Point","coordinates":[41.082119,44.010403]}},{"type":"Feature","properties":{"id":"hill-0424","category":"plateau","icon":"plateau_04","variant":4,"rank":717,"reveal_tier":2,"reveal_zoom":8.0,"icon_size_ref":0.0673357,"icon_width_m":2100,"sort_key":43.840973},"geometry":{"type":"Point","coordinates":[42.854447,43.840973]}},{"type":"Feature","properties":{"id":"hill-0454","category":"plateau","icon":"plateau_03","variant":3,"rank":718,"reveal_tier":2,"reveal_zoom":8.0,"icon_size_ref":0.0674495,"icon_width_m":2100,"sort_key":43.94151},"geometry":{"type":"Point","coordinates":[42.693686,43.94151]}},{"type":"Feature","properties":{"id":"hill-0387","category":"ridge","icon":"ridge_02","variant":2,"rank":719,"reveal_tier":2,"reveal_zoom":8.0,"icon_size_ref":0.0703735,"icon_width_m":2200,"sort_key":43.697805},"geometry":{"type":"Point","coordinates":[42.065374,43.697805]}},{"type":"Feature","properties":{"id":"rock-0826","category":"rounded_hill","icon":"rounded_hill_04","variant":4,"rank":720,"reveal_tier":2,"reveal_zoom":8.0,"icon_size_ref":0.0540796,"icon_width_m":1700,"sort_key":43.36426},"geometry":{"type":"Point","coordinates":[42.53328,43.36426]}},{"type":"Feature","properties":{"id":"mount-1416","category":"ridge","icon":"ridge_04","variant":4,"rank":721,"reveal_tier":2,"reveal_zoom":8.0,"icon_size_ref":0.0703784,"icon_width_m":2200,"sort_key":43.701924},"geometry":{"type":"Point","coordinates":[42.280927,43.701924]}},{"type":"Feature","properties":{"id":"mount-0394","category":"rounded_mountain","icon":"rounded_mountain_02","variant":2,"rank":722,"reveal_tier":2,"reveal_zoom":8.0,"icon_size_ref":0.0591919,"icon_width_m":1850,"sort_key":43.712138},"geometry":{"type":"Point","coordinates":[41.134572,43.712138]}},{"type":"Feature","properties":{"id":"mount-0263","category":"isolated_peak","icon":"isolated_peak_02","variant":2,"rank":723,"reveal_tier":2,"reveal_zoom":8.0,"icon_size_ref":0.0541295,"icon_width_m":1700,"sort_key":43.420136},"geometry":{"type":"Point","coordinates":[42.178853,43.420136]}},{"type":"Feature","properties":{"id":"mount-1451","category":"steep_mountain","icon":"steep_mountain_03","variant":3,"rank":724,"reveal_tier":2,"reveal_zoom":8.0,"icon_size_ref":0.0573175,"icon_width_m":1800,"sort_key":43.424243},"geometry":{"type":"Point","coordinates":[42.284961,43.424243]}},{"type":"Feature","properties":{"id":"hill-0037","category":"plateau","icon":"plateau_04","variant":4,"rank":725,"reveal_tier":2,"reveal_zoom":8.0,"icon_size_ref":0.0602505,"icon_width_m":1874,"sort_key":44.002879},"geometry":{"type":"Point","coordinates":[41.235541,44.002879]}},{"type":"Feature","properties":{"id":"hill-0709","category":"plateau","icon":"plateau_04","variant":4,"rank":726,"reveal_tier":2,"reveal_zoom":8.0,"icon_size_ref":0.0625635,"icon_width_m":1950,"sort_key":43.863565},"geometry":{"type":"Point","coordinates":[41.435848,43.863565]}},{"type":"Feature","properties":{"id":"rock-0403","category":"ridge","icon":"ridge_01","variant":1,"rank":727,"reveal_tier":2,"reveal_zoom":8.0,"icon_size_ref":0.0454542,"icon_width_m":1429,"sort_key":43.347894},"geometry":{"type":"Point","coordinates":[42.658088,43.347894]}},{"type":"Feature","properties":{"id":"mount-0489","category":"steep_mountain","icon":"steep_mountain_03","variant":3,"rank":728,"reveal_tier":2,"reveal_zoom":8.0,"icon_size_ref":0.0573714,"icon_width_m":1800,"sort_key":43.481122},"geometry":{"type":"Point","coordinates":[41.062657,43.481122]}},{"type":"Feature","properties":{"id":"rock-0477","category":"rounded_mountain","icon":"rounded_mountain_03","variant":3,"rank":729,"reveal_tier":2,"reveal_zoom":8.0,"icon_size_ref":0.0548742,"icon_width_m":1728,"sort_key":43.268495},"geometry":{"type":"Point","coordinates":[43.00876,43.268495]}},{"type":"Feature","properties":{"id":"mount-1803","category":"plateau","icon":"plateau_02","variant":2,"rank":730,"reveal_tier":2,"reveal_zoom":8.0,"icon_size_ref":0.0669824,"icon_width_m":2100,"sort_key":43.525324},"geometry":{"type":"Point","coordinates":[43.039874,43.525324]}},{"type":"Feature","properties":{"id":"mount-1760","category":"rounded_hill","icon":"rounded_hill_04","variant":4,"rank":731,"reveal_tier":2,"reveal_zoom":8.0,"icon_size_ref":0.054223,"icon_width_m":1700,"sort_key":43.524367},"geometry":{"type":"Point","coordinates":[40.909728,43.524367]}},{"type":"Feature","properties":{"id":"hill-0466","category":"rounded_mountain","icon":"rounded_mountain_03","variant":3,"rank":732,"reveal_tier":2,"reveal_zoom":8.0,"icon_size_ref":0.059409,"icon_width_m":1850,"sort_key":43.930701},"geometry":{"type":"Point","coordinates":[40.96217,43.930701]}},{"type":"Feature","properties":{"id":"mount-0639","category":"rocky_ridge","icon":"rocky_ridge_04","variant":4,"rank":733,"reveal_tier":2,"reveal_zoom":8.0,"icon_size_ref":0.062119,"icon_width_m":1953,"sort_key":43.362209},"geometry":{"type":"Point","coordinates":[41.796724,43.362209]}},{"type":"Feature","properties":{"id":"mount-1047","category":"rounded_mountain","icon":"rounded_mountain_03","variant":3,"rank":734,"reveal_tier":2,"reveal_zoom":8.0,"icon_size_ref":0.0589561,"icon_width_m":1850,"sort_key":43.471865},"geometry":{"type":"Point","coordinates":[42.136967,43.471865]}},{"type":"Feature","properties":{"id":"rock-0374","category":"rocky_peak","icon":"rocky_peak_02","variant":2,"rank":735,"reveal_tier":2,"reveal_zoom":8.0,"icon_size_ref":0.0571439,"icon_width_m":1800,"sort_key":43.240013},"geometry":{"type":"Point","coordinates":[42.304981,43.240013]}},{"type":"Feature","properties":{"id":"mount-0758","category":"steep_mountain","icon":"steep_mountain_04","variant":4,"rank":736,"reveal_tier":2,"reveal_zoom":8.0,"icon_size_ref":0.0572045,"icon_width_m":1800,"sort_key":43.304522},"geometry":{"type":"Point","coordinates":[41.804073,43.304522]}},{"type":"Feature","properties":{"id":"mount-1774","category":"rounded_mountain","icon":"rounded_mountain_03","variant":3,"rank":737,"reveal_tier":2,"reveal_zoom":8.0,"icon_size_ref":0.0589618,"icon_width_m":1850,"sort_key":43.477736},"geometry":{"type":"Point","coordinates":[42.422376,43.477736]}},{"type":"Feature","properties":{"id":"hill-0250","category":"plateau","icon":"plateau_02","variant":2,"rank":738,"reveal_tier":2,"reveal_zoom":8.0,"icon_size_ref":0.0673875,"icon_width_m":2100,"sort_key":43.886759},"geometry":{"type":"Point","coordinates":[41.479225,43.886759]}},{"type":"Feature","properties":{"id":"hill-0140","category":"plateau","icon":"plateau_01","variant":1,"rank":739,"reveal_tier":2,"reveal_zoom":8.0,"icon_size_ref":0.0487488,"icon_width_m":1518,"sort_key":43.949721},"geometry":{"type":"Point","coordinates":[41.071787,43.949721]}},{"type":"Feature","properties":{"id":"mount-0706","category":"rocky_peak","icon":"rocky_peak_03","variant":3,"rank":740,"reveal_tier":2,"reveal_zoom":8.0,"icon_size_ref":0.0506583,"icon_width_m":1595,"sort_key":43.28511},"geometry":{"type":"Point","coordinates":[41.7665,43.28511]}},{"type":"Feature","properties":{"id":"mount-1580","category":"ridge","icon":"ridge_04","variant":4,"rank":741,"reveal_tier":2,"reveal_zoom":8.0,"icon_size_ref":0.068912,"icon_width_m":2168,"sort_key":43.316139},"geometry":{"type":"Point","coordinates":[43.19895,43.316139]}},{"type":"Feature","properties":{"id":"mount-1364","category":"isolated_peak","icon":"isolated_peak_04","variant":4,"rank":742,"reveal_tier":2,"reveal_zoom":8.0,"icon_size_ref":0.0537486,"icon_width_m":1700,"sort_key":42.989369},"geometry":{"type":"Point","coordinates":[43.287946,42.989369]}},{"type":"Feature","properties":{"id":"mount-1998","category":"rocky_ridge","icon":"rocky_ridge_03","variant":3,"rank":743,"reveal_tier":2,"reveal_zoom":8.0,"icon_size_ref":0.0648693,"icon_width_m":2050,"sort_key":43.04123},"geometry":{"type":"Point","coordinates":[43.187449,43.04123]}},{"type":"Feature","properties":{"id":"mount-0842","category":"rounded_mountain","icon":"rounded_mountain_03","variant":3,"rank":744,"reveal_tier":2,"reveal_zoom":8.0,"icon_size_ref":0.0456633,"icon_width_m":1430,"sort_key":43.575214},"geometry":{"type":"Point","coordinates":[41.685605,43.575214]}},{"type":"Feature","properties":{"id":"mount-2040","category":"rocky_ridge","icon":"rocky_ridge_02","variant":2,"rank":745,"reveal_tier":2,"reveal_zoom":8.0,"icon_size_ref":0.0609496,"icon_width_m":1924,"sort_key":43.124816},"geometry":{"type":"Point","coordinates":[42.929142,43.124816]}},{"type":"Feature","properties":{"id":"hill-0389","category":"rounded_mountain","icon":"rounded_mountain_02","variant":2,"rank":746,"reveal_tier":2,"reveal_zoom":8.0,"icon_size_ref":0.0590932,"icon_width_m":1850,"sort_key":43.611929},"geometry":{"type":"Point","coordinates":[41.85349,43.611929]}},{"type":"Feature","properties":{"id":"hill-0767","category":"ridge","icon":"ridge_04","variant":4,"rank":747,"reveal_tier":2,"reveal_zoom":8.0,"icon_size_ref":0.050692,"icon_width_m":1583,"sort_key":43.77441},"geometry":{"type":"Point","coordinates":[41.132276,43.77441]}},{"type":"Feature","properties":{"id":"rock-0140","category":"rocky_ridge","icon":"rocky_ridge_02","variant":2,"rank":748,"reveal_tier":2,"reveal_zoom":8.0,"icon_size_ref":0.0479241,"icon_width_m":1508,"sort_key":43.311838},"geometry":{"type":"Point","coordinates":[42.085619,43.311838]}},{"type":"Feature","properties":{"id":"mount-0653","category":"steep_mountain","icon":"steep_mountain_04","variant":4,"rank":749,"reveal_tier":2,"reveal_zoom":8.0,"icon_size_ref":0.0546808,"icon_width_m":1719,"sort_key":43.371396},"geometry":{"type":"Point","coordinates":[41.523331,43.371396]}},{"type":"Feature","properties":{"id":"mount-1074","category":"steep_mountain","icon":"steep_mountain_02","variant":2,"rank":750,"reveal_tier":2,"reveal_zoom":8.0,"icon_size_ref":0.0572855,"icon_width_m":1800,"sort_key":43.3904},"geometry":{"type":"Point","coordinates":[41.957216,43.3904]}},{"type":"Feature","properties":{"id":"mount-0558","category":"massif","icon":"massif_04","variant":4,"rank":751,"reveal_tier":2,"reveal_zoom":8.0,"icon_size_ref":0.0700377,"icon_width_m":2200,"sort_key":43.409514},"geometry":{"type":"Point","coordinates":[41.286074,43.409514]}},{"type":"Feature","properties":{"id":"mount-1065","category":"steep_mountain","icon":"steep_mountain_02","variant":2,"rank":752,"reveal_tier":2,"reveal_zoom":8.0,"icon_size_ref":0.0545013,"icon_width_m":1711,"sort_key":43.454126},"geometry":{"type":"Point","coordinates":[42.340289,43.454126]}},{"type":"Feature","properties":{"id":"mount-1831","category":"plateau","icon":"plateau_01","variant":1,"rank":753,"reveal_tier":2,"reveal_zoom":8.0,"icon_size_ref":0.0670922,"icon_width_m":2100,"sort_key":43.623969},"geometry":{"type":"Point","coordinates":[41.489085,43.623969]}},{"type":"Feature","properties":{"id":"mount-0901","category":"rounded_hill","icon":"rounded_hill_03","variant":3,"rank":754,"reveal_tier":2,"reveal_zoom":8.0,"icon_size_ref":0.0449695,"icon_width_m":1408,"sort_key":43.594643},"geometry":{"type":"Point","coordinates":[42.346008,43.594643]}},{"type":"Feature","properties":{"id":"rock-0439","category":"ridge","icon":"ridge_01","variant":1,"rank":755,"reveal_tier":2,"reveal_zoom":8.0,"icon_size_ref":0.0682708,"icon_width_m":2145,"sort_key":43.39871},"geometry":{"type":"Point","coordinates":[42.585948,43.39871]}},{"type":"Feature","properties":{"id":"mount-2001","category":"rocky_peak","icon":"rocky_peak_01","variant":1,"rank":756,"reveal_tier":2,"reveal_zoom":8.0,"icon_size_ref":0.0449852,"icon_width_m":1419,"sort_key":43.15354},"geometry":{"type":"Point","coordinates":[42.881109,43.15354]}},{"type":"Feature","properties":{"id":"mount-1180","category":"rocky_peak","icon":"rocky_peak_04","variant":4,"rank":757,"reveal_tier":2,"reveal_zoom":8.0,"icon_size_ref":0.0482722,"icon_width_m":1518,"sort_key":43.348174},"geometry":{"type":"Point","coordinates":[41.453186,43.348174]}},{"type":"Feature","properties":{"id":"mount-0220","category":"rounded_mountain","icon":"rounded_mountain_03","variant":3,"rank":758,"reveal_tier":2,"reveal_zoom":8.0,"icon_size_ref":0.0590346,"icon_width_m":1850,"sort_key":43.552164},"geometry":{"type":"Point","coordinates":[41.428982,43.552164]}},{"type":"Feature","properties":{"id":"mount-0799","category":"rounded_mountain","icon":"rounded_mountain_03","variant":3,"rank":759,"reveal_tier":2,"reveal_zoom":8.0,"icon_size_ref":0.0433846,"icon_width_m":1362,"sort_key":43.456883},"geometry":{"type":"Point","coordinates":[41.901909,43.456883]}},{"type":"Feature","properties":{"id":"hill-0747","category":"rounded_mountain","icon":"rounded_mountain_01","variant":1,"rank":760,"reveal_tier":2,"reveal_zoom":8.0,"icon_size_ref":0.0590352,"icon_width_m":1850,"sort_key":43.552856},"geometry":{"type":"Point","coordinates":[42.065953,43.552856]}},{"type":"Feature","properties":{"id":"mount-1874","category":"rocky_ridge","icon":"rocky_ridge_01","variant":1,"rank":761,"reveal_tier":2,"reveal_zoom":8.0,"icon_size_ref":0.0605329,"icon_width_m":1895,"sort_key":43.621639},"geometry":{"type":"Point","coordinates":[41.08935,43.621639]}},{"type":"Feature","properties":{"id":"rock-0631","category":"rocky_ridge","icon":"rocky_ridge_02","variant":2,"rank":762,"reveal_tier":2,"reveal_zoom":8.0,"icon_size_ref":0.0526854,"icon_width_m":1667,"sort_key":42.959987},"geometry":{"type":"Point","coordinates":[43.287592,42.959987]}},{"type":"Feature","properties":{"id":"hill-0085","category":"plateau","icon":"plateau_04","variant":4,"rank":763,"reveal_tier":2,"reveal_zoom":8.0,"icon_size_ref":0.0553874,"icon_width_m":1721,"sort_key":44.069966},"geometry":{"type":"Point","coordinates":[41.127266,44.069966]}},{"type":"Feature","properties":{"id":"mount-0472","category":"rounded_mountain","icon":"rounded_mountain_02","variant":2,"rank":764,"reveal_tier":2,"reveal_zoom":8.0,"icon_size_ref":0.0533042,"icon_width_m":1671,"sort_key":43.543206},"geometry":{"type":"Point","coordinates":[41.123521,43.543206]}},{"type":"Feature","properties":{"id":"hill-0221","category":"plateau","icon":"plateau_03","variant":3,"rank":765,"reveal_tier":2,"reveal_zoom":8.0,"icon_size_ref":0.0500955,"icon_width_m":1562,"sort_key":43.851945},"geometry":{"type":"Point","coordinates":[41.242837,43.851945]}},{"type":"Feature","properties":{"id":"mount-1227","category":"rounded_mountain","icon":"rounded_mountain_02","variant":2,"rank":766,"reveal_tier":2,"reveal_zoom":8.0,"icon_size_ref":0.0592234,"icon_width_m":1850,"sort_key":43.743956},"geometry":{"type":"Point","coordinates":[42.303189,43.743956]}},{"type":"Feature","properties":{"id":"mount-1845","category":"rounded_hill","icon":"rounded_hill_04","variant":4,"rank":767,"reveal_tier":2,"reveal_zoom":8.0,"icon_size_ref":0.0543652,"icon_width_m":1700,"sort_key":43.681917},"geometry":{"type":"Point","coordinates":[41.076797,43.681917]}},{"type":"Feature","properties":{"id":"mount-1147","category":"rounded_hill","icon":"rounded_hill_03","variant":3,"rank":768,"reveal_tier":2,"reveal_zoom":8.0,"icon_size_ref":0.0544087,"icon_width_m":1700,"sort_key":43.729949},"geometry":{"type":"Point","coordinates":[42.576152,43.729949]}},{"type":"Feature","properties":{"id":"mount-1202","category":"rounded_mountain","icon":"rounded_mountain_01","variant":1,"rank":769,"reveal_tier":2,"reveal_zoom":8.0,"icon_size_ref":0.0586243,"icon_width_m":1850,"sort_key":43.12877},"geometry":{"type":"Point","coordinates":[43.490753,43.12877]}},{"type":"Feature","properties":{"id":"hill-0619","category":"plateau","icon":"plateau_03","variant":3,"rank":770,"reveal_tier":2,"reveal_zoom":8.0,"icon_size_ref":0.0504725,"icon_width_m":1572,"sort_key":43.92003},"geometry":{"type":"Point","coordinates":[41.329494,43.92003]}},{"type":"Feature","properties":{"id":"mount-0194","category":"ridge","icon":"ridge_04","variant":4,"rank":771,"reveal_tier":2,"reveal_zoom":8.0,"icon_size_ref":0.0570811,"icon_width_m":1788,"sort_key":43.573551},"geometry":{"type":"Point","coordinates":[41.967269,43.573551]}},{"type":"Feature","properties":{"id":"rock-0491","category":"steep_mountain","icon":"steep_mountain_02","variant":2,"rank":772,"reveal_tier":2,"reveal_zoom":8.0,"icon_size_ref":0.0466705,"icon_width_m":1468,"sort_key":43.319371},"geometry":{"type":"Point","coordinates":[42.940718,43.319371]}},{"type":"Feature","properties":{"id":"rock-0377","category":"rounded_mountain","icon":"rounded_mountain_02","variant":2,"rank":773,"reveal_tier":2,"reveal_zoom":8.0,"icon_size_ref":0.0575513,"icon_width_m":1808,"sort_key":43.413099},"geometry":{"type":"Point","coordinates":[42.36385,43.413099]}},{"type":"Feature","properties":{"id":"rock-0802","category":"rocky_ridge","icon":"rocky_ridge_02","variant":2,"rank":774,"reveal_tier":2,"reveal_zoom":8.0,"icon_size_ref":0.0648452,"icon_width_m":2050,"sort_key":43.018455},"geometry":{"type":"Point","coordinates":[43.398442,43.018455]}},{"type":"Feature","properties":{"id":"rock-0354","category":"rocky_ridge","icon":"rocky_ridge_04","variant":4,"rank":775,"reveal_tier":2,"reveal_zoom":8.0,"icon_size_ref":0.0651193,"icon_width_m":2050,"sort_key":43.276213},"geometry":{"type":"Point","coordinates":[42.086402,43.276213]}},{"type":"Feature","properties":{"id":"rock-0674","category":"rocky_peak","icon":"rocky_peak_04","variant":4,"rank":776,"reveal_tier":2,"reveal_zoom":8.0,"icon_size_ref":0.0529287,"icon_width_m":1675,"sort_key":42.962649},"geometry":{"type":"Point","coordinates":[43.217543,42.962649]}},{"type":"Feature","properties":{"id":"rock-0755","category":"ridge","icon":"ridge_01","variant":1,"rank":777,"reveal_tier":2,"reveal_zoom":8.0,"icon_size_ref":0.0665242,"icon_width_m":2094,"sort_key":43.271331},"geometry":{"type":"Point","coordinates":[42.540275,43.271331]}},{"type":"Feature","properties":{"id":"hill-0177","category":"plateau","icon":"plateau_03","variant":3,"rank":778,"reveal_tier":2,"reveal_zoom":8.0,"icon_size_ref":0.0595668,"icon_width_m":1857,"sort_key":43.866303},"geometry":{"type":"Point","coordinates":[41.120238,43.866303]}},{"type":"Feature","properties":{"id":"hill-0608","category":"plateau","icon":"plateau_04","variant":4,"rank":779,"reveal_tier":2,"reveal_zoom":8.0,"icon_size_ref":0.0568341,"icon_width_m":1769,"sort_key":43.97116},"geometry":{"type":"Point","coordinates":[41.285591,43.97116]}},{"type":"Feature","properties":{"id":"mount-1693","category":"steep_mountain","icon":"steep_mountain_03","variant":3,"rank":780,"reveal_tier":2,"reveal_zoom":8.0,"icon_size_ref":0.0516205,"icon_width_m":1612,"sort_key":43.755845},"geometry":{"type":"Point","coordinates":[40.809145,43.755845]}},{"type":"Feature","properties":{"id":"mount-1872","category":"ridge","icon":"ridge_02","variant":2,"rank":781,"reveal_tier":2,"reveal_zoom":8.0,"icon_size_ref":0.0505732,"icon_width_m":1585,"sort_key":43.54648},"geometry":{"type":"Point","coordinates":[41.506627,43.54648]}},{"type":"Feature","properties":{"id":"mount-0438","category":"rounded_mountain","icon":"rounded_mountain_03","variant":3,"rank":782,"reveal_tier":2,"reveal_zoom":8.0,"icon_size_ref":0.0490904,"icon_width_m":1538,"sort_key":43.554388},"geometry":{"type":"Point","coordinates":[41.052647,43.554388]}},{"type":"Feature","properties":{"id":"mount-0380","category":"rounded_mountain","icon":"rounded_mountain_02","variant":2,"rank":783,"reveal_tier":2,"reveal_zoom":8.0,"icon_size_ref":0.0522887,"icon_width_m":1635,"sort_key":43.702731},"geometry":{"type":"Point","coordinates":[40.892841,43.702731]}},{"type":"Feature","properties":{"id":"hill-0396","category":"ridge","icon":"ridge_04","variant":4,"rank":784,"reveal_tier":2,"reveal_zoom":8.0,"icon_size_ref":0.0662734,"icon_width_m":2072,"sort_key":43.690024},"geometry":{"type":"Point","coordinates":[41.915148,43.690024]}},{"type":"Feature","properties":{"id":"rock-0545","category":"rocky_ridge","icon":"rocky_ridge_04","variant":4,"rank":785,"reveal_tier":2,"reveal_zoom":8.0,"icon_size_ref":0.0526662,"icon_width_m":1655,"sort_key":43.377261},"geometry":{"type":"Point","coordinates":[42.085834,43.377261]}},{"type":"Feature","properties":{"id":"mount-0135","category":"rocky_peak","icon":"rocky_peak_03","variant":3,"rank":786,"reveal_tier":2,"reveal_zoom":8.0,"icon_size_ref":0.057455,"icon_width_m":1800,"sort_key":43.568934},"geometry":{"type":"Point","coordinates":[40.76108,43.568934]}},{"type":"Feature","properties":{"id":"mount-0543","category":"steep_mountain","icon":"steep_mountain_04","variant":4,"rank":787,"reveal_tier":2,"reveal_zoom":8.0,"icon_size_ref":0.0572741,"icon_width_m":1800,"sort_key":43.378392},"geometry":{"type":"Point","coordinates":[41.288756,43.378392]}},{"type":"Feature","properties":{"id":"mount-1037","category":"rocky_peak","icon":"rocky_peak_03","variant":3,"rank":788,"reveal_tier":2,"reveal_zoom":8.0,"icon_size_ref":0.0470551,"icon_width_m":1482,"sort_key":43.255893},"geometry":{"type":"Point","coordinates":[42.262838,43.255893]}},{"type":"Feature","properties":{"id":"mount-1138","category":"rounded_hill","icon":"rounded_hill_01","variant":1,"rank":789,"reveal_tier":2,"reveal_zoom":8.0,"icon_size_ref":0.0544302,"icon_width_m":1700,"sort_key":43.753574},"geometry":{"type":"Point","coordinates":[42.461375,43.753574]}},{"type":"Feature","properties":{"id":"mount-1836","category":"rounded_hill","icon":"rounded_hill_02","variant":2,"rank":790,"reveal_tier":2,"reveal_zoom":8.0,"icon_size_ref":0.054211,"icon_width_m":1700,"sort_key":43.511024},"geometry":{"type":"Point","coordinates":[42.217197,43.511024]}},{"type":"Feature","properties":{"id":"mount-1158","category":"isolated_peak","icon":"isolated_peak_03","variant":3,"rank":791,"reveal_tier":2,"reveal_zoom":8.0,"icon_size_ref":0.0540377,"icon_width_m":1700,"sort_key":43.317099},"geometry":{"type":"Point","coordinates":[43.114568,43.317099]}},{"type":"Feature","properties":{"id":"rock-0779","category":"rocky_ridge","icon":"rocky_ridge_04","variant":4,"rank":792,"reveal_tier":2,"reveal_zoom":8.0,"icon_size_ref":0.0651319,"icon_width_m":2050,"sort_key":43.288054},"geometry":{"type":"Point","coordinates":[42.279768,43.288054]}},{"type":"Feature","properties":{"id":"mount-0685","category":"rocky_peak","icon":"rocky_peak_02","variant":2,"rank":793,"reveal_tier":2,"reveal_zoom":8.0,"icon_size_ref":0.0571751,"icon_width_m":1800,"sort_key":43.2733},"geometry":{"type":"Point","coordinates":[41.598648,43.2733]}},{"type":"Feature","properties":{"id":"mount-1237","category":"massif","icon":"massif_01","variant":1,"rank":794,"reveal_tier":2,"reveal_zoom":8.0,"icon_size_ref":0.0698235,"icon_width_m":2198,"sort_key":43.265347},"geometry":{"type":"Point","coordinates":[41.984349,43.265347]}},{"type":"Feature","properties":{"id":"mount-1736","category":"rounded_mountain","icon":"rounded_mountain_04","variant":4,"rank":795,"reveal_tier":2,"reveal_zoom":8.0,"icon_size_ref":0.0590516,"icon_width_m":1850,"sort_key":43.569563},"geometry":{"type":"Point","coordinates":[42.110145,43.569563]}},{"type":"Feature","properties":{"id":"rock-0876","category":"rocky_peak","icon":"rocky_peak_03","variant":3,"rank":796,"reveal_tier":2,"reveal_zoom":8.0,"icon_size_ref":0.0446367,"icon_width_m":1407,"sort_key":43.195009},"geometry":{"type":"Point","coordinates":[42.708857,43.195009]}},{"type":"Feature","properties":{"id":"mount-0457","category":"rocky_ridge","icon":"rocky_ridge_02","variant":2,"rank":797,"reveal_tier":2,"reveal_zoom":8.0,"icon_size_ref":0.0635819,"icon_width_m":1996,"sort_key":43.454204},"geometry":{"type":"Point","coordinates":[40.935992,43.454204]}},{"type":"Feature","properties":{"id":"hill-0320","category":"plateau","icon":"plateau_04","variant":4,"rank":798,"reveal_tier":2,"reveal_zoom":8.0,"icon_size_ref":0.051164,"icon_width_m":1596,"sort_key":43.817359},"geometry":{"type":"Point","coordinates":[41.443477,43.817359]}},{"type":"Feature","properties":{"id":"mount-1127","category":"rounded_hill","icon":"rounded_hill_02","variant":2,"rank":799,"reveal_tier":2,"reveal_zoom":8.0,"icon_size_ref":0.0542736,"icon_width_m":1700,"sort_key":43.58057},"geometry":{"type":"Point","coordinates":[42.509172,43.58057]}},{"type":"Feature","properties":{"id":"mount-0791","category":"steep_mountain","icon":"steep_mountain_03","variant":3,"rank":800,"reveal_tier":2,"reveal_zoom":8.0,"icon_size_ref":0.0572228,"icon_width_m":1800,"sort_key":43.323944},"geometry":{"type":"Point","coordinates":[41.870044,43.323944]}},{"type":"Feature","properties":{"id":"mount-1101","category":"plateau","icon":"plateau_03","variant":3,"rank":801,"reveal_tier":2,"reveal_zoom":8.0,"icon_size_ref":0.0669795,"icon_width_m":2100,"sort_key":43.522765},"geometry":{"type":"Point","coordinates":[42.479249,43.522765]}},{"type":"Feature","properties":{"id":"mount-0484","category":"rounded_mountain","icon":"rounded_mountain_04","variant":4,"rank":802,"reveal_tier":2,"reveal_zoom":8.0,"icon_size_ref":0.0588437,"icon_width_m":1850,"sort_key":43.356343},"geometry":{"type":"Point","coordinates":[41.166823,43.356343]}},{"type":"Feature","properties":{"id":"hill-0692","category":"plateau","icon":"plateau_02","variant":2,"rank":803,"reveal_tier":2,"reveal_zoom":8.0,"icon_size_ref":0.0513637,"icon_width_m":1597,"sort_key":44.030894},"geometry":{"type":"Point","coordinates":[41.012542,44.030894]}},{"type":"Feature","properties":{"id":"mount-1584","category":"steep_mountain","icon":"steep_mountain_01","variant":1,"rank":804,"reveal_tier":2,"reveal_zoom":8.0,"icon_size_ref":0.054842,"icon_width_m":1721,"sort_key":43.48025},"geometry":{"type":"Point","coordinates":[41.22595,43.48025]}},{"type":"Feature","properties":{"id":"rock-0101","category":"rounded_mountain","icon":"rounded_mountain_04","variant":4,"rank":805,"reveal_tier":2,"reveal_zoom":8.0,"icon_size_ref":0.0589184,"icon_width_m":1850,"sort_key":43.43318},"geometry":{"type":"Point","coordinates":[42.71803,43.43318]}},{"type":"Feature","properties":{"id":"mount-1802","category":"ridge","icon":"ridge_02","variant":2,"rank":806,"reveal_tier":2,"reveal_zoom":8.0,"icon_size_ref":0.0446274,"icon_width_m":1400,"sort_key":43.472208},"geometry":{"type":"Point","coordinates":[41.016566,43.472208]}},{"type":"Feature","properties":{"id":"mount-0378","category":"ridge","icon":"ridge_02","variant":2,"rank":807,"reveal_tier":2,"reveal_zoom":8.0,"icon_size_ref":0.0517576,"icon_width_m":1617,"sort_key":43.737112},"geometry":{"type":"Point","coordinates":[41.013283,43.737112]}},{"type":"Feature","properties":{"id":"hill-0365","category":"rounded_mountain","icon":"rounded_mountain_01","variant":1,"rank":808,"reveal_tier":2,"reveal_zoom":8.0,"icon_size_ref":0.0472204,"icon_width_m":1478,"sort_key":43.614811},"geometry":{"type":"Point","coordinates":[41.965295,43.614811]}},{"type":"Feature","properties":{"id":"rock-0613","category":"ridge","icon":"ridge_04","variant":4,"rank":809,"reveal_tier":2,"reveal_zoom":8.0,"icon_size_ref":0.0645942,"icon_width_m":2034,"sort_key":43.253158},"geometry":{"type":"Point","coordinates":[42.429854,43.253158]}},{"type":"Feature","properties":{"id":"mount-1970","category":"ridge","icon":"ridge_01","variant":1,"rank":810,"reveal_tier":2,"reveal_zoom":8.0,"icon_size_ref":0.0645316,"icon_width_m":2033,"sort_key":43.223989},"geometry":{"type":"Point","coordinates":[42.881473,43.223989]}},{"type":"Feature","properties":{"id":"mount-1784","category":"plateau","icon":"plateau_04","variant":4,"rank":811,"reveal_tier":2,"reveal_zoom":8.0,"icon_size_ref":0.0460666,"icon_width_m":1444,"sort_key":43.520757},"geometry":{"type":"Point","coordinates":[42.422612,43.520757]}},{"type":"Feature","properties":{"id":"mount-0556","category":"rocky_ridge","icon":"rocky_ridge_02","variant":2,"rank":812,"reveal_tier":2,"reveal_zoom":8.0,"icon_size_ref":0.0645429,"icon_width_m":2030,"sort_key":43.335604},"geometry":{"type":"Point","coordinates":[41.323099,43.335604]}},{"type":"Feature","properties":{"id":"mount-0778","category":"massif","icon":"massif_04","variant":4,"rank":813,"reveal_tier":2,"reveal_zoom":8.0,"icon_size_ref":0.046187,"icon_width_m":1449,"sort_key":43.479121},"geometry":{"type":"Point","coordinates":[41.847364,43.479121]}},{"type":"Feature","properties":{"id":"mount-0072","category":"steep_mountain","icon":"steep_mountain_01","variant":1,"rank":814,"reveal_tier":2,"reveal_zoom":8.0,"icon_size_ref":0.0575159,"icon_width_m":1800,"sort_key":43.632635},"geometry":{"type":"Point","coordinates":[41.299474,43.632635]}},{"type":"Feature","properties":{"id":"rock-0462","category":"rocky_peak","icon":"rocky_peak_04","variant":4,"rank":815,"reveal_tier":2,"reveal_zoom":8.0,"icon_size_ref":0.0566556,"icon_width_m":1787,"sort_key":43.165365},"geometry":{"type":"Point","coordinates":[42.476374,43.165365]}},{"type":"Feature","properties":{"id":"mount-0818","category":"rounded_mountain","icon":"rounded_mountain_01","variant":1,"rank":816,"reveal_tier":2,"reveal_zoom":8.0,"icon_size_ref":0.059026,"icon_width_m":1850,"sort_key":43.543431},"geometry":{"type":"Point","coordinates":[41.593015,43.543431]}},{"type":"Feature","properties":{"id":"mount-1439","category":"steep_mountain","icon":"steep_mountain_01","variant":1,"rank":817,"reveal_tier":2,"reveal_zoom":8.0,"icon_size_ref":0.0536206,"icon_width_m":1684,"sort_key":43.417463},"geometry":{"type":"Point","coordinates":[41.206509,43.417463]}},{"type":"Feature","properties":{"id":"mount-1254","category":"plateau","icon":"plateau_01","variant":1,"rank":818,"reveal_tier":2,"reveal_zoom":8.0,"icon_size_ref":0.0670818,"icon_width_m":2100,"sort_key":43.614617},"geometry":{"type":"Point","coordinates":[42.551529,43.614617]}},{"type":"Feature","properties":{"id":"mount-0468","category":"rocky_ridge","icon":"rocky_ridge_04","variant":4,"rank":819,"reveal_tier":2,"reveal_zoom":8.0,"icon_size_ref":0.0644143,"icon_width_m":2020,"sort_key":43.503048},"geometry":{"type":"Point","coordinates":[41.129175,43.503048]}},{"type":"Feature","properties":{"id":"hill-0763","category":"rounded_hill","icon":"rounded_hill_04","variant":4,"rank":820,"reveal_tier":2,"reveal_zoom":8.0,"icon_size_ref":0.0544212,"icon_width_m":1700,"sort_key":43.743639},"geometry":{"type":"Point","coordinates":[42.097088,43.743639]}},{"type":"Feature","properties":{"id":"mount-0294","category":"ridge","icon":"ridge_03","variant":3,"rank":821,"reveal_tier":2,"reveal_zoom":8.0,"icon_size_ref":0.0641384,"icon_width_m":2015,"sort_key":43.410231},"geometry":{"type":"Point","coordinates":[41.534264,43.410231]}},{"type":"Feature","properties":{"id":"mount-1512","category":"ridge","icon":"ridge_01","variant":1,"rank":822,"reveal_tier":2,"reveal_zoom":8.0,"icon_size_ref":0.0604212,"icon_width_m":1896,"sort_key":43.455746},"geometry":{"type":"Point","coordinates":[42.254663,43.455746]}},{"type":"Feature","properties":{"id":"mount-0883","category":"rocky_ridge","icon":"rocky_ridge_01","variant":1,"rank":823,"reveal_tier":2,"reveal_zoom":8.0,"icon_size_ref":0.0596191,"icon_width_m":1872,"sort_key":43.434255},"geometry":{"type":"Point","coordinates":[41.403726,43.434255]}},{"type":"Feature","properties":{"id":"rock-0575","category":"rocky_ridge","icon":"rocky_ridge_01","variant":1,"rank":824,"reveal_tier":2,"reveal_zoom":8.0,"icon_size_ref":0.0545725,"icon_width_m":1718,"sort_key":43.271003},"geometry":{"type":"Point","coordinates":[41.5267,43.271003]}},{"type":"Feature","properties":{"id":"mount-1730","category":"ridge","icon":"ridge_04","variant":4,"rank":825,"reveal_tier":2,"reveal_zoom":8.0,"icon_size_ref":0.0532101,"icon_width_m":1673,"sort_key":43.337001},"geometry":{"type":"Point","coordinates":[41.287994,43.337001]}},{"type":"Feature","properties":{"id":"rock-0134","category":"rocky_peak","icon":"rocky_peak_04","variant":4,"rank":826,"reveal_tier":2,"reveal_zoom":8.0,"icon_size_ref":0.0421014,"icon_width_m":1329,"sort_key":43.129068},"geometry":{"type":"Point","coordinates":[43.113184,43.129068]}},{"type":"Feature","properties":{"id":"rock-0204","category":"rocky_peak","icon":"rocky_peak_04","variant":4,"rank":827,"reveal_tier":2,"reveal_zoom":8.0,"icon_size_ref":0.053372,"icon_width_m":1681,"sort_key":43.235816},"geometry":{"type":"Point","coordinates":[41.784396,43.235816]}},{"type":"Feature","properties":{"id":"mount-0336","category":"rounded_hill","icon":"rounded_hill_03","variant":3,"rank":828,"reveal_tier":2,"reveal_zoom":8.0,"icon_size_ref":0.0544726,"icon_width_m":1700,"sort_key":43.800163},"geometry":{"type":"Point","coordinates":[41.021619,43.800163]}},{"type":"Feature","properties":{"id":"mount-1142","category":"plateau","icon":"plateau_02","variant":2,"rank":829,"reveal_tier":2,"reveal_zoom":8.0,"icon_size_ref":0.0671012,"icon_width_m":2100,"sort_key":43.632068},"geometry":{"type":"Point","coordinates":[42.705638,43.632068]}},{"type":"Feature","properties":{"id":"mount-0524","category":"ridge","icon":"ridge_03","variant":3,"rank":830,"reveal_tier":2,"reveal_zoom":8.0,"icon_size_ref":0.0534468,"icon_width_m":1678,"sort_key":43.432198},"geometry":{"type":"Point","coordinates":[40.997747,43.432198]}},{"type":"Feature","properties":{"id":"mount-1045","category":"rounded_mountain","icon":"rounded_mountain_04","variant":4,"rank":831,"reveal_tier":2,"reveal_zoom":8.0,"icon_size_ref":0.0475996,"icon_width_m":1493,"sort_key":43.494503},"geometry":{"type":"Point","coordinates":[42.291462,43.494503]}},{"type":"Feature","properties":{"id":"mount-1502","category":"ridge","icon":"ridge_02","variant":2,"rank":832,"reveal_tier":2,"reveal_zoom":8.0,"icon_size_ref":0.0639267,"icon_width_m":2004,"sort_key":43.545033},"geometry":{"type":"Point","coordinates":[42.277697,43.545033]}},{"type":"Feature","properties":{"id":"mount-0129","category":"steep_mountain","icon":"steep_mountain_04","variant":4,"rank":833,"reveal_tier":2,"reveal_zoom":8.0,"icon_size_ref":0.0473199,"icon_width_m":1486,"sort_key":43.431801},"geometry":{"type":"Point","coordinates":[41.55805,43.431801]}},{"type":"Feature","properties":{"id":"hill-0413","category":"rounded_mountain","icon":"rounded_mountain_02","variant":2,"rank":834,"reveal_tier":2,"reveal_zoom":8.0,"icon_size_ref":0.0493967,"icon_width_m":1544,"sort_key":43.692771},"geometry":{"type":"Point","coordinates":[41.983255,43.692771]}},{"type":"Feature","properties":{"id":"mount-1896","category":"rounded_mountain","icon":"rounded_mountain_04","variant":4,"rank":835,"reveal_tier":2,"reveal_zoom":8.0,"icon_size_ref":0.0590507,"icon_width_m":1850,"sort_key":43.568631},"geometry":{"type":"Point","coordinates":[41.487046,43.568631]}},{"type":"Feature","properties":{"id":"hill-0393","category":"rounded_mountain","icon":"rounded_mountain_01","variant":1,"rank":836,"reveal_tier":2,"reveal_zoom":8.0,"icon_size_ref":0.0592177,"icon_width_m":1850,"sort_key":43.738259},"geometry":{"type":"Point","coordinates":[41.865495,43.738259]}},{"type":"Feature","properties":{"id":"rock-0372","category":"rocky_ridge","icon":"rocky_ridge_03","variant":3,"rank":837,"reveal_tier":2,"reveal_zoom":8.0,"icon_size_ref":0.0635716,"icon_width_m":2001,"sort_key":43.290475},"geometry":{"type":"Point","coordinates":[42.118031,43.290475]}},{"type":"Feature","properties":{"id":"mount-1945","category":"rocky_peak","icon":"rocky_peak_01","variant":1,"rank":838,"reveal_tier":2,"reveal_zoom":8.0,"icon_size_ref":0.0570744,"icon_width_m":1800,"sort_key":43.165803},"geometry":{"type":"Point","coordinates":[41.884625,43.165803]}},{"type":"Feature","properties":{"id":"mount-0446","category":"ridge","icon":"ridge_03","variant":3,"rank":839,"reveal_tier":2,"reveal_zoom":8.0,"icon_size_ref":0.0636122,"icon_width_m":2000,"sort_key":43.353105},"geometry":{"type":"Point","coordinates":[43.069657,43.353105]}},{"type":"Feature","properties":{"id":"mount-0600","category":"rounded_mountain","icon":"rounded_mountain_01","variant":1,"rank":840,"reveal_tier":2,"reveal_zoom":8.0,"icon_size_ref":0.046637,"icon_width_m":1461,"sort_key":43.592739},"geometry":{"type":"Point","coordinates":[41.533288,43.592739]}},{"type":"Feature","properties":{"id":"mount-0632","category":"ridge","icon":"ridge_03","variant":3,"rank":841,"reveal_tier":2,"reveal_zoom":8.0,"icon_size_ref":0.0638693,"icon_width_m":1998,"sort_key":43.662563},"geometry":{"type":"Point","coordinates":[41.381614,43.662563]}},{"type":"Feature","properties":{"id":"mount-1375","category":"ridge","icon":"ridge_01","variant":1,"rank":842,"reveal_tier":2,"reveal_zoom":8.0,"icon_size_ref":0.0609139,"icon_width_m":1920,"sort_key":43.20089},"geometry":{"type":"Point","coordinates":[43.14905,43.20089]}},{"type":"Feature","properties":{"id":"mount-0273","category":"rocky_ridge","icon":"rocky_ridge_02","variant":2,"rank":843,"reveal_tier":2,"reveal_zoom":8.0,"icon_size_ref":0.0503239,"icon_width_m":1573,"sort_key":43.714682},"geometry":{"type":"Point","coordinates":[40.801066,43.714682]}},{"type":"Feature","properties":{"id":"mount-2019","category":"rocky_peak","icon":"rocky_peak_02","variant":2,"rank":844,"reveal_tier":2,"reveal_zoom":8.0,"icon_size_ref":0.0569466,"icon_width_m":1800,"sort_key":43.028463},"geometry":{"type":"Point","coordinates":[43.227296,43.028463]}},{"type":"Feature","properties":{"id":"mount-1928","category":"rocky_peak","icon":"rocky_peak_02","variant":2,"rank":845,"reveal_tier":2,"reveal_zoom":8.0,"icon_size_ref":0.0572237,"icon_width_m":1800,"sort_key":43.324936},"geometry":{"type":"Point","coordinates":[41.468453,43.324936]}},{"type":"Feature","properties":{"id":"mount-1369","category":"rounded_hill","icon":"rounded_hill_01","variant":1,"rank":846,"reveal_tier":2,"reveal_zoom":8.0,"icon_size_ref":0.0542238,"icon_width_m":1700,"sort_key":43.525293},"geometry":{"type":"Point","coordinates":[42.981906,43.525293]}},{"type":"Feature","properties":{"id":"mount-1270","category":"steep_mountain","icon":"steep_mountain_02","variant":2,"rank":847,"reveal_tier":2,"reveal_zoom":8.0,"icon_size_ref":0.0568911,"icon_width_m":1800,"sort_key":42.9686},"geometry":{"type":"Point","coordinates":[43.103163,42.9686]}},{"type":"Feature","properties":{"id":"mount-1493","category":"rounded_hill","icon":"rounded_hill_01","variant":1,"rank":848,"reveal_tier":2,"reveal_zoom":8.0,"icon_size_ref":0.0544146,"icon_width_m":1700,"sort_key":43.736368},"geometry":{"type":"Point","coordinates":[41.120818,43.736368]}},{"type":"Feature","properties":{"id":"mount-0345","category":"steep_mountain","icon":"steep_mountain_04","variant":4,"rank":849,"reveal_tier":2,"reveal_zoom":8.0,"icon_size_ref":0.0577378,"icon_width_m":1800,"sort_key":43.863155},"geometry":{"type":"Point","coordinates":[40.802246,43.863155]}},{"type":"Feature","properties":{"id":"mount-1258","category":"rocky_peak","icon":"rocky_peak_04","variant":4,"rank":850,"reveal_tier":2,"reveal_zoom":8.0,"icon_size_ref":0.0573862,"icon_width_m":1800,"sort_key":43.496682},"geometry":{"type":"Point","coordinates":[42.955062,43.496682]}},{"type":"Feature","properties":{"id":"hill-0318","category":"plateau","icon":"plateau_03","variant":3,"rank":851,"reveal_tier":2,"reveal_zoom":8.0,"icon_size_ref":0.0672734,"icon_width_m":2100,"sort_key":43.785673},"geometry":{"type":"Point","coordinates":[41.387622,43.785673]}},{"type":"Feature","properties":{"id":"mount-1851","category":"rounded_mountain","icon":"rounded_mountain_03","variant":3,"rank":852,"reveal_tier":2,"reveal_zoom":8.0,"icon_size_ref":0.0590884,"icon_width_m":1850,"sort_key":43.60702},"geometry":{"type":"Point","coordinates":[41.426278,43.60702]}},{"type":"Feature","properties":{"id":"mount-0193","category":"isolated_peak","icon":"isolated_peak_03","variant":3,"rank":853,"reveal_tier":2,"reveal_zoom":8.0,"icon_size_ref":0.0542167,"icon_width_m":1700,"sort_key":43.517381},"geometry":{"type":"Point","coordinates":[41.708575,43.517381]}},{"type":"Feature","properties":{"id":"mount-1889","category":"rounded_mountain","icon":"rounded_mountain_04","variant":4,"rank":854,"reveal_tier":2,"reveal_zoom":8.0,"icon_size_ref":0.0587791,"icon_width_m":1850,"sort_key":43.289592},"geometry":{"type":"Point","coordinates":[43.283397,43.289592]}},{"type":"Feature","properties":{"id":"rock-0039","category":"ridge","icon":"ridge_04","variant":4,"rank":855,"reveal_tier":2,"reveal_zoom":8.0,"icon_size_ref":0.0584321,"icon_width_m":1834,"sort_key":43.46073},"geometry":{"type":"Point","coordinates":[42.392271,43.46073]}},{"type":"Feature","properties":{"id":"mount-1668","category":"rocky_peak","icon":"rocky_peak_03","variant":3,"rank":856,"reveal_tier":2,"reveal_zoom":8.0,"icon_size_ref":0.0476281,"icon_width_m":1499,"sort_key":43.282173},"geometry":{"type":"Point","coordinates":[41.844682,43.282173]}},{"type":"Feature","properties":{"id":"mount-1053","category":"rounded_mountain","icon":"rounded_mountain_02","variant":2,"rank":857,"reveal_tier":2,"reveal_zoom":8.0,"icon_size_ref":0.0587575,"icon_width_m":1844,"sort_key":43.478047},"geometry":{"type":"Point","coordinates":[42.3269,43.478047]}},{"type":"Feature","properties":{"id":"mount-1437","category":"rounded_mountain","icon":"rounded_mountain_03","variant":3,"rank":858,"reveal_tier":2,"reveal_zoom":8.0,"icon_size_ref":0.0578248,"icon_width_m":1813,"sort_key":43.520579},"geometry":{"type":"Point","coordinates":[42.169819,43.520579]}},{"type":"Feature","properties":{"id":"mount-1225","category":"rounded_hill","icon":"rounded_hill_04","variant":4,"rank":859,"reveal_tier":2,"reveal_zoom":8.0,"icon_size_ref":0.0540904,"icon_width_m":1700,"sort_key":43.376325},"geometry":{"type":"Point","coordinates":[43.09634,43.376325]}},{"type":"Feature","properties":{"id":"mount-0961","category":"rocky_peak","icon":"rocky_peak_04","variant":4,"rank":860,"reveal_tier":2,"reveal_zoom":8.0,"icon_size_ref":0.0548109,"icon_width_m":1728,"sort_key":43.172236},"geometry":{"type":"Point","coordinates":[41.979382,43.172236]}},{"type":"Feature","properties":{"id":"rock-0517","category":"rounded_mountain","icon":"rounded_mountain_01","variant":1,"rank":861,"reveal_tier":2,"reveal_zoom":8.0,"icon_size_ref":0.0525738,"icon_width_m":1653,"sort_key":43.334871},"geometry":{"type":"Point","coordinates":[41.933506,43.334871]}},{"type":"Feature","properties":{"id":"mount-1592","category":"steep_mountain","icon":"steep_mountain_01","variant":1,"rank":862,"reveal_tier":2,"reveal_zoom":8.0,"icon_size_ref":0.0572616,"icon_width_m":1800,"sort_key":43.365087},"geometry":{"type":"Point","coordinates":[41.70526,43.365087]}},{"type":"Feature","properties":{"id":"mount-1602","category":"rocky_ridge","icon":"rocky_ridge_02","variant":2,"rank":863,"reveal_tier":2,"reveal_zoom":8.0,"icon_size_ref":0.0619083,"icon_width_m":1952,"sort_key":43.189431},"geometry":{"type":"Point","coordinates":[41.71865,43.189431]}},{"type":"Feature","properties":{"id":"rock-0042","category":"rocky_ridge","icon":"rocky_ridge_02","variant":2,"rank":864,"reveal_tier":2,"reveal_zoom":8.0,"icon_size_ref":0.0621253,"icon_width_m":1951,"sort_key":43.410971},"geometry":{"type":"Point","coordinates":[41.633956,43.410971]}},{"type":"Feature","properties":{"id":"mount-0314","category":"ridge","icon":"ridge_02","variant":2,"rank":865,"reveal_tier":2,"reveal_zoom":8.0,"icon_size_ref":0.0621879,"icon_width_m":1951,"sort_key":43.476451},"geometry":{"type":"Point","coordinates":[40.897486,43.476451]}},{"type":"Feature","properties":{"id":"hill-0083","category":"plateau","icon":"plateau_01","variant":1,"rank":866,"reveal_tier":2,"reveal_zoom":8.0,"icon_size_ref":0.0674942,"icon_width_m":2100,"sort_key":43.980849},"geometry":{"type":"Point","coordinates":[41.364588,43.980849]}},{"type":"Feature","properties":{"id":"mount-0671","category":"ridge","icon":"ridge_04","variant":4,"rank":867,"reveal_tier":2,"reveal_zoom":8.0,"icon_size_ref":0.0489578,"icon_width_m":1535,"sort_key":43.511359},"geometry":{"type":"Point","coordinates":[41.61678,43.511359]}},{"type":"Feature","properties":{"id":"mount-0301","category":"rocky_ridge","icon":"rocky_ridge_04","variant":4,"rank":868,"reveal_tier":2,"reveal_zoom":8.0,"icon_size_ref":0.0617957,"icon_width_m":1944,"sort_key":43.328292},"geometry":{"type":"Point","coordinates":[41.737297,43.328292]}},{"type":"Feature","properties":{"id":"rock-0297","category":"rounded_mountain","icon":"rounded_mountain_02","variant":2,"rank":869,"reveal_tier":2,"reveal_zoom":8.0,"icon_size_ref":0.0539531,"icon_width_m":1697,"sort_key":43.312587},"geometry":{"type":"Point","coordinates":[42.990607,43.312587]}},{"type":"Feature","properties":{"id":"mount-0107","category":"ridge","icon":"ridge_04","variant":4,"rank":870,"reveal_tier":2,"reveal_zoom":8.0,"icon_size_ref":0.0616465,"icon_width_m":1942,"sort_key":43.244781},"geometry":{"type":"Point","coordinates":[43.229849,43.244781]}},{"type":"Feature","properties":{"id":"mount-1524","category":"rounded_hill","icon":"rounded_hill_02","variant":2,"rank":871,"reveal_tier":2,"reveal_zoom":8.0,"icon_size_ref":0.0540553,"icon_width_m":1700,"sort_key":43.336876},"geometry":{"type":"Point","coordinates":[43.382446,43.336876]}},{"type":"Feature","properties":{"id":"rock-0625","category":"steep_mountain","icon":"steep_mountain_01","variant":1,"rank":872,"reveal_tier":2,"reveal_zoom":8.0,"icon_size_ref":0.0511616,"icon_width_m":1620,"sort_key":42.92239},"geometry":{"type":"Point","coordinates":[43.251908,42.92239]}},{"type":"Feature","properties":{"id":"mount-1465","category":"plateau","icon":"plateau_02","variant":2,"rank":873,"reveal_tier":2,"reveal_zoom":8.0,"icon_size_ref":0.0528509,"icon_width_m":1651,"sort_key":43.733368},"geometry":{"type":"Point","coordinates":[41.240723,43.733368]}},{"type":"Feature","properties":{"id":"rock-0870","category":"rocky_ridge","icon":"rocky_ridge_01","variant":1,"rank":874,"reveal_tier":2,"reveal_zoom":8.0,"icon_size_ref":0.0613243,"icon_width_m":1933,"sort_key":43.194492},"geometry":{"type":"Point","coordinates":[42.62455,43.194492]}},{"type":"Feature","properties":{"id":"mount-0819","category":"plateau","icon":"plateau_04","variant":4,"rank":875,"reveal_tier":2,"reveal_zoom":8.0,"icon_size_ref":0.0533993,"icon_width_m":1671,"sort_key":43.631921},"geometry":{"type":"Point","coordinates":[41.907864,43.631921]}},{"type":"Feature","properties":{"id":"mount-1867","category":"rounded_mountain","icon":"rounded_mountain_04","variant":4,"rank":876,"reveal_tier":2,"reveal_zoom":8.0,"icon_size_ref":0.0592757,"icon_width_m":1850,"sort_key":43.796833},"geometry":{"type":"Point","coordinates":[40.779598,43.796833]}},{"type":"Feature","properties":{"id":"mount-1126","category":"rounded_hill","icon":"rounded_hill_04","variant":4,"rank":877,"reveal_tier":2,"reveal_zoom":8.0,"icon_size_ref":0.0542365,"icon_width_m":1700,"sort_key":43.539457},"geometry":{"type":"Point","coordinates":[42.536123,43.539457]}},{"type":"Feature","properties":{"id":"rock-0139","category":"rocky_peak","icon":"rocky_peak_01","variant":1,"rank":878,"reveal_tier":2,"reveal_zoom":8.0,"icon_size_ref":0.057,"icon_width_m":1800,"sort_key":43.085925},"geometry":{"type":"Point","coordinates":[43.208864,43.085925]}},{"type":"Feature","properties":{"id":"mount-0919","category":"rounded_mountain","icon":"rounded_mountain_01","variant":1,"rank":879,"reveal_tier":2,"reveal_zoom":8.0,"icon_size_ref":0.0584663,"icon_width_m":1850,"sort_key":42.963199},"geometry":{"type":"Point","coordinates":[43.056085,42.963199]}},{"type":"Feature","properties":{"id":"mount-0670","category":"rocky_peak","icon":"rocky_peak_01","variant":1,"rank":880,"reveal_tier":2,"reveal_zoom":8.0,"icon_size_ref":0.0569014,"icon_width_m":1785,"sort_key":43.505227},"geometry":{"type":"Point","coordinates":[41.841366,43.505227]}},{"type":"Feature","properties":{"id":"hill-0182","category":"plateau","icon":"plateau_04","variant":4,"rank":881,"reveal_tier":2,"reveal_zoom":8.0,"icon_size_ref":0.0658025,"icon_width_m":2051,"sort_key":43.889411},"geometry":{"type":"Point","coordinates":[41.089296,43.889411]}},{"type":"Feature","properties":{"id":"rock-0396","category":"ridge","icon":"ridge_02","variant":2,"rank":882,"reveal_tier":2,"reveal_zoom":8.0,"icon_size_ref":0.0505909,"icon_width_m":1594,"sort_key":43.211987},"geometry":{"type":"Point","coordinates":[42.462941,43.211987]}},{"type":"Feature","properties":{"id":"hill-0766","category":"plateau","icon":"plateau_01","variant":1,"rank":883,"reveal_tier":2,"reveal_zoom":8.0,"icon_size_ref":0.067424,"icon_width_m":2100,"sort_key":43.918979},"geometry":{"type":"Point","coordinates":[42.709318,43.918979]}},{"type":"Feature","properties":{"id":"hill-0696","category":"rounded_hill","icon":"rounded_hill_02","variant":2,"rank":884,"reveal_tier":2,"reveal_zoom":8.0,"icon_size_ref":0.0533119,"icon_width_m":1660,"sort_key":43.921011},"geometry":{"type":"Point","coordinates":[41.193677,43.921011]}},{"type":"Feature","properties":{"id":"mount-0423","category":"ridge","icon":"ridge_01","variant":1,"rank":885,"reveal_tier":2,"reveal_zoom":8.0,"icon_size_ref":0.0609942,"icon_width_m":1913,"sort_key":43.5089},"geometry":{"type":"Point","coordinates":[40.795723,43.5089]}},{"type":"Feature","properties":{"id":"hill-0663","category":"plateau","icon":"plateau_04","variant":4,"rank":886,"reveal_tier":2,"reveal_zoom":8.0,"icon_size_ref":0.067304,"icon_width_m":2100,"sort_key":43.812814},"geometry":{"type":"Point","coordinates":[41.299013,43.812814]}},{"type":"Feature","properties":{"id":"hill-0593","category":"ridge","icon":"ridge_03","variant":3,"rank":887,"reveal_tier":2,"reveal_zoom":8.0,"icon_size_ref":0.0528027,"icon_width_m":1640,"sort_key":44.072618},"geometry":{"type":"Point","coordinates":[41.045984,44.072618]}},{"type":"Feature","properties":{"id":"hill-0756","category":"plateau","icon":"plateau_04","variant":4,"rank":888,"reveal_tier":2,"reveal_zoom":8.0,"icon_size_ref":0.0667861,"icon_width_m":2100,"sort_key":43.347761},"geometry":{"type":"Point","coordinates":[43.434609,43.347761]}},{"type":"Feature","properties":{"id":"mount-1687","category":"rounded_hill","icon":"rounded_hill_04","variant":4,"rank":889,"reveal_tier":2,"reveal_zoom":8.0,"icon_size_ref":0.0530688,"icon_width_m":1666,"sort_key":43.457677},"geometry":{"type":"Point","coordinates":[42.822819,43.457677]}},{"type":"Feature","properties":{"id":"mount-1349","category":"rounded_mountain","icon":"rounded_mountain_03","variant":3,"rank":890,"reveal_tier":2,"reveal_zoom":8.0,"icon_size_ref":0.0584356,"icon_width_m":1850,"sort_key":42.930851},"geometry":{"type":"Point","coordinates":[43.408602,42.930851]}},{"type":"Feature","properties":{"id":"mount-0283","category":"plateau","icon":"plateau_03","variant":3,"rank":891,"reveal_tier":2,"reveal_zoom":8.0,"icon_size_ref":0.0660945,"icon_width_m":2067,"sort_key":43.671868},"geometry":{"type":"Point","coordinates":[40.911498,43.671868]}},{"type":"Feature","properties":{"id":"hill-0056","category":"plateau","icon":"plateau_02","variant":2,"rank":892,"reveal_tier":2,"reveal_zoom":8.0,"icon_size_ref":0.0573837,"icon_width_m":1787,"sort_key":43.938551},"geometry":{"type":"Point","coordinates":[41.480556,43.938551]}},{"type":"Feature","properties":{"id":"hill-0378","category":"rounded_hill","icon":"rounded_hill_04","variant":4,"rank":893,"reveal_tier":2,"reveal_zoom":8.0,"icon_size_ref":0.0543136,"icon_width_m":1700,"sort_key":43.624932},"geometry":{"type":"Point","coordinates":[41.701387,43.624932]}},{"type":"Feature","properties":{"id":"mount-1806","category":"steep_mountain","icon":"steep_mountain_03","variant":3,"rank":894,"reveal_tier":2,"reveal_zoom":8.0,"icon_size_ref":0.0570954,"icon_width_m":1800,"sort_key":43.188242},"geometry":{"type":"Point","coordinates":[43.210849,43.188242]}},{"type":"Feature","properties":{"id":"mount-1152","category":"rocky_peak","icon":"rocky_peak_01","variant":1,"rank":895,"reveal_tier":2,"reveal_zoom":8.0,"icon_size_ref":0.0571237,"icon_width_m":1800,"sort_key":43.218453},"geometry":{"type":"Point","coordinates":[43.051118,43.218453]}},{"type":"Feature","properties":{"id":"mount-1178","category":"rounded_mountain","icon":"rounded_mountain_01","variant":1,"rank":896,"reveal_tier":2,"reveal_zoom":8.0,"icon_size_ref":0.0523293,"icon_width_m":1644,"sort_key":43.386836},"geometry":{"type":"Point","coordinates":[41.4029,43.386836]}},{"type":"Feature","properties":{"id":"rock-0474","category":"ridge","icon":"ridge_02","variant":2,"rank":897,"reveal_tier":2,"reveal_zoom":8.0,"icon_size_ref":0.0601528,"icon_width_m":1895,"sort_key":43.246445},"geometry":{"type":"Point","coordinates":[42.936695,43.246445]}},{"type":"Feature","properties":{"id":"hill-0053","category":"plateau","icon":"plateau_02","variant":2,"rank":898,"reveal_tier":2,"reveal_zoom":8.0,"icon_size_ref":0.0674231,"icon_width_m":2100,"sort_key":43.918221},"geometry":{"type":"Point","coordinates":[41.264981,43.918221]}},{"type":"Feature","properties":{"id":"mount-1918","category":"ridge","icon":"ridge_03","variant":3,"rank":899,"reveal_tier":2,"reveal_zoom":8.0,"icon_size_ref":0.0603843,"icon_width_m":1894,"sort_key":43.503282},"geometry":{"type":"Point","coordinates":[41.258833,43.503282]}},{"type":"Feature","properties":{"id":"mount-1895","category":"ridge","icon":"ridge_03","variant":3,"rank":900,"reveal_tier":2,"reveal_zoom":8.0,"icon_size_ref":0.0604046,"icon_width_m":1894,"sort_key":43.533725},"geometry":{"type":"Point","coordinates":[40.702897,43.533725]}},{"type":"Feature","properties":{"id":"hill-0352","category":"plateau","icon":"plateau_04","variant":4,"rank":901,"reveal_tier":2,"reveal_zoom":8.0,"icon_size_ref":0.0669808,"icon_width_m":2100,"sort_key":43.523869},"geometry":{"type":"Point","coordinates":[41.219823,43.523869]}},{"type":"Feature","properties":{"id":"mount-1992","category":"rocky_peak","icon":"rocky_peak_01","variant":1,"rank":902,"reveal_tier":2,"reveal_zoom":8.0,"icon_size_ref":0.0569274,"icon_width_m":1800,"sort_key":43.007801},"geometry":{"type":"Point","coordinates":[43.071696,43.007801]}},{"type":"Feature","properties":{"id":"mount-1239","category":"steep_mountain","icon":"steep_mountain_03","variant":3,"rank":903,"reveal_tier":2,"reveal_zoom":8.0,"icon_size_ref":0.0570257,"icon_width_m":1800,"sort_key":43.113555},"geometry":{"type":"Point","coordinates":[42.88128,43.113555]}},{"type":"Feature","properties":{"id":"rock-0835","category":"steep_mountain","icon":"steep_mountain_01","variant":1,"rank":904,"reveal_tier":2,"reveal_zoom":8.0,"icon_size_ref":0.0537051,"icon_width_m":1689,"sort_key":43.346333},"geometry":{"type":"Point","coordinates":[42.603199,43.346333]}},{"type":"Feature","properties":{"id":"mount-1387","category":"steep_mountain","icon":"steep_mountain_01","variant":1,"rank":905,"reveal_tier":2,"reveal_zoom":8.0,"icon_size_ref":0.0543267,"icon_width_m":1704,"sort_key":43.497896},"geometry":{"type":"Point","coordinates":[41.992975,43.497896]}},{"type":"Feature","properties":{"id":"mount-0920","category":"steep_mountain","icon":"steep_mountain_01","variant":1,"rank":906,"reveal_tier":2,"reveal_zoom":8.0,"icon_size_ref":0.0568591,"icon_width_m":1800,"sort_key":42.933969},"geometry":{"type":"Point","coordinates":[43.141336,42.933969]}},{"type":"Feature","properties":{"id":"mount-1747","category":"steep_mountain","icon":"steep_mountain_03","variant":3,"rank":907,"reveal_tier":2,"reveal_zoom":8.0,"icon_size_ref":0.0574132,"icon_width_m":1800,"sort_key":43.524997},"geometry":{"type":"Point","coordinates":[41.948118,43.524997]}},{"type":"Feature","properties":{"id":"mount-1554","category":"steep_mountain","icon":"steep_mountain_03","variant":3,"rank":908,"reveal_tier":2,"reveal_zoom":8.0,"icon_size_ref":0.0450622,"icon_width_m":1414,"sort_key":43.48127},"geometry":{"type":"Point","coordinates":[40.756702,43.48127]}},{"type":"Feature","properties":{"id":"hill-0275","category":"rounded_mountain","icon":"rounded_mountain_01","variant":1,"rank":909,"reveal_tier":2,"reveal_zoom":8.0,"icon_size_ref":0.0593025,"icon_width_m":1850,"sort_key":43.823815},"geometry":{"type":"Point","coordinates":[40.83409,43.823815]}},{"type":"Feature","properties":{"id":"rock-0086","category":"rocky_peak","icon":"rocky_peak_02","variant":2,"rank":910,"reveal_tier":2,"reveal_zoom":8.0,"icon_size_ref":0.0572882,"icon_width_m":1800,"sort_key":43.393261},"geometry":{"type":"Point","coordinates":[41.592017,43.393261]}},{"type":"Feature","properties":{"id":"rock-0197","category":"massif","icon":"massif_01","variant":1,"rank":911,"reveal_tier":2,"reveal_zoom":8.0,"icon_size_ref":0.0575073,"icon_width_m":1811,"sort_key":43.240201},"geometry":{"type":"Point","coordinates":[41.640801,43.240201]}},{"type":"Feature","properties":{"id":"rock-0565","category":"rocky_peak","icon":"rocky_peak_02","variant":2,"rank":912,"reveal_tier":2,"reveal_zoom":8.0,"icon_size_ref":0.0572659,"icon_width_m":1800,"sort_key":43.369665},"geometry":{"type":"Point","coordinates":[41.23125,43.369665]}},{"type":"Feature","properties":{"id":"rock-0437","category":"massif","icon":"massif_02","variant":2,"rank":913,"reveal_tier":2,"reveal_zoom":8.0,"icon_size_ref":0.051912,"icon_width_m":1632,"sort_key":43.370429},"geometry":{"type":"Point","coordinates":[42.815791,43.370429]}},{"type":"Feature","properties":{"id":"mount-0968","category":"steep_mountain","icon":"steep_mountain_01","variant":1,"rank":914,"reveal_tier":2,"reveal_zoom":8.0,"icon_size_ref":0.0508804,"icon_width_m":1598,"sort_key":43.416645},"geometry":{"type":"Point","coordinates":[41.836828,43.416645]}},{"type":"Feature","properties":{"id":"hill-0662","category":"plateau","icon":"plateau_01","variant":1,"rank":915,"reveal_tier":2,"reveal_zoom":8.0,"icon_size_ref":0.0559988,"icon_width_m":1743,"sort_key":43.946925},"geometry":{"type":"Point","coordinates":[41.402911,43.946925]}},{"type":"Feature","properties":{"id":"mount-1541","category":"ridge","icon":"ridge_01","variant":1,"rank":916,"reveal_tier":2,"reveal_zoom":8.0,"icon_size_ref":0.0596012,"icon_width_m":1866,"sort_key":43.602459},"geometry":{"type":"Point","coordinates":[40.830656,43.602459]}},{"type":"Feature","properties":{"id":"mount-1676","category":"rounded_mountain","icon":"rounded_mountain_04","variant":4,"rank":917,"reveal_tier":2,"reveal_zoom":8.0,"icon_size_ref":0.0591206,"icon_width_m":1850,"sort_key":43.639756},"geometry":{"type":"Point","coordinates":[42.188498,43.639756]}},{"type":"Feature","properties":{"id":"mount-0957","category":"plateau","icon":"plateau_03","variant":3,"rank":918,"reveal_tier":2,"reveal_zoom":8.0,"icon_size_ref":0.0643922,"icon_width_m":2021,"sort_key":43.469413},"geometry":{"type":"Point","coordinates":[42.562205,43.469413]}},{"type":"Feature","properties":{"id":"rock-0170","category":"rounded_mountain","icon":"rounded_mountain_04","variant":4,"rank":919,"reveal_tier":2,"reveal_zoom":8.0,"icon_size_ref":0.0587181,"icon_width_m":1850,"sort_key":43.22635},"geometry":{"type":"Point","coordinates":[42.569951,43.22635]}},{"type":"Feature","properties":{"id":"mount-1461","category":"steep_mountain","icon":"steep_mountain_02","variant":2,"rank":920,"reveal_tier":2,"reveal_zoom":8.0,"icon_size_ref":0.0570518,"icon_width_m":1789,"sort_key":43.509087},"geometry":{"type":"Point","coordinates":[41.320052,43.509087]}},{"type":"Feature","properties":{"id":"rock-0768","category":"ridge","icon":"ridge_02","variant":2,"rank":921,"reveal_tier":2,"reveal_zoom":8.0,"icon_size_ref":0.053056,"icon_width_m":1664,"sort_key":43.508472},"geometry":{"type":"Point","coordinates":[41.890204,43.508472]}},{"type":"Feature","properties":{"id":"mount-0846","category":"rounded_hill","icon":"rounded_hill_04","variant":4,"rank":922,"reveal_tier":2,"reveal_zoom":8.0,"icon_size_ref":0.0542564,"icon_width_m":1700,"sort_key":43.56151},"geometry":{"type":"Point","coordinates":[41.721536,43.56151]}},{"type":"Feature","properties":{"id":"hill-0185","category":"plateau","icon":"plateau_03","variant":3,"rank":923,"reveal_tier":2,"reveal_zoom":8.0,"icon_size_ref":0.0674009,"icon_width_m":2100,"sort_key":43.898596},"geometry":{"type":"Point","coordinates":[42.758939,43.898596]}},{"type":"Feature","properties":{"id":"mount-1944","category":"rocky_ridge","icon":"rocky_ridge_04","variant":4,"rank":924,"reveal_tier":2,"reveal_zoom":8.0,"icon_size_ref":0.0578951,"icon_width_m":1824,"sort_key":43.231564},"geometry":{"type":"Point","coordinates":[41.862438,43.231564]}},{"type":"Feature","properties":{"id":"hill-0032","category":"plateau","icon":"plateau_01","variant":1,"rank":925,"reveal_tier":2,"reveal_zoom":8.0,"icon_size_ref":0.067458,"icon_width_m":2100,"sort_key":43.949026},"geometry":{"type":"Point","coordinates":[41.253158,43.949026]}},{"type":"Feature","properties":{"id":"rock-0127","category":"rocky_peak","icon":"rocky_peak_04","variant":4,"rank":926,"reveal_tier":2,"reveal_zoom":8.0,"icon_size_ref":0.0571533,"icon_width_m":1800,"sort_key":43.250032},"geometry":{"type":"Point","coordinates":[42.825233,43.250032]}},{"type":"Feature","properties":{"id":"mount-0774","category":"steep_mountain","icon":"steep_mountain_04","variant":4,"rank":927,"reveal_tier":2,"reveal_zoom":8.0,"icon_size_ref":0.0572695,"icon_width_m":1800,"sort_key":43.373455},"geometry":{"type":"Point","coordinates":[41.927036,43.373455]}},{"type":"Feature","properties":{"id":"mount-1494","category":"ridge","icon":"ridge_02","variant":2,"rank":928,"reveal_tier":2,"reveal_zoom":8.0,"icon_size_ref":0.0590891,"icon_width_m":1849,"sort_key":43.628395},"geometry":{"type":"Point","coordinates":[41.060715,43.628395]}},{"type":"Feature","properties":{"id":"mount-1454","category":"ridge","icon":"ridge_02","variant":2,"rank":929,"reveal_tier":2,"reveal_zoom":8.0,"icon_size_ref":0.0588217,"icon_width_m":1846,"sort_key":43.467232},"geometry":{"type":"Point","coordinates":[42.030537,43.467232]}},{"type":"Feature","properties":{"id":"mount-1704","category":"rounded_hill","icon":"rounded_hill_02","variant":2,"rank":930,"reveal_tier":2,"reveal_zoom":8.0,"icon_size_ref":0.0542663,"icon_width_m":1700,"sort_key":43.572502},"geometry":{"type":"Point","coordinates":[42.398483,43.572502]}},{"type":"Feature","properties":{"id":"mount-0270","category":"isolated_peak","icon":"isolated_peak_01","variant":1,"rank":931,"reveal_tier":2,"reveal_zoom":8.0,"icon_size_ref":0.0495686,"icon_width_m":1556,"sort_key":43.46534},"geometry":{"type":"Point","coordinates":[42.191995,43.46534]}},{"type":"Feature","properties":{"id":"hill-0665","category":"plateau","icon":"plateau_04","variant":4,"rank":932,"reveal_tier":2,"reveal_zoom":8.0,"icon_size_ref":0.0500901,"icon_width_m":1564,"sort_key":43.762044},"geometry":{"type":"Point","coordinates":[41.306705,43.762044]}},{"type":"Feature","properties":{"id":"mount-0575","category":"rounded_hill","icon":"rounded_hill_03","variant":3,"rank":933,"reveal_tier":2,"reveal_zoom":8.0,"icon_size_ref":0.0543216,"icon_width_m":1700,"sort_key":43.633847},"geometry":{"type":"Point","coordinates":[41.337529,43.633847]}},{"type":"Feature","properties":{"id":"hill-0293","category":"rounded_mountain","icon":"rounded_mountain_01","variant":1,"rank":934,"reveal_tier":2,"reveal_zoom":8.0,"icon_size_ref":0.0592428,"icon_width_m":1850,"sort_key":43.763625},"geometry":{"type":"Point","coordinates":[41.178346,43.763625]}},{"type":"Feature","properties":{"id":"mount-1620","category":"rocky_ridge","icon":"rocky_ridge_01","variant":1,"rank":935,"reveal_tier":2,"reveal_zoom":8.0,"icon_size_ref":0.0583893,"icon_width_m":1840,"sort_key":43.210517},"geometry":{"type":"Point","coordinates":[41.898851,43.210517]}},{"type":"Feature","properties":{"id":"hill-0288","category":"plateau","icon":"plateau_03","variant":3,"rank":936,"reveal_tier":2,"reveal_zoom":8.0,"icon_size_ref":0.0567421,"icon_width_m":1771,"sort_key":43.78692},"geometry":{"type":"Point","coordinates":[41.267631,43.78692]}},{"type":"Feature","properties":{"id":"hill-0678","category":"rounded_hill","icon":"rounded_hill_02","variant":2,"rank":937,"reveal_tier":2,"reveal_zoom":8.0,"icon_size_ref":0.0497237,"icon_width_m":1548,"sort_key":43.944407},"geometry":{"type":"Point","coordinates":[40.90681,43.944407]}},{"type":"Feature","properties":{"id":"mount-1569","category":"steep_mountain","icon":"steep_mountain_03","variant":3,"rank":938,"reveal_tier":2,"reveal_zoom":8.0,"icon_size_ref":0.0573674,"icon_width_m":1800,"sort_key":43.476817},"geometry":{"type":"Point","coordinates":[40.941861,43.476817]}},{"type":"Feature","properties":{"id":"hill-0601","category":"rounded_hill","icon":"rounded_hill_02","variant":2,"rank":939,"reveal_tier":2,"reveal_zoom":8.0,"icon_size_ref":0.0470653,"icon_width_m":1468,"sort_key":43.840068},"geometry":{"type":"Point","coordinates":[41.067506,43.840068]}},{"type":"Feature","properties":{"id":"mount-1087","category":"isolated_peak","icon":"isolated_peak_02","variant":2,"rank":940,"reveal_tier":2,"reveal_zoom":8.0,"icon_size_ref":0.0540564,"icon_width_m":1700,"sort_key":43.33814},"geometry":{"type":"Point","coordinates":[42.801147,43.33814]}},{"type":"Feature","properties":{"id":"rock-0362","category":"rounded_mountain","icon":"rounded_mountain_03","variant":3,"rank":941,"reveal_tier":2,"reveal_zoom":8.0,"icon_size_ref":0.0446347,"icon_width_m":1404,"sort_key":43.332834},"geometry":{"type":"Point","coordinates":[42.061383,43.332834]}},{"type":"Feature","properties":{"id":"hill-0175","category":"plateau","icon":"plateau_04","variant":4,"rank":942,"reveal_tier":2,"reveal_zoom":8.0,"icon_size_ref":0.0601605,"icon_width_m":1873,"sort_key":43.949621},"geometry":{"type":"Point","coordinates":[41.129969,43.949621]}},{"type":"Feature","properties":{"id":"rock-0376","category":"rounded_mountain","icon":"rounded_mountain_04","variant":4,"rank":943,"reveal_tier":2,"reveal_zoom":8.0,"icon_size_ref":0.0585856,"icon_width_m":1841,"sort_key":43.39029},"geometry":{"type":"Point","coordinates":[42.372079,43.39029]}},{"type":"Feature","properties":{"id":"rock-0393","category":"steep_mountain","icon":"steep_mountain_03","variant":3,"rank":944,"reveal_tier":2,"reveal_zoom":8.0,"icon_size_ref":0.0572432,"icon_width_m":1800,"sort_key":43.345553},"geometry":{"type":"Point","coordinates":[42.335773,43.345553]}},{"type":"Feature","properties":{"id":"mount-1117","category":"rounded_mountain","icon":"rounded_mountain_04","variant":4,"rank":945,"reveal_tier":2,"reveal_zoom":8.0,"icon_size_ref":0.0588979,"icon_width_m":1850,"sort_key":43.412171},"geometry":{"type":"Point","coordinates":[42.833848,43.412171]}},{"type":"Feature","properties":{"id":"mount-0875","category":"rocky_peak","icon":"rocky_peak_02","variant":2,"rank":946,"reveal_tier":2,"reveal_zoom":8.0,"icon_size_ref":0.0529599,"icon_width_m":1669,"sort_key":43.216241},"geometry":{"type":"Point","coordinates":[42.962798,43.216241]}},{"type":"Feature","properties":{"id":"mount-1430","category":"rounded_mountain","icon":"rounded_mountain_04","variant":4,"rank":947,"reveal_tier":2,"reveal_zoom":8.0,"icon_size_ref":0.0589288,"icon_width_m":1850,"sort_key":43.443852},"geometry":{"type":"Point","coordinates":[42.178745,43.443852]}},{"type":"Feature","properties":{"id":"hill-0124","category":"rounded_hill","icon":"rounded_hill_01","variant":1,"rank":948,"reveal_tier":2,"reveal_zoom":8.0,"icon_size_ref":0.0530565,"icon_width_m":1652,"sort_key":43.938435},"geometry":{"type":"Point","coordinates":[40.843681,43.938435]}},{"type":"Feature","properties":{"id":"hill-0303","category":"rounded_mountain","icon":"rounded_mountain_02","variant":2,"rank":949,"reveal_tier":2,"reveal_zoom":8.0,"icon_size_ref":0.0592522,"icon_width_m":1850,"sort_key":43.773093},"geometry":{"type":"Point","coordinates":[40.922806,43.773093]}},{"type":"Feature","properties":{"id":"rock-0017","category":"steep_mountain","icon":"steep_mountain_04","variant":4,"rank":950,"reveal_tier":2,"reveal_zoom":8.0,"icon_size_ref":0.0463825,"icon_width_m":1454,"sort_key":43.524982},"geometry":{"type":"Point","coordinates":[41.676421,43.524982]}},{"type":"Feature","properties":{"id":"mount-0604","category":"plateau","icon":"plateau_04","variant":4,"rank":951,"reveal_tier":2,"reveal_zoom":8.0,"icon_size_ref":0.0493694,"icon_width_m":1548,"sort_key":43.528124},"geometry":{"type":"Point","coordinates":[41.449839,43.528124]}},{"type":"Feature","properties":{"id":"mount-0584","category":"rounded_mountain","icon":"rounded_mountain_03","variant":3,"rank":952,"reveal_tier":2,"reveal_zoom":8.0,"icon_size_ref":0.0572419,"icon_width_m":1792,"sort_key":43.625265},"geometry":{"type":"Point","coordinates":[41.239103,43.625265]}},{"type":"Feature","properties":{"id":"hill-0431","category":"rounded_mountain","icon":"rounded_mountain_04","variant":4,"rank":953,"reveal_tier":2,"reveal_zoom":8.0,"icon_size_ref":0.0551565,"icon_width_m":1727,"sort_key":43.587424},"geometry":{"type":"Point","coordinates":[41.903261,43.587424]}},{"type":"Feature","properties":{"id":"mount-0615","category":"rounded_hill","icon":"rounded_hill_03","variant":3,"rank":954,"reveal_tier":2,"reveal_zoom":8.0,"icon_size_ref":0.0517427,"icon_width_m":1619,"sort_key":43.661593},"geometry":{"type":"Point","coordinates":[41.228364,43.661593]}},{"type":"Feature","properties":{"id":"mount-1961","category":"rocky_ridge","icon":"rocky_ridge_04","variant":4,"rank":955,"reveal_tier":2,"reveal_zoom":8.0,"icon_size_ref":0.0430298,"icon_width_m":1354,"sort_key":43.285078},"geometry":{"type":"Point","coordinates":[42.935461,43.285078]}},{"type":"Feature","properties":{"id":"rock-0124","category":"rounded_mountain","icon":"rounded_mountain_03","variant":3,"rank":956,"reveal_tier":2,"reveal_zoom":8.0,"icon_size_ref":0.0588211,"icon_width_m":1850,"sort_key":43.33306},"geometry":{"type":"Point","coordinates":[41.8373,43.33306]}},{"type":"Feature","properties":{"id":"mount-1840","category":"rounded_mountain","icon":"rounded_mountain_01","variant":1,"rank":957,"reveal_tier":2,"reveal_zoom":8.0,"icon_size_ref":0.0589329,"icon_width_m":1850,"sort_key":43.448121},"geometry":{"type":"Point","coordinates":[42.57524,43.448121]}},{"type":"Feature","properties":{"id":"rock-0206","category":"rocky_ridge","icon":"rocky_ridge_01","variant":1,"rank":958,"reveal_tier":2,"reveal_zoom":8.0,"icon_size_ref":0.0492623,"icon_width_m":1545,"sort_key":43.490261},"geometry":{"type":"Point","coordinates":[41.934482,43.490261]}},{"type":"Feature","properties":{"id":"mount-1070","category":"rounded_hill","icon":"rounded_hill_04","variant":4,"rank":959,"reveal_tier":2,"reveal_zoom":8.0,"icon_size_ref":0.0454487,"icon_width_m":1424,"sort_key":43.554535},"geometry":{"type":"Point","coordinates":[42.307706,43.554535]}},{"type":"Feature","properties":{"id":"hill-0539","category":"rocky_peak","icon":"rocky_peak_03","variant":3,"rank":960,"reveal_tier":2,"reveal_zoom":8.0,"icon_size_ref":0.0576642,"icon_width_m":1800,"sort_key":43.786997},"geometry":{"type":"Point","coordinates":[40.865428,43.786997]}},{"type":"Feature","properties":{"id":"mount-1362","category":"steep_mountain","icon":"steep_mountain_02","variant":2,"rank":961,"reveal_tier":2,"reveal_zoom":8.0,"icon_size_ref":0.0568998,"icon_width_m":1800,"sort_key":42.978036},"geometry":{"type":"Point","coordinates":[43.253099,42.978036]}},{"type":"Feature","properties":{"id":"hill-0777","category":"plateau","icon":"plateau_04","variant":4,"rank":962,"reveal_tier":2,"reveal_zoom":8.0,"icon_size_ref":0.0660694,"icon_width_m":2058,"sort_key":43.927155},"geometry":{"type":"Point","coordinates":[41.360682,43.927155]}},{"type":"Feature","properties":{"id":"hill-0742","category":"plateau","icon":"plateau_03","variant":3,"rank":963,"reveal_tier":2,"reveal_zoom":8.0,"icon_size_ref":0.066197,"icon_width_m":2057,"sort_key":44.062627},"geometry":{"type":"Point","coordinates":[41.230026,44.062627]}},{"type":"Feature","properties":{"id":"mount-1097","category":"plateau","icon":"plateau_01","variant":1,"rank":964,"reveal_tier":2,"reveal_zoom":8.0,"icon_size_ref":0.0494865,"icon_width_m":1552,"sort_key":43.489304},"geometry":{"type":"Point","coordinates":[42.502123,43.489304]}},{"type":"Feature","properties":{"id":"hill-0109","category":"plateau","icon":"plateau_03","variant":3,"rank":965,"reveal_tier":2,"reveal_zoom":8.0,"icon_size_ref":0.0660512,"icon_width_m":2055,"sort_key":43.993386},"geometry":{"type":"Point","coordinates":[41.160654,43.993386]}},{"type":"Feature","properties":{"id":"rock-0846","category":"rocky_ridge","icon":"rocky_ridge_03","variant":3,"rank":966,"reveal_tier":2,"reveal_zoom":8.0,"icon_size_ref":0.0570809,"icon_width_m":1797,"sort_key":43.274721},"geometry":{"type":"Point","coordinates":[42.415981,43.274721]}},{"type":"Feature","properties":{"id":"mount-0858","category":"steep_mountain","icon":"steep_mountain_01","variant":1,"rank":967,"reveal_tier":2,"reveal_zoom":8.0,"icon_size_ref":0.0543359,"icon_width_m":1710,"sort_key":43.278502},"geometry":{"type":"Point","coordinates":[42.183326,43.278502]}},{"type":"Feature","properties":{"id":"mount-0093","category":"rocky_ridge","icon":"rocky_ridge_02","variant":2,"rank":968,"reveal_tier":2,"reveal_zoom":8.0,"icon_size_ref":0.0566414,"icon_width_m":1790,"sort_key":43.051689},"geometry":{"type":"Point","coordinates":[43.63497,43.051689]}},{"type":"Feature","properties":{"id":"mount-0520","category":"rounded_mountain","icon":"rounded_mountain_02","variant":2,"rank":969,"reveal_tier":2,"reveal_zoom":8.0,"icon_size_ref":0.0588956,"icon_width_m":1850,"sort_key":43.409825},"geometry":{"type":"Point","coordinates":[41.005611,43.409825]}},{"type":"Feature","properties":{"id":"mount-0206","category":"ridge","icon":"ridge_02","variant":2,"rank":970,"reveal_tier":2,"reveal_zoom":8.0,"icon_size_ref":0.0569674,"icon_width_m":1787,"sort_key":43.489436},"geometry":{"type":"Point","coordinates":[41.460021,43.489436]}},{"type":"Feature","properties":{"id":"mount-1880","category":"steep_mountain","icon":"steep_mountain_02","variant":2,"rank":971,"reveal_tier":2,"reveal_zoom":8.0,"icon_size_ref":0.0574508,"icon_width_m":1800,"sort_key":43.564534},"geometry":{"type":"Point","coordinates":[40.840452,43.564534]}},{"type":"Feature","properties":{"id":"mount-1027","category":"ridge","icon":"ridge_04","variant":4,"rank":972,"reveal_tier":2,"reveal_zoom":8.0,"icon_size_ref":0.0525083,"icon_width_m":1651,"sort_key":43.33853},"geometry":{"type":"Point","coordinates":[42.742964,43.33853]}},{"type":"Feature","properties":{"id":"rock-0634","category":"rocky_ridge","icon":"rocky_ridge_03","variant":3,"rank":973,"reveal_tier":2,"reveal_zoom":8.0,"icon_size_ref":0.0563223,"icon_width_m":1780,"sort_key":43.051823},"geometry":{"type":"Point","coordinates":[43.306367,43.051823]}},{"type":"Feature","properties":{"id":"hill-0602","category":"rounded_hill","icon":"rounded_hill_02","variant":2,"rank":974,"reveal_tier":2,"reveal_zoom":8.0,"icon_size_ref":0.0544837,"icon_width_m":1700,"sort_key":43.81235},"geometry":{"type":"Point","coordinates":[41.151341,43.81235]}},{"type":"Feature","properties":{"id":"rock-0013","category":"rocky_peak","icon":"rocky_peak_04","variant":4,"rank":975,"reveal_tier":2,"reveal_zoom":8.0,"icon_size_ref":0.0572855,"icon_width_m":1800,"sort_key":43.390361},"geometry":{"type":"Point","coordinates":[41.247901,43.390361]}},{"type":"Feature","properties":{"id":"hill-0108","category":"plateau","icon":"plateau_01","variant":1,"rank":976,"reveal_tier":2,"reveal_zoom":8.0,"icon_size_ref":0.0652912,"icon_width_m":2030,"sort_key":44.019924},"geometry":{"type":"Point","coordinates":[41.212023,44.019924]}},{"type":"Feature","properties":{"id":"mount-0362","category":"rounded_hill","icon":"rounded_hill_01","variant":1,"rank":977,"reveal_tier":2,"reveal_zoom":8.0,"icon_size_ref":0.0544869,"icon_width_m":1700,"sort_key":43.815857},"geometry":{"type":"Point","coordinates":[40.798309,43.815857]}},{"type":"Feature","properties":{"id":"mount-1089","category":"plateau","icon":"plateau_04","variant":4,"rank":978,"reveal_tier":2,"reveal_zoom":8.0,"icon_size_ref":0.0474174,"icon_width_m":1487,"sort_key":43.495312},"geometry":{"type":"Point","coordinates":[42.549051,43.495312]}},{"type":"Feature","properties":{"id":"mount-1263","category":"rounded_hill","icon":"rounded_hill_03","variant":3,"rank":979,"reveal_tier":2,"reveal_zoom":8.0,"icon_size_ref":0.0542067,"icon_width_m":1700,"sort_key":43.506285},"geometry":{"type":"Point","coordinates":[42.648046,43.506285]}},{"type":"Feature","properties":{"id":"rock-0891","category":"rocky_ridge","icon":"rocky_ridge_04","variant":4,"rank":980,"reveal_tier":2,"reveal_zoom":8.0,"icon_size_ref":0.0562024,"icon_width_m":1770,"sort_key":43.246672},"geometry":{"type":"Point","coordinates":[42.712505,43.246672]}},{"type":"Feature","properties":{"id":"mount-0936","category":"rounded_hill","icon":"rounded_hill_04","variant":4,"rank":981,"reveal_tier":2,"reveal_zoom":8.0,"icon_size_ref":0.054091,"icon_width_m":1700,"sort_key":43.377004},"geometry":{"type":"Point","coordinates":[40.922173,43.377004]}},{"type":"Feature","properties":{"id":"mount-1355","category":"rounded_mountain","icon":"rounded_mountain_01","variant":1,"rank":982,"reveal_tier":2,"reveal_zoom":8.0,"icon_size_ref":0.0574235,"icon_width_m":1817,"sort_key":42.955794},"geometry":{"type":"Point","coordinates":[43.399472,42.955794]}},{"type":"Feature","properties":{"id":"mount-0018","category":"ridge","icon":"ridge_01","variant":1,"rank":983,"reveal_tier":2,"reveal_zoom":8.0,"icon_size_ref":0.0565417,"icon_width_m":1765,"sort_key":43.779639},"geometry":{"type":"Point","coordinates":[40.743613,43.779639]}},{"type":"Feature","properties":{"id":"mount-0820","category":"ridge","icon":"ridge_04","variant":4,"rank":984,"reveal_tier":2,"reveal_zoom":8.0,"icon_size_ref":0.056333,"icon_width_m":1763,"sort_key":43.620986},"geometry":{"type":"Point","coordinates":[41.740783,43.620986]}},{"type":"Feature","properties":{"id":"mount-0903","category":"plateau","icon":"plateau_02","variant":2,"rank":985,"reveal_tier":2,"reveal_zoom":8.0,"icon_size_ref":0.0642636,"icon_width_m":2015,"sort_key":43.524383},"geometry":{"type":"Point","coordinates":[42.626266,43.524383]}},{"type":"Feature","properties":{"id":"hill-0078","category":"plateau","icon":"plateau_03","variant":3,"rank":986,"reveal_tier":2,"reveal_zoom":8.0,"icon_size_ref":0.0546583,"icon_width_m":1698,"sort_key":44.081504},"geometry":{"type":"Point","coordinates":[41.172498,44.081504]}},{"type":"Feature","properties":{"id":"mount-2057","category":"rocky_peak","icon":"rocky_peak_04","variant":4,"rank":987,"reveal_tier":2,"reveal_zoom":8.0,"icon_size_ref":0.0568786,"icon_width_m":1800,"sort_key":42.955048},"geometry":{"type":"Point","coordinates":[43.46804,42.955048]}},{"type":"Feature","properties":{"id":"hill-0768","category":"rounded_hill","icon":"rounded_hill_04","variant":4,"rank":988,"reveal_tier":2,"reveal_zoom":8.0,"icon_size_ref":0.054145,"icon_width_m":1700,"sort_key":43.437387},"geometry":{"type":"Point","coordinates":[43.594469,43.437387]}},{"type":"Feature","properties":{"id":"mount-0873","category":"rocky_ridge","icon":"rocky_ridge_02","variant":2,"rank":989,"reveal_tier":2,"reveal_zoom":8.0,"icon_size_ref":0.0556969,"icon_width_m":1755,"sort_key":43.236129},"geometry":{"type":"Point","coordinates":[41.9324,43.236129]}},{"type":"Feature","properties":{"id":"hill-0002","category":"rounded_hill","icon":"rounded_hill_04","variant":4,"rank":990,"reveal_tier":2,"reveal_zoom":8.0,"icon_size_ref":0.0543506,"icon_width_m":1700,"sort_key":43.665885},"geometry":{"type":"Point","coordinates":[42.093065,43.665885]}},{"type":"Feature","properties":{"id":"rock-0679","category":"rounded_mountain","icon":"rounded_mountain_04","variant":4,"rank":991,"reveal_tier":2,"reveal_zoom":8.0,"icon_size_ref":0.0586448,"icon_width_m":1850,"sort_key":43.150166},"geometry":{"type":"Point","coordinates":[43.335421,43.150166]}},{"type":"Feature","properties":{"id":"mount-2025","category":"rocky_ridge","icon":"rocky_ridge_03","variant":3,"rank":992,"reveal_tier":2,"reveal_zoom":8.0,"icon_size_ref":0.055511,"icon_width_m":1752,"sort_key":43.134392},"geometry":{"type":"Point","coordinates":[42.822261,43.134392]}},{"type":"Feature","properties":{"id":"mount-2041","category":"rocky_ridge","icon":"rocky_ridge_01","variant":1,"rank":993,"reveal_tier":2,"reveal_zoom":8.0,"icon_size_ref":0.0554487,"icon_width_m":1750,"sort_key":43.119115},"geometry":{"type":"Point","coordinates":[42.990071,43.119115]}},{"type":"Feature","properties":{"id":"mount-1555","category":"rocky_peak","icon":"rocky_peak_03","variant":3,"rank":994,"reveal_tier":2,"reveal_zoom":8.0,"icon_size_ref":0.0571862,"icon_width_m":1800,"sort_key":43.28511},"geometry":{"type":"Point","coordinates":[41.92548,43.28511]}},{"type":"Feature","properties":{"id":"mount-1405","category":"rocky_peak","icon":"rocky_peak_04","variant":4,"rank":995,"reveal_tier":2,"reveal_zoom":8.0,"icon_size_ref":0.0573479,"icon_width_m":1800,"sort_key":43.456354},"geometry":{"type":"Point","coordinates":[41.359266,43.456354]}},{"type":"Feature","properties":{"id":"rock-0714","category":"rocky_ridge","icon":"rocky_ridge_04","variant":4,"rank":996,"reveal_tier":2,"reveal_zoom":8.0,"icon_size_ref":0.0556392,"icon_width_m":1749,"sort_key":43.381059},"geometry":{"type":"Point","coordinates":[42.251401,43.381059]}},{"type":"Feature","properties":{"id":"rock-0715","category":"rocky_peak","icon":"rocky_peak_03","variant":3,"rank":997,"reveal_tier":2,"reveal_zoom":8.0,"icon_size_ref":0.0571588,"icon_width_m":1800,"sort_key":43.255909},"geometry":{"type":"Point","coordinates":[41.578821,43.255909]}},{"type":"Feature","properties":{"id":"rock-0220","category":"rocky_ridge","icon":"rocky_ridge_03","variant":3,"rank":998,"reveal_tier":2,"reveal_zoom":8.0,"icon_size_ref":0.0555581,"icon_width_m":1746,"sort_key":43.368402},"geometry":{"type":"Point","coordinates":[41.82656,43.368402]}},{"type":"Feature","properties":{"id":"rock-0121","category":"rocky_peak","icon":"rocky_peak_03","variant":3,"rank":999,"reveal_tier":2,"reveal_zoom":8.0,"icon_size_ref":0.0430438,"icon_width_m":1354,"sort_key":43.337157},"geometry":{"type":"Point","coordinates":[41.521229,43.337157]}},{"type":"Feature","properties":{"id":"mount-1175","category":"rocky_peak","icon":"rocky_peak_01","variant":1,"rank":1000,"reveal_tier":2,"reveal_zoom":8.0,"icon_size_ref":0.0511232,"icon_width_m":1607,"sort_key":43.352286},"geometry":{"type":"Point","coordinates":[41.384565,43.352286]}},{"type":"Feature","properties":{"id":"mount-0535","category":"rounded_mountain","icon":"rounded_mountain_03","variant":3,"rank":1001,"reveal_tier":3,"reveal_zoom":8.8,"icon_size_ref":0.0588593,"icon_width_m":1850,"sort_key":43.372418},"geometry":{"type":"Point","coordinates":[41.337433,43.372418]}},{"type":"Feature","properties":{"id":"mount-1015","category":"isolated_peak","icon":"isolated_peak_03","variant":3,"rank":1002,"reveal_tier":3,"reveal_zoom":8.8,"icon_size_ref":0.0540564,"icon_width_m":1700,"sort_key":43.338187},"geometry":{"type":"Point","coordinates":[42.272505,43.338187]}},{"type":"Feature","properties":{"id":"mount-1242","category":"plateau","icon":"plateau_02","variant":2,"rank":1003,"reveal_tier":3,"reveal_zoom":8.8,"icon_size_ref":0.0634168,"icon_width_m":1984,"sort_key":43.647667},"geometry":{"type":"Point","coordinates":[42.338519,43.647667]}},{"type":"Feature","properties":{"id":"rock-0799","category":"ridge","icon":"ridge_01","variant":1,"rank":1004,"reveal_tier":3,"reveal_zoom":8.8,"icon_size_ref":0.0548987,"icon_width_m":1736,"sort_key":43.012516},"geometry":{"type":"Point","coordinates":[43.52839,43.012516]}},{"type":"Feature","properties":{"id":"rock-0513","category":"rocky_ridge","icon":"rocky_ridge_01","variant":1,"rank":1005,"reveal_tier":3,"reveal_zoom":8.8,"icon_size_ref":0.0549619,"icon_width_m":1735,"sort_key":43.094402},"geometry":{"type":"Point","coordinates":[43.296947,43.094402]}},{"type":"Feature","properties":{"id":"rock-0869","category":"rocky_peak","icon":"rocky_peak_04","variant":4,"rank":1006,"reveal_tier":3,"reveal_zoom":8.8,"icon_size_ref":0.0570815,"icon_width_m":1800,"sort_key":43.173339},"geometry":{"type":"Point","coordinates":[42.654816,43.173339]}},{"type":"Feature","properties":{"id":"hill-0088","category":"plateau","icon":"plateau_03","variant":3,"rank":1007,"reveal_tier":3,"reveal_zoom":8.8,"icon_size_ref":0.0617904,"icon_width_m":1919,"sort_key":44.096986},"geometry":{"type":"Point","coordinates":[41.670445,44.096986]}},{"type":"Feature","properties":{"id":"hill-0052","category":"plateau","icon":"plateau_01","variant":1,"rank":1008,"reveal_tier":3,"reveal_zoom":8.8,"icon_size_ref":0.0634939,"icon_width_m":1978,"sort_key":43.902809},"geometry":{"type":"Point","coordinates":[41.308883,43.902809]}},{"type":"Feature","properties":{"id":"mount-1680","category":"plateau","icon":"plateau_04","variant":4,"rank":1009,"reveal_tier":3,"reveal_zoom":8.8,"icon_size_ref":0.0631558,"icon_width_m":1976,"sort_key":43.641937},"geometry":{"type":"Point","coordinates":[42.51797,43.641937]}},{"type":"Feature","properties":{"id":"mount-0687","category":"rocky_peak","icon":"rocky_peak_04","variant":4,"rank":1010,"reveal_tier":3,"reveal_zoom":8.8,"icon_size_ref":0.057194,"icon_width_m":1800,"sort_key":43.293317},"geometry":{"type":"Point","coordinates":[41.525928,43.293317]}},{"type":"Feature","properties":{"id":"rock-0157","category":"rocky_peak","icon":"rocky_peak_01","variant":1,"rank":1011,"reveal_tier":3,"reveal_zoom":8.8,"icon_size_ref":0.0572998,"icon_width_m":1800,"sort_key":43.405484},"geometry":{"type":"Point","coordinates":[41.158637,43.405484]}},{"type":"Feature","properties":{"id":"hill-0207","category":"plateau","icon":"plateau_01","variant":1,"rank":1012,"reveal_tier":3,"reveal_zoom":8.8,"icon_size_ref":0.0627642,"icon_width_m":1956,"sort_key":43.88587},"geometry":{"type":"Point","coordinates":[41.35991,43.88587]}},{"type":"Feature","properties":{"id":"hill-0244","category":"plateau","icon":"plateau_02","variant":2,"rank":1013,"reveal_tier":3,"reveal_zoom":8.8,"icon_size_ref":0.0473531,"icon_width_m":1476,"sort_key":43.879861},"geometry":{"type":"Point","coordinates":[40.936968,43.879861]}},{"type":"Feature","properties":{"id":"mount-1384","category":"ridge","icon":"ridge_02","variant":2,"rank":1014,"reveal_tier":3,"reveal_zoom":8.8,"icon_size_ref":0.0546478,"icon_width_m":1724,"sort_key":43.15408},"geometry":{"type":"Point","coordinates":[43.365966,43.15408]}},{"type":"Feature","properties":{"id":"hill-0645","category":"steep_mountain","icon":"steep_mountain_01","variant":1,"rank":1015,"reveal_tier":3,"reveal_zoom":8.8,"icon_size_ref":0.0575151,"icon_width_m":1800,"sort_key":43.631797},"geometry":{"type":"Point","coordinates":[42.083452,43.631797]}},{"type":"Feature","properties":{"id":"mount-1445","category":"rocky_peak","icon":"rocky_peak_02","variant":2,"rank":1016,"reveal_tier":3,"reveal_zoom":8.8,"icon_size_ref":0.0492271,"icon_width_m":1552,"sort_key":43.189963},"geometry":{"type":"Point","coordinates":[42.002707,43.189963]}},{"type":"Feature","properties":{"id":"mount-0418","category":"steep_mountain","icon":"steep_mountain_01","variant":1,"rank":1017,"reveal_tier":3,"reveal_zoom":8.8,"icon_size_ref":0.057542,"icon_width_m":1800,"sort_key":43.659878},"geometry":{"type":"Point","coordinates":[40.800776,43.659878]}},{"type":"Feature","properties":{"id":"mount-0448","category":"ridge","icon":"ridge_04","variant":4,"rank":1018,"reveal_tier":3,"reveal_zoom":8.8,"icon_size_ref":0.0550824,"icon_width_m":1721,"sort_key":43.724793},"geometry":{"type":"Point","coordinates":[40.94995,43.724793]}},{"type":"Feature","properties":{"id":"rock-0577","category":"rocky_ridge","icon":"rocky_ridge_03","variant":3,"rank":1019,"reveal_tier":3,"reveal_zoom":8.8,"icon_size_ref":0.054564,"icon_width_m":1718,"sort_key":43.261472},"geometry":{"type":"Point","coordinates":[41.550636,43.261472]}},{"type":"Feature","properties":{"id":"rock-0830","category":"rounded_mountain","icon":"rounded_mountain_01","variant":1,"rank":1020,"reveal_tier":3,"reveal_zoom":8.8,"icon_size_ref":0.0586819,"icon_width_m":1850,"sort_key":43.188743},"geometry":{"type":"Point","coordinates":[42.775097,43.188743]}},{"type":"Feature","properties":{"id":"mount-2039","category":"rocky_peak","icon":"rocky_peak_04","variant":4,"rank":1021,"reveal_tier":3,"reveal_zoom":8.8,"icon_size_ref":0.0525028,"icon_width_m":1656,"sort_key":43.146847},"geometry":{"type":"Point","coordinates":[42.93265,43.146847]}},{"type":"Feature","properties":{"id":"mount-1934","category":"rounded_hill","icon":"rounded_hill_01","variant":1,"rank":1022,"reveal_tier":3,"reveal_zoom":8.8,"icon_size_ref":0.0543356,"icon_width_m":1700,"sort_key":43.649227},"geometry":{"type":"Point","coordinates":[41.508579,43.649227]}},{"type":"Feature","properties":{"id":"rock-0305","category":"isolated_peak","icon":"isolated_peak_02","variant":2,"rank":1023,"reveal_tier":3,"reveal_zoom":8.8,"icon_size_ref":0.048581,"icon_width_m":1535,"sort_key":43.067618},"geometry":{"type":"Point","coordinates":[43.060849,43.067618]}},{"type":"Feature","properties":{"id":"mount-1661","category":"ridge","icon":"ridge_04","variant":4,"rank":1024,"reveal_tier":3,"reveal_zoom":8.8,"icon_size_ref":0.0489323,"icon_width_m":1539,"sort_key":43.346583},"geometry":{"type":"Point","coordinates":[41.574658,43.346583]}},{"type":"Feature","properties":{"id":"mount-0490","category":"rounded_mountain","icon":"rounded_mountain_03","variant":3,"rank":1025,"reveal_tier":3,"reveal_zoom":8.8,"icon_size_ref":0.0447238,"icon_width_m":1405,"sort_key":43.41857},"geometry":{"type":"Point","coordinates":[41.041714,43.41857]}},{"type":"Feature","properties":{"id":"hill-0554","category":"rounded_mountain","icon":"rounded_mountain_02","variant":2,"rank":1026,"reveal_tier":3,"reveal_zoom":8.8,"icon_size_ref":0.0456262,"icon_width_m":1427,"sort_key":43.667484},"geometry":{"type":"Point","coordinates":[42.15777,43.667484]}},{"type":"Feature","properties":{"id":"mount-1908","category":"ridge","icon":"ridge_04","variant":4,"rank":1027,"reveal_tier":3,"reveal_zoom":8.8,"icon_size_ref":0.054786,"icon_width_m":1711,"sort_key":43.7549},"geometry":{"type":"Point","coordinates":[40.756145,43.7549]}},{"type":"Feature","properties":{"id":"mount-0069","category":"rocky_ridge","icon":"rocky_ridge_01","variant":1,"rank":1028,"reveal_tier":3,"reveal_zoom":8.8,"icon_size_ref":0.0437748,"icon_width_m":1371,"sort_key":43.594216},"geometry":{"type":"Point","coordinates":[41.15736,43.594216]}},{"type":"Feature","properties":{"id":"rock-0641","category":"isolated_peak","icon":"isolated_peak_03","variant":3,"rank":1029,"reveal_tier":3,"reveal_zoom":8.8,"icon_size_ref":0.0538574,"icon_width_m":1700,"sort_key":43.113288},"geometry":{"type":"Point","coordinates":[43.364239,43.113288]}},{"type":"Feature","properties":{"id":"mount-1811","category":"ridge","icon":"ridge_01","variant":1,"rank":1030,"reveal_tier":3,"reveal_zoom":8.8,"icon_size_ref":0.05468,"icon_width_m":1708,"sort_key":43.736662},"geometry":{"type":"Point","coordinates":[40.900512,43.736662]}},{"type":"Feature","properties":{"id":"mount-0531","category":"rocky_peak","icon":"rocky_peak_04","variant":4,"rank":1031,"reveal_tier":3,"reveal_zoom":8.8,"icon_size_ref":0.0456484,"icon_width_m":1433,"sort_key":43.42979},"geometry":{"type":"Point","coordinates":[41.108834,43.42979]}},{"type":"Feature","properties":{"id":"rock-0135","category":"rocky_peak","icon":"rocky_peak_01","variant":1,"rank":1032,"reveal_tier":3,"reveal_zoom":8.8,"icon_size_ref":0.0571647,"icon_width_m":1800,"sort_key":43.262222},"geometry":{"type":"Point","coordinates":[43.281155,43.262222]}},{"type":"Feature","properties":{"id":"mount-0387","category":"plateau","icon":"plateau_03","variant":3,"rank":1033,"reveal_tier":3,"reveal_zoom":8.8,"icon_size_ref":0.0624303,"icon_width_m":1950,"sort_key":43.73836},"geometry":{"type":"Point","coordinates":[41.188259,43.73836]}},{"type":"Feature","properties":{"id":"hill-0193","category":"plateau","icon":"plateau_01","variant":1,"rank":1034,"reveal_tier":3,"reveal_zoom":8.8,"icon_size_ref":0.0625734,"icon_width_m":1950,"sort_key":43.884215},"geometry":{"type":"Point","coordinates":[41.423575,43.884215]}},{"type":"Feature","properties":{"id":"hill-0115","category":"rounded_hill","icon":"rounded_hill_01","variant":1,"rank":1035,"reveal_tier":3,"reveal_zoom":8.8,"icon_size_ref":0.0545636,"icon_width_m":1700,"sort_key":43.899732},"geometry":{"type":"Point","coordinates":[40.826343,43.899732]}},{"type":"Feature","properties":{"id":"mount-1164","category":"massif","icon":"massif_02","variant":2,"rank":1036,"reveal_tier":3,"reveal_zoom":8.8,"icon_size_ref":0.0579075,"icon_width_m":1818,"sort_key":43.430694},"geometry":{"type":"Point","coordinates":[41.266032,43.430694]}},{"type":"Feature","properties":{"id":"mount-0050","category":"ridge","icon":"ridge_01","variant":1,"rank":1037,"reveal_tier":3,"reveal_zoom":8.8,"icon_size_ref":0.0543414,"icon_width_m":1704,"sort_key":43.529159},"geometry":{"type":"Point","coordinates":[41.067495,43.529159]}},{"type":"Feature","properties":{"id":"hill-0148","category":"plateau","icon":"plateau_02","variant":2,"rank":1038,"reveal_tier":3,"reveal_zoom":8.8,"icon_size_ref":0.0619192,"icon_width_m":1926,"sort_key":43.983907},"geometry":{"type":"Point","coordinates":[41.062206,43.983907]}},{"type":"Feature","properties":{"id":"mount-1913","category":"rounded_hill","icon":"rounded_hill_04","variant":4,"rank":1039,"reveal_tier":3,"reveal_zoom":8.8,"icon_size_ref":0.0487753,"icon_width_m":1540,"sort_key":43.096831},"geometry":{"type":"Point","coordinates":[43.508885,43.096831]}},{"type":"Feature","properties":{"id":"mount-1562","category":"rocky_peak","icon":"rocky_peak_04","variant":4,"rank":1040,"reveal_tier":3,"reveal_zoom":8.8,"icon_size_ref":0.0570743,"icon_width_m":1800,"sort_key":43.165639},"geometry":{"type":"Point","coordinates":[43.429953,43.165639]}},{"type":"Feature","properties":{"id":"hill-0252","category":"plateau","icon":"plateau_02","variant":2,"rank":1041,"reveal_tier":3,"reveal_zoom":8.8,"icon_size_ref":0.0584803,"icon_width_m":1823,"sort_key":43.877046},"geometry":{"type":"Point","coordinates":[41.223525,43.877046]}},{"type":"Feature","properties":{"id":"mount-0973","category":"steep_mountain","icon":"steep_mountain_01","variant":1,"rank":1042,"reveal_tier":3,"reveal_zoom":8.8,"icon_size_ref":0.0437079,"icon_width_m":1377,"sort_key":43.248891},"geometry":{"type":"Point","coordinates":[42.111583,43.248891]}},{"type":"Feature","properties":{"id":"mount-0628","category":"isolated_peak","icon":"isolated_peak_02","variant":2,"rank":1043,"reveal_tier":3,"reveal_zoom":8.8,"icon_size_ref":0.0540329,"icon_width_m":1700,"sort_key":43.311713},"geometry":{"type":"Point","coordinates":[42.705842,43.311713]}},{"type":"Feature","properties":{"id":"mount-1442","category":"steep_mountain","icon":"steep_mountain_03","variant":3,"rank":1044,"reveal_tier":3,"reveal_zoom":8.8,"icon_size_ref":0.0572472,"icon_width_m":1800,"sort_key":43.349867},"geometry":{"type":"Point","coordinates":[42.229643,43.349867]}},{"type":"Feature","properties":{"id":"mount-0649","category":"steep_mountain","icon":"steep_mountain_01","variant":1,"rank":1045,"reveal_tier":3,"reveal_zoom":8.8,"icon_size_ref":0.0573294,"icon_width_m":1800,"sort_key":43.436841},"geometry":{"type":"Point","coordinates":[41.642089,43.436841]}},{"type":"Feature","properties":{"id":"mount-1906","category":"rounded_mountain","icon":"rounded_mountain_02","variant":2,"rank":1046,"reveal_tier":3,"reveal_zoom":8.8,"icon_size_ref":0.0592816,"icon_width_m":1850,"sort_key":43.80271},"geometry":{"type":"Point","coordinates":[40.841728,43.80271]}},{"type":"Feature","properties":{"id":"mount-1028","category":"rounded_mountain","icon":"rounded_mountain_01","variant":1,"rank":1047,"reveal_tier":3,"reveal_zoom":8.8,"icon_size_ref":0.058861,"icon_width_m":1850,"sort_key":43.374149},"geometry":{"type":"Point","coordinates":[42.675319,43.374149]}},{"type":"Feature","properties":{"id":"hill-0419","category":"rounded_hill","icon":"rounded_hill_04","variant":4,"rank":1048,"reveal_tier":3,"reveal_zoom":8.8,"icon_size_ref":0.0541187,"icon_width_m":1700,"sort_key":43.408064},"geometry":{"type":"Point","coordinates":[40.857693,43.408064]}},{"type":"Feature","properties":{"id":"mount-1879","category":"rounded_hill","icon":"rounded_hill_01","variant":1,"rank":1049,"reveal_tier":3,"reveal_zoom":8.8,"icon_size_ref":0.0542683,"icon_width_m":1700,"sort_key":43.574686},"geometry":{"type":"Point","coordinates":[40.999002,43.574686]}},{"type":"Feature","properties":{"id":"mount-1796","category":"rounded_hill","icon":"rounded_hill_04","variant":4,"rank":1050,"reveal_tier":3,"reveal_zoom":8.8,"icon_size_ref":0.0543755,"icon_width_m":1700,"sort_key":43.693368},"geometry":{"type":"Point","coordinates":[41.191574,43.693368]}},{"type":"Feature","properties":{"id":"rock-0383","category":"ridge","icon":"ridge_02","variant":2,"rank":1051,"reveal_tier":3,"reveal_zoom":8.8,"icon_size_ref":0.053652,"icon_width_m":1685,"sort_key":43.406435},"geometry":{"type":"Point","coordinates":[42.391069,43.406435]}},{"type":"Feature","properties":{"id":"mount-0866","category":"steep_mountain","icon":"steep_mountain_02","variant":2,"rank":1052,"reveal_tier":3,"reveal_zoom":8.8,"icon_size_ref":0.0560087,"icon_width_m":1764,"sort_key":43.246609},"geometry":{"type":"Point","coordinates":[42.011826,43.246609]}},{"type":"Feature","properties":{"id":"rock-0184","category":"rocky_ridge","icon":"rocky_ridge_01","variant":1,"rank":1053,"reveal_tier":3,"reveal_zoom":8.8,"icon_size_ref":0.0536922,"icon_width_m":1684,"sort_key":43.516315},"geometry":{"type":"Point","coordinates":[41.649063,43.516315]}},{"type":"Feature","properties":{"id":"hill-0135","category":"plateau","icon":"plateau_04","variant":4,"rank":1054,"reveal_tier":3,"reveal_zoom":8.8,"icon_size_ref":0.0620339,"icon_width_m":1924,"sort_key":44.169523},"geometry":{"type":"Point","coordinates":[41.716611,44.169523]}},{"type":"Feature","properties":{"id":"mount-2028","category":"rocky_peak","icon":"rocky_peak_02","variant":2,"rank":1055,"reveal_tier":3,"reveal_zoom":8.8,"icon_size_ref":0.0569786,"icon_width_m":1800,"sort_key":43.062986},"geometry":{"type":"Point","coordinates":[43.022912,43.062986]}},{"type":"Feature","properties":{"id":"hill-0166","category":"rounded_hill","icon":"rounded_hill_03","variant":3,"rank":1056,"reveal_tier":3,"reveal_zoom":8.8,"icon_size_ref":0.054743,"icon_width_m":1700,"sort_key":44.094466},"geometry":{"type":"Point","coordinates":[41.040748,44.094466]}},{"type":"Feature","properties":{"id":"hill-0680","category":"plateau","icon":"plateau_04","variant":4,"rank":1057,"reveal_tier":3,"reveal_zoom":8.8,"icon_size_ref":0.0618109,"icon_width_m":1923,"sort_key":43.986809},"geometry":{"type":"Point","coordinates":[41.092558,43.986809]}},{"type":"Feature","properties":{"id":"hill-0591","category":"plateau","icon":"plateau_01","variant":1,"rank":1058,"reveal_tier":3,"reveal_zoom":8.8,"icon_size_ref":0.0617544,"icon_width_m":1921,"sort_key":43.981946},"geometry":{"type":"Point","coordinates":[41.471179,43.981946]}},{"type":"Feature","properties":{"id":"rock-0692","category":"rocky_ridge","icon":"rocky_ridge_03","variant":3,"rank":1059,"reveal_tier":3,"reveal_zoom":8.8,"icon_size_ref":0.0451477,"icon_width_m":1423,"sort_key":43.189916},"geometry":{"type":"Point","coordinates":[41.803644,43.189916]}},{"type":"Feature","properties":{"id":"hill-0435","category":"rounded_mountain","icon":"rounded_mountain_02","variant":2,"rank":1060,"reveal_tier":3,"reveal_zoom":8.8,"icon_size_ref":0.0590143,"icon_width_m":1850,"sort_key":43.53143},"geometry":{"type":"Point","coordinates":[42.136838,43.53143]}},{"type":"Feature","properties":{"id":"mount-1206","category":"rounded_mountain","icon":"rounded_mountain_02","variant":2,"rank":1061,"reveal_tier":3,"reveal_zoom":8.8,"icon_size_ref":0.0590027,"icon_width_m":1850,"sort_key":43.519645},"geometry":{"type":"Point","coordinates":[41.186285,43.519645]}},{"type":"Feature","properties":{"id":"mount-0830","category":"rounded_mountain","icon":"rounded_mountain_04","variant":4,"rank":1062,"reveal_tier":3,"reveal_zoom":8.8,"icon_size_ref":0.0567182,"icon_width_m":1776,"sort_key":43.58709},"geometry":{"type":"Point","coordinates":[41.773968,43.58709]}},{"type":"Feature","properties":{"id":"rock-0122","category":"rocky_ridge","icon":"rocky_ridge_01","variant":1,"rank":1063,"reveal_tier":3,"reveal_zoom":8.8,"icon_size_ref":0.0533434,"icon_width_m":1676,"sort_key":43.389815},"geometry":{"type":"Point","coordinates":[41.513257,43.389815]}},{"type":"Feature","properties":{"id":"mount-1674","category":"ridge","icon":"ridge_03","variant":3,"rank":1064,"reveal_tier":3,"reveal_zoom":8.8,"icon_size_ref":0.0534886,"icon_width_m":1675,"sort_key":43.578339},"geometry":{"type":"Point","coordinates":[41.927691,43.578339]}},{"type":"Feature","properties":{"id":"mount-0259","category":"rounded_mountain","icon":"rounded_mountain_02","variant":2,"rank":1065,"reveal_tier":3,"reveal_zoom":8.8,"icon_size_ref":0.0498034,"icon_width_m":1559,"sort_key":43.626143},"geometry":{"type":"Point","coordinates":[41.16855,43.626143]}},{"type":"Feature","properties":{"id":"rock-0680","category":"isolated_peak","icon":"isolated_peak_02","variant":2,"rank":1066,"reveal_tier":3,"reveal_zoom":8.8,"icon_size_ref":0.0538596,"icon_width_m":1700,"sort_key":43.115873},"geometry":{"type":"Point","coordinates":[43.249258,43.115873]}},{"type":"Feature","properties":{"id":"rock-0493","category":"steep_mountain","icon":"steep_mountain_04","variant":4,"rank":1067,"reveal_tier":3,"reveal_zoom":8.8,"icon_size_ref":0.057092,"icon_width_m":1800,"sort_key":43.184581},"geometry":{"type":"Point","coordinates":[42.587181,43.184581]}},{"type":"Feature","properties":{"id":"hill-0040","category":"rounded_mountain","icon":"rounded_mountain_02","variant":2,"rank":1068,"reveal_tier":3,"reveal_zoom":8.8,"icon_size_ref":0.0594906,"icon_width_m":1850,"sort_key":44.012185},"geometry":{"type":"Point","coordinates":[41.262417,44.012185]}},{"type":"Feature","properties":{"id":"mount-0189","category":"steep_mountain","icon":"steep_mountain_02","variant":2,"rank":1069,"reveal_tier":3,"reveal_zoom":8.8,"icon_size_ref":0.0573271,"icon_width_m":1800,"sort_key":43.434379},"geometry":{"type":"Point","coordinates":[41.774397,43.434379]}},{"type":"Feature","properties":{"id":"hill-0637","category":"rounded_hill","icon":"rounded_hill_02","variant":2,"rank":1070,"reveal_tier":3,"reveal_zoom":8.8,"icon_size_ref":0.0543253,"icon_width_m":1700,"sort_key":43.637908},"geometry":{"type":"Point","coordinates":[42.049838,43.637908]}},{"type":"Feature","properties":{"id":"mount-1046","category":"rounded_mountain","icon":"rounded_mountain_03","variant":3,"rank":1071,"reveal_tier":3,"reveal_zoom":8.8,"icon_size_ref":0.0589567,"icon_width_m":1850,"sort_key":43.472527},"geometry":{"type":"Point","coordinates":[42.273985,43.472527]}},{"type":"Feature","properties":{"id":"mount-1223","category":"steep_mountain","icon":"steep_mountain_02","variant":2,"rank":1072,"reveal_tier":3,"reveal_zoom":8.8,"icon_size_ref":0.0572993,"icon_width_m":1800,"sort_key":43.405009},"geometry":{"type":"Point","coordinates":[41.866547,43.405009]}},{"type":"Feature","properties":{"id":"mount-1708","category":"rocky_peak","icon":"rocky_peak_02","variant":2,"rank":1073,"reveal_tier":3,"reveal_zoom":8.8,"icon_size_ref":0.0572745,"icon_width_m":1800,"sort_key":43.378805},"geometry":{"type":"Point","coordinates":[41.139432,43.378805]}},{"type":"Feature","properties":{"id":"hill-0267","category":"steep_mountain","icon":"steep_mountain_01","variant":1,"rank":1074,"reveal_tier":3,"reveal_zoom":8.8,"icon_size_ref":0.057706,"icon_width_m":1800,"sort_key":43.830293},"geometry":{"type":"Point","coordinates":[40.903215,43.830293]}},{"type":"Feature","properties":{"id":"rock-0614","category":"rocky_ridge","icon":"rocky_ridge_01","variant":1,"rank":1075,"reveal_tier":3,"reveal_zoom":8.8,"icon_size_ref":0.0528147,"icon_width_m":1664,"sort_key":43.228922},"geometry":{"type":"Point","coordinates":[42.444413,43.228922]}},{"type":"Feature","properties":{"id":"mount-0417","category":"steep_mountain","icon":"steep_mountain_02","variant":2,"rank":1076,"reveal_tier":3,"reveal_zoom":8.8,"icon_size_ref":0.0575438,"icon_width_m":1800,"sort_key":43.661802},"geometry":{"type":"Point","coordinates":[40.752861,43.661802]}},{"type":"Feature","properties":{"id":"mount-0358","category":"ridge","icon":"ridge_03","variant":3,"rank":1077,"reveal_tier":3,"reveal_zoom":8.8,"icon_size_ref":0.0533307,"icon_width_m":1663,"sort_key":43.836833},"geometry":{"type":"Point","coordinates":[40.781186,43.836833]}},{"type":"Feature","properties":{"id":"rock-0348","category":"rocky_ridge","icon":"rocky_ridge_04","variant":4,"rank":1078,"reveal_tier":3,"reveal_zoom":8.8,"icon_size_ref":0.0475575,"icon_width_m":1496,"sort_key":43.314195},"geometry":{"type":"Point","coordinates":[42.155067,43.314195]}},{"type":"Feature","properties":{"id":"mount-1250","category":"plateau","icon":"plateau_01","variant":1,"rank":1079,"reveal_tier":3,"reveal_zoom":8.8,"icon_size_ref":0.0606844,"icon_width_m":1894,"sort_key":43.784062},"geometry":{"type":"Point","coordinates":[42.243247,43.784062]}},{"type":"Feature","properties":{"id":"mount-1345","category":"ridge","icon":"ridge_03","variant":3,"rank":1080,"reveal_tier":3,"reveal_zoom":8.8,"icon_size_ref":0.0529663,"icon_width_m":1657,"sort_key":43.653994},"geometry":{"type":"Point","coordinates":[41.123961,43.653994]}},{"type":"Feature","properties":{"id":"mount-0933","category":"ridge","icon":"ridge_01","variant":1,"rank":1081,"reveal_tier":3,"reveal_zoom":8.8,"icon_size_ref":0.0526634,"icon_width_m":1655,"sort_key":43.369431},"geometry":{"type":"Point","coordinates":[40.953062,43.369431]}},{"type":"Feature","properties":{"id":"rock-0028","category":"rocky_ridge","icon":"rocky_ridge_03","variant":3,"rank":1082,"reveal_tier":3,"reveal_zoom":8.8,"icon_size_ref":0.0500024,"icon_width_m":1572,"sort_key":43.374508},"geometry":{"type":"Point","coordinates":[42.059805,43.374508]}},{"type":"Feature","properties":{"id":"mount-1277","category":"massif","icon":"massif_01","variant":1,"rank":1083,"reveal_tier":3,"reveal_zoom":8.8,"icon_size_ref":0.047099,"icon_width_m":1492,"sort_key":42.912851},"geometry":{"type":"Point","coordinates":[43.218112,42.912851]}},{"type":"Feature","properties":{"id":"mount-0402","category":"massif","icon":"massif_04","variant":4,"rank":1084,"reveal_tier":3,"reveal_zoom":8.8,"icon_size_ref":0.0564419,"icon_width_m":1765,"sort_key":43.669858},"geometry":{"type":"Point","coordinates":[41.040362,43.669858]}},{"type":"Feature","properties":{"id":"hill-0540","category":"ridge","icon":"ridge_03","variant":3,"rank":1085,"reveal_tier":3,"reveal_zoom":8.8,"icon_size_ref":0.0527031,"icon_width_m":1651,"sort_key":43.565055},"geometry":{"type":"Point","coordinates":[42.153962,43.565055]}},{"type":"Feature","properties":{"id":"hill-0371","category":"rounded_mountain","icon":"rounded_mountain_02","variant":2,"rank":1086,"reveal_tier":3,"reveal_zoom":8.8,"icon_size_ref":0.0530941,"icon_width_m":1659,"sort_key":43.71455},"geometry":{"type":"Point","coordinates":[41.911951,43.71455]}},{"type":"Feature","properties":{"id":"mount-1772","category":"isolated_peak","icon":"isolated_peak_01","variant":1,"rank":1087,"reveal_tier":3,"reveal_zoom":8.8,"icon_size_ref":0.0542835,"icon_width_m":1700,"sort_key":43.591605},"geometry":{"type":"Point","coordinates":[40.897411,43.591605]}},{"type":"Feature","properties":{"id":"mount-0701","category":"rocky_peak","icon":"rocky_peak_04","variant":4,"rank":1088,"reveal_tier":3,"reveal_zoom":8.8,"icon_size_ref":0.0554807,"icon_width_m":1746,"sort_key":43.298971},"geometry":{"type":"Point","coordinates":[41.64064,43.298971]}},{"type":"Feature","properties":{"id":"mount-1253","category":"plateau","icon":"plateau_03","variant":3,"rank":1089,"reveal_tier":3,"reveal_zoom":8.8,"icon_size_ref":0.0600719,"icon_width_m":1881,"sort_key":43.610174},"geometry":{"type":"Point","coordinates":[42.366865,43.610174]}},{"type":"Feature","properties":{"id":"rock-0909","category":"rocky_peak","icon":"rocky_peak_01","variant":1,"rank":1090,"reveal_tier":3,"reveal_zoom":8.8,"icon_size_ref":0.0572751,"icon_width_m":1800,"sort_key":43.379405},"geometry":{"type":"Point","coordinates":[42.613961,43.379405]}},{"type":"Feature","properties":{"id":"mount-0598","category":"rounded_hill","icon":"rounded_hill_04","variant":4,"rank":1091,"reveal_tier":3,"reveal_zoom":8.8,"icon_size_ref":0.0543319,"icon_width_m":1700,"sort_key":43.64519},"geometry":{"type":"Point","coordinates":[41.472208,43.64519]}},{"type":"Feature","properties":{"id":"mount-0113","category":"rocky_ridge","icon":"rocky_ridge_04","variant":4,"rank":1092,"reveal_tier":3,"reveal_zoom":8.8,"icon_size_ref":0.05103,"icon_width_m":1597,"sort_key":43.617724},"geometry":{"type":"Point","coordinates":[40.760254,43.617724]}},{"type":"Feature","properties":{"id":"mount-1075","category":"steep_mountain","icon":"steep_mountain_02","variant":2,"rank":1093,"reveal_tier":3,"reveal_zoom":8.8,"icon_size_ref":0.0477597,"icon_width_m":1500,"sort_key":43.403559},"geometry":{"type":"Point","coordinates":[42.207584,43.403559]}},{"type":"Feature","properties":{"id":"hill-0429","category":"rounded_mountain","icon":"rounded_mountain_04","variant":4,"rank":1094,"reveal_tier":3,"reveal_zoom":8.8,"icon_size_ref":0.0586596,"icon_width_m":1836,"sort_key":43.620971},"geometry":{"type":"Point","coordinates":[41.993212,43.620971]}},{"type":"Feature","properties":{"id":"hill-0621","category":"rounded_mountain","icon":"rounded_mountain_03","variant":3,"rank":1095,"reveal_tier":3,"reveal_zoom":8.8,"icon_size_ref":0.0586647,"icon_width_m":1835,"sort_key":43.65019},"geometry":{"type":"Point","coordinates":[42.000754,43.65019]}},{"type":"Feature","properties":{"id":"mount-1379","category":"rocky_peak","icon":"rocky_peak_02","variant":2,"rank":1096,"reveal_tier":3,"reveal_zoom":8.8,"icon_size_ref":0.052694,"icon_width_m":1667,"sort_key":42.98572},"geometry":{"type":"Point","coordinates":[43.168148,42.98572]}},{"type":"Feature","properties":{"id":"hill-0620","category":"rocky_peak","icon":"rocky_peak_02","variant":2,"rank":1097,"reveal_tier":3,"reveal_zoom":8.8,"icon_size_ref":0.053685,"icon_width_m":1681,"sort_key":43.601325},"geometry":{"type":"Point","coordinates":[42.121711,43.601325]}},{"type":"Feature","properties":{"id":"mount-1400","category":"rounded_mountain","icon":"rounded_mountain_02","variant":2,"rank":1098,"reveal_tier":3,"reveal_zoom":8.8,"icon_size_ref":0.0582838,"icon_width_m":1831,"sort_key":43.401953},"geometry":{"type":"Point","coordinates":[41.356831,43.401953]}},{"type":"Feature","properties":{"id":"mount-0391","category":"ridge","icon":"ridge_03","variant":3,"rank":1099,"reveal_tier":3,"reveal_zoom":8.8,"icon_size_ref":0.0521995,"icon_width_m":1631,"sort_key":43.720939},"geometry":{"type":"Point","coordinates":[41.162231,43.720939]}},{"type":"Feature","properties":{"id":"mount-1381","category":"steep_mountain","icon":"steep_mountain_03","variant":3,"rank":1100,"reveal_tier":3,"reveal_zoom":8.8,"icon_size_ref":0.0560608,"icon_width_m":1772,"sort_key":43.018141},"geometry":{"type":"Point","coordinates":[43.264654,43.018141]}},{"type":"Feature","properties":{"id":"rock-0239","category":"isolated_peak","icon":"isolated_peak_02","variant":2,"rank":1101,"reveal_tier":3,"reveal_zoom":8.8,"icon_size_ref":0.0539197,"icon_width_m":1700,"sort_key":43.184057},"geometry":{"type":"Point","coordinates":[43.129234,43.184057]}},{"type":"Feature","properties":{"id":"mount-0646","category":"steep_mountain","icon":"steep_mountain_02","variant":2,"rank":1102,"reveal_tier":3,"reveal_zoom":8.8,"icon_size_ref":0.0562544,"icon_width_m":1770,"sort_key":43.29908},"geometry":{"type":"Point","coordinates":[41.589142,43.29908]}},{"type":"Feature","properties":{"id":"hill-0485","category":"plateau","icon":"plateau_03","variant":3,"rank":1103,"reveal_tier":3,"reveal_zoom":8.8,"icon_size_ref":0.0595853,"icon_width_m":1861,"sort_key":43.768212},"geometry":{"type":"Point","coordinates":[43.019639,43.768212]}},{"type":"Feature","properties":{"id":"mount-0982","category":"rocky_peak","icon":"rocky_peak_01","variant":1,"rank":1104,"reveal_tier":3,"reveal_zoom":8.8,"icon_size_ref":0.0571728,"icon_width_m":1800,"sort_key":43.270753},"geometry":{"type":"Point","coordinates":[42.241852,43.270753]}},{"type":"Feature","properties":{"id":"mount-0967","category":"rounded_mountain","icon":"rounded_mountain_01","variant":1,"rank":1105,"reveal_tier":3,"reveal_zoom":8.8,"icon_size_ref":0.0581533,"icon_width_m":1823,"sort_key":43.537785},"geometry":{"type":"Point","coordinates":[41.893508,43.537785]}},{"type":"Feature","properties":{"id":"mount-1280","category":"rounded_mountain","icon":"rounded_mountain_03","variant":3,"rank":1106,"reveal_tier":3,"reveal_zoom":8.8,"icon_size_ref":0.0549535,"icon_width_m":1741,"sort_key":42.86976},"geometry":{"type":"Point","coordinates":[43.298385,42.86976]}},{"type":"Feature","properties":{"id":"hill-0138","category":"plateau","icon":"plateau_02","variant":2,"rank":1107,"reveal_tier":3,"reveal_zoom":8.8,"icon_size_ref":0.059817,"icon_width_m":1858,"sort_key":44.070143},"geometry":{"type":"Point","coordinates":[40.979358,44.070143]}},{"type":"Feature","properties":{"id":"rock-0313","category":"rocky_peak","icon":"rocky_peak_04","variant":4,"rank":1108,"reveal_tier":3,"reveal_zoom":8.8,"icon_size_ref":0.0570381,"icon_width_m":1800,"sort_key":43.126907},"geometry":{"type":"Point","coordinates":[43.220462,43.126907]}},{"type":"Feature","properties":{"id":"mount-1754","category":"ridge","icon":"ridge_01","variant":1,"rank":1109,"reveal_tier":3,"reveal_zoom":8.8,"icon_size_ref":0.0516545,"icon_width_m":1622,"sort_key":43.446524},"geometry":{"type":"Point","coordinates":[40.969273,43.446524]}},{"type":"Feature","properties":{"id":"hill-0580","category":"plateau","icon":"plateau_04","variant":4,"rank":1110,"reveal_tier":3,"reveal_zoom":8.8,"icon_size_ref":0.0595944,"icon_width_m":1850,"sort_key":44.106077},"geometry":{"type":"Point","coordinates":[41.698244,44.106077]}},{"type":"Feature","properties":{"id":"mount-1591","category":"rounded_mountain","icon":"rounded_mountain_04","variant":4,"rank":1111,"reveal_tier":3,"reveal_zoom":8.8,"icon_size_ref":0.0578053,"icon_width_m":1813,"sort_key":43.500285},"geometry":{"type":"Point","coordinates":[42.16291,43.500285]}},{"type":"Feature","properties":{"id":"mount-0677","category":"rocky_peak","icon":"rocky_peak_01","variant":1,"rank":1112,"reveal_tier":3,"reveal_zoom":8.8,"icon_size_ref":0.0571579,"icon_width_m":1800,"sort_key":43.254979},"geometry":{"type":"Point","coordinates":[41.661143,43.254979]}},{"type":"Feature","properties":{"id":"hill-0174","category":"plateau","icon":"plateau_04","variant":4,"rank":1113,"reveal_tier":3,"reveal_zoom":8.8,"icon_size_ref":0.0515503,"icon_width_m":1603,"sort_key":44.012077},"geometry":{"type":"Point","coordinates":[40.970378,44.012077]}},{"type":"Feature","properties":{"id":"hill-0345","category":"rounded_hill","icon":"rounded_hill_04","variant":4,"rank":1114,"reveal_tier":3,"reveal_zoom":8.8,"icon_size_ref":0.0542649,"icon_width_m":1696,"sort_key":43.714604},"geometry":{"type":"Point","coordinates":[41.322681,43.714604]}},{"type":"Feature","properties":{"id":"hill-0206","category":"plateau","icon":"plateau_02","variant":2,"rank":1115,"reveal_tier":3,"reveal_zoom":8.8,"icon_size_ref":0.0591117,"icon_width_m":1843,"sort_key":43.849717},"geometry":{"type":"Point","coordinates":[41.366937,43.849717]}},{"type":"Feature","properties":{"id":"mount-1576","category":"ridge","icon":"ridge_01","variant":1,"rank":1116,"reveal_tier":3,"reveal_zoom":8.8,"icon_size_ref":0.0512463,"icon_width_m":1610,"sort_key":43.387468},"geometry":{"type":"Point","coordinates":[42.148994,43.387468]}},{"type":"Feature","properties":{"id":"mount-0855","category":"rounded_mountain","icon":"rounded_mountain_02","variant":2,"rank":1117,"reveal_tier":3,"reveal_zoom":8.8,"icon_size_ref":0.0574128,"icon_width_m":1799,"sort_key":43.555437},"geometry":{"type":"Point","coordinates":[41.855764,43.555437]}},{"type":"Feature","properties":{"id":"hill-0526","category":"plateau","icon":"plateau_03","variant":3,"rank":1118,"reveal_tier":3,"reveal_zoom":8.8,"icon_size_ref":0.0508994,"icon_width_m":1583,"sort_key":44.009361},"geometry":{"type":"Point","coordinates":[41.001191,44.009361]}},{"type":"Feature","properties":{"id":"hill-0269","category":"plateau","icon":"plateau_04","variant":4,"rank":1119,"reveal_tier":3,"reveal_zoom":8.8,"icon_size_ref":0.0587679,"icon_width_m":1834,"sort_key":43.811405},"geometry":{"type":"Point","coordinates":[41.078568,43.811405]}},{"type":"Feature","properties":{"id":"mount-1942","category":"rounded_mountain","icon":"rounded_mountain_04","variant":4,"rank":1120,"reveal_tier":3,"reveal_zoom":8.8,"icon_size_ref":0.0575733,"icon_width_m":1795,"sort_key":43.852935},"geometry":{"type":"Point","coordinates":[40.828017,43.852935]}},{"type":"Feature","properties":{"id":"hill-0258","category":"rounded_hill","icon":"rounded_hill_01","variant":1,"rank":1121,"reveal_tier":3,"reveal_zoom":8.8,"icon_size_ref":0.0544855,"icon_width_m":1700,"sort_key":43.814316},"geometry":{"type":"Point","coordinates":[40.95524,43.814316]}},{"type":"Feature","properties":{"id":"mount-0815","category":"rounded_hill","icon":"rounded_hill_04","variant":4,"rank":1122,"reveal_tier":3,"reveal_zoom":8.8,"icon_size_ref":0.0542901,"icon_width_m":1700,"sort_key":43.598963},"geometry":{"type":"Point","coordinates":[42.045826,43.598963]}},{"type":"Feature","properties":{"id":"rock-0180","category":"rocky_ridge","icon":"rocky_ridge_01","variant":1,"rank":1123,"reveal_tier":3,"reveal_zoom":8.8,"icon_size_ref":0.0509249,"icon_width_m":1601,"sort_key":43.35135},"geometry":{"type":"Point","coordinates":[41.730752,43.35135]}},{"type":"Feature","properties":{"id":"mount-1004","category":"rocky_peak","icon":"rocky_peak_01","variant":1,"rank":1124,"reveal_tier":3,"reveal_zoom":8.8,"icon_size_ref":0.0502208,"icon_width_m":1575,"sort_key":43.5089},"geometry":{"type":"Point","coordinates":[42.037082,43.5089]}},{"type":"Feature","properties":{"id":"mount-0851","category":"rounded_mountain","icon":"rounded_mountain_04","variant":4,"rank":1125,"reveal_tier":3,"reveal_zoom":8.8,"icon_size_ref":0.057191,"icon_width_m":1792,"sort_key":43.563407},"geometry":{"type":"Point","coordinates":[41.646413,43.563407]}},{"type":"Feature","properties":{"id":"mount-0325","category":"steep_mountain","icon":"steep_mountain_02","variant":2,"rank":1126,"reveal_tier":3,"reveal_zoom":8.8,"icon_size_ref":0.0553231,"icon_width_m":1739,"sort_key":43.369782},"geometry":{"type":"Point","coordinates":[41.457853,43.369782]}},{"type":"Feature","properties":{"id":"rock-0337","category":"rocky_peak","icon":"rocky_peak_01","variant":1,"rank":1127,"reveal_tier":3,"reveal_zoom":8.8,"icon_size_ref":0.0568393,"icon_width_m":1791,"sort_key":43.222988},"geometry":{"type":"Point","coordinates":[42.165281,43.222988]}},{"type":"Feature","properties":{"id":"mount-1100","category":"plateau","icon":"plateau_03","variant":3,"rank":1128,"reveal_tier":3,"reveal_zoom":8.8,"icon_size_ref":0.0582665,"icon_width_m":1827,"sort_key":43.514899},"geometry":{"type":"Point","coordinates":[42.559737,43.514899]}},{"type":"Feature","properties":{"id":"mount-1081","category":"plateau","icon":"plateau_04","variant":4,"rank":1129,"reveal_tier":3,"reveal_zoom":8.8,"icon_size_ref":0.0582417,"icon_width_m":1826,"sort_key":43.523371},"geometry":{"type":"Point","coordinates":[42.865359,43.523371]}},{"type":"Feature","properties":{"id":"mount-0811","category":"rounded_mountain","icon":"rounded_mountain_01","variant":1,"rank":1130,"reveal_tier":3,"reveal_zoom":8.8,"icon_size_ref":0.0570735,"icon_width_m":1788,"sort_key":43.565568},"geometry":{"type":"Point","coordinates":[41.993469,43.565568]}},{"type":"Feature","properties":{"id":"hill-0289","category":"plateau","icon":"plateau_01","variant":1,"rank":1131,"reveal_tier":3,"reveal_zoom":8.8,"icon_size_ref":0.0497756,"icon_width_m":1553,"sort_key":43.802826},"geometry":{"type":"Point","coordinates":[41.220177,43.802826]}},{"type":"Feature","properties":{"id":"hill-0505","category":"rounded_hill","icon":"rounded_hill_03","variant":3,"rank":1132,"reveal_tier":3,"reveal_zoom":8.8,"icon_size_ref":0.0546217,"icon_width_m":1700,"sort_key":43.962967},"geometry":{"type":"Point","coordinates":[40.968286,43.962967]}},{"type":"Feature","properties":{"id":"mount-0802","category":"rounded_mountain","icon":"rounded_mountain_04","variant":4,"rank":1133,"reveal_tier":3,"reveal_zoom":8.8,"icon_size_ref":0.0567747,"icon_width_m":1783,"sort_key":43.432658},"geometry":{"type":"Point","coordinates":[41.866289,43.432658]}},{"type":"Feature","properties":{"id":"mount-0682","category":"rocky_peak","icon":"rocky_peak_02","variant":2,"rank":1134,"reveal_tier":3,"reveal_zoom":8.8,"icon_size_ref":0.0565521,"icon_width_m":1781,"sort_key":43.252916},"geometry":{"type":"Point","coordinates":[41.5133,43.252916]}},{"type":"Feature","properties":{"id":"hill-0030","category":"plateau","icon":"plateau_04","variant":4,"rank":1135,"reveal_tier":3,"reveal_zoom":8.8,"icon_size_ref":0.058459,"icon_width_m":1817,"sort_key":44.047144},"geometry":{"type":"Point","coordinates":[41.267309,44.047144]}},{"type":"Feature","properties":{"id":"hill-0455","category":"massif","icon":"massif_04","variant":4,"rank":1136,"reveal_tier":3,"reveal_zoom":8.8,"icon_size_ref":0.0537133,"icon_width_m":1696,"sort_key":43.104892},"geometry":{"type":"Point","coordinates":[43.419803,43.104892]}},{"type":"Feature","properties":{"id":"mount-0549","category":"isolated_peak","icon":"isolated_peak_02","variant":2,"rank":1137,"reveal_tier":3,"reveal_zoom":8.8,"icon_size_ref":0.0541614,"icon_width_m":1700,"sort_key":43.455754},"geometry":{"type":"Point","coordinates":[41.401098,43.455754]}},{"type":"Feature","properties":{"id":"mount-0803","category":"rocky_ridge","icon":"rocky_ridge_01","variant":1,"rank":1138,"reveal_tier":3,"reveal_zoom":8.8,"icon_size_ref":0.0488503,"icon_width_m":1537,"sort_key":43.315296},"geometry":{"type":"Point","coordinates":[41.939288,43.315296]}},{"type":"Feature","properties":{"id":"mount-1460","category":"rounded_mountain","icon":"rounded_mountain_04","variant":4,"rank":1139,"reveal_tier":3,"reveal_zoom":8.8,"icon_size_ref":0.0567999,"icon_width_m":1773,"sort_key":43.779693},"geometry":{"type":"Point","coordinates":[40.954875,43.779693]}},{"type":"Feature","properties":{"id":"rock-0699","category":"rocky_peak","icon":"rocky_peak_02","variant":2,"rank":1140,"reveal_tier":3,"reveal_zoom":8.8,"icon_size_ref":0.0562663,"icon_width_m":1773,"sort_key":43.21678},"geometry":{"type":"Point","coordinates":[41.612531,43.21678]}},{"type":"Feature","properties":{"id":"mount-2077","category":"rocky_ridge","icon":"rocky_ridge_02","variant":2,"rank":1141,"reveal_tier":3,"reveal_zoom":8.8,"icon_size_ref":0.0501531,"icon_width_m":1582,"sort_key":43.173472},"geometry":{"type":"Point","coordinates":[42.8246,43.173472]}},{"type":"Feature","properties":{"id":"rock-0749","category":"rocky_peak","icon":"rocky_peak_03","variant":3,"rank":1142,"reveal_tier":3,"reveal_zoom":8.8,"icon_size_ref":0.0562124,"icon_width_m":1771,"sort_key":43.223551},"geometry":{"type":"Point","coordinates":[41.705153,43.223551]}},{"type":"Feature","properties":{"id":"mount-1486","category":"rounded_hill","icon":"rounded_hill_04","variant":4,"rank":1143,"reveal_tier":3,"reveal_zoom":8.8,"icon_size_ref":0.0544076,"icon_width_m":1700,"sort_key":43.728701},"geometry":{"type":"Point","coordinates":[42.246133,43.728701]}},{"type":"Feature","properties":{"id":"mount-2053","category":"rocky_ridge","icon":"rocky_ridge_01","variant":1,"rank":1144,"reveal_tier":3,"reveal_zoom":8.8,"icon_size_ref":0.0500217,"icon_width_m":1580,"sort_key":43.064459},"geometry":{"type":"Point","coordinates":[43.213123,43.064459]}},{"type":"Feature","properties":{"id":"mount-0452","category":"rounded_mountain","icon":"rounded_mountain_03","variant":3,"rank":1145,"reveal_tier":3,"reveal_zoom":8.8,"icon_size_ref":0.0563908,"icon_width_m":1770,"sort_key":43.471756},"geometry":{"type":"Point","coordinates":[40.827266,43.471756]}},{"type":"Feature","properties":{"id":"hill-0656","category":"rounded_mountain","icon":"rounded_mountain_01","variant":1,"rank":1146,"reveal_tier":3,"reveal_zoom":8.8,"icon_size_ref":0.0565622,"icon_width_m":1769,"sort_key":43.66597},"geometry":{"type":"Point","coordinates":[42.035408,43.66597]}},{"type":"Feature","properties":{"id":"hill-0238","category":"plateau","icon":"plateau_01","variant":1,"rank":1147,"reveal_tier":3,"reveal_zoom":8.8,"icon_size_ref":0.0578256,"icon_width_m":1802,"sort_key":43.878662},"geometry":{"type":"Point","coordinates":[41.03842,43.878662]}},{"type":"Feature","properties":{"id":"hill-0055","category":"plateau","icon":"plateau_01","variant":1,"rank":1148,"reveal_tier":3,"reveal_zoom":8.8,"icon_size_ref":0.0577526,"icon_width_m":1798,"sort_key":43.933645},"geometry":{"type":"Point","coordinates":[41.452789,43.933645]}},{"type":"Feature","properties":{"id":"rock-0226","category":"steep_mountain","icon":"steep_mountain_02","variant":2,"rank":1149,"reveal_tier":3,"reveal_zoom":8.8,"icon_size_ref":0.054349,"icon_width_m":1710,"sort_key":43.293068},"geometry":{"type":"Point","coordinates":[42.201651,43.293068]}},{"type":"Feature","properties":{"id":"mount-0805","category":"rocky_peak","icon":"rocky_peak_03","variant":3,"rank":1150,"reveal_tier":3,"reveal_zoom":8.8,"icon_size_ref":0.054001,"icon_width_m":1696,"sort_key":43.407604},"geometry":{"type":"Point","coordinates":[41.795415,43.407604]}},{"type":"Feature","properties":{"id":"mount-1252","category":"plateau","icon":"plateau_02","variant":2,"rank":1151,"reveal_tier":3,"reveal_zoom":8.8,"icon_size_ref":0.0572968,"icon_width_m":1795,"sort_key":43.580873},"geometry":{"type":"Point","coordinates":[42.300764,43.580873]}},{"type":"Feature","properties":{"id":"mount-1850","category":"steep_mountain","icon":"steep_mountain_04","variant":4,"rank":1152,"reveal_tier":3,"reveal_zoom":8.8,"icon_size_ref":0.0543416,"icon_width_m":1704,"sort_key":43.514417},"geometry":{"type":"Point","coordinates":[41.97832,43.514417]}},{"type":"Feature","properties":{"id":"mount-0995","category":"ridge","icon":"ridge_02","variant":2,"rank":1153,"reveal_tier":3,"reveal_zoom":8.8,"icon_size_ref":0.0498852,"icon_width_m":1567,"sort_key":43.417822},"geometry":{"type":"Point","coordinates":[42.112033,43.417822]}},{"type":"Feature","properties":{"id":"mount-0100","category":"rocky_peak","icon":"rocky_peak_03","variant":3,"rank":1154,"reveal_tier":3,"reveal_zoom":8.8,"icon_size_ref":0.0559052,"icon_width_m":1753,"sort_key":43.504745},"geometry":{"type":"Point","coordinates":[41.055007,43.504745]}},{"type":"Feature","properties":{"id":"hill-0573","category":"plateau","icon":"plateau_02","variant":2,"rank":1155,"reveal_tier":3,"reveal_zoom":8.8,"icon_size_ref":0.0576114,"icon_width_m":1788,"sort_key":44.131317},"geometry":{"type":"Point","coordinates":[41.704144,44.131317]}},{"type":"Feature","properties":{"id":"hill-0200","category":"plateau","icon":"plateau_02","variant":2,"rank":1156,"reveal_tier":3,"reveal_zoom":8.8,"icon_size_ref":0.0573789,"icon_width_m":1788,"sort_key":43.893694},"geometry":{"type":"Point","coordinates":[41.121343,43.893694]}},{"type":"Feature","properties":{"id":"mount-0612","category":"rounded_mountain","icon":"rounded_mountain_01","variant":1,"rank":1157,"reveal_tier":3,"reveal_zoom":8.8,"icon_size_ref":0.0559786,"icon_width_m":1751,"sort_key":43.664139},"geometry":{"type":"Point","coordinates":[41.287576,43.664139]}},{"type":"Feature","properties":{"id":"mount-0034","category":"rounded_mountain","icon":"rounded_mountain_03","variant":3,"rank":1158,"reveal_tier":3,"reveal_zoom":8.8,"icon_size_ref":0.0557962,"icon_width_m":1749,"sort_key":43.52828},"geometry":{"type":"Point","coordinates":[40.732466,43.52828]}},{"type":"Feature","properties":{"id":"rock-0037","category":"ridge","icon":"ridge_03","variant":3,"rank":1159,"reveal_tier":3,"reveal_zoom":8.8,"icon_size_ref":0.0496163,"icon_width_m":1561,"sort_key":43.33189},"geometry":{"type":"Point","coordinates":[42.995059,43.33189]}},{"type":"Feature","properties":{"id":"mount-1061","category":"rounded_hill","icon":"rounded_hill_02","variant":2,"rank":1160,"reveal_tier":3,"reveal_zoom":8.8,"icon_size_ref":0.0541864,"icon_width_m":1700,"sort_key":43.483683},"geometry":{"type":"Point","coordinates":[42.355149,43.483683]}},{"type":"Feature","properties":{"id":"hill-0086","category":"plateau","icon":"plateau_01","variant":1,"rank":1161,"reveal_tier":3,"reveal_zoom":8.8,"icon_size_ref":0.0573733,"icon_width_m":1782,"sort_key":44.07705},"geometry":{"type":"Point","coordinates":[41.10068,44.07705]}},{"type":"Feature","properties":{"id":"rock-0414","category":"ridge","icon":"ridge_01","variant":1,"rank":1162,"reveal_tier":3,"reveal_zoom":8.8,"icon_size_ref":0.0495535,"icon_width_m":1559,"sort_key":43.318606},"geometry":{"type":"Point","coordinates":[42.547592,43.318606]}},{"type":"Feature","properties":{"id":"mount-0647","category":"rocky_peak","icon":"rocky_peak_03","variant":3,"rank":1163,"reveal_tier":3,"reveal_zoom":8.8,"icon_size_ref":0.0554959,"icon_width_m":1746,"sort_key":43.315702},"geometry":{"type":"Point","coordinates":[41.625212,43.315702]}},{"type":"Feature","properties":{"id":"mount-1388","category":"rocky_peak","icon":"rocky_peak_02","variant":2,"rank":1164,"reveal_tier":3,"reveal_zoom":8.8,"icon_size_ref":0.0553566,"icon_width_m":1745,"sort_key":43.201868},"geometry":{"type":"Point","coordinates":[41.760782,43.201868]}},{"type":"Feature","properties":{"id":"rock-0603","category":"rocky_ridge","icon":"rocky_ridge_01","variant":1,"rank":1165,"reveal_tier":3,"reveal_zoom":8.8,"icon_size_ref":0.0494223,"icon_width_m":1557,"sort_key":43.227358},"geometry":{"type":"Point","coordinates":[42.231499,43.227358]}},{"type":"Feature","properties":{"id":"mount-1484","category":"rounded_hill","icon":"rounded_hill_01","variant":1,"rank":1166,"reveal_tier":3,"reveal_zoom":8.8,"icon_size_ref":0.0544121,"icon_width_m":1700,"sort_key":43.733631},"geometry":{"type":"Point","coordinates":[42.213603,43.733631]}},{"type":"Feature","properties":{"id":"mount-1752","category":"ridge","icon":"ridge_03","variant":3,"rank":1167,"reveal_tier":3,"reveal_zoom":8.8,"icon_size_ref":0.0495792,"icon_width_m":1554,"sort_key":43.532029},"geometry":{"type":"Point","coordinates":[41.491209,43.532029]}},{"type":"Feature","properties":{"id":"rock-0430","category":"ridge","icon":"ridge_01","variant":1,"rank":1168,"reveal_tier":3,"reveal_zoom":8.8,"icon_size_ref":0.0494939,"icon_width_m":1554,"sort_key":43.438805},"geometry":{"type":"Point","coordinates":[42.439317,43.438805]}},{"type":"Feature","properties":{"id":"mount-1092","category":"rounded_mountain","icon":"rounded_mountain_01","variant":1,"rank":1169,"reveal_tier":3,"reveal_zoom":8.8,"icon_size_ref":0.0554355,"icon_width_m":1740,"sort_key":43.443307},"geometry":{"type":"Point","coordinates":[42.874843,43.443307]}},{"type":"Feature","properties":{"id":"rock-0270","category":"rocky_peak","icon":"rocky_peak_03","variant":3,"rank":1170,"reveal_tier":3,"reveal_zoom":8.8,"icon_size_ref":0.0490475,"icon_width_m":1552,"sort_key":42.973671},"geometry":{"type":"Point","coordinates":[43.424052,42.973671]}},{"type":"Feature","properties":{"id":"rock-0820","category":"rocky_peak","icon":"rocky_peak_02","variant":2,"rank":1171,"reveal_tier":3,"reveal_zoom":8.8,"icon_size_ref":0.0526644,"icon_width_m":1659,"sort_key":43.248329},"geometry":{"type":"Point","coordinates":[41.879936,43.248329]}},{"type":"Feature","properties":{"id":"mount-0765","category":"rocky_peak","icon":"rocky_peak_02","variant":2,"rank":1172,"reveal_tier":3,"reveal_zoom":8.8,"icon_size_ref":0.0552572,"icon_width_m":1740,"sort_key":43.256721},"geometry":{"type":"Point","coordinates":[41.709788,43.256721]}},{"type":"Feature","properties":{"id":"mount-1029","category":"steep_mountain","icon":"steep_mountain_02","variant":2,"rank":1173,"reveal_tier":3,"reveal_zoom":8.8,"icon_size_ref":0.0537477,"icon_width_m":1689,"sort_key":43.371303},"geometry":{"type":"Point","coordinates":[42.736645,43.371303]}},{"type":"Feature","properties":{"id":"hill-0588","category":"plateau","icon":"plateau_04","variant":4,"rank":1174,"reveal_tier":3,"reveal_zoom":8.8,"icon_size_ref":0.0568241,"icon_width_m":1775,"sort_key":43.73667},"geometry":{"type":"Point","coordinates":[41.382354,43.73667]}},{"type":"Feature","properties":{"id":"hill-0634","category":"rounded_mountain","icon":"rounded_mountain_01","variant":1,"rank":1175,"reveal_tier":3,"reveal_zoom":8.8,"icon_size_ref":0.055594,"icon_width_m":1739,"sort_key":43.646502},"geometry":{"type":"Point","coordinates":[42.110231,43.646502]}},{"type":"Feature","properties":{"id":"hill-0731","category":"plateau","icon":"plateau_02","variant":2,"rank":1176,"reveal_tier":3,"reveal_zoom":8.8,"icon_size_ref":0.0551403,"icon_width_m":1719,"sort_key":43.869606},"geometry":{"type":"Point","coordinates":[41.295333,43.869606]}},{"type":"Feature","properties":{"id":"hill-0359","category":"plateau","icon":"plateau_04","variant":4,"rank":1177,"reveal_tier":3,"reveal_zoom":8.8,"icon_size_ref":0.0568624,"icon_width_m":1772,"sort_key":43.871748},"geometry":{"type":"Point","coordinates":[40.98852,43.871748]}},{"type":"Feature","properties":{"id":"mount-0094","category":"ridge","icon":"ridge_01","variant":1,"rank":1178,"reveal_tier":3,"reveal_zoom":8.8,"icon_size_ref":0.0445468,"icon_width_m":1394,"sort_key":43.624955},"geometry":{"type":"Point","coordinates":[40.993874,43.624955]}},{"type":"Feature","properties":{"id":"mount-1916","category":"ridge","icon":"ridge_01","variant":1,"rank":1179,"reveal_tier":3,"reveal_zoom":8.8,"icon_size_ref":0.0443144,"icon_width_m":1388,"sort_key":43.59427},"geometry":{"type":"Point","coordinates":[40.740963,43.59427]}},{"type":"Feature","properties":{"id":"rock-0031","category":"steep_mountain","icon":"steep_mountain_04","variant":4,"rank":1180,"reveal_tier":3,"reveal_zoom":8.8,"icon_size_ref":0.0536315,"icon_width_m":1684,"sort_key":43.429736},"geometry":{"type":"Point","coordinates":[41.227248,43.429736]}},{"type":"Feature","properties":{"id":"rock-0400","category":"rounded_mountain","icon":"rounded_mountain_04","variant":4,"rank":1181,"reveal_tier":3,"reveal_zoom":8.8,"icon_size_ref":0.0497725,"icon_width_m":1566,"sort_key":43.310073},"geometry":{"type":"Point","coordinates":[42.609648,43.310073]}},{"type":"Feature","properties":{"id":"hill-0486","category":"rounded_hill","icon":"rounded_hill_04","variant":4,"rank":1182,"reveal_tier":3,"reveal_zoom":8.8,"icon_size_ref":0.0544666,"icon_width_m":1700,"sort_key":43.793503},"geometry":{"type":"Point","coordinates":[42.88481,43.793503]}},{"type":"Feature","properties":{"id":"rock-0287","category":"rounded_mountain","icon":"rounded_mountain_01","variant":1,"rank":1183,"reveal_tier":3,"reveal_zoom":8.8,"icon_size_ref":0.0549159,"icon_width_m":1732,"sort_key":43.175279},"geometry":{"type":"Point","coordinates":[42.148447,43.175279]}},{"type":"Feature","properties":{"id":"mount-0674","category":"ridge","icon":"ridge_01","variant":1,"rank":1184,"reveal_tier":3,"reveal_zoom":8.8,"icon_size_ref":0.0492686,"icon_width_m":1545,"sort_key":43.498013},"geometry":{"type":"Point","coordinates":[41.91237,43.498013]}},{"type":"Feature","properties":{"id":"hill-0264","category":"rounded_mountain","icon":"rounded_mountain_02","variant":2,"rank":1185,"reveal_tier":3,"reveal_zoom":8.8,"icon_size_ref":0.0554778,"icon_width_m":1730,"sort_key":43.834504},"geometry":{"type":"Point","coordinates":[41.127212,43.834504]}},{"type":"Feature","properties":{"id":"mount-0395","category":"ridge","icon":"ridge_04","variant":4,"rank":1186,"reveal_tier":3,"reveal_zoom":8.8,"icon_size_ref":0.0494044,"icon_width_m":1544,"sort_key":43.701862},"geometry":{"type":"Point","coordinates":[41.102428,43.701862]}},{"type":"Feature","properties":{"id":"mount-0409","category":"rounded_mountain","icon":"rounded_mountain_03","variant":3,"rank":1187,"reveal_tier":3,"reveal_zoom":8.8,"icon_size_ref":0.0486695,"icon_width_m":1524,"sort_key":43.595746},"geometry":{"type":"Point","coordinates":[41.106527,43.595746]}},{"type":"Feature","properties":{"id":"rock-0586","category":"rocky_peak","icon":"rocky_peak_01","variant":1,"rank":1188,"reveal_tier":3,"reveal_zoom":8.8,"icon_size_ref":0.0547996,"icon_width_m":1727,"sort_key":43.215341},"geometry":{"type":"Point","coordinates":[41.985358,43.215341]}},{"type":"Feature","properties":{"id":"mount-1552","category":"steep_mountain","icon":"steep_mountain_01","variant":1,"rank":1189,"reveal_tier":3,"reveal_zoom":8.8,"icon_size_ref":0.052941,"icon_width_m":1675,"sort_key":42.976921},"geometry":{"type":"Point","coordinates":[43.199615,42.976921]}},{"type":"Feature","properties":{"id":"hill-0006","category":"rounded_hill","icon":"rounded_hill_01","variant":1,"rank":1190,"reveal_tier":3,"reveal_zoom":8.8,"icon_size_ref":0.0542462,"icon_width_m":1700,"sort_key":43.550166},"geometry":{"type":"Point","coordinates":[41.27983,43.550166]}},{"type":"Feature","properties":{"id":"mount-0150","category":"steep_mountain","icon":"steep_mountain_04","variant":4,"rank":1191,"reveal_tier":3,"reveal_zoom":8.8,"icon_size_ref":0.0533965,"icon_width_m":1674,"sort_key":43.525596},"geometry":{"type":"Point","coordinates":[40.846696,43.525596]}},{"type":"Feature","properties":{"id":"mount-1230","category":"steep_mountain","icon":"steep_mountain_02","variant":2,"rank":1192,"reveal_tier":3,"reveal_zoom":8.8,"icon_size_ref":0.0532001,"icon_width_m":1673,"sort_key":43.325529},"geometry":{"type":"Point","coordinates":[41.266612,43.325529]}},{"type":"Feature","properties":{"id":"hill-0559","category":"plateau","icon":"plateau_03","variant":3,"rank":1193,"reveal_tier":3,"reveal_zoom":8.8,"icon_size_ref":0.0564577,"icon_width_m":1758,"sort_key":43.923005},"geometry":{"type":"Point","coordinates":[41.131235,43.923005]}},{"type":"Feature","properties":{"id":"mount-0910","category":"isolated_peak","icon":"isolated_peak_04","variant":4,"rank":1194,"reveal_tier":3,"reveal_zoom":8.8,"icon_size_ref":0.0541398,"icon_width_m":1700,"sort_key":43.431598},"geometry":{"type":"Point","coordinates":[41.702288,43.431598]}},{"type":"Feature","properties":{"id":"mount-0006","category":"steep_mountain","icon":"steep_mountain_04","variant":4,"rank":1195,"reveal_tier":3,"reveal_zoom":8.8,"icon_size_ref":0.0530338,"icon_width_m":1672,"sort_key":43.18286},"geometry":{"type":"Point","coordinates":[41.956143,43.18286]}},{"type":"Feature","properties":{"id":"mount-0792","category":"ridge","icon":"ridge_04","variant":4,"rank":1196,"reveal_tier":3,"reveal_zoom":8.8,"icon_size_ref":0.0488554,"icon_width_m":1537,"sort_key":43.32165},"geometry":{"type":"Point","coordinates":[41.962087,43.32165]}},{"type":"Feature","properties":{"id":"mount-0537","category":"rounded_mountain","icon":"rounded_mountain_01","variant":1,"rank":1197,"reveal_tier":3,"reveal_zoom":8.8,"icon_size_ref":0.0548492,"icon_width_m":1721,"sort_key":43.488183},"geometry":{"type":"Point","coordinates":[41.200887,43.488183]}},{"type":"Feature","properties":{"id":"mount-1159","category":"ridge","icon":"ridge_01","variant":1,"rank":1198,"reveal_tier":3,"reveal_zoom":8.8,"icon_size_ref":0.0487726,"icon_width_m":1534,"sort_key":43.339006},"geometry":{"type":"Point","coordinates":[43.095235,43.339006]}},{"type":"Feature","properties":{"id":"mount-0862","category":"rounded_hill","icon":"rounded_hill_02","variant":2,"rank":1199,"reveal_tier":3,"reveal_zoom":8.8,"icon_size_ref":0.0539946,"icon_width_m":1700,"sort_key":43.268675},"geometry":{"type":"Point","coordinates":[42.045343,43.268675]}},{"type":"Feature","properties":{"id":"hill-0679","category":"rounded_hill","icon":"rounded_hill_03","variant":3,"rank":1200,"reveal_tier":3,"reveal_zoom":8.8,"icon_size_ref":0.0545863,"icon_width_m":1700,"sort_key":43.924465},"geometry":{"type":"Point","coordinates":[40.8653,43.924465]}},{"type":"Feature","properties":{"id":"mount-0251","category":"ridge","icon":"ridge_02","variant":2,"rank":1201,"reveal_tier":3,"reveal_zoom":8.8,"icon_size_ref":0.0490287,"icon_width_m":1533,"sort_key":43.695393},"geometry":{"type":"Point","coordinates":[40.916766,43.695393]}},{"type":"Feature","properties":{"id":"hill-0508","category":"plateau","icon":"plateau_04","variant":4,"rank":1202,"reveal_tier":3,"reveal_zoom":8.8,"icon_size_ref":0.0449219,"icon_width_m":1396,"sort_key":44.05945},"geometry":{"type":"Point","coordinates":[41.075478,44.05945]}},{"type":"Feature","properties":{"id":"mount-1683","category":"rounded_hill","icon":"rounded_hill_01","variant":1,"rank":1203,"reveal_tier":3,"reveal_zoom":8.8,"icon_size_ref":0.0466724,"icon_width_m":1462,"sort_key":43.56853},"geometry":{"type":"Point","coordinates":[42.538762,43.56853]}},{"type":"Feature","properties":{"id":"rock-0119","category":"rocky_peak","icon":"rocky_peak_04","variant":4,"rank":1204,"reveal_tier":3,"reveal_zoom":8.8,"icon_size_ref":0.0545812,"icon_width_m":1716,"sort_key":43.370827},"geometry":{"type":"Point","coordinates":[41.551419,43.370827]}},{"type":"Feature","properties":{"id":"rock-0252","category":"rocky_peak","icon":"rocky_peak_03","variant":3,"rank":1205,"reveal_tier":3,"reveal_zoom":8.8,"icon_size_ref":0.0546068,"icon_width_m":1715,"sort_key":43.413933},"geometry":{"type":"Point","coordinates":[41.42719,43.413933]}},{"type":"Feature","properties":{"id":"mount-1266","category":"rocky_peak","icon":"rocky_peak_03","variant":3,"rank":1206,"reveal_tier":3,"reveal_zoom":8.8,"icon_size_ref":0.0541386,"icon_width_m":1712,"sort_key":43.010971},"geometry":{"type":"Point","coordinates":[42.994834,43.010971]}},{"type":"Feature","properties":{"id":"mount-0740","category":"rocky_ridge","icon":"rocky_ridge_02","variant":2,"rank":1207,"reveal_tier":3,"reveal_zoom":8.8,"icon_size_ref":0.0485148,"icon_width_m":1528,"sort_key":43.24725},"geometry":{"type":"Point","coordinates":[41.76282,43.24725]}},{"type":"Feature","properties":{"id":"mount-1842","category":"rounded_mountain","icon":"rounded_mountain_03","variant":3,"rank":1208,"reveal_tier":3,"reveal_zoom":8.8,"icon_size_ref":0.0548644,"icon_width_m":1710,"sort_key":43.878021},"geometry":{"type":"Point","coordinates":[40.77051,43.878021]}},{"type":"Feature","properties":{"id":"mount-1743","category":"rounded_hill","icon":"rounded_hill_01","variant":1,"rank":1209,"reveal_tier":3,"reveal_zoom":8.8,"icon_size_ref":0.0543698,"icon_width_m":1700,"sort_key":43.686999},"geometry":{"type":"Point","coordinates":[42.454069,43.686999]}},{"type":"Feature","properties":{"id":"mount-1443","category":"ridge","icon":"ridge_02","variant":2,"rank":1210,"reveal_tier":3,"reveal_zoom":8.8,"icon_size_ref":0.048452,"icon_width_m":1520,"sort_key":43.496122},"geometry":{"type":"Point","coordinates":[41.354567,43.496122]}},{"type":"Feature","properties":{"id":"hill-0233","category":"plateau","icon":"plateau_04","variant":4,"rank":1211,"reveal_tier":3,"reveal_zoom":8.8,"icon_size_ref":0.055653,"icon_width_m":1735,"sort_key":43.857871},"geometry":{"type":"Point","coordinates":[41.17178,43.857871]}},{"type":"Feature","properties":{"id":"rock-0707","category":"rocky_ridge","icon":"rocky_ridge_01","variant":1,"rank":1212,"reveal_tier":3,"reveal_zoom":8.8,"icon_size_ref":0.0482741,"icon_width_m":1518,"sort_key":43.350632},"geometry":{"type":"Point","coordinates":[41.429304,43.350632]}},{"type":"Feature","properties":{"id":"mount-1505","category":"ridge","icon":"ridge_01","variant":1,"rank":1213,"reveal_tier":3,"reveal_zoom":8.8,"icon_size_ref":0.0484565,"icon_width_m":1517,"sort_key":43.59326},"geometry":{"type":"Point","coordinates":[41.185727,43.59326]}},{"type":"Feature","properties":{"id":"mount-1626","category":"ridge","icon":"ridge_01","variant":1,"rank":1214,"reveal_tier":3,"reveal_zoom":8.8,"icon_size_ref":0.0482452,"icon_width_m":1514,"sort_key":43.461711},"geometry":{"type":"Point","coordinates":[41.533996,43.461711]}},{"type":"Feature","properties":{"id":"mount-1248","category":"rounded_hill","icon":"rounded_hill_03","variant":3,"rank":1215,"reveal_tier":3,"reveal_zoom":8.8,"icon_size_ref":0.0544075,"icon_width_m":1700,"sort_key":43.728608},"geometry":{"type":"Point","coordinates":[42.179314,43.728608]}},{"type":"Feature","properties":{"id":"hill-0270","category":"plateau","icon":"plateau_01","variant":1,"rank":1216,"reveal_tier":3,"reveal_zoom":8.8,"icon_size_ref":0.0554659,"icon_width_m":1730,"sort_key":43.839039},"geometry":{"type":"Point","coordinates":[40.973028,43.839039]}},{"type":"Feature","properties":{"id":"mount-1530","category":"plateau","icon":"plateau_02","variant":2,"rank":1217,"reveal_tier":3,"reveal_zoom":8.8,"icon_size_ref":0.0552138,"icon_width_m":1729,"sort_key":43.591123},"geometry":{"type":"Point","coordinates":[42.388666,43.591123]}},{"type":"Feature","properties":{"id":"rock-0112","category":"rocky_peak","icon":"rocky_peak_04","variant":4,"rank":1218,"reveal_tier":3,"reveal_zoom":8.8,"icon_size_ref":0.0538141,"icon_width_m":1693,"sort_key":43.300462},"geometry":{"type":"Point","coordinates":[41.877168,43.300462]}},{"type":"Feature","properties":{"id":"rock-0809","category":"rounded_hill","icon":"rounded_hill_01","variant":1,"rank":1219,"reveal_tier":3,"reveal_zoom":8.8,"icon_size_ref":0.0539775,"icon_width_m":1700,"sort_key":43.249337},"geometry":{"type":"Point","coordinates":[43.016281,43.249337]}},{"type":"Feature","properties":{"id":"mount-0724","category":"rocky_peak","icon":"rocky_peak_01","variant":1,"rank":1220,"reveal_tier":3,"reveal_zoom":8.8,"icon_size_ref":0.0537524,"icon_width_m":1693,"sort_key":43.24482},"geometry":{"type":"Point","coordinates":[41.808268,43.24482]}},{"type":"Feature","properties":{"id":"hill-0688","category":"rounded_mountain","icon":"rounded_mountain_02","variant":2,"rank":1221,"reveal_tier":3,"reveal_zoom":8.8,"icon_size_ref":0.0543128,"icon_width_m":1693,"sort_key":43.886712},"geometry":{"type":"Point","coordinates":[40.861233,43.886712]}},{"type":"Feature","properties":{"id":"mount-0009","category":"ridge","icon":"ridge_03","variant":3,"rank":1222,"reveal_tier":3,"reveal_zoom":8.8,"icon_size_ref":0.0477652,"icon_width_m":1506,"sort_key":43.184237},"geometry":{"type":"Point","coordinates":[41.670134,43.184237]}},{"type":"Feature","properties":{"id":"rock-0311","category":"rocky_peak","icon":"rocky_peak_01","variant":1,"rank":1223,"reveal_tier":3,"reveal_zoom":8.8,"icon_size_ref":0.0534271,"icon_width_m":1686,"sort_key":43.117087},"geometry":{"type":"Point","coordinates":[42.633669,43.117087]}},{"type":"Feature","properties":{"id":"mount-0408","category":"rounded_hill","icon":"rounded_hill_02","variant":2,"rank":1224,"reveal_tier":3,"reveal_zoom":8.8,"icon_size_ref":0.0542682,"icon_width_m":1700,"sort_key":43.574585},"geometry":{"type":"Point","coordinates":[41.085112,43.574585]}},{"type":"Feature","properties":{"id":"mount-1940","category":"rounded_mountain","icon":"rounded_mountain_04","variant":4,"rank":1225,"reveal_tier":3,"reveal_zoom":8.8,"icon_size_ref":0.0535761,"icon_width_m":1681,"sort_key":43.465107},"geometry":{"type":"Point","coordinates":[42.453039,43.465107]}},{"type":"Feature","properties":{"id":"rock-0436","category":"steep_mountain","icon":"steep_mountain_03","variant":3,"rank":1226,"reveal_tier":3,"reveal_zoom":8.8,"icon_size_ref":0.0519177,"icon_width_m":1632,"sort_key":43.377097},"geometry":{"type":"Point","coordinates":[42.791544,43.377097]}},{"type":"Feature","properties":{"id":"mount-1449","category":"ridge","icon":"ridge_04","variant":4,"rank":1227,"reveal_tier":3,"reveal_zoom":8.8,"icon_size_ref":0.0477467,"icon_width_m":1500,"sort_key":43.387031},"geometry":{"type":"Point","coordinates":[42.214622,43.387031]}},{"type":"Feature","properties":{"id":"mount-1167","category":"rounded_hill","icon":"rounded_hill_01","variant":1,"rank":1228,"reveal_tier":3,"reveal_zoom":8.8,"icon_size_ref":0.0541591,"icon_width_m":1700,"sort_key":43.453223},"geometry":{"type":"Point","coordinates":[42.793111,43.453223]}},{"type":"Feature","properties":{"id":"mount-0523","category":"rocky_peak","icon":"rocky_peak_02","variant":2,"rank":1229,"reveal_tier":3,"reveal_zoom":8.8,"icon_size_ref":0.0534638,"icon_width_m":1678,"sort_key":43.451447},"geometry":{"type":"Point","coordinates":[41.000462,43.451447]}},{"type":"Feature","properties":{"id":"rock-0845","category":"rounded_mountain","icon":"rounded_mountain_01","variant":1,"rank":1230,"reveal_tier":3,"reveal_zoom":8.8,"icon_size_ref":0.0533197,"icon_width_m":1678,"sort_key":43.311244},"geometry":{"type":"Point","coordinates":[42.516843,43.311244]}},{"type":"Feature","properties":{"id":"mount-1699","category":"plateau","icon":"plateau_01","variant":1,"rank":1231,"reveal_tier":3,"reveal_zoom":8.8,"icon_size_ref":0.05458,"icon_width_m":1712,"sort_key":43.513405},"geometry":{"type":"Point","coordinates":[42.299273,43.513405]}},{"type":"Feature","properties":{"id":"mount-1619","category":"rocky_peak","icon":"rocky_peak_04","variant":4,"rank":1232,"reveal_tier":3,"reveal_zoom":8.8,"icon_size_ref":0.053194,"icon_width_m":1676,"sort_key":43.217492},"geometry":{"type":"Point","coordinates":[41.568629,43.217492]}},{"type":"Feature","properties":{"id":"mount-1016","category":"steep_mountain","icon":"steep_mountain_04","variant":4,"rank":1233,"reveal_tier":3,"reveal_zoom":8.8,"icon_size_ref":0.0518003,"icon_width_m":1627,"sort_key":43.403902},"geometry":{"type":"Point","coordinates":[42.320184,43.403902]}},{"type":"Feature","properties":{"id":"hill-0701","category":"rounded_mountain","icon":"rounded_mountain_03","variant":3,"rank":1234,"reveal_tier":3,"reveal_zoom":8.8,"icon_size_ref":0.0533722,"icon_width_m":1672,"sort_key":43.563368},"geometry":{"type":"Point","coordinates":[42.180473,43.563368]}},{"type":"Feature","properties":{"id":"rock-0656","category":"rocky_peak","icon":"rocky_peak_04","variant":4,"rank":1235,"reveal_tier":3,"reveal_zoom":8.8,"icon_size_ref":0.0529154,"icon_width_m":1674,"sort_key":42.975116},"geometry":{"type":"Point","coordinates":[43.388304,42.975116]}},{"type":"Feature","properties":{"id":"hill-0530","category":"rounded_hill","icon":"rounded_hill_02","variant":2,"rank":1236,"reveal_tier":3,"reveal_zoom":8.8,"icon_size_ref":0.0518857,"icon_width_m":1613,"sort_key":44.031966},"geometry":{"type":"Point","coordinates":[41.042422,44.031966]}},{"type":"Feature","properties":{"id":"hill-0015","category":"rounded_hill","icon":"rounded_hill_04","variant":4,"rank":1237,"reveal_tier":3,"reveal_zoom":8.8,"icon_size_ref":0.054483,"icon_width_m":1700,"sort_key":43.811522},"geometry":{"type":"Point","coordinates":[40.921304,43.811522]}},{"type":"Feature","properties":{"id":"hill-0209","category":"plateau","icon":"plateau_02","variant":2,"rank":1238,"reveal_tier":3,"reveal_zoom":8.8,"icon_size_ref":0.0548315,"icon_width_m":1707,"sort_key":43.946068},"geometry":{"type":"Point","coordinates":[41.317016,43.946068]}},{"type":"Feature","properties":{"id":"mount-0384","category":"plateau","icon":"plateau_03","variant":3,"rank":1239,"reveal_tier":3,"reveal_zoom":8.8,"icon_size_ref":0.0545897,"icon_width_m":1705,"sort_key":43.743212},"geometry":{"type":"Point","coordinates":[41.277555,43.743212]}},{"type":"Feature","properties":{"id":"mount-1151","category":"rounded_mountain","icon":"rounded_mountain_02","variant":2,"rank":1240,"reveal_tier":3,"reveal_zoom":8.8,"icon_size_ref":0.0529612,"icon_width_m":1669,"sort_key":43.217687},"geometry":{"type":"Point","coordinates":[42.989244,43.217687]}},{"type":"Feature","properties":{"id":"rock-0591","category":"rocky_ridge","icon":"rocky_ridge_03","variant":3,"rank":1241,"reveal_tier":3,"reveal_zoom":8.8,"icon_size_ref":0.0472669,"icon_width_m":1490,"sort_key":43.202141},"geometry":{"type":"Point","coordinates":[42.033391,43.202141]}},{"type":"Feature","properties":{"id":"mount-1288","category":"steep_mountain","icon":"steep_mountain_03","variant":3,"rank":1242,"reveal_tier":3,"reveal_zoom":8.8,"icon_size_ref":0.0511543,"icon_width_m":1620,"sort_key":42.913598},"geometry":{"type":"Point","coordinates":[43.274621,42.913598]}},{"type":"Feature","properties":{"id":"mount-0103","category":"ridge","icon":"ridge_04","variant":4,"rank":1243,"reveal_tier":3,"reveal_zoom":8.8,"icon_size_ref":0.0474617,"icon_width_m":1490,"sort_key":43.460146},"geometry":{"type":"Point","coordinates":[41.215264,43.460146]}},{"type":"Feature","properties":{"id":"mount-1372","category":"plateau","icon":"plateau_01","variant":1,"rank":1244,"reveal_tier":3,"reveal_zoom":8.8,"icon_size_ref":0.0541731,"icon_width_m":1700,"sort_key":43.472395},"geometry":{"type":"Point","coordinates":[42.716421,43.472395]}},{"type":"Feature","properties":{"id":"mount-1432","category":"rounded_mountain","icon":"rounded_mountain_02","variant":2,"rank":1245,"reveal_tier":3,"reveal_zoom":8.8,"icon_size_ref":0.0531312,"icon_width_m":1666,"sort_key":43.528342},"geometry":{"type":"Point","coordinates":[42.015356,43.528342]}},{"type":"Feature","properties":{"id":"hill-0778","category":"plateau","icon":"plateau_01","variant":1,"rank":1246,"reveal_tier":3,"reveal_zoom":8.8,"icon_size_ref":0.0546449,"icon_width_m":1698,"sort_key":44.067044},"geometry":{"type":"Point","coordinates":[41.154313,44.067044]}},{"type":"Feature","properties":{"id":"mount-0969","category":"massif","icon":"massif_04","variant":4,"rank":1247,"reveal_tier":3,"reveal_zoom":8.8,"icon_size_ref":0.0503396,"icon_width_m":1583,"sort_key":43.352114},"geometry":{"type":"Point","coordinates":[41.874186,43.352114]}},{"type":"Feature","properties":{"id":"mount-1153","category":"steep_mountain","icon":"steep_mountain_04","variant":4,"rank":1248,"reveal_tier":3,"reveal_zoom":8.8,"icon_size_ref":0.0512821,"icon_width_m":1612,"sort_key":43.351061},"geometry":{"type":"Point","coordinates":[42.906858,43.351061]}},{"type":"Feature","properties":{"id":"mount-0366","category":"steep_mountain","icon":"steep_mountain_02","variant":2,"rank":1249,"reveal_tier":3,"reveal_zoom":8.8,"icon_size_ref":0.0516178,"icon_width_m":1612,"sort_key":43.752629},"geometry":{"type":"Point","coordinates":[40.783911,43.752629]}},{"type":"Feature","properties":{"id":"mount-0152","category":"ridge","icon":"ridge_02","variant":2,"rank":1250,"reveal_tier":3,"reveal_zoom":8.8,"icon_size_ref":0.047162,"icon_width_m":1478,"sort_key":43.567255},"geometry":{"type":"Point","coordinates":[40.809628,43.567255]}},{"type":"Feature","properties":{"id":"rock-0557","category":"rocky_peak","icon":"rocky_peak_01","variant":1,"rank":1251,"reveal_tier":3,"reveal_zoom":8.8,"icon_size_ref":0.0522611,"icon_width_m":1655,"sort_key":42.928502},"geometry":{"type":"Point","coordinates":[43.177471,42.928502]}},{"type":"Feature","properties":{"id":"mount-0698","category":"rocky_peak","icon":"rocky_peak_03","variant":3,"rank":1252,"reveal_tier":3,"reveal_zoom":8.8,"icon_size_ref":0.0523971,"icon_width_m":1652,"sort_key":43.194312},"geometry":{"type":"Point","coordinates":[41.632465,43.194312]}},{"type":"Feature","properties":{"id":"hill-0401","category":"ridge","icon":"ridge_03","variant":3,"rank":1253,"reveal_tier":3,"reveal_zoom":8.8,"icon_size_ref":0.0471434,"icon_width_m":1474,"sort_key":43.682848},"geometry":{"type":"Point","coordinates":[41.876128,43.682848]}},{"type":"Feature","properties":{"id":"mount-0142","category":"rounded_mountain","icon":"rounded_mountain_01","variant":1,"rank":1254,"reveal_tier":3,"reveal_zoom":8.8,"icon_size_ref":0.0526944,"icon_width_m":1651,"sort_key":43.562287},"geometry":{"type":"Point","coordinates":[40.928932,43.562287]}},{"type":"Feature","properties":{"id":"mount-1305","category":"ridge","icon":"ridge_03","variant":3,"rank":1255,"reveal_tier":3,"reveal_zoom":8.8,"icon_size_ref":0.0469094,"icon_width_m":1474,"sort_key":43.385316},"geometry":{"type":"Point","coordinates":[41.097504,43.385316]}},{"type":"Feature","properties":{"id":"mount-0572","category":"rounded_hill","icon":"rounded_hill_04","variant":4,"rank":1256,"reveal_tier":3,"reveal_zoom":8.8,"icon_size_ref":0.0537096,"icon_width_m":1683,"sort_key":43.548245},"geometry":{"type":"Point","coordinates":[41.341542,43.548245]}},{"type":"Feature","properties":{"id":"rock-0443","category":"steep_mountain","icon":"steep_mountain_04","variant":4,"rank":1257,"reveal_tier":3,"reveal_zoom":8.8,"icon_size_ref":0.0509728,"icon_width_m":1601,"sort_key":43.40182},"geometry":{"type":"Point","coordinates":[42.76734,43.40182]}},{"type":"Feature","properties":{"id":"mount-0738","category":"rocky_peak","icon":"rocky_peak_04","variant":4,"rank":1258,"reveal_tier":3,"reveal_zoom":8.8,"icon_size_ref":0.0522429,"icon_width_m":1647,"sort_key":43.205997},"geometry":{"type":"Point","coordinates":[41.669394,43.205997]}},{"type":"Feature","properties":{"id":"mount-0563","category":"rounded_hill","icon":"rounded_hill_02","variant":2,"rank":1259,"reveal_tier":3,"reveal_zoom":8.8,"icon_size_ref":0.0535758,"icon_width_m":1679,"sort_key":43.54798},"geometry":{"type":"Point","coordinates":[41.194289,43.54798]}},{"type":"Feature","properties":{"id":"rock-0302","category":"ridge","icon":"ridge_01","variant":1,"rank":1260,"reveal_tier":3,"reveal_zoom":8.8,"icon_size_ref":0.0464326,"icon_width_m":1468,"sort_key":43.002748},"geometry":{"type":"Point","coordinates":[43.227242,43.002748]}},{"type":"Feature","properties":{"id":"hill-0388","category":"rounded_mountain","icon":"rounded_mountain_01","variant":1,"rank":1261,"reveal_tier":3,"reveal_zoom":8.8,"icon_size_ref":0.0524592,"icon_width_m":1644,"sort_key":43.55466},"geometry":{"type":"Point","coordinates":[41.759473,43.55466]}},{"type":"Feature","properties":{"id":"rock-0506","category":"rocky_peak","icon":"rocky_peak_03","variant":3,"rank":1262,"reveal_tier":3,"reveal_zoom":8.8,"icon_size_ref":0.0522218,"icon_width_m":1643,"sort_key":43.327347},"geometry":{"type":"Point","coordinates":[41.436621,43.327347]}},{"type":"Feature","properties":{"id":"mount-0718","category":"steep_mountain","icon":"steep_mountain_02","variant":2,"rank":1263,"reveal_tier":3,"reveal_zoom":8.8,"icon_size_ref":0.0506635,"icon_width_m":1595,"sort_key":43.291365},"geometry":{"type":"Point","coordinates":[41.742672,43.291365]}},{"type":"Feature","properties":{"id":"mount-1078","category":"rounded_hill","icon":"rounded_hill_04","variant":4,"rank":1264,"reveal_tier":3,"reveal_zoom":8.8,"icon_size_ref":0.0532997,"icon_width_m":1673,"sort_key":43.443486},"geometry":{"type":"Point","coordinates":[42.756547,43.443486]}},{"type":"Feature","properties":{"id":"mount-1351","category":"rounded_mountain","icon":"rounded_mountain_03","variant":3,"rank":1265,"reveal_tier":3,"reveal_zoom":8.8,"icon_size_ref":0.0517699,"icon_width_m":1639,"sort_key":42.940795},"geometry":{"type":"Point","coordinates":[43.289073,42.940795]}},{"type":"Feature","properties":{"id":"mount-1245","category":"rounded_hill","icon":"rounded_hill_02","variant":2,"rank":1266,"reveal_tier":3,"reveal_zoom":8.8,"icon_size_ref":0.0534543,"icon_width_m":1672,"sort_key":43.663836},"geometry":{"type":"Point","coordinates":[42.562494,43.663836]}},{"type":"Feature","properties":{"id":"mount-1847","category":"rounded_mountain","icon":"rounded_mountain_04","variant":4,"rank":1267,"reveal_tier":3,"reveal_zoom":8.8,"icon_size_ref":0.052334,"icon_width_m":1637,"sort_key":43.66167},"geometry":{"type":"Point","coordinates":[40.97542,43.66167]}},{"type":"Feature","properties":{"id":"hill-0372","category":"ridge","icon":"ridge_01","variant":1,"rank":1268,"reveal_tier":3,"reveal_zoom":8.8,"icon_size_ref":0.0467724,"icon_width_m":1461,"sort_key":43.732119},"geometry":{"type":"Point","coordinates":[41.901512,43.732119]}},{"type":"Feature","properties":{"id":"mount-1799","category":"plateau","icon":"plateau_04","variant":4,"rank":1269,"reveal_tier":3,"reveal_zoom":8.8,"icon_size_ref":0.0533857,"icon_width_m":1667,"sort_key":43.752203},"geometry":{"type":"Point","coordinates":[42.233816,43.752203]}},{"type":"Feature","properties":{"id":"mount-0431","category":"rounded_mountain","icon":"rounded_mountain_02","variant":2,"rank":1270,"reveal_tier":3,"reveal_zoom":8.8,"icon_size_ref":0.0521655,"icon_width_m":1632,"sort_key":43.63717},"geometry":{"type":"Point","coordinates":[40.918547,43.63717]}},{"type":"Feature","properties":{"id":"mount-1565","category":"rounded_hill","icon":"rounded_hill_03","variant":3,"rank":1271,"reveal_tier":3,"reveal_zoom":8.8,"icon_size_ref":0.0530848,"icon_width_m":1666,"sort_key":43.475836},"geometry":{"type":"Point","coordinates":[42.831434,43.475836]}},{"type":"Feature","properties":{"id":"mount-0589","category":"rounded_mountain","icon":"rounded_mountain_04","variant":4,"rank":1272,"reveal_tier":3,"reveal_zoom":8.8,"icon_size_ref":0.0521099,"icon_width_m":1632,"sort_key":43.598994},"geometry":{"type":"Point","coordinates":[41.298476,43.598994]}},{"type":"Feature","properties":{"id":"mount-1682","category":"plateau","icon":"plateau_02","variant":2,"rank":1273,"reveal_tier":3,"reveal_zoom":8.8,"icon_size_ref":0.053094,"icon_width_m":1662,"sort_key":43.602871},"geometry":{"type":"Point","coordinates":[42.517776,43.602871]}},{"type":"Feature","properties":{"id":"mount-1395","category":"ridge","icon":"ridge_01","variant":1,"rank":1274,"reveal_tier":3,"reveal_zoom":8.8,"icon_size_ref":0.0463918,"icon_width_m":1454,"sort_key":43.536992},"geometry":{"type":"Point","coordinates":[41.660296,43.536992]}},{"type":"Feature","properties":{"id":"hill-0720","category":"plateau","icon":"plateau_04","variant":4,"rank":1275,"reveal_tier":3,"reveal_zoom":8.8,"icon_size_ref":0.0532465,"icon_width_m":1661,"sort_key":43.836229},"geometry":{"type":"Point","coordinates":[41.225456,43.836229]}},{"type":"Feature","properties":{"id":"hill-0685","category":"rounded_hill","icon":"rounded_hill_01","variant":1,"rank":1276,"reveal_tier":3,"reveal_zoom":8.8,"icon_size_ref":0.0533062,"icon_width_m":1660,"sort_key":43.914612},"geometry":{"type":"Point","coordinates":[41.168808,43.914612]}},{"type":"Feature","properties":{"id":"mount-1150","category":"rounded_mountain","icon":"rounded_mountain_03","variant":3,"rank":1277,"reveal_tier":3,"reveal_zoom":8.8,"icon_size_ref":0.0517273,"icon_width_m":1626,"sort_key":43.356623},"geometry":{"type":"Point","coordinates":[42.992045,43.356623]}},{"type":"Feature","properties":{"id":"mount-0458","category":"rounded_mountain","icon":"rounded_mountain_02","variant":2,"rank":1278,"reveal_tier":3,"reveal_zoom":8.8,"icon_size_ref":0.0496402,"icon_width_m":1558,"sort_key":43.44534},"geometry":{"type":"Point","coordinates":[40.876994,43.44534]}},{"type":"Feature","properties":{"id":"mount-1863","category":"plateau","icon":"plateau_04","variant":4,"rank":1279,"reveal_tier":3,"reveal_zoom":8.8,"icon_size_ref":0.0527084,"icon_width_m":1655,"sort_key":43.434527},"geometry":{"type":"Point","coordinates":[42.529074,43.434527]}},{"type":"Feature","properties":{"id":"rock-0309","category":"steep_mountain","icon":"steep_mountain_02","variant":2,"rank":1280,"reveal_tier":3,"reveal_zoom":8.8,"icon_size_ref":0.0497772,"icon_width_m":1571,"sort_key":43.107218},"geometry":{"type":"Point","coordinates":[43.09723,43.107218]}},{"type":"Feature","properties":{"id":"mount-1574","category":"rounded_hill","icon":"rounded_hill_02","variant":2,"rank":1281,"reveal_tier":3,"reveal_zoom":8.8,"icon_size_ref":0.0528373,"icon_width_m":1651,"sort_key":43.717962},"geometry":{"type":"Point","coordinates":[41.225306,43.717962]}},{"type":"Feature","properties":{"id":"mount-0374","category":"rocky_peak","icon":"rocky_peak_04","variant":4,"rank":1282,"reveal_tier":3,"reveal_zoom":8.8,"icon_size_ref":0.0452395,"icon_width_m":1413,"sort_key":43.742065},"geometry":{"type":"Point","coordinates":[40.98851,43.742065]}},{"type":"Feature","properties":{"id":"mount-0540","category":"rounded_mountain","icon":"rounded_mountain_03","variant":3,"rank":1283,"reveal_tier":3,"reveal_zoom":8.8,"icon_size_ref":0.0513807,"icon_width_m":1616,"sort_key":43.345576},"geometry":{"type":"Point","coordinates":[41.231378,43.345576]}},{"type":"Feature","properties":{"id":"rock-0529","category":"rounded_mountain","icon":"rounded_mountain_02","variant":2,"rank":1284,"reveal_tier":3,"reveal_zoom":8.8,"icon_size_ref":0.0512277,"icon_width_m":1611,"sort_key":43.352598},"geometry":{"type":"Point","coordinates":[41.923839,43.352598]}},{"type":"Feature","properties":{"id":"hill-0638","category":"ridge","icon":"ridge_01","variant":1,"rank":1285,"reveal_tier":3,"reveal_zoom":8.8,"icon_size_ref":0.0459223,"icon_width_m":1438,"sort_key":43.613646},"geometry":{"type":"Point","coordinates":[42.10109,43.613646]}},{"type":"Feature","properties":{"id":"mount-1023","category":"rocky_peak","icon":"rocky_peak_04","variant":4,"rank":1286,"reveal_tier":3,"reveal_zoom":8.8,"icon_size_ref":0.0510951,"icon_width_m":1608,"sort_key":43.284407},"geometry":{"type":"Point","coordinates":[42.333691,43.284407]}},{"type":"Feature","properties":{"id":"mount-1809","category":"rounded_mountain","icon":"rounded_mountain_04","variant":4,"rank":1287,"reveal_tier":3,"reveal_zoom":8.8,"icon_size_ref":0.0511385,"icon_width_m":1607,"sort_key":43.370422},"geometry":{"type":"Point","coordinates":[41.389822,43.370422]}},{"type":"Feature","properties":{"id":"mount-0158","category":"ridge","icon":"ridge_02","variant":2,"rank":1288,"reveal_tier":3,"reveal_zoom":8.8,"icon_size_ref":0.0456974,"icon_width_m":1433,"sort_key":43.516984},"geometry":{"type":"Point","coordinates":[40.883893,43.516984]}},{"type":"Feature","properties":{"id":"hill-0428","category":"rounded_mountain","icon":"rounded_mountain_04","variant":4,"rank":1289,"reveal_tier":3,"reveal_zoom":8.8,"icon_size_ref":0.0513089,"icon_width_m":1605,"sort_key":43.674328},"geometry":{"type":"Point","coordinates":[41.978277,43.674328]}},{"type":"Feature","properties":{"id":"mount-0340","category":"rounded_hill","icon":"rounded_hill_02","variant":2,"rank":1290,"reveal_tier":3,"reveal_zoom":8.8,"icon_size_ref":0.0524288,"icon_width_m":1637,"sort_key":43.775579},"geometry":{"type":"Point","coordinates":[41.073182,43.775579]}},{"type":"Feature","properties":{"id":"hill-0106","category":"plateau","icon":"plateau_02","variant":2,"rank":1291,"reveal_tier":3,"reveal_zoom":8.8,"icon_size_ref":0.0524636,"icon_width_m":1633,"sort_key":43.963222},"geometry":{"type":"Point","coordinates":[41.218632,43.963222]}},{"type":"Feature","properties":{"id":"mount-0334","category":"rounded_hill","icon":"rounded_hill_04","variant":4,"rank":1292,"reveal_tier":3,"reveal_zoom":8.8,"icon_size_ref":0.0523581,"icon_width_m":1632,"sort_key":43.861484},"geometry":{"type":"Point","coordinates":[40.863025,43.861484]}},{"type":"Feature","properties":{"id":"mount-0436","category":"rounded_mountain","icon":"rounded_mountain_01","variant":1,"rank":1293,"reveal_tier":3,"reveal_zoom":8.8,"icon_size_ref":0.0510973,"icon_width_m":1600,"sort_key":43.6184},"geometry":{"type":"Point","coordinates":[41.212249,43.6184]}},{"type":"Feature","properties":{"id":"mount-0155","category":"ridge","icon":"ridge_01","variant":1,"rank":1294,"reveal_tier":3,"reveal_zoom":8.8,"icon_size_ref":0.0455317,"icon_width_m":1428,"sort_key":43.500838},"geometry":{"type":"Point","coordinates":[40.900426,43.500838]}},{"type":"Feature","properties":{"id":"mount-1690","category":"rounded_hill","icon":"rounded_hill_02","variant":2,"rank":1295,"reveal_tier":3,"reveal_zoom":8.8,"icon_size_ref":0.0520114,"icon_width_m":1631,"sort_key":43.498675},"geometry":{"type":"Point","coordinates":[42.803013,43.498675]}},{"type":"Feature","properties":{"id":"mount-0979","category":"steep_mountain","icon":"steep_mountain_03","variant":3,"rank":1296,"reveal_tier":3,"reveal_zoom":8.8,"icon_size_ref":0.0492214,"icon_width_m":1552,"sort_key":43.182899},"geometry":{"type":"Point","coordinates":[42.025366,43.182899]}},{"type":"Feature","properties":{"id":"mount-1785","category":"ridge","icon":"ridge_03","variant":3,"rank":1297,"reveal_tier":3,"reveal_zoom":8.8,"icon_size_ref":0.045439,"icon_width_m":1424,"sort_key":43.541658},"geometry":{"type":"Point","coordinates":[42.32175,43.541658]}},{"type":"Feature","properties":{"id":"rock-0415","category":"rocky_peak","icon":"rocky_peak_02","variant":2,"rank":1298,"reveal_tier":3,"reveal_zoom":8.8,"icon_size_ref":0.0505856,"icon_width_m":1594,"sort_key":43.205614},"geometry":{"type":"Point","coordinates":[42.486706,43.205614]}},{"type":"Feature","properties":{"id":"mount-1635","category":"steep_mountain","icon":"steep_mountain_03","variant":3,"rank":1299,"reveal_tier":3,"reveal_zoom":8.8,"icon_size_ref":0.049355,"icon_width_m":1548,"sort_key":43.510518},"geometry":{"type":"Point","coordinates":[41.453851,43.510518]}},{"type":"Feature","properties":{"id":"rock-0828","category":"ridge","icon":"ridge_02","variant":2,"rank":1300,"reveal_tier":3,"reveal_zoom":8.8,"icon_size_ref":0.0450464,"icon_width_m":1421,"sort_key":43.148476},"geometry":{"type":"Point","coordinates":[42.60807,43.148476]}},{"type":"Feature","properties":{"id":"hill-0694","category":"plateau","icon":"plateau_01","variant":1,"rank":1301,"reveal_tier":3,"reveal_zoom":8.8,"icon_size_ref":0.0520792,"icon_width_m":1623,"sort_key":43.876505},"geometry":{"type":"Point","coordinates":[41.150172,43.876505]}},{"type":"Feature","properties":{"id":"hill-0165","category":"rounded_hill","icon":"rounded_hill_04","variant":4,"rank":1302,"reveal_tier":3,"reveal_zoom":8.8,"icon_size_ref":0.0521001,"icon_width_m":1623,"sort_key":43.902461},"geometry":{"type":"Point","coordinates":[41.00368,43.902461]}},{"type":"Feature","properties":{"id":"rock-0442","category":"plateau","icon":"plateau_02","variant":2,"rank":1303,"reveal_tier":3,"reveal_zoom":8.8,"icon_size_ref":0.0517048,"icon_width_m":1623,"sort_key":43.449507},"geometry":{"type":"Point","coordinates":[42.660191,43.449507]}},{"type":"Feature","properties":{"id":"mount-1523","category":"rocky_peak","icon":"rocky_peak_02","variant":2,"rank":1304,"reveal_tier":3,"reveal_zoom":8.8,"icon_size_ref":0.0505029,"icon_width_m":1590,"sort_key":43.264081},"geometry":{"type":"Point","coordinates":[43.313427,43.264081]}},{"type":"Feature","properties":{"id":"hill-0448","category":"rounded_mountain","icon":"rounded_mountain_02","variant":2,"rank":1305,"reveal_tier":3,"reveal_zoom":8.8,"icon_size_ref":0.0503798,"icon_width_m":1587,"sort_key":43.223434},"geometry":{"type":"Point","coordinates":[43.514249,43.223434]}},{"type":"Feature","properties":{"id":"hill-0197","category":"plateau","icon":"plateau_04","variant":4,"rank":1306,"reveal_tier":3,"reveal_zoom":8.8,"icon_size_ref":0.0519987,"icon_width_m":1620,"sort_key":43.915941},"geometry":{"type":"Point","coordinates":[41.422169,43.915941]}},{"type":"Feature","properties":{"id":"mount-0747","category":"rocky_ridge","icon":"rocky_ridge_03","variant":3,"rank":1307,"reveal_tier":3,"reveal_zoom":8.8,"icon_size_ref":0.0449354,"icon_width_m":1416,"sort_key":43.225888},"geometry":{"type":"Point","coordinates":[41.759044,43.225888]}},{"type":"Feature","properties":{"id":"mount-0450","category":"rocky_ridge","icon":"rocky_ridge_01","variant":1,"rank":1308,"reveal_tier":3,"reveal_zoom":8.8,"icon_size_ref":0.0450627,"icon_width_m":1414,"sort_key":43.482002},"geometry":{"type":"Point","coordinates":[40.779147,43.482002]}},{"type":"Feature","properties":{"id":"hill-0282","category":"plateau","icon":"plateau_02","variant":2,"rank":1309,"reveal_tier":3,"reveal_zoom":8.8,"icon_size_ref":0.0517586,"icon_width_m":1616,"sort_key":43.784596},"geometry":{"type":"Point","coordinates":[41.20652,43.784596]}},{"type":"Feature","properties":{"id":"hill-0301","category":"rounded_mountain","icon":"rounded_mountain_04","variant":4,"rank":1310,"reveal_tier":3,"reveal_zoom":8.8,"icon_size_ref":0.0506766,"icon_width_m":1583,"sort_key":43.756217},"geometry":{"type":"Point","coordinates":[41.134229,43.756217]}},{"type":"Feature","properties":{"id":"mount-1157","category":"steep_mountain","icon":"steep_mountain_04","variant":4,"rank":1311,"reveal_tier":3,"reveal_zoom":8.8,"icon_size_ref":0.0486995,"icon_width_m":1532,"sort_key":43.313313},"geometry":{"type":"Point","coordinates":[43.08089,43.313313]}},{"type":"Feature","properties":{"id":"mount-0480","category":"rounded_mountain","icon":"rounded_mountain_03","variant":3,"rank":1312,"reveal_tier":3,"reveal_zoom":8.8,"icon_size_ref":0.0501868,"icon_width_m":1577,"sort_key":43.406357},"geometry":{"type":"Point","coordinates":[40.957321,43.406357]}},{"type":"Feature","properties":{"id":"mount-1357","category":"rocky_peak","icon":"rocky_peak_02","variant":2,"rank":1313,"reveal_tier":3,"reveal_zoom":8.8,"icon_size_ref":0.0497534,"icon_width_m":1574,"sort_key":42.965279},"geometry":{"type":"Point","coordinates":[43.348424,42.965279]}},{"type":"Feature","properties":{"id":"mount-0972","category":"rocky_peak","icon":"rocky_peak_02","variant":2,"rank":1314,"reveal_tier":3,"reveal_zoom":8.8,"icon_size_ref":0.0499522,"icon_width_m":1574,"sort_key":43.230719},"geometry":{"type":"Point","coordinates":[42.029325,43.230719]}},{"type":"Feature","properties":{"id":"mount-1365","category":"rounded_mountain","icon":"rounded_mountain_03","variant":3,"rank":1315,"reveal_tier":3,"reveal_zoom":8.8,"icon_size_ref":0.050241,"icon_width_m":1573,"sort_key":43.594177},"geometry":{"type":"Point","coordinates":[41.330545,43.594177]}},{"type":"Feature","properties":{"id":"mount-0495","category":"ridge","icon":"ridge_01","variant":1,"rank":1316,"reveal_tier":3,"reveal_zoom":8.8,"icon_size_ref":0.044713,"icon_width_m":1405,"sort_key":43.403855},"geometry":{"type":"Point","coordinates":[41.051037,43.403855]}},{"type":"Feature","properties":{"id":"mount-0562","category":"rounded_mountain","icon":"rounded_mountain_02","variant":2,"rank":1317,"reveal_tier":3,"reveal_zoom":8.8,"icon_size_ref":0.0502065,"icon_width_m":1573,"sort_key":43.574344},"geometry":{"type":"Point","coordinates":[41.26688,43.574344]}},{"type":"Feature","properties":{"id":"hill-0489","category":"rounded_mountain","icon":"rounded_mountain_04","variant":4,"rank":1318,"reveal_tier":3,"reveal_zoom":8.8,"icon_size_ref":0.0502737,"icon_width_m":1571,"sort_key":43.71158},"geometry":{"type":"Point","coordinates":[42.149831,43.71158]}},{"type":"Feature","properties":{"id":"mount-1156","category":"steep_mountain","icon":"steep_mountain_01","variant":1,"rank":1319,"reveal_tier":3,"reveal_zoom":8.8,"icon_size_ref":0.0484517,"icon_width_m":1525,"sort_key":43.280876},"geometry":{"type":"Point","coordinates":[43.108281,43.280876]}},{"type":"Feature","properties":{"id":"rock-0054","category":"ridge","icon":"ridge_03","variant":3,"rank":1320,"reveal_tier":3,"reveal_zoom":8.8,"icon_size_ref":0.0446108,"icon_width_m":1402,"sort_key":43.399786},"geometry":{"type":"Point","coordinates":[41.826582,43.399786]}},{"type":"Feature","properties":{"id":"rock-0622","category":"rocky_ridge","icon":"rocky_ridge_02","variant":2,"rank":1321,"reveal_tier":3,"reveal_zoom":8.8,"icon_size_ref":0.0442818,"icon_width_m":1401,"sort_key":42.967085},"geometry":{"type":"Point","coordinates":[43.161678,42.967085]}},{"type":"Feature","properties":{"id":"mount-0627","category":"plateau","icon":"plateau_02","variant":2,"rank":1322,"reveal_tier":3,"reveal_zoom":8.8,"icon_size_ref":0.0502233,"icon_width_m":1566,"sort_key":43.840849},"geometry":{"type":"Point","coordinates":[41.021136,43.840849]}},{"type":"Feature","properties":{"id":"mount-2026","category":"rocky_ridge","icon":"rocky_ridge_01","variant":1,"rank":1323,"reveal_tier":3,"reveal_zoom":8.8,"icon_size_ref":0.0443028,"icon_width_m":1397,"sort_key":43.163033},"geometry":{"type":"Point","coordinates":[42.946619,43.163033]}},{"type":"Feature","properties":{"id":"hill-0202","category":"plateau","icon":"plateau_02","variant":2,"rank":1324,"reveal_tier":3,"reveal_zoom":8.8,"icon_size_ref":0.0511795,"icon_width_m":1596,"sort_key":43.835432},"geometry":{"type":"Point","coordinates":[41.448272,43.835432]}},{"type":"Feature","properties":{"id":"mount-0080","category":"ridge","icon":"ridge_03","variant":3,"rank":1325,"reveal_tier":3,"reveal_zoom":8.8,"icon_size_ref":0.0444275,"icon_width_m":1393,"sort_key":43.506643},"geometry":{"type":"Point","coordinates":[41.096077,43.506643]}},{"type":"Feature","properties":{"id":"hill-0156","category":"plateau","icon":"plateau_02","variant":2,"rank":1326,"reveal_tier":3,"reveal_zoom":8.8,"icon_size_ref":0.0496504,"icon_width_m":1546,"sort_key":43.935159},"geometry":{"type":"Point","coordinates":[41.038527,43.935159]}},{"type":"Feature","properties":{"id":"hill-0421","category":"rounded_mountain","icon":"rounded_mountain_01","variant":1,"rank":1327,"reveal_tier":3,"reveal_zoom":8.8,"icon_size_ref":0.0496266,"icon_width_m":1558,"sort_key":43.428778},"geometry":{"type":"Point","coordinates":[40.867392,43.428778]}},{"type":"Feature","properties":{"id":"mount-1014","category":"ridge","icon":"ridge_02","variant":2,"rank":1328,"reveal_tier":3,"reveal_zoom":8.8,"icon_size_ref":0.0443089,"icon_width_m":1391,"sort_key":43.435423},"geometry":{"type":"Point","coordinates":[42.238247,43.435423]}},{"type":"Feature","properties":{"id":"mount-1495","category":"rounded_hill","icon":"rounded_hill_03","variant":3,"rank":1329,"reveal_tier":3,"reveal_zoom":8.8,"icon_size_ref":0.0507677,"icon_width_m":1588,"sort_key":43.654281},"geometry":{"type":"Point","coordinates":[42.451601,43.654281]}},{"type":"Feature","properties":{"id":"hill-0278","category":"rounded_mountain","icon":"rounded_mountain_03","variant":3,"rank":1330,"reveal_tier":3,"reveal_zoom":8.8,"icon_size_ref":0.0498501,"icon_width_m":1556,"sort_key":43.774371},"geometry":{"type":"Point","coordinates":[40.814885,43.774371]}},{"type":"Feature","properties":{"id":"mount-0268","category":"rounded_mountain","icon":"rounded_mountain_02","variant":2,"rank":1331,"reveal_tier":3,"reveal_zoom":8.8,"icon_size_ref":0.0495676,"icon_width_m":1556,"sort_key":43.464133},"geometry":{"type":"Point","coordinates":[42.16733,43.464133]}},{"type":"Feature","properties":{"id":"mount-0285","category":"rocky_ridge","icon":"rocky_ridge_01","variant":1,"rank":1332,"reveal_tier":3,"reveal_zoom":8.8,"icon_size_ref":0.0443261,"icon_width_m":1388,"sort_key":43.610034},"geometry":{"type":"Point","coordinates":[40.737187,43.610034]}},{"type":"Feature","properties":{"id":"hill-0525","category":"plateau","icon":"plateau_01","variant":1,"rank":1333,"reveal_tier":3,"reveal_zoom":8.8,"icon_size_ref":0.0509129,"icon_width_m":1583,"sort_key":44.0251},"geometry":{"type":"Point","coordinates":[40.988456,44.0251]}},{"type":"Feature","properties":{"id":"rock-0777","category":"rounded_mountain","icon":"rounded_mountain_01","variant":1,"rank":1334,"reveal_tier":3,"reveal_zoom":8.8,"icon_size_ref":0.0493408,"icon_width_m":1551,"sort_key":43.370609},"geometry":{"type":"Point","coordinates":[42.34162,43.370609]}},{"type":"Feature","properties":{"id":"mount-1558","category":"plateau","icon":"plateau_04","variant":4,"rank":1335,"reveal_tier":3,"reveal_zoom":8.8,"icon_size_ref":0.0504242,"icon_width_m":1580,"sort_key":43.574911},"geometry":{"type":"Point","coordinates":[42.201759,43.574911]}},{"type":"Feature","properties":{"id":"hill-0670","category":"plateau","icon":"plateau_03","variant":3,"rank":1336,"reveal_tier":3,"reveal_zoom":8.8,"icon_size_ref":0.0507313,"icon_width_m":1579,"sort_key":43.955576},"geometry":{"type":"Point","coordinates":[41.46457,43.955576]}},{"type":"Feature","properties":{"id":"hill-0325","category":"plateau","icon":"plateau_02","variant":2,"rank":1337,"reveal_tier":3,"reveal_zoom":8.8,"icon_size_ref":0.0505451,"icon_width_m":1578,"sort_key":43.766895},"geometry":{"type":"Point","coordinates":[41.41291,43.766895]}},{"type":"Feature","properties":{"id":"mount-0440","category":"rounded_hill","icon":"rounded_hill_02","variant":2,"rank":1338,"reveal_tier":3,"reveal_zoom":8.8,"icon_size_ref":0.0503809,"icon_width_m":1576,"sort_key":43.651859},"geometry":{"type":"Point","coordinates":[41.172842,43.651859]}},{"type":"Feature","properties":{"id":"hill-0405","category":"rounded_mountain","icon":"rounded_mountain_03","variant":3,"rank":1339,"reveal_tier":3,"reveal_zoom":8.8,"icon_size_ref":0.0494108,"icon_width_m":1544,"sort_key":43.709928},"geometry":{"type":"Point","coordinates":[41.976689,43.709928]}},{"type":"Feature","properties":{"id":"mount-0367","category":"plateau","icon":"plateau_04","variant":4,"rank":1340,"reveal_tier":3,"reveal_zoom":8.8,"icon_size_ref":0.0504508,"icon_width_m":1576,"sort_key":43.760014},"geometry":{"type":"Point","coordinates":[41.207678,43.760014]}},{"type":"Feature","properties":{"id":"mount-0845","category":"rounded_hill","icon":"rounded_hill_03","variant":3,"rank":1341,"reveal_tier":3,"reveal_zoom":8.8,"icon_size_ref":0.0502161,"icon_width_m":1575,"sort_key":43.503297},"geometry":{"type":"Point","coordinates":[42.060889,43.503297]}},{"type":"Feature","properties":{"id":"hill-0229","category":"rounded_hill","icon":"rounded_hill_03","variant":3,"rank":1342,"reveal_tier":3,"reveal_zoom":8.8,"icon_size_ref":0.0492343,"icon_width_m":1535,"sort_key":43.860115},"geometry":{"type":"Point","coordinates":[41.271354,43.860115]}},{"type":"Feature","properties":{"id":"rock-0593","category":"rocky_peak","icon":"rocky_peak_03","variant":3,"rank":1343,"reveal_tier":3,"reveal_zoom":8.8,"icon_size_ref":0.0489175,"icon_width_m":1542,"sort_key":43.197488},"geometry":{"type":"Point","coordinates":[42.070684,43.197488]}},{"type":"Feature","properties":{"id":"rock-0643","category":"rounded_hill","icon":"rounded_hill_01","variant":1,"rank":1344,"reveal_tier":3,"reveal_zoom":8.8,"icon_size_ref":0.0499047,"icon_width_m":1573,"sort_key":43.185231},"geometry":{"type":"Point","coordinates":[42.488143,43.185231]}},{"type":"Feature","properties":{"id":"mount-1548","category":"plateau","icon":"plateau_04","variant":4,"rank":1345,"reveal_tier":3,"reveal_zoom":8.8,"icon_size_ref":0.0503109,"icon_width_m":1573,"sort_key":43.678899},"geometry":{"type":"Point","coordinates":[42.374868,43.678899]}},{"type":"Feature","properties":{"id":"mount-1684","category":"steep_mountain","icon":"steep_mountain_03","variant":3,"rank":1346,"reveal_tier":3,"reveal_zoom":8.8,"icon_size_ref":0.047568,"icon_width_m":1496,"sort_key":43.327504},"geometry":{"type":"Point","coordinates":[42.139939,43.327504]}},{"type":"Feature","properties":{"id":"mount-0481","category":"steep_mountain","icon":"steep_mountain_04","variant":4,"rank":1347,"reveal_tier":3,"reveal_zoom":8.8,"icon_size_ref":0.0476393,"icon_width_m":1496,"sort_key":43.426082},"geometry":{"type":"Point","coordinates":[40.9155,43.426082]}},{"type":"Feature","properties":{"id":"hill-0219","category":"plateau","icon":"plateau_02","variant":2,"rank":1348,"reveal_tier":3,"reveal_zoom":8.8,"icon_size_ref":0.0504598,"icon_width_m":1572,"sort_key":43.905035},"geometry":{"type":"Point","coordinates":[41.343527,43.905035]}},{"type":"Feature","properties":{"id":"rock-0808","category":"isolated_peak","icon":"isolated_peak_04","variant":4,"rank":1349,"reveal_tier":3,"reveal_zoom":8.8,"icon_size_ref":0.0496809,"icon_width_m":1560,"sort_key":43.43124},"geometry":{"type":"Point","coordinates":[41.911147,43.43124]}},{"type":"Feature","properties":{"id":"mount-0890","category":"rounded_mountain","icon":"rounded_mountain_02","variant":2,"rank":1350,"reveal_tier":3,"reveal_zoom":8.8,"icon_size_ref":0.0491002,"icon_width_m":1538,"sort_key":43.566446},"geometry":{"type":"Point","coordinates":[41.034719,43.566446]}},{"type":"Feature","properties":{"id":"rock-0719","category":"isolated_peak","icon":"isolated_peak_01","variant":1,"rank":1351,"reveal_tier":3,"reveal_zoom":8.8,"icon_size_ref":0.0514341,"icon_width_m":1619,"sort_key":43.294442},"geometry":{"type":"Point","coordinates":[42.372165,43.294442]}},{"type":"Feature","properties":{"id":"hill-0344","category":"rounded_hill","icon":"rounded_hill_03","variant":3,"rank":1352,"reveal_tier":3,"reveal_zoom":8.8,"icon_size_ref":0.0502017,"icon_width_m":1569,"sort_key":43.710835},"geometry":{"type":"Point","coordinates":[41.349127,43.710835]}},{"type":"Feature","properties":{"id":"hill-0087","category":"plateau","icon":"plateau_03","variant":3,"rank":1353,"reveal_tier":3,"reveal_zoom":8.8,"icon_size_ref":0.0504693,"icon_width_m":1568,"sort_key":44.054354},"geometry":{"type":"Point","coordinates":[41.101238,44.054354]}},{"type":"Feature","properties":{"id":"mount-0223","category":"ridge","icon":"ridge_01","variant":1,"rank":1354,"reveal_tier":3,"reveal_zoom":8.8,"icon_size_ref":0.0437459,"icon_width_m":1372,"sort_key":43.521115},"geometry":{"type":"Point","coordinates":[41.343151,43.521115]}},{"type":"Feature","properties":{"id":"mount-1329","category":"ridge","icon":"ridge_02","variant":2,"rank":1355,"reveal_tier":3,"reveal_zoom":8.8,"icon_size_ref":0.0437849,"icon_width_m":1371,"sort_key":43.608185},"geometry":{"type":"Point","coordinates":[41.167552,43.608185]}},{"type":"Feature","properties":{"id":"mount-0660","category":"rocky_peak","icon":"rocky_peak_03","variant":3,"rank":1356,"reveal_tier":3,"reveal_zoom":8.8,"icon_size_ref":0.0489595,"icon_width_m":1535,"sort_key":43.513522},"geometry":{"type":"Point","coordinates":[41.592565,43.513522]}},{"type":"Feature","properties":{"id":"mount-1782","category":"rounded_hill","icon":"rounded_hill_04","variant":4,"rank":1357,"reveal_tier":3,"reveal_zoom":8.8,"icon_size_ref":0.0499543,"icon_width_m":1567,"sort_key":43.508877},"geometry":{"type":"Point","coordinates":[42.348701,43.508877]}},{"type":"Feature","properties":{"id":"rock-0390","category":"ridge","icon":"ridge_04","variant":4,"rank":1358,"reveal_tier":3,"reveal_zoom":8.8,"icon_size_ref":0.0435859,"icon_width_m":1370,"sort_key":43.356046},"geometry":{"type":"Point","coordinates":[42.561904,43.356046]}},{"type":"Feature","properties":{"id":"rock-0263","category":"rocky_peak","icon":"rocky_peak_01","variant":1,"rank":1359,"reveal_tier":3,"reveal_zoom":8.8,"icon_size_ref":0.0485032,"icon_width_m":1534,"sort_key":42.988906},"geometry":{"type":"Point","coordinates":[43.43698,42.988906]}},{"type":"Feature","properties":{"id":"mount-1316","category":"rocky_peak","icon":"rocky_peak_03","variant":3,"rank":1360,"reveal_tier":3,"reveal_zoom":8.8,"icon_size_ref":0.0486315,"icon_width_m":1533,"sort_key":43.211635},"geometry":{"type":"Point","coordinates":[41.839349,43.211635]}},{"type":"Feature","properties":{"id":"mount-0261","category":"ridge","icon":"ridge_04","variant":4,"rank":1361,"reveal_tier":3,"reveal_zoom":8.8,"icon_size_ref":0.0437057,"icon_width_m":1368,"sort_key":43.63762},"geometry":{"type":"Point","coordinates":[41.190909,43.63762]}},{"type":"Feature","properties":{"id":"hill-0084","category":"plateau","icon":"plateau_02","variant":2,"rank":1362,"reveal_tier":3,"reveal_zoom":8.8,"icon_size_ref":0.0502081,"icon_width_m":1563,"sort_key":43.964573},"geometry":{"type":"Point","coordinates":[41.38965,43.964573]}},{"type":"Feature","properties":{"id":"mount-0281","category":"ridge","icon":"ridge_01","variant":1,"rank":1363,"reveal_tier":3,"reveal_zoom":8.8,"icon_size_ref":0.0437108,"icon_width_m":1366,"sort_key":43.731887},"geometry":{"type":"Point","coordinates":[40.79317,43.731887]}},{"type":"Feature","properties":{"id":"mount-1255","category":"plateau","icon":"plateau_03","variant":3,"rank":1364,"reveal_tier":3,"reveal_zoom":8.8,"icon_size_ref":0.0498472,"icon_width_m":1560,"sort_key":43.639057},"geometry":{"type":"Point","coordinates":[42.468059,43.639057]}},{"type":"Feature","properties":{"id":"mount-0518","category":"massif","icon":"massif_04","variant":4,"rank":1365,"reveal_tier":3,"reveal_zoom":8.8,"icon_size_ref":0.0463108,"icon_width_m":1455,"sort_key":43.376824},"geometry":{"type":"Point","coordinates":[41.190287,43.376824]}},{"type":"Feature","properties":{"id":"rock-0532","category":"ridge","icon":"ridge_02","variant":2,"rank":1366,"reveal_tier":3,"reveal_zoom":8.8,"icon_size_ref":0.0433745,"icon_width_m":1362,"sort_key":43.442848},"geometry":{"type":"Point","coordinates":[41.89221,43.442848]}},{"type":"Feature","properties":{"id":"rock-0312","category":"rocky_ridge","icon":"rocky_ridge_03","variant":3,"rank":1367,"reveal_tier":3,"reveal_zoom":8.8,"icon_size_ref":0.0430982,"icon_width_m":1360,"sort_key":43.117345},"geometry":{"type":"Point","coordinates":[43.052319,43.117345]}},{"type":"Feature","properties":{"id":"hill-0358","category":"plateau","icon":"plateau_02","variant":2,"rank":1368,"reveal_tier":3,"reveal_zoom":8.8,"icon_size_ref":0.0497264,"icon_width_m":1554,"sort_key":43.70581},"geometry":{"type":"Point","coordinates":[41.413811,43.70581]}},{"type":"Feature","properties":{"id":"rock-0056","category":"rounded_mountain","icon":"rounded_mountain_03","variant":3,"rank":1369,"reveal_tier":3,"reveal_zoom":8.8,"icon_size_ref":0.0484681,"icon_width_m":1523,"sort_key":43.393308},"geometry":{"type":"Point","coordinates":[41.89177,43.393308]}},{"type":"Feature","properties":{"id":"rock-0333","category":"rocky_ridge","icon":"rocky_ridge_01","variant":1,"rank":1370,"reveal_tier":3,"reveal_zoom":8.8,"icon_size_ref":0.0431615,"icon_width_m":1360,"sort_key":43.23945},"geometry":{"type":"Point","coordinates":[42.093998,43.23945]}},{"type":"Feature","properties":{"id":"mount-1812","category":"rounded_hill","icon":"rounded_hill_02","variant":2,"rank":1371,"reveal_tier":3,"reveal_zoom":8.8,"icon_size_ref":0.0497441,"icon_width_m":1553,"sort_key":43.761719},"geometry":{"type":"Point","coordinates":[42.273813,43.761719]}},{"type":"Feature","properties":{"id":"rock-0882","category":"rocky_ridge","icon":"rocky_ridge_02","variant":2,"rank":1372,"reveal_tier":3,"reveal_zoom":8.8,"icon_size_ref":0.0431384,"icon_width_m":1359,"sort_key":43.225771},"geometry":{"type":"Point","coordinates":[42.754337,43.225771]}},{"type":"Feature","properties":{"id":"mount-0169","category":"rocky_peak","icon":"rocky_peak_04","variant":4,"rank":1373,"reveal_tier":3,"reveal_zoom":8.8,"icon_size_ref":0.0416747,"icon_width_m":1307,"sort_key":43.482181},"geometry":{"type":"Point","coordinates":[40.975989,43.482181]}},{"type":"Feature","properties":{"id":"mount-1941","category":"ridge","icon":"ridge_01","variant":1,"rank":1374,"reveal_tier":3,"reveal_zoom":8.8,"icon_size_ref":0.0431513,"icon_width_m":1357,"sort_key":43.327144},"geometry":{"type":"Point","coordinates":[42.303672,43.327144]}},{"type":"Feature","properties":{"id":"mount-1700","category":"plateau","icon":"plateau_01","variant":1,"rank":1375,"reveal_tier":3,"reveal_zoom":8.8,"icon_size_ref":0.0495143,"icon_width_m":1551,"sort_key":43.593112},"geometry":{"type":"Point","coordinates":[42.445357,43.593112]}},{"type":"Feature","properties":{"id":"hill-0286","category":"plateau","icon":"plateau_04","variant":4,"rank":1376,"reveal_tier":3,"reveal_zoom":8.8,"icon_size_ref":0.0496354,"icon_width_m":1549,"sort_key":43.797925},"geometry":{"type":"Point","coordinates":[41.24392,43.797925]}},{"type":"Feature","properties":{"id":"hill-0677","category":"plateau","icon":"plateau_03","variant":3,"rank":1377,"reveal_tier":3,"reveal_zoom":8.8,"icon_size_ref":0.0497382,"icon_width_m":1548,"sort_key":43.961669},"geometry":{"type":"Point","coordinates":[40.900555,43.961669]}},{"type":"Feature","properties":{"id":"mount-1534","category":"rounded_mountain","icon":"rounded_mountain_01","variant":1,"rank":1378,"reveal_tier":3,"reveal_zoom":8.8,"icon_size_ref":0.0483555,"icon_width_m":1517,"sort_key":43.501858},"geometry":{"type":"Point","coordinates":[40.755844,43.501858]}},{"type":"Feature","properties":{"id":"mount-0171","category":"rounded_mountain","icon":"rounded_mountain_03","variant":3,"rank":1379,"reveal_tier":3,"reveal_zoom":8.8,"icon_size_ref":0.0482702,"icon_width_m":1513,"sort_key":43.528272},"geometry":{"type":"Point","coordinates":[41.14029,43.528272]}},{"type":"Feature","properties":{"id":"mount-0880","category":"rounded_mountain","icon":"rounded_mountain_03","variant":3,"rank":1380,"reveal_tier":3,"reveal_zoom":8.8,"icon_size_ref":0.0483725,"icon_width_m":1512,"sort_key":43.703646},"geometry":{"type":"Point","coordinates":[40.947729,43.703646]}},{"type":"Feature","properties":{"id":"mount-1419","category":"ridge","icon":"ridge_03","variant":3,"rank":1381,"reveal_tier":3,"reveal_zoom":8.8,"icon_size_ref":0.0429701,"icon_width_m":1349,"sort_key":43.462436},"geometry":{"type":"Point","coordinates":[41.589861,43.462436]}},{"type":"Feature","properties":{"id":"mount-1120","category":"steep_mountain","icon":"steep_mountain_03","variant":3,"rank":1382,"reveal_tier":3,"reveal_zoom":8.8,"icon_size_ref":0.0466237,"icon_width_m":1464,"sort_key":43.410839},"geometry":{"type":"Point","coordinates":[42.617126,43.410839]}},{"type":"Feature","properties":{"id":"mount-0714","category":"steep_mountain","icon":"steep_mountain_03","variant":3,"rank":1383,"reveal_tier":3,"reveal_zoom":8.8,"icon_size_ref":0.0464889,"icon_width_m":1462,"sort_key":43.326465},"geometry":{"type":"Point","coordinates":[41.786381,43.326465]}},{"type":"Feature","properties":{"id":"hill-0321","category":"plateau","icon":"plateau_01","variant":1,"rank":1384,"reveal_tier":3,"reveal_zoom":8.8,"icon_size_ref":0.0492166,"icon_width_m":1536,"sort_key":43.800914},"geometry":{"type":"Point","coordinates":[41.331103,43.800914]}},{"type":"Feature","properties":{"id":"mount-0507","category":"rounded_mountain","icon":"rounded_mountain_01","variant":1,"rank":1385,"reveal_tier":3,"reveal_zoom":8.8,"icon_size_ref":0.0479168,"icon_width_m":1505,"sort_key":43.425747},"geometry":{"type":"Point","coordinates":[40.944167,43.425747]}},{"type":"Feature","properties":{"id":"mount-0681","category":"rocky_peak","icon":"rocky_peak_01","variant":1,"rank":1386,"reveal_tier":3,"reveal_zoom":8.8,"icon_size_ref":0.0477267,"icon_width_m":1503,"sort_key":43.242553},"geometry":{"type":"Point","coordinates":[41.538888,43.242553]}},{"type":"Feature","properties":{"id":"mount-1038","category":"isolated_peak","icon":"isolated_peak_04","variant":4,"rank":1387,"reveal_tier":3,"reveal_zoom":8.8,"icon_size_ref":0.0502626,"icon_width_m":1582,"sort_key":43.271784},"geometry":{"type":"Point","coordinates":[42.598457,43.271784]}},{"type":"Feature","properties":{"id":"mount-0971","category":"steep_mountain","icon":"steep_mountain_03","variant":3,"rank":1388,"reveal_tier":3,"reveal_zoom":8.8,"icon_size_ref":0.0463226,"icon_width_m":1459,"sort_key":43.244718},"geometry":{"type":"Point","coordinates":[42.136817,43.244718]}},{"type":"Feature","properties":{"id":"rock-0721","category":"ridge","icon":"ridge_04","variant":4,"rank":1389,"reveal_tier":3,"reveal_zoom":8.8,"icon_size_ref":0.0426355,"icon_width_m":1341,"sort_key":43.315311},"geometry":{"type":"Point","coordinates":[42.359666,43.315311]}},{"type":"Feature","properties":{"id":"mount-0790","category":"steep_mountain","icon":"steep_mountain_03","variant":3,"rank":1390,"reveal_tier":3,"reveal_zoom":8.8,"icon_size_ref":0.0464321,"icon_width_m":1457,"sort_key":43.482344},"geometry":{"type":"Point","coordinates":[41.95904,43.482344]}},{"type":"Feature","properties":{"id":"rock-0483","category":"steep_mountain","icon":"steep_mountain_03","variant":3,"rank":1391,"reveal_tier":3,"reveal_zoom":8.8,"icon_size_ref":0.0462795,"icon_width_m":1456,"sort_key":43.302906},"geometry":{"type":"Point","coordinates":[42.946136,43.302906]}},{"type":"Feature","properties":{"id":"mount-1185","category":"steep_mountain","icon":"steep_mountain_01","variant":1,"rank":1392,"reveal_tier":3,"reveal_zoom":8.8,"icon_size_ref":0.0463369,"icon_width_m":1456,"sort_key":43.386158},"geometry":{"type":"Point","coordinates":[41.437747,43.386158]}},{"type":"Feature","properties":{"id":"mount-1471","category":"rounded_hill","icon":"rounded_hill_01","variant":1,"rank":1393,"reveal_tier":3,"reveal_zoom":8.8,"icon_size_ref":0.0489264,"icon_width_m":1529,"sort_key":43.710657},"geometry":{"type":"Point","coordinates":[41.27763,43.710657]}},{"type":"Feature","properties":{"id":"rock-0133","category":"rocky_peak","icon":"rocky_peak_03","variant":3,"rank":1394,"reveal_tier":3,"reveal_zoom":8.8,"icon_size_ref":0.0473374,"icon_width_m":1496,"sort_key":43.026628},"geometry":{"type":"Point","coordinates":[43.121831,43.026628]}},{"type":"Feature","properties":{"id":"mount-1320","category":"rocky_peak","icon":"rocky_peak_04","variant":4,"rank":1395,"reveal_tier":3,"reveal_zoom":8.8,"icon_size_ref":0.0473316,"icon_width_m":1495,"sort_key":43.081302},"geometry":{"type":"Point","coordinates":[43.176699,43.081302]}},{"type":"Feature","properties":{"id":"rock-0264","category":"rounded_mountain","icon":"rounded_mountain_01","variant":1,"rank":1396,"reveal_tier":3,"reveal_zoom":8.8,"icon_size_ref":0.0475124,"icon_width_m":1494,"sort_key":43.330001},"geometry":{"type":"Point","coordinates":[41.565968,43.330001]}},{"type":"Feature","properties":{"id":"rock-0228","category":"isolated_peak","icon":"isolated_peak_04","variant":4,"rank":1397,"reveal_tier":3,"reveal_zoom":8.8,"icon_size_ref":0.0460893,"icon_width_m":1448,"sort_key":43.391398},"geometry":{"type":"Point","coordinates":[42.050761,43.391398]}},{"type":"Feature","properties":{"id":"mount-0071","category":"rounded_mountain","icon":"rounded_mountain_03","variant":3,"rank":1398,"reveal_tier":3,"reveal_zoom":8.8,"icon_size_ref":0.0476276,"icon_width_m":1493,"sort_key":43.547312},"geometry":{"type":"Point","coordinates":[41.244586,43.547312]}},{"type":"Feature","properties":{"id":"mount-0184","category":"ridge","icon":"ridge_03","variant":3,"rank":1399,"reveal_tier":3,"reveal_zoom":8.8,"icon_size_ref":0.0425147,"icon_width_m":1333,"sort_key":43.542801},"geometry":{"type":"Point","coordinates":[41.026468,43.542801]}},{"type":"Feature","properties":{"id":"rock-0153","category":"rocky_ridge","icon":"rocky_ridge_01","variant":1,"rank":1400,"reveal_tier":3,"reveal_zoom":8.8,"icon_size_ref":0.0422243,"icon_width_m":1331,"sort_key":43.210314},"geometry":{"type":"Point","coordinates":[42.839835,43.210314]}},{"type":"Feature","properties":{"id":"hill-0541","category":"rounded_mountain","icon":"rounded_mountain_04","variant":4,"rank":1401,"reveal_tier":3,"reveal_zoom":8.8,"icon_size_ref":0.0474764,"icon_width_m":1488,"sort_key":43.533834},"geometry":{"type":"Point","coordinates":[42.222508,43.533834]}},{"type":"Feature","properties":{"id":"mount-1295","category":"rounded_mountain","icon":"rounded_mountain_01","variant":1,"rank":1402,"reveal_tier":3,"reveal_zoom":8.8,"icon_size_ref":0.0475173,"icon_width_m":1488,"sort_key":43.593439},"geometry":{"type":"Point","coordinates":[41.076443,43.593439]}},{"type":"Feature","properties":{"id":"rock-0242","category":"ridge","icon":"ridge_04","variant":4,"rank":1403,"reveal_tier":3,"reveal_zoom":8.8,"icon_size_ref":0.0421068,"icon_width_m":1329,"sort_key":43.136968},"geometry":{"type":"Point","coordinates":[43.131273,43.136968]}},{"type":"Feature","properties":{"id":"hill-0147","category":"rounded_hill","icon":"rounded_hill_04","variant":4,"rank":1404,"reveal_tier":3,"reveal_zoom":8.8,"icon_size_ref":0.0488033,"icon_width_m":1518,"sort_key":43.996118},"geometry":{"type":"Point","coordinates":[41.027112,43.996118]}},{"type":"Feature","properties":{"id":"rock-0315","category":"steep_mountain","icon":"steep_mountain_03","variant":3,"rank":1405,"reveal_tier":3,"reveal_zoom":8.8,"icon_size_ref":0.0457648,"icon_width_m":1444,"sort_key":43.153931},"geometry":{"type":"Point","coordinates":[43.073852,43.153931]}},{"type":"Feature","properties":{"id":"mount-0775","category":"ridge","icon":"ridge_01","variant":1,"rank":1406,"reveal_tier":3,"reveal_zoom":8.8,"icon_size_ref":0.0421871,"icon_width_m":1325,"sort_key":43.406903},"geometry":{"type":"Point","coordinates":[41.768475,43.406903]}},{"type":"Feature","properties":{"id":"hill-0517","category":"plateau","icon":"plateau_04","variant":4,"rank":1407,"reveal_tier":3,"reveal_zoom":8.8,"icon_size_ref":0.0487159,"icon_width_m":1514,"sort_key":44.059759},"geometry":{"type":"Point","coordinates":[41.191049,44.059759]}},{"type":"Feature","properties":{"id":"rock-0325","category":"rocky_ridge","icon":"rocky_ridge_02","variant":2,"rank":1408,"reveal_tier":3,"reveal_zoom":8.8,"icon_size_ref":0.0420296,"icon_width_m":1323,"sort_key":43.266644},"geometry":{"type":"Point","coordinates":[41.887522,43.266644]}},{"type":"Feature","properties":{"id":"rock-0814","category":"rounded_mountain","icon":"rounded_mountain_03","variant":3,"rank":1409,"reveal_tier":3,"reveal_zoom":8.8,"icon_size_ref":0.0468175,"icon_width_m":1481,"sort_key":42.989911},"geometry":{"type":"Point","coordinates":[43.610659,42.989911]}},{"type":"Feature","properties":{"id":"mount-0607","category":"steep_mountain","icon":"steep_mountain_03","variant":3,"rank":1410,"reveal_tier":3,"reveal_zoom":8.8,"icon_size_ref":0.0458661,"icon_width_m":1437,"sort_key":43.578549},"geometry":{"type":"Point","coordinates":[41.459162,43.578549]}},{"type":"Feature","properties":{"id":"hill-0368","category":"rounded_mountain","icon":"rounded_mountain_03","variant":3,"rank":1411,"reveal_tier":3,"reveal_zoom":8.8,"icon_size_ref":0.0472185,"icon_width_m":1478,"sort_key":43.612318},"geometry":{"type":"Point","coordinates":[41.942056,43.612318]}},{"type":"Feature","properties":{"id":"hill-0518","category":"plateau","icon":"plateau_01","variant":1,"rank":1412,"reveal_tier":3,"reveal_zoom":8.8,"icon_size_ref":0.0485082,"icon_width_m":1508,"sort_key":44.02051},"geometry":{"type":"Point","coordinates":[41.062614,44.02051]}},{"type":"Feature","properties":{"id":"rock-0016","category":"steep_mountain","icon":"steep_mountain_01","variant":1,"rank":1413,"reveal_tier":3,"reveal_zoom":8.8,"icon_size_ref":0.045636,"icon_width_m":1433,"sort_key":43.413379},"geometry":{"type":"Point","coordinates":[41.106141,43.413379]}},{"type":"Feature","properties":{"id":"hill-0503","category":"rounded_hill","icon":"rounded_hill_04","variant":4,"rank":1414,"reveal_tier":3,"reveal_zoom":8.8,"icon_size_ref":0.0484482,"icon_width_m":1506,"sort_key":44.01727},"geometry":{"type":"Point","coordinates":[41.159559,44.01727]}},{"type":"Feature","properties":{"id":"hill-0181","category":"plateau","icon":"plateau_02","variant":2,"rank":1415,"reveal_tier":3,"reveal_zoom":8.8,"icon_size_ref":0.0482901,"icon_width_m":1505,"sort_key":43.865584},"geometry":{"type":"Point","coordinates":[41.090745,43.865584]}},{"type":"Feature","properties":{"id":"mount-1982","category":"rocky_peak","icon":"rocky_peak_03","variant":3,"rank":1416,"reveal_tier":3,"reveal_zoom":8.8,"icon_size_ref":0.0467041,"icon_width_m":1475,"sort_key":43.085274},"geometry":{"type":"Point","coordinates":[43.059261,43.085274]}},{"type":"Feature","properties":{"id":"rock-0044","category":"ridge","icon":"ridge_04","variant":4,"rank":1417,"reveal_tier":3,"reveal_zoom":8.8,"icon_size_ref":0.0419379,"icon_width_m":1317,"sort_key":43.432291},"geometry":{"type":"Point","coordinates":[41.581653,43.432291]}},{"type":"Feature","properties":{"id":"mount-1765","category":"rounded_hill","icon":"rounded_hill_01","variant":1,"rank":1418,"reveal_tier":3,"reveal_zoom":8.8,"icon_size_ref":0.0480331,"icon_width_m":1504,"sort_key":43.613374},"geometry":{"type":"Point","coordinates":[41.915063,43.613374]}},{"type":"Feature","properties":{"id":"mount-1385","category":"rounded_mountain","icon":"rounded_mountain_03","variant":3,"rank":1419,"reveal_tier":3,"reveal_zoom":8.8,"icon_size_ref":0.0467161,"icon_width_m":1473,"sort_key":43.176132},"geometry":{"type":"Point","coordinates":[43.371899,43.176132]}},{"type":"Feature","properties":{"id":"mount-1194","category":"rocky_peak","icon":"rocky_peak_03","variant":3,"rank":1420,"reveal_tier":3,"reveal_zoom":8.8,"icon_size_ref":0.0467091,"icon_width_m":1473,"sort_key":43.175475},"geometry":{"type":"Point","coordinates":[42.451633,43.175475]}},{"type":"Feature","properties":{"id":"mount-1315","category":"ridge","icon":"ridge_04","variant":4,"rank":1421,"reveal_tier":3,"reveal_zoom":8.8,"icon_size_ref":0.0417122,"icon_width_m":1315,"sort_key":43.204871},"geometry":{"type":"Point","coordinates":[41.812956,43.204871]}},{"type":"Feature","properties":{"id":"mount-2017","category":"rocky_ridge","icon":"rocky_ridge_04","variant":4,"rank":1422,"reveal_tier":3,"reveal_zoom":8.8,"icon_size_ref":0.041731,"icon_width_m":1314,"sort_key":43.267456},"geometry":{"type":"Point","coordinates":[42.849212,43.267456]}},{"type":"Feature","properties":{"id":"mount-1538","category":"ridge","icon":"ridge_01","variant":1,"rank":1423,"reveal_tier":3,"reveal_zoom":8.8,"icon_size_ref":0.0419122,"icon_width_m":1312,"sort_key":43.608496},"geometry":{"type":"Point","coordinates":[42.334335,43.608496]}},{"type":"Feature","properties":{"id":"mount-0913","category":"isolated_peak","icon":"isolated_peak_03","variant":3,"rank":1424,"reveal_tier":3,"reveal_zoom":8.8,"icon_size_ref":0.0491507,"icon_width_m":1545,"sort_key":43.366608},"geometry":{"type":"Point","coordinates":[41.643248,43.366608]}},{"type":"Feature","properties":{"id":"mount-0828","category":"rounded_mountain","icon":"rounded_mountain_04","variant":4,"rank":1425,"reveal_tier":3,"reveal_zoom":8.8,"icon_size_ref":0.0468365,"icon_width_m":1467,"sort_key":43.587587},"geometry":{"type":"Point","coordinates":[41.704402,43.587587]}},{"type":"Feature","properties":{"id":"mount-0226","category":"rounded_mountain","icon":"rounded_mountain_01","variant":1,"rank":1426,"reveal_tier":3,"reveal_zoom":8.8,"icon_size_ref":0.0468694,"icon_width_m":1466,"sort_key":43.671178},"geometry":{"type":"Point","coordinates":[40.944489,43.671178]}},{"type":"Feature","properties":{"id":"mount-0008","category":"steep_mountain","icon":"steep_mountain_02","variant":2,"rank":1427,"reveal_tier":3,"reveal_zoom":8.8,"icon_size_ref":0.0451051,"icon_width_m":1422,"sort_key":43.192216},"geometry":{"type":"Point","coordinates":[41.918582,43.192216]}},{"type":"Feature","properties":{"id":"mount-0319","category":"ridge","icon":"ridge_04","variant":4,"rank":1428,"reveal_tier":3,"reveal_zoom":8.8,"icon_size_ref":0.0416723,"icon_width_m":1307,"sort_key":43.478756},"geometry":{"type":"Point","coordinates":[40.996224,43.478756]}},{"type":"Feature","properties":{"id":"mount-0985","category":"steep_mountain","icon":"steep_mountain_04","variant":4,"rank":1429,"reveal_tier":3,"reveal_zoom":8.8,"icon_size_ref":0.0452682,"icon_width_m":1422,"sort_key":43.426043},"geometry":{"type":"Point","coordinates":[42.004777,43.426043]}},{"type":"Feature","properties":{"id":"hill-0126","category":"rounded_hill","icon":"rounded_hill_04","variant":4,"rank":1430,"reveal_tier":3,"reveal_zoom":8.8,"icon_size_ref":0.0479278,"icon_width_m":1493,"sort_key":43.920022},"geometry":{"type":"Point","coordinates":[40.836965,43.920022]}},{"type":"Feature","properties":{"id":"mount-1188","category":"rocky_ridge","icon":"rocky_ridge_04","variant":4,"rank":1431,"reveal_tier":3,"reveal_zoom":8.8,"icon_size_ref":0.0415876,"icon_width_m":1306,"sort_key":43.42404},"geometry":{"type":"Point","coordinates":[41.452618,43.42404]}},{"type":"Feature","properties":{"id":"mount-0597","category":"rounded_mountain","icon":"rounded_mountain_03","variant":3,"rank":1432,"reveal_tier":3,"reveal_zoom":8.8,"icon_size_ref":0.0466481,"icon_width_m":1461,"sort_key":43.607012},"geometry":{"type":"Point","coordinates":[41.545604,43.607012]}},{"type":"Feature","properties":{"id":"mount-1102","category":"plateau","icon":"plateau_02","variant":2,"rank":1433,"reveal_tier":3,"reveal_zoom":8.8,"icon_size_ref":0.0474173,"icon_width_m":1487,"sort_key":43.495203},"geometry":{"type":"Point","coordinates":[42.525415,43.495203]}},{"type":"Feature","properties":{"id":"hill-0609","category":"plateau","icon":"plateau_01","variant":1,"rank":1434,"reveal_tier":3,"reveal_zoom":8.8,"icon_size_ref":0.047793,"icon_width_m":1484,"sort_key":44.081713},"geometry":{"type":"Point","coordinates":[41.283853,44.081713]}},{"type":"Feature","properties":{"id":"rock-0489","category":"rocky_ridge","icon":"rocky_ridge_01","variant":1,"rank":1435,"reveal_tier":3,"reveal_zoom":8.8,"icon_size_ref":0.0411558,"icon_width_m":1296,"sort_key":43.275135},"geometry":{"type":"Point","coordinates":[42.952058,43.275135]}},{"type":"Feature","properties":{"id":"mount-0839","category":"rounded_hill","icon":"rounded_hill_02","variant":2,"rank":1436,"reveal_tier":3,"reveal_zoom":8.8,"icon_size_ref":0.0472535,"icon_width_m":1480,"sort_key":43.589429},"geometry":{"type":"Point","coordinates":[41.745923,43.589429]}},{"type":"Feature","properties":{"id":"rock-0770","category":"rounded_mountain","icon":"rounded_mountain_02","variant":2,"rank":1437,"reveal_tier":3,"reveal_zoom":8.8,"icon_size_ref":0.0461966,"icon_width_m":1449,"sort_key":43.491623},"geometry":{"type":"Point","coordinates":[41.862642,43.491623]}},{"type":"Feature","properties":{"id":"mount-0275","category":"plateau","icon":"plateau_04","variant":4,"rank":1438,"reveal_tier":3,"reveal_zoom":8.8,"icon_size_ref":0.047312,"icon_width_m":1479,"sort_key":43.711882},"geometry":{"type":"Point","coordinates":[40.863047,43.711882]}},{"type":"Feature","properties":{"id":"rock-0353","category":"rocky_peak","icon":"rocky_peak_03","variant":3,"rank":1439,"reveal_tier":3,"reveal_zoom":8.8,"icon_size_ref":0.0460819,"icon_width_m":1448,"sort_key":43.381753},"geometry":{"type":"Point","coordinates":[42.031975,43.381753]}},{"type":"Feature","properties":{"id":"rock-0780","category":"ridge","icon":"ridge_03","variant":3,"rank":1440,"reveal_tier":3,"reveal_zoom":8.8,"icon_size_ref":0.0410375,"icon_width_m":1293,"sort_key":43.239232},"geometry":{"type":"Point","coordinates":[42.268052,43.239232]}},{"type":"Feature","properties":{"id":"rock-0426","category":"rounded_hill","icon":"rounded_hill_04","variant":4,"rank":1441,"reveal_tier":3,"reveal_zoom":8.8,"icon_size_ref":0.0470325,"icon_width_m":1477,"sort_key":43.436265},"geometry":{"type":"Point","coordinates":[42.351823,43.436265]}},{"type":"Feature","properties":{"id":"rock-0639","category":"rocky_ridge","icon":"rocky_ridge_02","variant":2,"rank":1442,"reveal_tier":3,"reveal_zoom":8.8,"icon_size_ref":0.0408913,"icon_width_m":1291,"sort_key":43.090806},"geometry":{"type":"Point","coordinates":[43.347909,43.090806]}},{"type":"Feature","properties":{"id":"hill-0297","category":"rounded_hill","icon":"rounded_hill_04","variant":4,"rank":1443,"reveal_tier":3,"reveal_zoom":8.8,"icon_size_ref":0.0470962,"icon_width_m":1471,"sort_key":43.763307},"geometry":{"type":"Point","coordinates":[40.878797,43.763307]}},{"type":"Feature","properties":{"id":"mount-0831","category":"rounded_hill","icon":"rounded_hill_02","variant":2,"rank":1444,"reveal_tier":3,"reveal_zoom":8.8,"icon_size_ref":0.0469244,"icon_width_m":1470,"sort_key":43.556744},"geometry":{"type":"Point","coordinates":[41.916136,43.556744]}},{"type":"Feature","properties":{"id":"mount-0239","category":"steep_mountain","icon":"steep_mountain_04","variant":4,"rank":1445,"reveal_tier":3,"reveal_zoom":8.8,"icon_size_ref":0.0446747,"icon_width_m":1399,"sort_key":43.605404},"geometry":{"type":"Point","coordinates":[41.126761,43.605404]}},{"type":"Feature","properties":{"id":"mount-1776","category":"rounded_hill","icon":"rounded_hill_01","variant":1,"rank":1446,"reveal_tier":3,"reveal_zoom":8.8,"icon_size_ref":0.0468921,"icon_width_m":1469,"sort_key":43.573582},"geometry":{"type":"Point","coordinates":[42.357337,43.573582]}},{"type":"Feature","properties":{"id":"hill-0050","category":"plateau","icon":"plateau_03","variant":3,"rank":1447,"reveal_tier":3,"reveal_zoom":8.8,"icon_size_ref":0.0471093,"icon_width_m":1468,"sort_key":43.892341},"geometry":{"type":"Point","coordinates":[41.256891,43.892341]}},{"type":"Feature","properties":{"id":"hill-0239","category":"rounded_hill","icon":"rounded_hill_03","variant":3,"rank":1448,"reveal_tier":3,"reveal_zoom":8.8,"icon_size_ref":0.0470693,"icon_width_m":1468,"sort_key":43.845221},"geometry":{"type":"Point","coordinates":[41.045287,43.845221]}},{"type":"Feature","properties":{"id":"mount-1925","category":"massif","icon":"massif_03","variant":3,"rank":1449,"reveal_tier":3,"reveal_zoom":8.8,"icon_size_ref":0.0435302,"icon_width_m":1370,"sort_key":43.293989},"geometry":{"type":"Point","coordinates":[41.672044,43.293989]}},{"type":"Feature","properties":{"id":"hill-0771","category":"rounded_hill","icon":"rounded_hill_01","variant":1,"rank":1450,"reveal_tier":3,"reveal_zoom":8.8,"icon_size_ref":0.0469757,"icon_width_m":1467,"sort_key":43.778275},"geometry":{"type":"Point","coordinates":[42.09947,43.778275]}},{"type":"Feature","properties":{"id":"hill-0504","category":"plateau","icon":"plateau_04","variant":4,"rank":1451,"reveal_tier":3,"reveal_zoom":8.8,"icon_size_ref":0.0471652,"icon_width_m":1466,"sort_key":44.027415},"geometry":{"type":"Point","coordinates":[41.131901,44.027415]}},{"type":"Feature","properties":{"id":"mount-0618","category":"rounded_mountain","icon":"rounded_mountain_04","variant":4,"rank":1452,"reveal_tier":3,"reveal_zoom":8.8,"icon_size_ref":0.0458375,"icon_width_m":1434,"sort_key":43.644569},"geometry":{"type":"Point","coordinates":[41.217828,43.644569]}},{"type":"Feature","properties":{"id":"rock-0026","category":"rocky_peak","icon":"rocky_peak_01","variant":1,"rank":1453,"reveal_tier":3,"reveal_zoom":8.8,"icon_size_ref":0.0453187,"icon_width_m":1434,"sort_key":42.979064},"geometry":{"type":"Point","coordinates":[43.526995,42.979064]}},{"type":"Feature","properties":{"id":"mount-1134","category":"plateau","icon":"plateau_01","variant":1,"rank":1454,"reveal_tier":3,"reveal_zoom":8.8,"icon_size_ref":0.0466669,"icon_width_m":1462,"sort_key":43.561525},"geometry":{"type":"Point","coordinates":[42.517626,43.561525]}},{"type":"Feature","properties":{"id":"mount-0861","category":"isolated_peak","icon":"isolated_peak_01","variant":1,"rank":1455,"reveal_tier":3,"reveal_zoom":8.8,"icon_size_ref":0.0479132,"icon_width_m":1508,"sort_key":43.297995},"geometry":{"type":"Point","coordinates":[42.071124,43.297995]}},{"type":"Feature","properties":{"id":"mount-1042","category":"rounded_mountain","icon":"rounded_mountain_01","variant":1,"rank":1456,"reveal_tier":3,"reveal_zoom":8.8,"icon_size_ref":0.0456678,"icon_width_m":1432,"sort_key":43.49813},"geometry":{"type":"Point","coordinates":[42.268267,43.49813]}},{"type":"Feature","properties":{"id":"rock-0440","category":"rocky_peak","icon":"rocky_peak_04","variant":4,"rank":1457,"reveal_tier":3,"reveal_zoom":8.8,"icon_size_ref":0.0455238,"icon_width_m":1431,"sort_key":43.385784},"geometry":{"type":"Point","coordinates":[42.834374,43.385784]}},{"type":"Feature","properties":{"id":"mount-0844","category":"rounded_mountain","icon":"rounded_mountain_02","variant":2,"rank":1458,"reveal_tier":3,"reveal_zoom":8.8,"icon_size_ref":0.0456518,"icon_width_m":1430,"sort_key":43.559939},"geometry":{"type":"Point","coordinates":[41.694177,43.559939]}},{"type":"Feature","properties":{"id":"mount-1455","category":"rounded_mountain","icon":"rounded_mountain_03","variant":3,"rank":1459,"reveal_tier":3,"reveal_zoom":8.8,"icon_size_ref":0.0407766,"icon_width_m":1276,"sort_key":43.631758},"geometry":{"type":"Point","coordinates":[40.954145,43.631758]}},{"type":"Feature","properties":{"id":"rock-0407","category":"rounded_mountain","icon":"rounded_mountain_03","variant":3,"rank":1460,"reveal_tier":3,"reveal_zoom":8.8,"icon_size_ref":0.0454446,"icon_width_m":1429,"sort_key":43.335042},"geometry":{"type":"Point","coordinates":[42.672304,43.335042]}},{"type":"Feature","properties":{"id":"hill-0752","category":"plateau","icon":"plateau_01","variant":1,"rank":1461,"reveal_tier":3,"reveal_zoom":8.8,"icon_size_ref":0.0469247,"icon_width_m":1458,"sort_key":44.061879},"geometry":{"type":"Point","coordinates":[41.024526,44.061879]}},{"type":"Feature","properties":{"id":"mount-1274","category":"steep_mountain","icon":"steep_mountain_02","variant":2,"rank":1462,"reveal_tier":3,"reveal_zoom":8.8,"icon_size_ref":0.0437844,"icon_width_m":1387,"sort_key":42.903681},"geometry":{"type":"Point","coordinates":[43.19806,42.903681]}},{"type":"Feature","properties":{"id":"hill-0045","category":"plateau","icon":"plateau_02","variant":2,"rank":1463,"reveal_tier":3,"reveal_zoom":8.8,"icon_size_ref":0.0468461,"icon_width_m":1457,"sort_key":43.990545},"geometry":{"type":"Point","coordinates":[41.276869,43.990545]}},{"type":"Feature","properties":{"id":"rock-0248","category":"ridge","icon":"ridge_02","variant":2,"rank":1464,"reveal_tier":3,"reveal_zoom":8.8,"icon_size_ref":0.040529,"icon_width_m":1275,"sort_key":43.321743},"geometry":{"type":"Point","coordinates":[41.524608,43.321743]}},{"type":"Feature","properties":{"id":"mount-0821","category":"rounded_mountain","icon":"rounded_mountain_03","variant":3,"rank":1465,"reveal_tier":3,"reveal_zoom":8.8,"icon_size_ref":0.045638,"icon_width_m":1427,"sort_key":43.68305},"geometry":{"type":"Point","coordinates":[42.150421,43.68305]}},{"type":"Feature","properties":{"id":"hill-0215","category":"plateau","icon":"plateau_01","variant":1,"rank":1466,"reveal_tier":3,"reveal_zoom":8.8,"icon_size_ref":0.046664,"icon_width_m":1455,"sort_key":43.869111},"geometry":{"type":"Point","coordinates":[41.250347,43.869111]}},{"type":"Feature","properties":{"id":"mount-0635","category":"isolated_peak","icon":"isolated_peak_04","variant":4,"rank":1467,"reveal_tier":3,"reveal_zoom":8.8,"icon_size_ref":0.0476229,"icon_width_m":1499,"sort_key":43.27551},"geometry":{"type":"Point","coordinates":[41.822698,43.27551]}},{"type":"Feature","properties":{"id":"hill-0330","category":"plateau","icon":"plateau_03","variant":3,"rank":1468,"reveal_tier":3,"reveal_zoom":8.8,"icon_size_ref":0.046509,"icon_width_m":1452,"sort_key":43.775184},"geometry":{"type":"Point","coordinates":[41.323732,43.775184]}},{"type":"Feature","properties":{"id":"hill-0139","category":"plateau","icon":"plateau_03","variant":3,"rank":1469,"reveal_tier":3,"reveal_zoom":8.8,"icon_size_ref":0.0465928,"icon_width_m":1450,"sort_key":43.95166},"geometry":{"type":"Point","coordinates":[41.047819,43.95166]}},{"type":"Feature","properties":{"id":"rock-0894","category":"rounded_mountain","icon":"rounded_mountain_03","variant":3,"rank":1470,"reveal_tier":3,"reveal_zoom":8.8,"icon_size_ref":0.0449971,"icon_width_m":1419,"sort_key":43.169693},"geometry":{"type":"Point","coordinates":[42.877525,43.169693]}},{"type":"Feature","properties":{"id":"mount-1026","category":"steep_mountain","icon":"steep_mountain_01","variant":1,"rank":1471,"reveal_tier":3,"reveal_zoom":8.8,"icon_size_ref":0.043792,"icon_width_m":1377,"sort_key":43.333443},"geometry":{"type":"Point","coordinates":[42.768252,43.333443]}},{"type":"Feature","properties":{"id":"mount-0661","category":"isolated_peak","icon":"isolated_peak_03","variant":3,"rank":1472,"reveal_tier":3,"reveal_zoom":8.8,"icon_size_ref":0.0476145,"icon_width_m":1493,"sort_key":43.507834},"geometry":{"type":"Point","coordinates":[41.79653,43.507834]}},{"type":"Feature","properties":{"id":"mount-1048","category":"rounded_hill","icon":"rounded_hill_01","variant":1,"rank":1473,"reveal_tier":3,"reveal_zoom":8.8,"icon_size_ref":0.0460736,"icon_width_m":1444,"sort_key":43.529914},"geometry":{"type":"Point","coordinates":[42.441784,43.529914]}},{"type":"Feature","properties":{"id":"mount-1067","category":"steep_mountain","icon":"steep_mountain_04","variant":4,"rank":1474,"reveal_tier":3,"reveal_zoom":8.8,"icon_size_ref":0.043757,"icon_width_m":1374,"sort_key":43.439841},"geometry":{"type":"Point","coordinates":[42.396787,43.439841]}},{"type":"Feature","properties":{"id":"mount-1912","category":"rounded_hill","icon":"rounded_hill_01","variant":1,"rank":1475,"reveal_tier":3,"reveal_zoom":8.8,"icon_size_ref":0.0456926,"icon_width_m":1442,"sort_key":43.107657},"geometry":{"type":"Point","coordinates":[43.528283,43.107657]}},{"type":"Feature","properties":{"id":"hill-0112","category":"plateau","icon":"plateau_04","variant":4,"rank":1476,"reveal_tier":3,"reveal_zoom":8.8,"icon_size_ref":0.046311,"icon_width_m":1441,"sort_key":43.971376},"geometry":{"type":"Point","coordinates":[40.926765,43.971376]}},{"type":"Feature","properties":{"id":"hill-0187","category":"plateau","icon":"plateau_01","variant":1,"rank":1477,"reveal_tier":3,"reveal_zoom":8.8,"icon_size_ref":0.04627,"icon_width_m":1441,"sort_key":43.934858},"geometry":{"type":"Point","coordinates":[40.931121,43.934858]}},{"type":"Feature","properties":{"id":"mount-1378","category":"rounded_mountain","icon":"rounded_mountain_03","variant":3,"rank":1478,"reveal_tier":3,"reveal_zoom":8.8,"icon_size_ref":0.0448388,"icon_width_m":1412,"sort_key":43.271425},"geometry":{"type":"Point","coordinates":[43.215237,43.271425]}},{"type":"Feature","properties":{"id":"rock-0268","category":"rocky_ridge","icon":"rocky_ridge_01","variant":1,"rank":1479,"reveal_tier":3,"reveal_zoom":8.8,"icon_size_ref":0.0398099,"icon_width_m":1260,"sort_key":42.964659},"geometry":{"type":"Point","coordinates":[43.582002,42.964659]}},{"type":"Feature","properties":{"id":"rock-0857","category":"ridge","icon":"ridge_04","variant":4,"rank":1480,"reveal_tier":3,"reveal_zoom":8.8,"icon_size_ref":0.0399158,"icon_width_m":1259,"sort_key":43.176594},"geometry":{"type":"Point","coordinates":[42.543247,43.176594]}},{"type":"Feature","properties":{"id":"hill-0189","category":"rounded_mountain","icon":"rounded_mountain_02","variant":2,"rank":1481,"reveal_tier":3,"reveal_zoom":8.8,"icon_size_ref":0.0452198,"icon_width_m":1409,"sort_key":43.88198},"geometry":{"type":"Point","coordinates":[40.960239,43.88198]}},{"type":"Feature","properties":{"id":"rock-0560","category":"rounded_mountain","icon":"rounded_mountain_04","variant":4,"rank":1482,"reveal_tier":3,"reveal_zoom":8.8,"icon_size_ref":0.0444307,"icon_width_m":1408,"sort_key":42.883339},"geometry":{"type":"Point","coordinates":[43.360752,42.883339]}},{"type":"Feature","properties":{"id":"mount-2073","category":"rocky_peak","icon":"rocky_peak_02","variant":2,"rank":1483,"reveal_tier":3,"reveal_zoom":8.8,"icon_size_ref":0.0446249,"icon_width_m":1407,"sort_key":43.178816},"geometry":{"type":"Point","coordinates":[42.71022,43.178816]}},{"type":"Feature","properties":{"id":"mount-1039","category":"rounded_mountain","icon":"rounded_mountain_01","variant":1,"rank":1484,"reveal_tier":3,"reveal_zoom":8.8,"icon_size_ref":0.0447917,"icon_width_m":1407,"sort_key":43.419302},"geometry":{"type":"Point","coordinates":[41.662763,43.419302]}},{"type":"Feature","properties":{"id":"hill-0700","category":"rounded_mountain","icon":"rounded_mountain_02","variant":2,"rank":1485,"reveal_tier":3,"reveal_zoom":8.8,"icon_size_ref":0.0448779,"icon_width_m":1406,"sort_key":43.550033},"geometry":{"type":"Point","coordinates":[42.206522,43.550033]}},{"type":"Feature","properties":{"id":"mount-0580","category":"rounded_mountain","icon":"rounded_mountain_04","variant":4,"rank":1486,"reveal_tier":3,"reveal_zoom":8.8,"icon_size_ref":0.0448473,"icon_width_m":1405,"sort_key":43.564635},"geometry":{"type":"Point","coordinates":[41.225445,43.564635]}},{"type":"Feature","properties":{"id":"mount-0272","category":"plateau","icon":"plateau_03","variant":3,"rank":1487,"reveal_tier":3,"reveal_zoom":8.8,"icon_size_ref":0.0456747,"icon_width_m":1433,"sort_key":43.494884},"geometry":{"type":"Point","coordinates":[42.403772,43.494884]}},{"type":"Feature","properties":{"id":"rock-0350","category":"rounded_mountain","icon":"rounded_mountain_04","variant":4,"rank":1488,"reveal_tier":3,"reveal_zoom":8.8,"icon_size_ref":0.0446237,"icon_width_m":1404,"sort_key":43.317802},"geometry":{"type":"Point","coordinates":[42.053111,43.317802]}},{"type":"Feature","properties":{"id":"mount-1797","category":"rocky_peak","icon":"rocky_peak_02","variant":2,"rank":1489,"reveal_tier":3,"reveal_zoom":8.8,"icon_size_ref":0.0447967,"icon_width_m":1404,"sort_key":43.565335},"geometry":{"type":"Point","coordinates":[40.869162,43.565335]}},{"type":"Feature","properties":{"id":"mount-2071","category":"rocky_peak","icon":"rocky_peak_04","variant":4,"rank":1490,"reveal_tier":3,"reveal_zoom":8.8,"icon_size_ref":0.0446109,"icon_width_m":1403,"sort_key":43.326942},"geometry":{"type":"Point","coordinates":[42.600775,43.326942]}},{"type":"Feature","properties":{"id":"hill-0279","category":"rounded_hill","icon":"rounded_hill_03","variant":3,"rank":1491,"reveal_tier":3,"reveal_zoom":8.8,"icon_size_ref":0.0459004,"icon_width_m":1432,"sort_key":43.831114},"geometry":{"type":"Point","coordinates":[41.173432,43.831114]}},{"type":"Feature","properties":{"id":"mount-1283","category":"steep_mountain","icon":"steep_mountain_04","variant":4,"rank":1492,"reveal_tier":3,"reveal_zoom":8.8,"icon_size_ref":0.0429788,"icon_width_m":1362,"sort_key":42.880115},"geometry":{"type":"Point","coordinates":[43.322096,42.880115]}},{"type":"Feature","properties":{"id":"rock-0813","category":"rocky_ridge","icon":"rocky_ridge_04","variant":4,"rank":1493,"reveal_tier":3,"reveal_zoom":8.8,"icon_size_ref":0.0395298,"icon_width_m":1251,"sort_key":42.944902},"geometry":{"type":"Point","coordinates":[43.556607,42.944902]}},{"type":"Feature","properties":{"id":"mount-0309","category":"rounded_mountain","icon":"rounded_mountain_04","variant":4,"rank":1494,"reveal_tier":3,"reveal_zoom":8.8,"icon_size_ref":0.0448331,"icon_width_m":1400,"sort_key":43.745615},"geometry":{"type":"Point","coordinates":[40.966591,43.745615]}},{"type":"Feature","properties":{"id":"mount-0227","category":"ridge","icon":"ridge_02","variant":2,"rank":1495,"reveal_tier":3,"reveal_zoom":8.8,"icon_size_ref":0.039952,"icon_width_m":1250,"sort_key":43.632612},"geometry":{"type":"Point","coordinates":[40.974391,43.632612]}},{"type":"Feature","properties":{"id":"hill-0652","category":"plateau","icon":"plateau_03","variant":3,"rank":1496,"reveal_tier":3,"reveal_zoom":8.8,"icon_size_ref":0.0458353,"icon_width_m":1428,"sort_key":43.909774},"geometry":{"type":"Point","coordinates":[41.071175,43.909774]}},{"type":"Feature","properties":{"id":"hill-0092","category":"plateau","icon":"plateau_02","variant":2,"rank":1497,"reveal_tier":3,"reveal_zoom":8.8,"icon_size_ref":0.0458672,"icon_width_m":1427,"sort_key":43.971214},"geometry":{"type":"Point","coordinates":[41.129991,43.971214]}},{"type":"Feature","properties":{"id":"hill-0520","category":"rounded_mountain","icon":"rounded_mountain_01","variant":1,"rank":1498,"reveal_tier":3,"reveal_zoom":8.8,"icon_size_ref":0.04491,"icon_width_m":1396,"sort_key":44.043774},"geometry":{"type":"Point","coordinates":[41.070457,44.043774]}},{"type":"Feature","properties":{"id":"mount-1353","category":"rounded_mountain","icon":"rounded_mountain_04","variant":4,"rank":1499,"reveal_tier":3,"reveal_zoom":8.8,"icon_size_ref":0.0440697,"icon_width_m":1395,"sort_key":42.944345},"geometry":{"type":"Point","coordinates":[43.334123,42.944345]}},{"type":"Feature","properties":{"id":"mount-0796","category":"rocky_ridge","icon":"rocky_ridge_04","variant":4,"rank":1500,"reveal_tier":3,"reveal_zoom":8.8,"icon_size_ref":0.0396609,"icon_width_m":1245,"sort_key":43.443743},"geometry":{"type":"Point","coordinates":[41.932025,43.443743]}}]}