{
  "type": "FeatureCollection",
  "features": [
    {
      "type": "Feature",
      "properties": {
        "system_id": "baksan",
        "name_ru": "Баксан",
        "tier": 1,
        "width_class": "major"
      },
      "geometry": {
        "type": "MultiLineString",
        "coordinates": [
          [
            [
              42.44276,
              43.27508
            ],
            [
              42.4625,
              43.26614
            ],
            [
              42.48284,
              43.26371
            ],
            [
              42.50507,
              43.25302
            ],
            [
              42.54224,
              43.24589
            ],
            [
              42.55417,
              43.24833
            ],
            [
              42.59562,
              43.24414
            ],
            [
              42.61459,
              43.24958
            ],
            [
              42.63957,
              43.24833
            ],
            [
              42.65365,
              43.26483
            ],
            [
              42.66892,
              43.26864
            ],
            [
              42.67339,
              43.27502
            ],
            [
              42.68472,
              43.27352
            ],
            [
              42.69733,
              43.27789
            ],
            [
              42.72626,
              43.29926
            ],
            [
              42.75905,
              43.3095
            ],
            [
              42.79037,
              43.32518
            ]
          ],
          [
            [
              42.79037,
              43.32518
            ],
            [
              42.81921,
              43.32805
            ],
            [
              42.82179,
              43.33461
            ],
            [
              42.85131,
              43.34565
            ],
            [
              42.87749,
              43.366
            ],
            [
              42.90779,
              43.3718
            ],
            [
              42.91062,
              43.38172
            ],
            [
              42.92007,
              43.39189
            ],
            [
              42.9223,
              43.40199
            ],
            [
              42.93912,
              43.42269
            ],
            [
              42.958,
              43.4273
            ],
            [
              42.96418,
              43.43036
            ],
            [
              42.96487,
              43.43385
            ],
            [
              42.98066,
              43.44102
            ],
            [
              42.99946,
              43.4432
            ],
            [
              43.00976,
              43.45616
            ],
            [
              43.02392,
              43.46631
            ],
            [
              43.03954,
              43.46725
            ],
            [
              43.0531,
              43.47254
            ],
            [
              43.05259,
              43.47485
            ],
            [
              43.07456,
              43.48002
            ],
            [
              43.08589,
              43.48811
            ],
            [
              43.11902,
              43.49496
            ],
            [
              43.13567,
              43.50555
            ],
            [
              43.15018,
              43.50934
            ],
            [
              43.15241,
              43.51401
            ],
            [
              43.1797,
              43.52447
            ],
            [
              43.20271,
              43.55309
            ],
            [
              43.2185,
              43.56416
            ],
            [
              43.22536,
              43.56484
            ],
            [
              43.22631,
              43.56951
            ],
            [
              43.24124,
              43.58039
            ]
          ],
          [
            [
              43.24124,
              43.58039
            ],
            [
              43.28064,
              43.60265
            ],
            [
              43.3057,
              43.60563
            ]
          ],
          [
            [
              43.3057,
              43.60563
            ],
            [
              43.31197,
              43.60327
            ],
            [
              43.31978,
              43.60383
            ],
            [
              43.3354,
              43.61035
            ],
            [
              43.35299,
              43.61228
            ],
            [
              43.3542,
              43.61849
            ],
            [
              43.36518,
              43.6293
            ],
            [
              43.37153,
              43.63061
            ],
            [
              43.38836,
              43.65185
            ],
            [
              43.40861,
              43.65881
            ],
            [
              43.43127,
              43.6603
            ],
            [
              43.46869,
              43.66818
            ]
          ],
          [
            [
              43.3057,
              43.60563
            ],
            [
              43.30802,
              43.60501
            ]
          ],
          [
            [
              43.30793,
              43.60507
            ],
            [
              43.31935,
              43.60588
            ],
            [
              43.33857,
              43.6142
            ],
            [
              43.36012,
              43.64371
            ],
            [
              43.3681,
              43.64875
            ],
            [
              43.39565,
              43.65663
            ]
          ]
        ]
      }
    },
    {
      "type": "Feature",
      "properties": {
        "system_id": "bolshoy-zelenchuk",
        "name_ru": "Большой Зеленчук",
        "tier": 1,
        "width_class": "major"
      },
      "geometry": {
        "type": "MultiLineString",
        "coordinates": [
          [
            [
              41.27306,
              43.54911
            ],
            [
              41.27263,
              43.55738
            ],
            [
              41.28353,
              43.56198
            ],
            [
              41.31031,
              43.5603
            ],
            [
              41.317,
              43.56385
            ],
            [
              41.34155,
              43.56565
            ],
            [
              41.35863,
              43.57081
            ],
            [
              41.37142,
              43.58039
            ]
          ],
          [
            [
              41.37142,
              43.58039
            ],
            [
              41.38335,
              43.58599
            ],
            [
              41.38696,
              43.5932
            ],
            [
              41.38275,
              43.61402
            ],
            [
              41.39803,
              43.64496
            ],
            [
              41.39717,
              43.67147
            ],
            [
              41.40773,
              43.67402
            ],
            [
              41.42773,
              43.67048
            ],
            [
              41.43811,
              43.67489
            ],
            [
              41.44953,
              43.67445
            ],
            [
              41.46489,
              43.68438
            ],
            [
              41.48171,
              43.68941
            ],
            [
              41.48686,
              43.69735
            ],
            [
              41.50025,
              43.70685
            ],
            [
              41.50042,
              43.71342
            ],
            [
              41.51064,
              43.72887
            ],
            [
              41.51176,
              43.75231
            ],
            [
              41.52763,
              43.76657
            ],
            [
              41.53544,
              43.78931
            ],
            [
              41.54695,
              43.7996
            ],
            [
              41.54866,
              43.80821
            ],
            [
              41.55355,
              43.81391
            ],
            [
              41.5775,
              43.82716
            ],
            [
              41.58008,
              43.83453
            ]
          ],
          [
            [
              41.58008,
              43.83453
            ],
            [
              41.58162,
              43.83942
            ],
            [
              41.57252,
              43.86746
            ],
            [
              41.57312,
              43.87853
            ],
            [
              41.55639,
              43.89666
            ],
            [
              41.53725,
              43.90834
            ],
            [
              41.52849,
              43.91947
            ],
            [
              41.52257,
              43.94475
            ],
            [
              41.51922,
              43.94852
            ],
            [
              41.51905,
              43.95952
            ],
            [
              41.53089,
              43.96829
            ],
            [
              41.53029,
              43.97206
            ],
            [
              41.543,
              43.99127
            ],
            [
              41.54935,
              43.99325
            ],
            [
              41.55561,
              44.00343
            ],
            [
              41.56574,
              44.00677
            ],
            [
              41.5739,
              44.01646
            ],
            [
              41.57862,
              44.01732
            ],
            [
              41.58677,
              44.03608
            ],
            [
              41.58385,
              44.05342
            ],
            [
              41.59381,
              44.06403
            ],
            [
              41.59561,
              44.07476
            ],
            [
              41.60926,
              44.08758
            ]
          ],
          [
            [
              41.60926,
              44.08758
            ],
            [
              41.61415,
              44.09061
            ],
            [
              41.61441,
              44.09474
            ],
            [
              41.62213,
              44.09745
            ]
          ],
          [
            [
              41.62213,
              44.09745
            ],
            [
              41.62591,
              44.1062
            ],
            [
              41.63698,
              44.11076
            ],
            [
              41.64273,
              44.12438
            ],
            [
              41.64934,
              44.12512
            ],
            [
              41.65123,
              44.13307
            ],
            [
              41.66153,
              44.14126
            ],
            [
              41.66531,
              44.14896
            ],
            [
              41.67475,
              44.15339
            ],
            [
              41.6805,
              44.16706
            ],
            [
              41.69921,
              44.17254
            ],
            [
              41.69912,
              44.18073
            ],
            [
              41.71131,
              44.19045
            ],
            [
              41.70968,
              44.20171
            ]
          ],
          [
            [
              41.68213,
              44.03152
            ],
            [
              41.67483,
              44.03935
            ],
            [
              41.65295,
              44.05021
            ],
            [
              41.64831,
              44.05768
            ],
            [
              41.6502,
              44.06255
            ],
            [
              41.63913,
              44.0742
            ],
            [
              41.63432,
              44.08758
            ]
          ],
          [
            [
              41.63432,
              44.08758
            ],
            [
              41.62943,
              44.09658
            ],
            [
              41.62213,
              44.09745
            ]
          ]
        ]
      }
    },
    {
      "type": "Feature",
      "properties": {
        "system_id": "chegem",
        "name_ru": "Чегем",
        "tier": 1,
        "width_class": "major"
      },
      "geometry": {
        "type": "MultiLineString",
        "coordinates": [
          [
            [
              42.90942,
              43.21268
            ],
            [
              42.92582,
              43.19485
            ],
            [
              42.932,
              43.19435
            ]
          ],
          [
            [
              42.91706,
              43.18534
            ],
            [
              42.93388,
              43.19479
            ]
          ],
          [
            [
              42.92642,
              43.20005
            ],
            [
              42.932,
              43.19435
            ]
          ],
          [
            [
              42.932,
              43.19435
            ],
            [
              42.93388,
              43.19479
            ]
          ],
          [
            [
              42.93388,
              43.19479
            ],
            [
              43.00615,
              43.20956
            ],
            [
              43.02315,
              43.20762
            ],
            [
              43.05585,
              43.21018
            ],
            [
              43.10958,
              43.2235
            ],
            [
              43.15241,
              43.25758
            ],
            [
              43.15232,
              43.26483
            ],
            [
              43.15721,
              43.27277
            ],
            [
              43.15275,
              43.28964
            ],
            [
              43.1549,
              43.30526
            ],
            [
              43.14992,
              43.31687
            ],
            [
              43.15215,
              43.32518
            ]
          ],
          [
            [
              43.15215,
              43.32518
            ],
            [
              43.15121,
              43.33261
            ],
            [
              43.16365,
              43.34247
            ],
            [
              43.16494,
              43.35233
            ],
            [
              43.16202,
              43.36032
            ],
            [
              43.16451,
              43.36488
            ],
            [
              43.17284,
              43.37517
            ],
            [
              43.1852,
              43.37985
            ],
            [
              43.1979,
              43.40754
            ],
            [
              43.23086,
              43.42369
            ],
            [
              43.22725,
              43.43441
            ],
            [
              43.24742,
              43.4498
            ],
            [
              43.25755,
              43.4665
            ],
            [
              43.2694,
              43.47466
            ],
            [
              43.27489,
              43.47454
            ],
            [
              43.2827,
              43.48606
            ],
            [
              43.29128,
              43.48973
            ],
            [
              43.29283,
              43.49845
            ],
            [
              43.30605,
              43.51021
            ],
            [
              43.31986,
              43.51613
            ],
            [
              43.35059,
              43.52248
            ],
            [
              43.36218,
              43.53623
            ],
            [
              43.38003,
              43.53741
            ],
            [
              43.39986,
              43.55452
            ],
            [
              43.4396,
              43.55626
            ],
            [
              43.44689,
              43.5603
            ],
            [
              43.47608,
              43.56341
            ],
            [
              43.54689,
              43.56627
            ],
            [
              43.59838,
              43.58039
            ]
          ],
          [
            [
              43.59838,
              43.58039
            ],
            [
              43.6073,
              43.5835
            ]
          ]
        ]
      }
    },
    {
      "type": "Feature",
      "properties": {
        "system_id": "cherek-balkarsky",
        "name_ru": "Черек Балкарский",
        "tier": 1,
        "width_class": "major"
      },
      "geometry": {
        "type": "MultiLineString",
        "coordinates": [
          [
            [
              43.30759,
              42.9941
            ],
            [
              43.31995,
              43.02366
            ],
            [
              43.33557,
              43.03997
            ],
            [
              43.33626,
              43.04481
            ],
            [
              43.35797,
              43.06086
            ],
            [
              43.379,
              43.06889
            ]
          ],
          [
            [
              43.379,
              43.06889
            ],
            [
              43.41488,
              43.08669
            ],
            [
              43.43136,
              43.10462
            ],
            [
              43.43471,
              43.11471
            ],
            [
              43.46415,
              43.1325
            ],
            [
              43.482,
              43.15392
            ],
            [
              43.48191,
              43.1603
            ],
            [
              43.48577,
              43.16581
            ],
            [
              43.51642,
              43.18077
            ],
            [
              43.51702,
              43.19767
            ],
            [
              43.51436,
              43.19886
            ],
            [
              43.53272,
              43.22213
            ],
            [
              43.53169,
              43.22788
            ],
            [
              43.53805,
              43.23864
            ],
            [
              43.5383,
              43.25833
            ],
            [
              43.55555,
              43.27758
            ],
            [
              43.63006,
              43.32518
            ]
          ],
          [
            [
              43.63006,
              43.32518
            ],
            [
              43.64139,
              43.32674
            ],
            [
              43.66284,
              43.33704
            ],
            [
              43.6819,
              43.33879
            ],
            [
              43.70396,
              43.34828
            ],
            [
              43.70739,
              43.35576
            ],
            [
              43.73503,
              43.38522
            ],
            [
              43.75374,
              43.39675
            ],
            [
              43.75597,
              43.4048
            ],
            [
              43.76447,
              43.41147
            ],
            [
              43.76533,
              43.41708
            ],
            [
              43.77751,
              43.42269
            ]
          ]
        ]
      }
    },
    {
      "type": "Feature",
      "properties": {
        "system_id": "cherek-bezengiysky",
        "name_ru": "Черек Безенгийский",
        "tier": 1,
        "width_class": "major"
      },
      "geometry": {
        "type": "MultiLineString",
        "coordinates": [
          [
            [
              43.13121,
              43.10537
            ],
            [
              43.15155,
              43.12041
            ]
          ],
          [
            [
              43.15155,
              43.12041
            ],
            [
              43.15326,
              43.12184
            ]
          ],
          [
            [
              43.15155,
              43.12041
            ],
            [
              43.15198,
              43.12116
            ],
            [
              43.15326,
              43.12184
            ]
          ],
          [
            [
              43.15327,
              43.12185
            ],
            [
              43.17018,
              43.13889
            ]
          ],
          [
            [
              43.16709,
              43.13525
            ],
            [
              43.17018,
              43.13889
            ]
          ],
          [
            [
              43.17018,
              43.13889
            ],
            [
              43.17404,
              43.14314
            ],
            [
              43.19172,
              43.14753
            ],
            [
              43.19996,
              43.15423
            ],
            [
              43.20991,
              43.15586
            ],
            [
              43.21489,
              43.16143
            ],
            [
              43.2282,
              43.16362
            ],
            [
              43.25146,
              43.19229
            ],
            [
              43.28982,
              43.21406
            ],
            [
              43.29635,
              43.22069
            ],
            [
              43.33454,
              43.23276
            ],
            [
              43.34561,
              43.24514
            ],
            [
              43.35299,
              43.24814
            ],
            [
              43.36003,
              43.25964
            ],
            [
              43.36827,
              43.26327
            ],
            [
              43.37188,
              43.27152
            ],
            [
              43.38286,
              43.28277
            ],
            [
              43.40269,
              43.29126
            ],
            [
              43.4129,
              43.29963
            ],
            [
              43.45324,
              43.30151
            ],
            [
              43.52646,
              43.28245
            ],
            [
              43.56088,
              43.28258
            ]
          ]
        ]
      }
    },
    {
      "type": "Feature",
      "properties": {
        "system_id": "kuban",
        "name_ru": "Кубань",
        "tier": 1,
        "width_class": "major"
      },
      "geometry": {
        "type": "MultiLineString",
        "coordinates": [
          [
            [
              41.90349,
              43.96632
            ],
            [
              41.90726,
              43.97558
            ]
          ],
          [
            [
              41.90349,
              43.96632
            ],
            [
              41.90434,
              43.97299
            ],
            [
              41.90726,
              43.97558
            ]
          ],
          [
            [
              42.18269,
              43.39258
            ],
            [
              42.18115,
              43.39887
            ],
            [
              42.17214,
              43.40604
            ],
            [
              42.16707,
              43.41883
            ],
            [
              42.14433,
              43.4255
            ],
            [
              42.14253,
              43.43316
            ],
            [
              42.11798,
              43.44569
            ],
            [
              42.09463,
              43.46407
            ],
            [
              42.096,
              43.46775
            ],
            [
              42.10012,
              43.46812
            ],
            [
              42.10081,
              43.4769
            ],
            [
              42.10751,
              43.48325
            ],
            [
              42.10905,
              43.48992
            ],
            [
              42.10648,
              43.49664
            ],
            [
              42.11068,
              43.50785
            ],
            [
              42.12579,
              43.5315
            ],
            [
              42.13102,
              43.54836
            ],
            [
              42.13566,
              43.55178
            ],
            [
              42.13403,
              43.57343
            ],
            [
              42.13643,
              43.58039
            ]
          ],
          [
            [
              42.13643,
              43.58039
            ],
            [
              42.1372,
              43.59065
            ],
            [
              42.13428,
              43.59774
            ],
            [
              42.09575,
              43.62999
            ],
            [
              42.08862,
              43.64055
            ],
            [
              42.07352,
              43.64819
            ],
            [
              42.0524,
              43.65521
            ],
            [
              42.04631,
              43.65322
            ],
            [
              42.00914,
              43.65949
            ],
            [
              41.984,
              43.66005
            ],
            [
              41.97867,
              43.65595
            ],
            [
              41.96898,
              43.65545
            ],
            [
              41.94752,
              43.67011
            ],
            [
              41.94563,
              43.67551
            ],
            [
              41.93533,
              43.67725
            ],
            [
              41.92966,
              43.69041
            ],
            [
              41.92383,
              43.69407
            ],
            [
              41.9228,
              43.71063
            ],
            [
              41.92554,
              43.71522
            ],
            [
              41.9234,
              43.72496
            ],
            [
              41.91713,
              43.73048
            ],
            [
              41.90846,
              43.75033
            ],
            [
              41.91679,
              43.76093
            ],
            [
              41.91765,
              43.77797
            ],
            [
              41.91327,
              43.78349
            ],
            [
              41.91808,
              43.78981
            ],
            [
              41.92323,
              43.79061
            ],
            [
              41.91739,
              43.80362
            ],
            [
              41.90812,
              43.81
            ],
            [
              41.89937,
              43.81093
            ],
            [
              41.89439,
              43.81923
            ],
            [
              41.8907,
              43.82982
            ],
            [
              41.89662,
              43.83007
            ],
            [
              41.90168,
              43.83453
            ]
          ],
          [
            [
              41.90168,
              43.83453
            ],
            [
              41.89902,
              43.84177
            ],
            [
              41.90855,
              43.8557
            ],
            [
              41.9137,
              43.87364
            ],
            [
              41.90975,
              43.88094
            ],
            [
              41.8804,
              43.9016
            ],
            [
              41.87834,
              43.90964
            ],
            [
              41.88143,
              43.91502
            ],
            [
              41.87731,
              43.92114
            ],
            [
              41.88014,
              43.92683
            ],
            [
              41.89619,
              43.93752
            ],
            [
              41.90349,
              43.96632
            ]
          ],
          [
            [
              41.90726,
              43.97558
            ],
            [
              41.91361,
              43.97948
            ],
            [
              41.91645,
              43.99195
            ],
            [
              41.95001,
              44.0001
            ],
            [
              41.96589,
              44.01516
            ],
            [
              41.95644,
              44.02658
            ],
            [
              41.96434,
              44.04275
            ],
            [
              41.95627,
              44.04916
            ],
            [
              41.95739,
              44.06329
            ],
            [
              41.96082,
              44.06643
            ],
            [
              41.95644,
              44.08413
            ],
            [
              41.95859,
              44.08758
            ]
          ],
          [
            [
              41.95859,
              44.08758
            ],
            [
              41.96683,
              44.09517
            ],
            [
              41.97121,
              44.10491
            ],
            [
              41.97069,
              44.11138
            ],
            [
              41.97713,
              44.1147
            ],
            [
              41.97438,
              44.12
            ],
            [
              41.97704,
              44.12487
            ],
            [
              41.98709,
              44.13251
            ],
            [
              41.9894,
              44.14853
            ],
            [
              42.00374,
              44.15376
            ],
            [
              42.0088,
              44.16878
            ],
            [
              42.02382,
              44.19039
            ],
            [
              42.02442,
              44.20602
            ],
            [
              42.03077,
              44.22146
            ],
            [
              42.03009,
              44.2321
            ],
            [
              42.02708,
              44.23425
            ],
            [
              42.03009,
              44.24618
            ],
            [
              42.02794,
              44.25442
            ],
            [
              42.03678,
              44.27851
            ],
            [
              42.04433,
              44.28257
            ],
            [
              42.05566,
              44.3002
            ],
            [
              42.06468,
              44.30604
            ],
            [
              42.05944,
              44.32053
            ],
            [
              42.05232,
              44.3271
            ],
            [
              42.0524,
              44.33472
            ],
            [
              42.0476,
              44.33736
            ]
          ],
          [
            [
              42.03378,
              44.34711
            ],
            [
              42.02871,
              44.35509
            ],
            [
              42.02339,
              44.35632
            ],
            [
              42.02339,
              44.36589
            ],
            [
              42.01713,
              44.37234
            ],
            [
              42.0094,
              44.37264
            ],
            [
              41.98367,
              44.3866
            ]
          ],
          [
            [
              42.0476,
              44.33736
            ],
            [
              42.04682,
              44.33956
            ]
          ],
          [
            [
              42.04682,
              44.33956
            ],
            [
              42.04159,
              44.34767
            ],
            [
              42.03644,
              44.35012
            ],
            [
              42.03498,
              44.34711
            ],
            [
              42.03378,
              44.34711
            ]
          ],
          [
            [
              42.0476,
              44.33736
            ],
            [
              42.04476,
              44.33956
            ]
          ],
          [
            [
              42.04476,
              44.33956
            ],
            [
              42.03378,
              44.34711
            ]
          ],
          [
            [
              42.18269,
              43.39258
            ],
            [
              42.18115,
              43.39407
            ]
          ],
          [
            [
              42.18458,
              43.39102
            ],
            [
              42.18269,
              43.39258
            ]
          ],
          [
            [
              42.1863,
              43.38883
            ],
            [
              42.18475,
              43.38952
            ],
            [
              42.18458,
              43.39102
            ]
          ],
          [
            [
              42.1863,
              43.38883
            ],
            [
              42.18458,
              43.39102
            ]
          ],
          [
            [
              42.18776,
              43.38384
            ],
            [
              42.1863,
              43.38883
            ]
          ],
          [
            [
              42.1869,
              43.38079
            ],
            [
              42.18776,
              43.38384
            ]
          ],
          [
            [
              42.1869,
              43.38079
            ],
            [
              42.18647,
              43.38266
            ],
            [
              42.18776,
              43.38384
            ]
          ],
          [
            [
              42.1899,
              43.35514
            ],
            [
              42.1845,
              43.37561
            ],
            [
              42.1869,
              43.38079
            ]
          ],
          [
            [
              42.19016,
              43.35408
            ],
            [
              42.18982,
              43.35433
            ],
            [
              42.1899,
              43.35514
            ]
          ],
          [
            [
              42.19016,
              43.35408
            ],
            [
              42.1899,
              43.35514
            ]
          ],
          [
            [
              42.39264,
              43.32312
            ],
            [
              42.3777,
              43.30544
            ],
            [
              42.35341,
              43.29601
            ],
            [
              42.31805,
              43.2992
            ],
            [
              42.31341,
              43.30526
            ],
            [
              42.30191,
              43.30769
            ],
            [
              42.26543,
              43.32518
            ]
          ],
          [
            [
              42.26543,
              43.32518
            ],
            [
              42.25033,
              43.33055
            ],
            [
              42.23359,
              43.33092
            ],
            [
              42.20278,
              43.3386
            ],
            [
              42.19016,
              43.35408
            ]
          ]
        ]
      }
    },
    {
      "type": "Feature",
      "properties": {
        "system_id": "malka",
        "name_ru": "Малка",
        "tier": 1,
        "width_class": "major"
      },
      "geometry": {
        "type": "MultiLineString",
        "coordinates": [
          [
            [
              42.46284,
              43.72813
            ],
            [
              42.46533,
              43.73228
            ],
            [
              42.45993,
              43.7414
            ],
            [
              42.46396,
              43.74704
            ],
            [
              42.50902,
              43.77041
            ],
            [
              42.55803,
              43.76198
            ],
            [
              42.57657,
              43.75231
            ]
          ],
          [
            [
              42.50207,
              43.73991
            ],
            [
              42.52001,
              43.74072
            ],
            [
              42.57657,
              43.75231
            ]
          ],
          [
            [
              42.53468,
              43.43341
            ],
            [
              42.53906,
              43.43921
            ],
            [
              42.5491,
              43.44289
            ],
            [
              42.5534,
              43.45018
            ],
            [
              42.5558,
              43.46345
            ],
            [
              42.54713,
              43.47385
            ],
            [
              42.5455,
              43.48157
            ],
            [
              42.554,
              43.49359
            ],
            [
              42.57271,
              43.50175
            ],
            [
              42.58026,
              43.51046
            ],
            [
              42.58344,
              43.51743
            ],
            [
              42.58052,
              43.51986
            ],
            [
              42.58172,
              43.5297
            ],
            [
              42.60344,
              43.55247
            ],
            [
              42.60077,
              43.56354
            ],
            [
              42.61185,
              43.58039
            ]
          ],
          [
            [
              42.61185,
              43.58039
            ],
            [
              42.64206,
              43.6042
            ],
            [
              42.64395,
              43.62297
            ],
            [
              42.65416,
              43.63055
            ],
            [
              42.65253,
              43.63359
            ],
            [
              42.66137,
              43.64005
            ],
            [
              42.66128,
              43.64341
            ],
            [
              42.67339,
              43.65241
            ],
            [
              42.67124,
              43.65458
            ],
            [
              42.67493,
              43.6585
            ],
            [
              42.68446,
              43.66241
            ],
            [
              42.70875,
              43.68271
            ],
            [
              42.72574,
              43.68761
            ],
            [
              42.73879,
              43.69791
            ],
            [
              42.77038,
              43.70021
            ],
            [
              42.786,
              43.70896
            ],
            [
              42.82943,
              43.71653
            ],
            [
              42.83964,
              43.71572
            ],
            [
              42.84968,
              43.72261
            ],
            [
              42.88402,
              43.71764
            ],
            [
              42.90968,
              43.72459
            ],
            [
              42.92728,
              43.72409
            ],
            [
              42.94161,
              43.72943
            ],
            [
              42.958,
              43.72974
            ],
            [
              42.96641,
              43.73371
            ],
            [
              42.97817,
              43.73129
            ],
            [
              42.99671,
              43.73476
            ],
            [
              43.01645,
              43.73104
            ],
            [
              43.04675,
              43.73222
            ],
            [
              43.05156,
              43.73507
            ]
          ],
          [
            [
              42.57657,
              43.75231
            ],
            [
              42.5952,
              43.74828
            ],
            [
              42.61777,
              43.75299
            ]
          ],
          [
            [
              42.61013,
              43.75597
            ],
            [
              42.61777,
              43.75299
            ]
          ],
          [
            [
              42.61777,
              43.75299
            ],
            [
              42.63897,
              43.76589
            ],
            [
              42.64832,
              43.77921
            ],
            [
              42.65279,
              43.7926
            ],
            [
              42.66283,
              43.80214
            ],
            [
              42.67648,
              43.80585
            ],
            [
              42.6806,
              43.81099
            ],
            [
              42.71622,
              43.81905
            ],
            [
              42.73252,
              43.8196
            ],
            [
              42.76257,
              43.80957
            ],
            [
              42.78085,
              43.80994
            ],
            [
              42.79406,
              43.80592
            ],
            [
              42.80119,
              43.80759
            ],
            [
              42.81836,
              43.80108
            ],
            [
              42.83483,
              43.80046
            ],
            [
              42.8375,
              43.80313
            ],
            [
              42.84041,
              43.80028
            ],
            [
              42.85715,
              43.80065
            ],
            [
              42.86633,
              43.8043
            ],
            [
              42.8762,
              43.80177
            ],
            [
              42.87998,
              43.80449
            ],
            [
              42.89337,
              43.80016
            ],
            [
              42.91054,
              43.80009
            ],
            [
              42.93826,
              43.78999
            ],
            [
              42.94238,
              43.79204
            ],
            [
              42.9441,
              43.78572
            ],
            [
              42.95174,
              43.78776
            ],
            [
              42.96796,
              43.78262
            ],
            [
              42.98161,
              43.77054
            ],
            [
              43.01156,
              43.75832
            ],
            [
              43.01765,
              43.74977
            ],
            [
              43.03319,
              43.74568
            ],
            [
              43.05156,
              43.73507
            ]
          ],
          [
            [
              43.05156,
              43.73507
            ],
            [
              43.06237,
              43.73458
            ],
            [
              43.06469,
              43.73706
            ],
            [
              43.0707,
              43.73346
            ],
            [
              43.08949,
              43.7321
            ],
            [
              43.09439,
              43.73483
            ],
            [
              43.09842,
              43.7298
            ],
            [
              43.11078,
              43.73061
            ],
            [
              43.1173,
              43.7267
            ],
            [
              43.12245,
              43.72875
            ],
            [
              43.13945,
              43.72577
            ],
            [
              43.19498,
              43.74698
            ],
            [
              43.24219,
              43.75901
            ],
            [
              43.24802,
              43.76372
            ]
          ]
        ]
      }
    },
    {
      "type": "Feature",
      "properties": {
        "system_id": "maly-zelenchuk",
        "name_ru": "Малый Зеленчук",
        "tier": 1,
        "width_class": "major"
      },
      "geometry": {
        "type": "MultiLineString",
        "coordinates": [
          [
            [
              41.70024,
              43.9162
            ],
            [
              41.70316,
              43.92912
            ],
            [
              41.712,
              43.93178
            ],
            [
              41.72067,
              43.94092
            ],
            [
              41.72796,
              43.95971
            ],
            [
              41.73431,
              43.96681
            ],
            [
              41.74762,
              43.97274
            ],
            [
              41.74539,
              43.98676
            ],
            [
              41.74736,
              43.99498
            ],
            [
              41.76461,
              44.01695
            ],
            [
              41.76993,
              44.02769
            ],
            [
              41.76976,
              44.03504
            ],
            [
              41.77646,
              44.04127
            ],
            [
              41.78092,
              44.06415
            ],
            [
              41.7895,
              44.07562
            ],
            [
              41.78847,
              44.07803
            ],
            [
              41.79328,
              44.0784
            ],
            [
              41.79045,
              44.08308
            ],
            [
              41.7968,
              44.08401
            ],
            [
              41.79525,
              44.08758
            ]
          ],
          [
            [
              41.79525,
              44.08758
            ],
            [
              41.80718,
              44.09628
            ],
            [
              41.8168,
              44.09776
            ],
            [
              41.82246,
              44.10645
            ],
            [
              41.83594,
              44.11618
            ],
            [
              41.83971,
              44.12216
            ],
            [
              41.83748,
              44.1282
            ],
            [
              41.83937,
              44.13645
            ],
            [
              41.85293,
              44.15191
            ],
            [
              41.85139,
              44.15456
            ],
            [
              41.85714,
              44.15949
            ],
            [
              41.86057,
              44.17125
            ],
            [
              41.87267,
              44.17316
            ],
            [
              41.88048,
              44.17968
            ],
            [
              41.88023,
              44.20184
            ],
            [
              41.8907,
              44.21463
            ],
            [
              41.89413,
              44.22995
            ],
            [
              41.91233,
              44.26776
            ],
            [
              41.91447,
              44.28423
            ],
            [
              41.92245,
              44.29449
            ],
            [
              41.92177,
              44.30346
            ],
            [
              41.93112,
              44.33324
            ],
            [
              41.92769,
              44.33956
            ]
          ],
          [
            [
              41.92769,
              44.33956
            ],
            [
              41.92529,
              44.34337
            ],
            [
              41.93318,
              44.35356
            ],
            [
              41.93121,
              44.37129
            ],
            [
              41.93412,
              44.37969
            ]
          ]
        ]
      }
    },
    {
      "type": "Feature",
      "properties": {
        "system_id": "teberda",
        "name_ru": "Теберда",
        "tier": 1,
        "width_class": "major"
      },
      "geometry": {
        "type": "MultiLineString",
        "coordinates": [
          [
            [
              41.4727,
              43.34909
            ],
            [
              41.47116,
              43.35664
            ],
            [
              41.47476,
              43.36038
            ]
          ],
          [
            [
              41.47476,
              43.36038
            ],
            [
              41.47922,
              43.36681
            ]
          ],
          [
            [
              41.47476,
              43.36038
            ],
            [
              41.47571,
              43.36974
            ]
          ],
          [
            [
              41.47751,
              43.37018
            ],
            [
              41.47571,
              43.36974
            ]
          ],
          [
            [
              41.47571,
              43.36974
            ],
            [
              41.47159,
              43.3781
            ],
            [
              41.47519,
              43.3854
            ],
            [
              41.47107,
              43.39077
            ],
            [
              41.47433,
              43.40511
            ],
            [
              41.4818,
              43.41658
            ],
            [
              41.47837,
              43.42811
            ],
            [
              41.48197,
              43.43111
            ],
            [
              41.47459,
              43.44245
            ],
            [
              41.48343,
              43.45734
            ],
            [
              41.51278,
              43.48575
            ],
            [
              41.53321,
              43.49316
            ],
            [
              41.53338,
              43.49795
            ],
            [
              41.53982,
              43.50206
            ],
            [
              41.5418,
              43.50735
            ],
            [
              41.56222,
              43.52204
            ],
            [
              41.56094,
              43.52546
            ],
            [
              41.56617,
              43.52652
            ],
            [
              41.59046,
              43.55595
            ],
            [
              41.60282,
              43.56223
            ],
            [
              41.60917,
              43.58039
            ]
          ],
          [
            [
              41.60917,
              43.58039
            ],
            [
              41.61655,
              43.60035
            ],
            [
              41.62419,
              43.6093
            ],
            [
              41.66187,
              43.61781
            ],
            [
              41.67792,
              43.63216
            ],
            [
              41.67706,
              43.64533
            ],
            [
              41.66436,
              43.6585
            ],
            [
              41.66316,
              43.67582
            ],
            [
              41.66737,
              43.68985
            ],
            [
              41.66642,
              43.71398
            ],
            [
              41.67784,
              43.73247
            ],
            [
              41.67887,
              43.74276
            ],
            [
              41.68307,
              43.7494
            ],
            [
              41.68161,
              43.75572
            ],
            [
              41.68479,
              43.76409
            ],
            [
              41.68204,
              43.77184
            ],
            [
              41.6847,
              43.78696
            ],
            [
              41.69226,
              43.78981
            ],
            [
              41.68668,
              43.79322
            ]
          ],
          [
            [
              41.47922,
              43.36681
            ],
            [
              41.47571,
              43.36974
            ]
          ],
          [
            [
              41.56523,
              43.35339
            ],
            [
              41.569,
              43.35121
            ],
            [
              41.5684,
              43.34647
            ],
            [
              41.56205,
              43.34634
            ],
            [
              41.55476,
              43.33798
            ],
            [
              41.54566,
              43.33729
            ],
            [
              41.5333,
              43.34447
            ],
            [
              41.51991,
              43.35882
            ],
            [
              41.50815,
              43.36144
            ],
            [
              41.49055,
              43.35901
            ],
            [
              41.47905,
              43.36263
            ],
            [
              41.47922,
              43.36681
            ]
          ],
          [
            [
              41.66642,
              43.33585
            ],
            [
              41.67595,
              43.35171
            ],
            [
              41.68651,
              43.35963
            ],
            [
              41.70247,
              43.39108
            ],
            [
              41.71612,
              43.39632
            ],
            [
              41.72144,
              43.40742
            ],
            [
              41.73449,
              43.41353
            ],
            [
              41.73225,
              43.41783
            ],
            [
              41.73389,
              43.42899
            ],
            [
              41.73801,
              43.43379
            ],
            [
              41.73672,
              43.44027
            ],
            [
              41.74393,
              43.4455
            ],
            [
              41.73963,
              43.45317
            ],
            [
              41.75165,
              43.46712
            ],
            [
              41.74762,
              43.48176
            ],
            [
              41.75603,
              43.48593
            ],
            [
              41.75406,
              43.49421
            ],
            [
              41.76178,
              43.50978
            ],
            [
              41.77568,
              43.5221
            ],
            [
              41.77809,
              43.52901
            ],
            [
              41.79139,
              43.5437
            ],
            [
              41.84383,
              43.58039
            ]
          ],
          [
            [
              41.84383,
              43.58039
            ],
            [
              41.87344,
              43.60321
            ],
            [
              41.87018,
              43.61383
            ],
            [
              41.87379,
              43.62216
            ],
            [
              41.87053,
              43.63204
            ],
            [
              41.87405,
              43.6403
            ],
            [
              41.8852,
              43.65167
            ],
            [
              41.88761,
              43.66613
            ],
            [
              41.90237,
              43.70033
            ],
            [
              41.89705,
              43.72831
            ],
            [
              41.89104,
              43.74239
            ],
            [
              41.88392,
              43.74853
            ],
            [
              41.88314,
              43.75498
            ],
            [
              41.89662,
              43.76905
            ],
            [
              41.91739,
              43.77748
            ],
            [
              41.91327,
              43.78349
            ],
            [
              41.91808,
              43.78981
            ],
            [
              41.9234,
              43.78981
            ],
            [
              41.91739,
              43.80362
            ],
            [
              41.90812,
              43.81
            ],
            [
              41.89937,
              43.81093
            ],
            [
              41.89439,
              43.81923
            ],
            [
              41.8907,
              43.82982
            ],
            [
              41.89662,
              43.83007
            ],
            [
              41.90168,
              43.83453
            ]
          ],
          [
            [
              41.90168,
              43.83453
            ],
            [
              41.89902,
              43.84177
            ],
            [
              41.90855,
              43.8557
            ],
            [
              41.9137,
              43.87364
            ],
            [
              41.90975,
              43.88094
            ],
            [
              41.88271,
              43.90006
            ]
          ],
          [
            [
              41.6859,
              43.79377
            ],
            [
              41.68848,
              43.79346
            ]
          ],
          [
            [
              41.68693,
              43.79328
            ],
            [
              41.68848,
              43.79346
            ]
          ],
          [
            [
              41.68848,
              43.79346
            ],
            [
              41.70075,
              43.79278
            ],
            [
              41.7253,
              43.82561
            ],
            [
              41.74101,
              43.83341
            ],
            [
              41.74882,
              43.83056
            ],
            [
              41.75723,
              43.83453
            ]
          ],
          [
            [
              41.75723,
              43.83453
            ],
            [
              41.83817,
              43.85533
            ],
            [
              41.85705,
              43.86504
            ],
            [
              41.86426,
              43.86337
            ],
            [
              41.87353,
              43.87086
            ],
            [
              41.8755,
              43.88453
            ],
            [
              41.88229,
              43.89814
            ]
          ],
          [
            [
              41.88229,
              43.89851
            ],
            [
              41.88271,
              43.90006
            ]
          ],
          [
            [
              41.88271,
              43.90006
            ],
            [
              41.87834,
              43.9089
            ],
            [
              41.88143,
              43.91502
            ],
            [
              41.87748,
              43.92269
            ],
            [
              41.89619,
              43.93752
            ],
            [
              41.89765,
              43.94859
            ],
            [
              41.90211,
              43.95353
            ],
            [
              41.90434,
              43.97299
            ],
            [
              41.90855,
              43.97843
            ],
            [
              41.91361,
              43.97948
            ],
            [
              41.91464,
              43.98979
            ],
            [
              41.94074,
              43.99961
            ],
            [
              41.95001,
              44.0001
            ],
            [
              41.96589,
              44.01516
            ],
            [
              41.95644,
              44.02658
            ],
            [
              41.96434,
              44.04275
            ],
            [
              41.95627,
              44.04916
            ],
            [
              41.95739,
              44.06329
            ],
            [
              41.96082,
              44.06643
            ],
            [
              41.95644,
              44.08413
            ],
            [
              41.95859,
              44.08758
            ]
          ],
          [
            [
              41.95859,
              44.08758
            ],
            [
              41.96683,
              44.09517
            ],
            [
              41.97121,
              44.10491
            ],
            [
              41.97069,
              44.11138
            ],
            [
              41.97713,
              44.1147
            ],
            [
              41.97438,
              44.12
            ],
            [
              41.97704,
              44.12487
            ],
            [
              41.98709,
              44.13251
            ],
            [
              41.9894,
              44.14853
            ],
            [
              42.00356,
              44.15364
            ],
            [
              42.0082,
              44.16404
            ]
          ]
        ]
      }
    },
    {
      "type": "Feature",
      "properties": {
        "system_id": "terek",
        "name_ru": "Терек",
        "tier": 1,
        "width_class": "major"
      },
      "geometry": {
        "type": "LineString",
        "coordinates": [
          [
            42.3529,
            43.31812
          ],
          [
            42.33573,
            43.29764
          ]
        ]
      }
    },
    {
      "type": "Feature",
      "properties": {
        "system_id": "urukh",
        "name_ru": "Урух",
        "tier": 1,
        "width_class": "major"
      },
      "geometry": {
        "type": "MultiLineString",
        "coordinates": [
          [
            [
              43.81623,
              43.14791
            ],
            [
              43.84429,
              43.1799
            ],
            [
              43.84952,
              43.18772
            ],
            [
              43.84893,
              43.19416
            ],
            [
              43.85545,
              43.19829
            ],
            [
              43.8624,
              43.2135
            ],
            [
              43.87605,
              43.21456
            ],
            [
              43.88403,
              43.22225
            ],
            [
              43.95656,
              43.23482
            ],
            [
              43.97166,
              43.24445
            ],
            [
              43.98582,
              43.24808
            ],
            [
              43.99132,
              43.25877
            ],
            [
              44.00917,
              43.27583
            ],
            [
              44.01054,
              43.28583
            ],
            [
              44.01904,
              43.29095
            ],
            [
              44.02677,
              43.32518
            ]
          ],
          [
            [
              44.02677,
              43.32518
            ],
            [
              44.02788,
              43.3278
            ]
          ]
        ]
      }
    },
    {
      "type": "Feature",
      "properties": {
        "system_id": "aksaut",
        "name_ru": "Аксаут",
        "tier": 2,
        "width_class": "medium"
      },
      "geometry": {
        "type": "MultiLineString",
        "coordinates": [
          [
            [
              41.44043,
              43.33691
            ],
            [
              41.4533,
              43.33211
            ],
            [
              41.45768,
              43.33467
            ],
            [
              41.47262,
              43.34809
            ],
            [
              41.47116,
              43.35664
            ],
            [
              41.47476,
              43.36038
            ]
          ],
          [
            [
              41.47476,
              43.36038
            ],
            [
              41.47922,
              43.36681
            ],
            [
              41.47571,
              43.36974
            ]
          ],
          [
            [
              41.47476,
              43.36038
            ],
            [
              41.47571,
              43.36974
            ]
          ],
          [
            [
              41.47519,
              43.3854
            ],
            [
              41.47107,
              43.39077
            ],
            [
              41.47433,
              43.40511
            ],
            [
              41.4818,
              43.41658
            ],
            [
              41.47837,
              43.42811
            ],
            [
              41.48197,
              43.43111
            ],
            [
              41.47459,
              43.44245
            ],
            [
              41.48343,
              43.45734
            ],
            [
              41.51278,
              43.48575
            ],
            [
              41.53321,
              43.49316
            ],
            [
              41.53338,
              43.49795
            ],
            [
              41.53982,
              43.50206
            ],
            [
              41.5418,
              43.50735
            ],
            [
              41.56222,
              43.52204
            ],
            [
              41.56094,
              43.52546
            ],
            [
              41.56617,
              43.52652
            ],
            [
              41.59046,
              43.55595
            ],
            [
              41.60282,
              43.56223
            ],
            [
              41.60917,
              43.58039
            ]
          ],
          [
            [
              41.60917,
              43.58039
            ],
            [
              41.61655,
              43.60035
            ],
            [
              41.62419,
              43.6093
            ],
            [
              41.66187,
              43.61781
            ],
            [
              41.67792,
              43.63216
            ],
            [
              41.67706,
              43.64533
            ],
            [
              41.66436,
              43.6585
            ],
            [
              41.66316,
              43.67582
            ],
            [
              41.66737,
              43.68985
            ],
            [
              41.66642,
              43.71398
            ],
            [
              41.67784,
              43.73247
            ],
            [
              41.67887,
              43.74276
            ],
            [
              41.68307,
              43.7494
            ],
            [
              41.68161,
              43.75572
            ],
            [
              41.68479,
              43.76409
            ],
            [
              41.68204,
              43.77184
            ],
            [
              41.6847,
              43.78696
            ],
            [
              41.69226,
              43.78981
            ],
            [
              41.68676,
              43.79371
            ]
          ],
          [
            [
              41.47528,
              43.38341
            ],
            [
              41.47519,
              43.3854
            ]
          ],
          [
            [
              41.47571,
              43.36974
            ],
            [
              41.47159,
              43.3781
            ],
            [
              41.47528,
              43.38341
            ]
          ],
          [
            [
              41.47528,
              43.38341
            ],
            [
              41.47571,
              43.38478
            ],
            [
              41.47519,
              43.3854
            ]
          ],
          [
            [
              41.47751,
              43.37018
            ],
            [
              41.47571,
              43.36974
            ]
          ],
          [
            [
              41.66264,
              43.79204
            ],
            [
              41.68676,
              43.79377
            ]
          ],
          [
            [
              41.68676,
              43.79371
            ],
            [
              41.68934,
              43.79334
            ]
          ],
          [
            [
              41.68676,
              43.79377
            ],
            [
              41.69054,
              43.81075
            ],
            [
              41.70084,
              43.82258
            ],
            [
              41.70153,
              43.83453
            ]
          ],
          [
            [
              41.70153,
              43.83453
            ],
            [
              41.7023,
              43.88472
            ],
            [
              41.70745,
              43.89165
            ],
            [
              41.70762,
              43.89727
            ],
            [
              41.70024,
              43.9162
            ]
          ]
        ]
      }
    },
    {
      "type": "Feature",
      "properties": {
        "system_id": "arkhyz",
        "name_ru": "Архыз",
        "tier": 2,
        "width_class": "medium"
      },
      "geometry": {
        "type": "MultiLineString",
        "coordinates": [
          [
            [
              41.06295,
              43.61855
            ],
            [
              41.06604,
              43.61657
            ],
            [
              41.06312,
              43.61041
            ],
            [
              41.06552,
              43.60892
            ],
            [
              41.08286,
              43.60662
            ],
            [
              41.10363,
              43.59916
            ],
            [
              41.10157,
              43.58039
            ]
          ],
          [
            [
              41.10157,
              43.58039
            ],
            [
              41.11093,
              43.5631
            ],
            [
              41.13968,
              43.55844
            ],
            [
              41.1559,
              43.55029
            ],
            [
              41.17272,
              43.54762
            ],
            [
              41.19324,
              43.53629
            ],
            [
              41.21032,
              43.5338
            ],
            [
              41.2292,
              43.53691
            ],
            [
              41.24431,
              43.53517
            ]
          ]
        ]
      }
    },
    {
      "type": "Feature",
      "properties": {
        "system_id": "gondaray",
        "name_ru": "Гондарай",
        "tier": 2,
        "width_class": "medium"
      },
      "geometry": {
        "type": "LineString",
        "coordinates": [
          [
            41.96734,
            43.21725
          ],
          [
            41.98897,
            43.23626
          ],
          [
            41.99318,
            43.24727
          ],
          [
            42.00957,
            43.26471
          ],
          [
            42.01206,
            43.30095
          ],
          [
            42.00322,
            43.31643
          ]
        ]
      }
    },
    {
      "type": "Feature",
      "properties": {
        "system_id": "jamagat",
        "name_ru": "Джамагат",
        "tier": 2,
        "width_class": "medium"
      },
      "geometry": {
        "type": "LineString",
        "coordinates": [
          [
            41.82564,
            43.44987
          ],
          [
            41.81954,
            43.45497
          ],
          [
            41.79886,
            43.45616
          ],
          [
            41.79646,
            43.46183
          ],
          [
            41.78555,
            43.4675
          ],
          [
            41.76358,
            43.47148
          ],
          [
            41.75191,
            43.484
          ]
        ]
      }
    },
    {
      "type": "Feature",
      "properties": {
        "system_id": "makhar",
        "name_ru": "Махар",
        "tier": 2,
        "width_class": "medium"
      },
      "geometry": {
        "type": "MultiLineString",
        "coordinates": [
          [
            [
              41.91155,
              43.24158
            ],
            [
              41.92288,
              43.24614
            ]
          ],
          [
            [
              41.92288,
              43.24614
            ],
            [
              41.9319,
              43.25614
            ],
            [
              41.94202,
              43.28021
            ],
            [
              41.95086,
              43.28908
            ],
            [
              41.97885,
              43.30994
            ],
            [
              42.00322,
              43.31643
            ]
          ],
          [
            [
              41.92589,
              43.23464
            ],
            [
              41.92288,
              43.24614
            ]
          ]
        ]
      }
    },
    {
      "type": "Feature",
      "properties": {
        "system_id": "marukha",
        "name_ru": "Маруха",
        "tier": 2,
        "width_class": "medium"
      },
      "geometry": {
        "type": "MultiLineString",
        "coordinates": [
          [
            [
              41.38498,
              43.39189
            ],
            [
              41.38095,
              43.41982
            ],
            [
              41.38464,
              43.42313
            ],
            [
              41.37786,
              43.43921
            ],
            [
              41.38275,
              43.46083
            ],
            [
              41.37992,
              43.46152
            ],
            [
              41.38198,
              43.46575
            ],
            [
              41.37958,
              43.46893
            ],
            [
              41.3873,
              43.48051
            ],
            [
              41.38352,
              43.48842
            ],
            [
              41.39176,
              43.49179
            ],
            [
              41.39897,
              43.50007
            ],
            [
              41.42919,
              43.51084
            ],
            [
              41.44644,
              43.5249
            ],
            [
              41.4479,
              43.53262
            ],
            [
              41.45708,
              43.54251
            ],
            [
              41.45554,
              43.54905
            ],
            [
              41.45219,
              43.54992
            ],
            [
              41.45287,
              43.55974
            ],
            [
              41.44592,
              43.56851
            ],
            [
              41.44927,
              43.57137
            ],
            [
              41.44893,
              43.58039
            ]
          ],
          [
            [
              41.44893,
              43.58039
            ],
            [
              41.4479,
              43.58785
            ],
            [
              41.45116,
              43.59544
            ],
            [
              41.46086,
              43.60594
            ],
            [
              41.4927,
              43.60066
            ],
            [
              41.50566,
              43.6042
            ]
          ],
          [
            [
              41.38885,
              43.37118
            ],
            [
              41.38138,
              43.37954
            ],
            [
              41.38035,
              43.38677
            ],
            [
              41.38498,
              43.39189
            ]
          ],
          [
            [
              41.40292,
              43.37411
            ],
            [
              41.39048,
              43.37748
            ],
            [
              41.38498,
              43.39189
            ]
          ],
          [
            [
              41.50566,
              43.6042
            ],
            [
              41.50781,
              43.60464
            ]
          ],
          [
            [
              41.50566,
              43.6042
            ],
            [
              41.50703,
              43.60401
            ],
            [
              41.51381,
              43.60724
            ],
            [
              41.51828,
              43.61116
            ],
            [
              41.54008,
              43.61545
            ],
            [
              41.55355,
              43.62235
            ],
            [
              41.56291,
              43.63589
            ],
            [
              41.56394,
              43.64384
            ]
          ],
          [
            [
              41.56343,
              43.64744
            ],
            [
              41.56368,
              43.65483
            ],
            [
              41.57252,
              43.67166
            ],
            [
              41.58377,
              43.6801
            ],
            [
              41.59235,
              43.69655
            ],
            [
              41.59553,
              43.71411
            ],
            [
              41.66239,
              43.79173
            ],
            [
              41.66694,
              43.81168
            ],
            [
              41.67561,
              43.8235
            ],
            [
              41.67646,
              43.83453
            ]
          ],
          [
            [
              41.67646,
              43.83453
            ],
            [
              41.67921,
              43.8461
            ],
            [
              41.67535,
              43.85334
            ],
            [
              41.67569,
              43.86312
            ],
            [
              41.68041,
              43.86764
            ],
            [
              41.68745,
              43.90167
            ],
            [
              41.69329,
              43.91137
            ],
            [
              41.70024,
              43.9162
            ]
          ],
          [
            [
              41.56394,
              43.64384
            ],
            [
              41.56343,
              43.64744
            ]
          ],
          [
            [
              41.56737,
              43.64763
            ],
            [
              41.56368,
              43.64725
            ]
          ],
          [
            [
              41.56394,
              43.64384
            ],
            [
              41.56368,
              43.64725
            ]
          ]
        ]
      }
    },
    {
      "type": "Feature",
      "properties": {
        "system_id": "nalchik",
        "name_ru": "Нальчик",
        "tier": 2,
        "width_class": "medium"
      },
      "geometry": {
        "type": "LineString",
        "coordinates": [
          [
            43.36947,
            43.34122
          ],
          [
            43.38415,
            43.3489
          ],
          [
            43.39222,
            43.35614
          ],
          [
            43.39419,
            43.36257
          ],
          [
            43.42509,
            43.37324
          ],
          [
            43.43393,
            43.38091
          ],
          [
            43.43651,
            43.38971
          ],
          [
            43.44295,
            43.39682
          ],
          [
            43.44981,
            43.39619
          ],
          [
            43.46106,
            43.40118
          ],
          [
            43.48217,
            43.4235
          ],
          [
            43.50938,
            43.43023
          ],
          [
            43.53264,
            43.4293
          ],
          [
            43.5571,
            43.43516
          ],
          [
            43.56345,
            43.43254
          ],
          [
            43.57384,
            43.44376
          ],
          [
            43.58997,
            43.45061
          ],
          [
            43.59538,
            43.46482
          ],
          [
            43.60963,
            43.47584
          ],
          [
            43.62456,
            43.47759
          ],
          [
            43.64782,
            43.48618
          ],
          [
            43.6716,
            43.50162
          ],
          [
            43.67855,
            43.50137
          ],
          [
            43.6873,
            43.50797
          ],
          [
            43.70153,
            43.51134
          ]
        ]
      }
    },
    {
      "type": "Feature",
      "properties": {
        "system_id": "psysh",
        "name_ru": "Псыш",
        "tier": 2,
        "width_class": "medium"
      },
      "geometry": {
        "type": "LineString",
        "coordinates": [
          [
            41.17959,
            43.39363
          ],
          [
            41.1904,
            43.40018
          ],
          [
            41.19736,
            43.41172
          ],
          [
            41.19212,
            43.42918
          ],
          [
            41.17547,
            43.44264
          ],
          [
            41.16517,
            43.45958
          ],
          [
            41.16311,
            43.46538
          ],
          [
            41.16886,
            43.47173
          ],
          [
            41.17023,
            43.48786
          ],
          [
            41.18259,
            43.49384
          ],
          [
            41.20062,
            43.50878
          ],
          [
            41.20877,
            43.50797
          ],
          [
            41.21967,
            43.51451
          ],
          [
            41.22276,
            43.52136
          ],
          [
            41.23538,
            43.52285
          ],
          [
            41.23452,
            43.52839
          ],
          [
            41.23838,
            43.52864
          ],
          [
            41.23744,
            43.53106
          ],
          [
            41.24216,
            43.53181
          ],
          [
            41.24156,
            43.53411
          ],
          [
            41.25649,
            43.53922
          ],
          [
            41.26456,
            43.54755
          ],
          [
            41.27186,
            43.54637
          ],
          [
            41.27306,
            43.54911
          ]
        ]
      }
    },
    {
      "type": "Feature",
      "properties": {
        "system_id": "uchkulan",
        "name_ru": "Учкулан",
        "tier": 2,
        "width_class": "medium"
      },
      "geometry": {
        "type": "MultiLineString",
        "coordinates": [
          [
            [
              42.00322,
              43.31643
            ],
            [
              42.00099,
              43.32518
            ]
          ],
          [
            [
              42.00099,
              43.32518
            ],
            [
              42.00485,
              43.33292
            ],
            [
              41.99859,
              43.34603
            ],
            [
              41.99979,
              43.35508
            ],
            [
              41.99344,
              43.36244
            ],
            [
              41.99558,
              43.37093
            ],
            [
              41.99069,
              43.38428
            ],
            [
              41.99103,
              43.397
            ],
            [
              41.99987,
              43.4071
            ],
            [
              42.00056,
              43.41347
            ],
            [
              42.00874,
              43.41908
            ]
          ],
          [
            [
              42.00874,
              43.41908
            ],
            [
              42.00983,
              43.42026
            ]
          ],
          [
            [
              42.00874,
              43.41908
            ],
            [
              42.0118,
              43.42157
            ]
          ],
          [
            [
              42.0118,
              43.42157
            ],
            [
              42.02605,
              43.42413
            ],
            [
              42.03,
              43.42942
            ]
          ],
          [
            [
              42.0118,
              43.42157
            ],
            [
              42.02408,
              43.42837
            ]
          ],
          [
            [
              42.02408,
              43.42837
            ],
            [
              42.03,
              43.42942
            ]
          ],
          [
            [
              42.02408,
              43.42837
            ],
            [
              42.02674,
              43.43117
            ],
            [
              42.03472,
              43.43329
            ],
            [
              42.03627,
              43.43765
            ],
            [
              42.06622,
              43.44613
            ]
          ],
          [
            [
              42.03,
              43.42942
            ],
            [
              42.02983,
              43.43198
            ]
          ],
          [
            [
              42.06622,
              43.44613
            ],
            [
              42.08596,
              43.45217
            ],
            [
              42.09618,
              43.46108
            ]
          ],
          [
            [
              42.07712,
              43.33236
            ],
            [
              42.08639,
              43.33823
            ],
            [
              42.09635,
              43.35395
            ],
            [
              42.09669,
              43.40798
            ],
            [
              42.09515,
              43.41453
            ],
            [
              42.06794,
              43.44052
            ],
            [
              42.06622,
              43.44613
            ]
          ]
        ]
      }
    },
    {
      "type": "Feature",
      "properties": {
        "system_id": "urvan",
        "name_ru": "Урвань",
        "tier": 2,
        "width_class": "medium"
      },
      "geometry": {
        "type": "MultiLineString",
        "coordinates": [
          [
            [
              43.65623,
              43.32842
            ],
            [
              43.68361,
              43.32886
            ],
            [
              43.70464,
              43.33997
            ],
            [
              43.71795,
              43.35015
            ],
            [
              43.71632,
              43.36001
            ],
            [
              43.71941,
              43.36481
            ],
            [
              43.72138,
              43.36612
            ],
            [
              43.72438,
              43.36718
            ],
            [
              43.7473,
              43.37941
            ],
            [
              43.75709,
              43.38734
            ]
          ],
          [
            [
              43.72464,
              43.3675
            ],
            [
              43.73589,
              43.37417
            ],
            [
              43.74824,
              43.3927
            ]
          ],
          [
            [
              43.75709,
              43.38734
            ],
            [
              43.75734,
              43.38858
            ]
          ],
          [
            [
              43.75709,
              43.38734
            ],
            [
              43.754,
              43.38833
            ],
            [
              43.75339,
              43.40268
            ],
            [
              43.75648,
              43.40954
            ],
            [
              43.77475,
              43.42386
            ]
          ]
        ]
      }
    },
    {
      "type": "Feature",
      "properties": {
        "system_id": "alibek",
        "name_ru": "Алибек",
        "tier": 3,
        "width_class": "minor"
      },
      "geometry": {
        "type": "LineString",
        "coordinates": [
          [
            41.5478,
            43.2947
          ],
          [
            41.56162,
            43.29726
          ],
          [
            41.59999,
            43.28945
          ],
          [
            41.62299,
            43.28877
          ]
        ]
      }
    },
    {
      "type": "Feature",
      "properties": {
        "system_id": "baduk",
        "name_ru": "Бадук",
        "tier": 3,
        "width_class": "minor"
      },
      "geometry": {
        "type": "LineString",
        "coordinates": [
          [
            41.66144,
            43.37679
          ],
          [
            41.67586,
            43.3816
          ],
          [
            41.69372,
            43.37517
          ]
        ]
      }
    },
    {
      "type": "Feature",
      "properties": {
        "system_id": "bashil-auzu-su",
        "name_ru": "Башиль-Аузу-Су",
        "tier": 3,
        "width_class": "minor"
      },
      "geometry": {
        "type": "MultiLineString",
        "coordinates": [
          [
            [
              42.90693,
              43.19229
            ],
            [
              42.91191,
              43.18435
            ]
          ],
          [
            [
              42.91191,
              43.18434
            ],
            [
              42.92367,
              43.18728
            ],
            [
              42.93534,
              43.1956
            ],
            [
              42.97525,
              43.2013
            ],
            [
              42.99225,
              43.20755
            ],
            [
              43.05757,
              43.21099
            ]
          ]
        ]
      }
    },
    {
      "type": "Feature",
      "properties": {
        "system_id": "dombay-ulgen",
        "name_ru": "Домбай-Ульген",
        "tier": 3,
        "width_class": "minor"
      },
      "geometry": {
        "type": "LineString",
        "coordinates": [
          [
            41.68796,
            43.26346
          ],
          [
            41.67046,
            43.27296
          ],
          [
            41.6332,
            43.28427
          ],
          [
            41.62908,
            43.29033
          ],
          [
            41.62522,
            43.2907
          ]
        ]
      }
    },
    {
      "type": "Feature",
      "properties": {
        "system_id": "dykh-su",
        "name_ru": "Дых-Су",
        "tier": 3,
        "width_class": "minor"
      },
      "geometry": {
        "type": "MultiLineString",
        "coordinates": [
          [
            [
              43.23893,
              43.00396
            ],
            [
              43.24356,
              43.00032
            ]
          ],
          [
            [
              43.23953,
              43.01011
            ],
            [
              43.24528,
              43.00188
            ],
            [
              43.24322,
              42.98707
            ],
            [
              43.24665,
              42.98129
            ]
          ],
          [
            [
              43.23961,
              42.98098
            ],
            [
              43.24665,
              42.98129
            ]
          ],
          [
            [
              43.24665,
              42.98129
            ],
            [
              43.29969,
              42.97985
            ],
            [
              43.30673,
              42.99071
            ]
          ],
          [
            [
              43.29351,
              42.99203
            ],
            [
              43.30673,
              42.99071
            ]
          ],
          [
            [
              43.30673,
              42.99071
            ],
            [
              43.30759,
              42.9941
            ]
          ]
        ]
      }
    },
    {
      "type": "Feature",
      "properties": {
        "system_id": "gara-auzu-su",
        "name_ru": "Гара-Аузу-Су",
        "tier": 3,
        "width_class": "minor"
      },
      "geometry": {
        "type": "LineString",
        "coordinates": [
          [
            43.018,
            43.15698
          ],
          [
            43.02383,
            43.16969
          ],
          [
            43.04083,
            43.1809
          ],
          [
            43.04229,
            43.18766
          ],
          [
            43.05387,
            43.19692
          ],
          [
            43.05757,
            43.21099
          ]
        ]
      }
    },
    {
      "type": "Feature",
      "properties": {
        "system_id": "kara-su",
        "name_ru": "Кара-Су",
        "tier": 3,
        "width_class": "minor"
      },
      "geometry": {
        "type": "MultiLineString",
        "coordinates": [
          [
            [
              43.39213,
              42.93921
            ],
            [
              43.38269,
              42.94844
            ],
            [
              43.36424,
              42.94826
            ],
            [
              43.33454,
              42.95491
            ],
            [
              43.33154,
              42.96754
            ],
            [
              43.32055,
              42.98531
            ],
            [
              43.30759,
              42.9941
            ],
            [
              43.31995,
              43.02366
            ],
            [
              43.33557,
              43.03997
            ],
            [
              43.33626,
              43.04481
            ],
            [
              43.35797,
              43.06086
            ],
            [
              43.379,
              43.06889
            ]
          ],
          [
            [
              43.379,
              43.06889
            ],
            [
              43.41488,
              43.08669
            ],
            [
              43.43136,
              43.10462
            ],
            [
              43.43471,
              43.11471
            ],
            [
              43.46415,
              43.1325
            ],
            [
              43.482,
              43.15392
            ],
            [
              43.48191,
              43.1603
            ],
            [
              43.48577,
              43.16581
            ],
            [
              43.51642,
              43.18077
            ],
            [
              43.51702,
              43.19767
            ],
            [
              43.51436,
              43.19886
            ],
            [
              43.53247,
              43.22144
            ],
            [
              43.53169,
              43.22788
            ],
            [
              43.53805,
              43.23864
            ],
            [
              43.53696,
              43.25298
            ]
          ],
          [
            [
              43.43505,
              43.1844
            ],
            [
              43.43256,
              43.19185
            ],
            [
              43.45144,
              43.20949
            ],
            [
              43.45119,
              43.21568
            ],
            [
              43.46552,
              43.22019
            ],
            [
              43.47539,
              43.2282
            ],
            [
              43.49367,
              43.22995
            ],
            [
              43.508,
              43.23532
            ],
            [
              43.53015,
              43.24927
            ],
            [
              43.53547,
              43.24927
            ],
            [
              43.53696,
              43.25298
            ]
          ],
          [
            [
              43.53696,
              43.25298
            ],
            [
              43.53985,
              43.26027
            ],
            [
              43.56088,
              43.28258
            ]
          ]
        ]
      }
    },
    {
      "type": "Feature",
      "properties": {
        "system_id": "kizgych",
        "name_ru": "Кизгыч",
        "tier": 3,
        "width_class": "minor"
      },
      "geometry": {
        "type": "MultiLineString",
        "coordinates": [
          [
            [
              41.24027,
              43.3776
            ],
            [
              41.24594,
              43.38178
            ],
            [
              41.25967,
              43.38022
            ]
          ],
          [
            [
              41.24697,
              43.36363
            ],
            [
              41.26353,
              43.37966
            ]
          ],
          [
            [
              41.25143,
              43.38734
            ],
            [
              41.25967,
              43.38022
            ]
          ],
          [
            [
              41.25967,
              43.38022
            ],
            [
              41.26353,
              43.37966
            ]
          ],
          [
            [
              41.26353,
              43.37966
            ],
            [
              41.2819,
              43.38971
            ],
            [
              41.29924,
              43.39114
            ],
            [
              41.30696,
              43.40274
            ],
            [
              41.32027,
              43.40386
            ],
            [
              41.32422,
              43.40891
            ],
            [
              41.3249,
              43.4139
            ],
            [
              41.3213,
              43.41808
            ],
            [
              41.32825,
              43.43453
            ],
            [
              41.32756,
              43.44251
            ]
          ],
          [
            [
              41.32293,
              43.45192
            ],
            [
              41.31237,
              43.47877
            ],
            [
              41.31443,
              43.48556
            ],
            [
              41.30602,
              43.49216
            ],
            [
              41.30748,
              43.49714
            ],
            [
              41.28379,
              43.51638
            ],
            [
              41.28499,
              43.52273
            ],
            [
              41.28259,
              43.52534
            ],
            [
              41.28602,
              43.53019
            ],
            [
              41.27907,
              43.53617
            ],
            [
              41.27589,
              43.54121
            ],
            [
              41.27829,
              43.54345
            ],
            [
              41.27306,
              43.54911
            ]
          ],
          [
            [
              41.32756,
              43.44251
            ],
            [
              41.32284,
              43.44594
            ],
            [
              41.32293,
              43.45192
            ]
          ],
          [
            [
              41.32756,
              43.44251
            ],
            [
              41.32293,
              43.45192
            ]
          ]
        ]
      }
    },
    {
      "type": "Feature",
      "properties": {
        "system_id": "sofia",
        "name_ru": "София",
        "tier": 3,
        "width_class": "minor"
      },
      "geometry": {
        "type": "LineString",
        "coordinates": [
          [
            41.28345,
            43.44245
          ],
          [
            41.26937,
            43.45535
          ],
          [
            41.2625,
            43.45647
          ],
          [
            41.22774,
            43.50505
          ],
          [
            41.22903,
            43.51121
          ],
          [
            41.22019,
            43.51594
          ]
        ]
      }
    },
    {
      "type": "Feature",
      "properties": {
        "system_id": "sukan-su",
        "name_ru": "Сукан-Су",
        "tier": 3,
        "width_class": "minor"
      },
      "geometry": {
        "type": "MultiLineString",
        "coordinates": [
          [
            [
              43.49032,
              43.00239
            ],
            [
              43.4862,
              43.0145
            ],
            [
              43.48921,
              43.02435
            ],
            [
              43.48775,
              43.03565
            ],
            [
              43.4965,
              43.04951
            ],
            [
              43.49779,
              43.06193
            ],
            [
              43.5026,
              43.06889
            ]
          ],
          [
            [
              43.5026,
              43.06889
            ],
            [
              43.51092,
              43.07459
            ],
            [
              43.51341,
              43.0835
            ],
            [
              43.52303,
              43.09377
            ],
            [
              43.54414,
              43.09885
            ],
            [
              43.56328,
              43.11007
            ],
            [
              43.56431,
              43.11727
            ],
            [
              43.57264,
              43.12592
            ],
            [
              43.61255,
              43.15905
            ],
            [
              43.61924,
              43.17645
            ],
            [
              43.66087,
              43.21106
            ],
            [
              43.68688,
              43.25439
            ],
            [
              43.68241,
              43.27733
            ],
            [
              43.68576,
              43.28295
            ],
            [
              43.68078,
              43.29095
            ],
            [
              43.68138,
              43.29664
            ],
            [
              43.70499,
              43.32518
            ]
          ],
          [
            [
              43.70499,
              43.32518
            ],
            [
              43.70653,
              43.32967
            ],
            [
              43.73056,
              43.34203
            ],
            [
              43.7703,
              43.37274
            ],
            [
              43.78035,
              43.3854
            ],
            [
              43.78386,
              43.39544
            ],
            [
              43.78386,
              43.42006
            ]
          ]
        ]
      }
    }
  ]
}
